Build started 02/10/2026 2:13:55 CH.
Logging verbosity is set to: Normal.     1>Project "D:\Task\Remote Signing\TagEkyc\tests\TagEkyc.IntegrationTests\TagEkyc.IntegrationTests.csproj" on node 1 (Rebuild target(s)).
     1>CoreClean:
         Deleting file "D:/Task/Remote Signing/TagEkyc/tests/TagEkyc.IntegrationTests/bin/Debug/net8.0/CoverletSourceRootsMapping_TagEkyc.IntegrationTests".
         Deleting file "D:/Task/Remote Signing/TagEkyc/tests/TagEkyc.IntegrationTests/bin/Debug/net8.0/testhost.dll".
         Deleting file "D:/Task/Remote Signing/TagEkyc/tests/TagEkyc.IntegrationTests/bin/Debug/net8.0/TagEkyc.Api.deps.json".
         Deleting file "D:/Task/Remote Signing/TagEkyc/tests/TagEkyc.IntegrationTests/bin/Debug/net8.0/TagEkyc.Api.runtimeconfig.json".
         Deleting file "D:/Task/Remote Signing/TagEkyc/tests/TagEkyc.IntegrationTests/bin/Debug/net8.0/appsettings.Development.json".
         Deleting file "D:/Task/Remote Signing/TagEkyc/tests/TagEkyc.IntegrationTests/bin/Debug/net8.0/appsettings.json".
         Deleting file "D:/Task/Remote Signing/TagEkyc/tests/TagEkyc.IntegrationTests/bin/Debug/net8.0/TagEkyc.Api.staticwebassets.endpoints.json".
         Deleting file "D:/Task/Remote Signing/TagEkyc/tests/TagEkyc.IntegrationTests/bin/Debug/net8.0/TagEkyc.Api.exe".
         Deleting file "D:/Task/Remote Signing/TagEkyc/tests/TagEkyc.IntegrationTests/bin/Debug/net8.0/testhost.exe".
         Deleting file "D:/Task/Remote Signing/TagEkyc/tests/TagEkyc.IntegrationTests/bin/Debug/net8.0/MvcTestingAppManifest.json".
         Deleting file "D:/Task/Remote Signing/TagEkyc/tests/TagEkyc.IntegrationTests/bin/Debug/net8.0/xunit.runner.visualstudio.dotnetcore.testadapter.dll".
         Deleting file "D:/Task/Remote Signing/TagEkyc/tests/TagEkyc.IntegrationTests/bin/Debug/net8.0/xunit.runner.reporters.netcoreapp10.dll".
         Deleting file "D:/Task/Remote Signing/TagEkyc/tests/TagEkyc.IntegrationTests/bin/Debug/net8.0/xunit.runner.utility.netcoreapp10.dll".
         Deleting file "D:/Task/Remote Signing/TagEkyc/tests/TagEkyc.IntegrationTests/bin/Debug/net8.0/TagEkyc.IntegrationTests.deps.json".
         Deleting file "D:/Task/Remote Signing/TagEkyc/tests/TagEkyc.IntegrationTests/bin/Debug/net8.0/TagEkyc.IntegrationTests.runtimeconfig.json".
         Deleting file "D:/Task/Remote Signing/TagEkyc/tests/TagEkyc.IntegrationTests/bin/Debug/net8.0/TagEkyc.IntegrationTests.dll".
         Deleting file "D:/Task/Remote Signing/TagEkyc/tests/TagEkyc.IntegrationTests/bin/Debug/net8.0/TagEkyc.IntegrationTests.pdb".
         Deleting file "D:/Task/Remote Signing/TagEkyc/tests/TagEkyc.IntegrationTests/bin/Debug/net8.0/refs/Microsoft.AspNetCore.Antiforgery.dll".
         Deleting file "D:/Task/Remote Signing/TagEkyc/tests/TagEkyc.IntegrationTests/bin/Debug/net8.0/refs/Microsoft.AspNetCore.Authentication.Abstractions.dll".
         Deleting file "D:/Task/Remote Signing/TagEkyc/tests/TagEkyc.IntegrationTests/bin/Debug/net8.0/refs/Microsoft.AspNetCore.Authentication.BearerToken.dll".
         Deleting file "D:/Task/Remote Signing/TagEkyc/tests/TagEkyc.IntegrationTests/bin/Debug/net8.0/refs/Microsoft.AspNetCore.Authentication.Cookies.dll".
         Deleting file "D:/Task/Remote Signing/TagEkyc/tests/TagEkyc.IntegrationTests/bin/Debug/net8.0/refs/Microsoft.AspNetCore.Authentication.Core.dll".
         Deleting file "D:/Task/Remote Signing/TagEkyc/tests/TagEkyc.IntegrationTests/bin/Debug/net8.0/refs/Microsoft.AspNetCore.Authentication.dll".
         Deleting file "D:/Task/Remote Signing/TagEkyc/tests/TagEkyc.IntegrationTests/bin/Debug/net8.0/refs/Microsoft.AspNetCore.Authentication.OAuth.dll".
         Deleting file "D:/Task/Remote Signing/TagEkyc/tests/TagEkyc.IntegrationTests/bin/Debug/net8.0/refs/Microsoft.AspNetCore.Authorization.dll".
         Deleting file "D:/Task/Remote Signing/TagEkyc/tests/TagEkyc.IntegrationTests/bin/Debug/net8.0/refs/Microsoft.AspNetCore.Authorization.Policy.dll".
         Deleting file "D:/Task/Remote Signing/TagEkyc/tests/TagEkyc.IntegrationTests/bin/Debug/net8.0/refs/Microsoft.AspNetCore.Components.Authorization.dll".
         Deleting file "D:/Task/Remote Signing/TagEkyc/tests/TagEkyc.IntegrationTests/bin/Debug/net8.0/refs/Microsoft.AspNetCore.Components.dll".
         Deleting file "D:/Task/Remote Signing/TagEkyc/tests/TagEkyc.IntegrationTests/bin/Debug/net8.0/refs/Microsoft.AspNetCore.Components.Endpoints.dll".
         Deleting file "D:/Task/Remote Signing/TagEkyc/tests/TagEkyc.IntegrationTests/bin/Debug/net8.0/refs/Microsoft.AspNetCore.Components.Forms.dll".
         Deleting file "D:/Task/Remote Signing/TagEkyc/tests/TagEkyc.IntegrationTests/bin/Debug/net8.0/refs/Microsoft.AspNetCore.Components.Server.dll".
         Deleting file "D:/Task/Remote Signing/TagEkyc/tests/TagEkyc.IntegrationTests/bin/Debug/net8.0/refs/Microsoft.AspNetCore.Components.Web.dll".
         Deleting file "D:/Task/Remote Signing/TagEkyc/tests/TagEkyc.IntegrationTests/bin/Debug/net8.0/refs/Microsoft.AspNetCore.Connections.Abstractions.dll".
         Deleting file "D:/Task/Remote Signing/TagEkyc/tests/TagEkyc.IntegrationTests/bin/Debug/net8.0/refs/Microsoft.AspNetCore.CookiePolicy.dll".
         Deleting file "D:/Task/Remote Signing/TagEkyc/tests/TagEkyc.IntegrationTests/bin/Debug/net8.0/refs/Microsoft.AspNetCore.Cors.dll".
         Deleting file "D:/Task/Remote Signing/TagEkyc/tests/TagEkyc.IntegrationTests/bin/Debug/net8.0/refs/Microsoft.AspNetCore.Cryptography.Internal.dll".
         Deleting file "D:/Task/Remote Signing/TagEkyc/tests/TagEkyc.IntegrationTests/bin/Debug/net8.0/refs/Microsoft.AspNetCore.Cryptography.KeyDerivation.dll".
         Deleting file "D:/Task/Remote Signing/TagEkyc/tests/TagEkyc.IntegrationTests/bin/Debug/net8.0/refs/Microsoft.AspNetCore.DataProtection.Abstractions.dll".
         Deleting file "D:/Task/Remote Signing/TagEkyc/tests/TagEkyc.IntegrationTests/bin/Debug/net8.0/refs/Microsoft.AspNetCore.DataProtection.dll".
         Deleting file "D:/Task/Remote Signing/TagEkyc/tests/TagEkyc.IntegrationTests/bin/Debug/net8.0/refs/Microsoft.AspNetCore.DataProtection.Extensions.dll".
         Deleting file "D:/Task/Remote Signing/TagEkyc/tests/TagEkyc.IntegrationTests/bin/Debug/net8.0/refs/Microsoft.AspNetCore.Diagnostics.Abstractions.dll".
         Deleting file "D:/Task/Remote Signing/TagEkyc/tests/TagEkyc.IntegrationTests/bin/Debug/net8.0/refs/Microsoft.AspNetCore.Diagnostics.dll".
         Deleting file "D:/Task/Remote Signing/TagEkyc/tests/TagEkyc.IntegrationTests/bin/Debug/net8.0/refs/Microsoft.AspNetCore.Diagnostics.HealthChecks.dll".
         Deleting file "D:/Task/Remote Signing/TagEkyc/tests/TagEkyc.IntegrationTests/bin/Debug/net8.0/refs/Microsoft.AspNetCore.dll".
         Deleting file "D:/Task/Remote Signing/TagEkyc/tests/TagEkyc.IntegrationTests/bin/Debug/net8.0/refs/Microsoft.AspNetCore.HostFiltering.dll".
         Deleting file "D:/Task/Remote Signing/TagEkyc/tests/TagEkyc.IntegrationTests/bin/Debug/net8.0/refs/Microsoft.AspNetCore.Hosting.Abstractions.dll".
         Deleting file "D:/Task/Remote Signing/TagEkyc/tests/TagEkyc.IntegrationTests/bin/Debug/net8.0/refs/Microsoft.AspNetCore.Hosting.dll".
         Deleting file "D:/Task/Remote Signing/TagEkyc/tests/TagEkyc.IntegrationTests/bin/Debug/net8.0/refs/Microsoft.AspNetCore.Hosting.Server.Abstractions.dll".
         Deleting file "D:/Task/Remote Signing/TagEkyc/tests/TagEkyc.IntegrationTests/bin/Debug/net8.0/refs/Microsoft.AspNetCore.Html.Abstractions.dll".
         Deleting file "D:/Task/Remote Signing/TagEkyc/tests/TagEkyc.IntegrationTests/bin/Debug/net8.0/refs/Microsoft.AspNetCore.Http.Abstractions.dll".
         Deleting file "D:/Task/Remote Signing/TagEkyc/tests/TagEkyc.IntegrationTests/bin/Debug/net8.0/refs/Microsoft.AspNetCore.Http.Connections.Common.dll".
         Deleting file "D:/Task/Remote Signing/TagEkyc/tests/TagEkyc.IntegrationTests/bin/Debug/net8.0/refs/Microsoft.AspNetCore.Http.Connections.dll".
         Deleting file "D:/Task/Remote Signing/TagEkyc/tests/TagEkyc.IntegrationTests/bin/Debug/net8.0/refs/Microsoft.AspNetCore.Http.dll".
         Deleting file "D:/Task/Remote Signing/TagEkyc/tests/TagEkyc.IntegrationTests/bin/Debug/net8.0/refs/Microsoft.AspNetCore.Http.Extensions.dll".
         Deleting file "D:/Task/Remote Signing/TagEkyc/tests/TagEkyc.IntegrationTests/bin/Debug/net8.0/refs/Microsoft.AspNetCore.Http.Features.dll".
         Deleting file "D:/Task/Remote Signing/TagEkyc/tests/TagEkyc.IntegrationTests/bin/Debug/net8.0/refs/Microsoft.AspNetCore.Http.Results.dll".
         Deleting file "D:/Task/Remote Signing/TagEkyc/tests/TagEkyc.IntegrationTests/bin/Debug/net8.0/refs/Microsoft.AspNetCore.HttpLogging.dll".
         Deleting file "D:/Task/Remote Signing/TagEkyc/tests/TagEkyc.IntegrationTests/bin/Debug/net8.0/refs/Microsoft.AspNetCore.HttpOverrides.dll".
         Deleting file "D:/Task/Remote Signing/TagEkyc/tests/TagEkyc.IntegrationTests/bin/Debug/net8.0/refs/Microsoft.AspNetCore.HttpsPolicy.dll".
         Deleting file "D:/Task/Remote Signing/TagEkyc/tests/TagEkyc.IntegrationTests/bin/Debug/net8.0/refs/Microsoft.AspNetCore.Identity.dll".
         Deleting file "D:/Task/Remote Signing/TagEkyc/tests/TagEkyc.IntegrationTests/bin/Debug/net8.0/refs/Microsoft.AspNetCore.Localization.dll".
         Deleting file "D:/Task/Remote Signing/TagEkyc/tests/TagEkyc.IntegrationTests/bin/Debug/net8.0/refs/Microsoft.AspNetCore.Localization.Routing.dll".
         Deleting file "D:/Task/Remote Signing/TagEkyc/tests/TagEkyc.IntegrationTests/bin/Debug/net8.0/refs/Microsoft.AspNetCore.Metadata.dll".
         Deleting file "D:/Task/Remote Signing/TagEkyc/tests/TagEkyc.IntegrationTests/bin/Debug/net8.0/refs/Microsoft.AspNetCore.Mvc.Abstractions.dll".
         Deleting file "D:/Task/Remote Signing/TagEkyc/tests/TagEkyc.IntegrationTests/bin/Debug/net8.0/refs/Microsoft.AspNetCore.Mvc.ApiExplorer.dll".
         Deleting file "D:/Task/Remote Signing/TagEkyc/tests/TagEkyc.IntegrationTests/bin/Debug/net8.0/refs/Microsoft.AspNetCore.Mvc.Core.dll".
         Deleting file "D:/Task/Remote Signing/TagEkyc/tests/TagEkyc.IntegrationTests/bin/Debug/net8.0/refs/Microsoft.AspNetCore.Mvc.Cors.dll".
         Deleting file "D:/Task/Remote Signing/TagEkyc/tests/TagEkyc.IntegrationTests/bin/Debug/net8.0/refs/Microsoft.AspNetCore.Mvc.DataAnnotations.dll".
         Deleting file "D:/Task/Remote Signing/TagEkyc/tests/TagEkyc.IntegrationTests/bin/Debug/net8.0/refs/Microsoft.AspNetCore.Mvc.dll".
         Deleting file "D:/Task/Remote Signing/TagEkyc/tests/TagEkyc.IntegrationTests/bin/Debug/net8.0/refs/Microsoft.AspNetCore.Mvc.Formatters.Json.dll".
         Deleting file "D:/Task/Remote Signing/TagEkyc/tests/TagEkyc.IntegrationTests/bin/Debug/net8.0/refs/Microsoft.AspNetCore.Mvc.Formatters.Xml.dll".
         Deleting file "D:/Task/Remote Signing/TagEkyc/tests/TagEkyc.IntegrationTests/bin/Debug/net8.0/refs/Microsoft.AspNetCore.Mvc.Localization.dll".
         Deleting file "D:/Task/Remote Signing/TagEkyc/tests/TagEkyc.IntegrationTests/bin/Debug/net8.0/refs/Microsoft.AspNetCore.Mvc.Razor.dll".
         Deleting file "D:/Task/Remote Signing/TagEkyc/tests/TagEkyc.IntegrationTests/bin/Debug/net8.0/refs/Microsoft.AspNetCore.Mvc.RazorPages.dll".
         Deleting file "D:/Task/Remote Signing/TagEkyc/tests/TagEkyc.IntegrationTests/bin/Debug/net8.0/refs/Microsoft.AspNetCore.Mvc.TagHelpers.dll".
         Deleting file "D:/Task/Remote Signing/TagEkyc/tests/TagEkyc.IntegrationTests/bin/Debug/net8.0/refs/Microsoft.AspNetCore.Mvc.ViewFeatures.dll".
         Deleting file "D:/Task/Remote Signing/TagEkyc/tests/TagEkyc.IntegrationTests/bin/Debug/net8.0/refs/Microsoft.AspNetCore.OutputCaching.dll".
         Deleting file "D:/Task/Remote Signing/TagEkyc/tests/TagEkyc.IntegrationTests/bin/Debug/net8.0/refs/Microsoft.AspNetCore.RateLimiting.dll".
         Deleting file "D:/Task/Remote Signing/TagEkyc/tests/TagEkyc.IntegrationTests/bin/Debug/net8.0/refs/Microsoft.AspNetCore.Razor.dll".
         Deleting file "D:/Task/Remote Signing/TagEkyc/tests/TagEkyc.IntegrationTests/bin/Debug/net8.0/refs/Microsoft.AspNetCore.Razor.Runtime.dll".
         Deleting file "D:/Task/Remote Signing/TagEkyc/tests/TagEkyc.IntegrationTests/bin/Debug/net8.0/refs/Microsoft.AspNetCore.RequestDecompression.dll".
         Deleting file "D:/Task/Remote Signing/TagEkyc/tests/TagEkyc.IntegrationTests/bin/Debug/net8.0/refs/Microsoft.AspNetCore.ResponseCaching.Abstractions.dll".
         Deleting file "D:/Task/Remote Signing/TagEkyc/tests/TagEkyc.IntegrationTests/bin/Debug/net8.0/refs/Microsoft.AspNetCore.ResponseCaching.dll".
         Deleting file "D:/Task/Remote Signing/TagEkyc/tests/TagEkyc.IntegrationTests/bin/Debug/net8.0/refs/Microsoft.AspNetCore.ResponseCompression.dll".
         Deleting file "D:/Task/Remote Signing/TagEkyc/tests/TagEkyc.IntegrationTests/bin/Debug/net8.0/refs/Microsoft.AspNetCore.Rewrite.dll".
         Deleting file "D:/Task/Remote Signing/TagEkyc/tests/TagEkyc.IntegrationTests/bin/Debug/net8.0/refs/Microsoft.AspNetCore.Routing.Abstractions.dll".
         Deleting file "D:/Task/Remote Signing/TagEkyc/tests/TagEkyc.IntegrationTests/bin/Debug/net8.0/refs/Microsoft.AspNetCore.Routing.dll".
         Deleting file "D:/Task/Remote Signing/TagEkyc/tests/TagEkyc.IntegrationTests/bin/Debug/net8.0/refs/Microsoft.AspNetCore.Server.HttpSys.dll".
         Deleting file "D:/Task/Remote Signing/TagEkyc/tests/TagEkyc.IntegrationTests/bin/Debug/net8.0/refs/Microsoft.AspNetCore.Server.IIS.dll".
         Deleting file "D:/Task/Remote Signing/TagEkyc/tests/TagEkyc.IntegrationTests/bin/Debug/net8.0/refs/Microsoft.AspNetCore.Server.IISIntegration.dll".
         Deleting file "D:/Task/Remote Signing/TagEkyc/tests/TagEkyc.IntegrationTests/bin/Debug/net8.0/refs/Microsoft.AspNetCore.Server.Kestrel.Core.dll".
         Deleting file "D:/Task/Remote Signing/TagEkyc/tests/TagEkyc.IntegrationTests/bin/Debug/net8.0/refs/Microsoft.AspNetCore.Server.Kestrel.dll".
         Deleting file "D:/Task/Remote Signing/TagEkyc/tests/TagEkyc.IntegrationTests/bin/Debug/net8.0/refs/Microsoft.AspNetCore.Server.Kestrel.Transport.NamedPipes.dll".
         Deleting file "D:/Task/Remote Signing/TagEkyc/tests/TagEkyc.IntegrationTests/bin/Debug/net8.0/refs/Microsoft.AspNetCore.Server.Kestrel.Transport.Quic.dll".
         Deleting file "D:/Task/Remote Signing/TagEkyc/tests/TagEkyc.IntegrationTests/bin/Debug/net8.0/refs/Microsoft.AspNetCore.Server.Kestrel.Transport.Sockets.dll".
         Deleting file "D:/Task/Remote Signing/TagEkyc/tests/TagEkyc.IntegrationTests/bin/Debug/net8.0/refs/Microsoft.AspNetCore.Session.dll".
         Deleting file "D:/Task/Remote Signing/TagEkyc/tests/TagEkyc.IntegrationTests/bin/Debug/net8.0/refs/Microsoft.AspNetCore.SignalR.Common.dll".
         Deleting file "D:/Task/Remote Signing/TagEkyc/tests/TagEkyc.IntegrationTests/bin/Debug/net8.0/refs/Microsoft.AspNetCore.SignalR.Core.dll".
         Deleting file "D:/Task/Remote Signing/TagEkyc/tests/TagEkyc.IntegrationTests/bin/Debug/net8.0/refs/Microsoft.AspNetCore.SignalR.dll".
         Deleting file "D:/Task/Remote Signing/TagEkyc/tests/TagEkyc.IntegrationTests/bin/Debug/net8.0/refs/Microsoft.AspNetCore.SignalR.Protocols.Json.dll".
         Deleting file "D:/Task/Remote Signing/TagEkyc/tests/TagEkyc.IntegrationTests/bin/Debug/net8.0/refs/Microsoft.AspNetCore.StaticFiles.dll".
         Deleting file "D:/Task/Remote Signing/TagEkyc/tests/TagEkyc.IntegrationTests/bin/Debug/net8.0/refs/Microsoft.AspNetCore.WebSockets.dll".
         Deleting file "D:/Task/Remote Signing/TagEkyc/tests/TagEkyc.IntegrationTests/bin/Debug/net8.0/refs/Microsoft.AspNetCore.WebUtilities.dll".
         Deleting file "D:/Task/Remote Signing/TagEkyc/tests/TagEkyc.IntegrationTests/bin/Debug/net8.0/refs/Microsoft.CSharp.dll".
         Deleting file "D:/Task/Remote Signing/TagEkyc/tests/TagEkyc.IntegrationTests/bin/Debug/net8.0/refs/Microsoft.Extensions.Caching.Abstractions.dll".
         Deleting file "D:/Task/Remote Signing/TagEkyc/tests/TagEkyc.IntegrationTests/bin/Debug/net8.0/refs/Microsoft.Extensions.Caching.Memory.dll".
         Deleting file "D:/Task/Remote Signing/TagEkyc/tests/TagEkyc.IntegrationTests/bin/Debug/net8.0/refs/Microsoft.Extensions.Configuration.Abstractions.dll".
         Deleting file "D:/Task/Remote Signing/TagEkyc/tests/TagEkyc.IntegrationTests/bin/Debug/net8.0/refs/Microsoft.Extensions.Configuration.Binder.dll".
         Deleting file "D:/Task/Remote Signing/TagEkyc/tests/TagEkyc.IntegrationTests/bin/Debug/net8.0/refs/Microsoft.Extensions.Configuration.CommandLine.dll".
         Deleting file "D:/Task/Remote Signing/TagEkyc/tests/TagEkyc.IntegrationTests/bin/Debug/net8.0/refs/Microsoft.Extensions.Configuration.dll".
         Deleting file "D:/Task/Remote Signing/TagEkyc/tests/TagEkyc.IntegrationTests/bin/Debug/net8.0/refs/Microsoft.Extensions.Configuration.EnvironmentVariables.dll".
         Deleting file "D:/Task/Remote Signing/TagEkyc/tests/TagEkyc.IntegrationTests/bin/Debug/net8.0/refs/Microsoft.Extensions.Configuration.FileExtensions.dll".
         Deleting file "D:/Task/Remote Signing/TagEkyc/tests/TagEkyc.IntegrationTests/bin/Debug/net8.0/refs/Microsoft.Extensions.Configuration.Ini.dll".
         Deleting file "D:/Task/Remote Signing/TagEkyc/tests/TagEkyc.IntegrationTests/bin/Debug/net8.0/refs/Microsoft.Extensions.Configuration.Json.dll".
         Deleting file "D:/Task/Remote Signing/TagEkyc/tests/TagEkyc.IntegrationTests/bin/Debug/net8.0/refs/Microsoft.Extensions.Configuration.KeyPerFile.dll".
         Deleting file "D:/Task/Remote Signing/TagEkyc/tests/TagEkyc.IntegrationTests/bin/Debug/net8.0/refs/Microsoft.Extensions.Configuration.UserSecrets.dll".
         Deleting file "D:/Task/Remote Signing/TagEkyc/tests/TagEkyc.IntegrationTests/bin/Debug/net8.0/refs/Microsoft.Extensions.Configuration.Xml.dll".
         Deleting file "D:/Task/Remote Signing/TagEkyc/tests/TagEkyc.IntegrationTests/bin/Debug/net8.0/refs/Microsoft.Extensions.DependencyInjection.Abstractions.dll".
         Deleting file "D:/Task/Remote Signing/TagEkyc/tests/TagEkyc.IntegrationTests/bin/Debug/net8.0/refs/Microsoft.Extensions.DependencyInjection.dll".
         Deleting file "D:/Task/Remote Signing/TagEkyc/tests/TagEkyc.IntegrationTests/bin/Debug/net8.0/refs/Microsoft.Extensions.Diagnostics.Abstractions.dll".
         Deleting file "D:/Task/Remote Signing/TagEkyc/tests/TagEkyc.IntegrationTests/bin/Debug/net8.0/refs/Microsoft.Extensions.Diagnostics.dll".
         Deleting file "D:/Task/Remote Signing/TagEkyc/tests/TagEkyc.IntegrationTests/bin/Debug/net8.0/refs/Microsoft.Extensions.Diagnostics.HealthChecks.Abstractions.dll".
         Deleting file "D:/Task/Remote Signing/TagEkyc/tests/TagEkyc.IntegrationTests/bin/Debug/net8.0/refs/Microsoft.Extensions.Diagnostics.HealthChecks.dll".
         Deleting file "D:/Task/Remote Signing/TagEkyc/tests/TagEkyc.IntegrationTests/bin/Debug/net8.0/refs/Microsoft.Extensions.Features.dll".
         Deleting file "D:/Task/Remote Signing/TagEkyc/tests/TagEkyc.IntegrationTests/bin/Debug/net8.0/refs/Microsoft.Extensions.FileProviders.Abstractions.dll".
         Deleting file "D:/Task/Remote Signing/TagEkyc/tests/TagEkyc.IntegrationTests/bin/Debug/net8.0/refs/Microsoft.Extensions.FileProviders.Composite.dll".
         Deleting file "D:/Task/Remote Signing/TagEkyc/tests/TagEkyc.IntegrationTests/bin/Debug/net8.0/refs/Microsoft.Extensions.FileProviders.Embedded.dll".
         Deleting file "D:/Task/Remote Signing/TagEkyc/tests/TagEkyc.IntegrationTests/bin/Debug/net8.0/refs/Microsoft.Extensions.FileProviders.Physical.dll".
         Deleting file "D:/Task/Remote Signing/TagEkyc/tests/TagEkyc.IntegrationTests/bin/Debug/net8.0/refs/Microsoft.Extensions.FileSystemGlobbing.dll".
         Deleting file "D:/Task/Remote Signing/TagEkyc/tests/TagEkyc.IntegrationTests/bin/Debug/net8.0/refs/Microsoft.Extensions.Hosting.Abstractions.dll".
         Deleting file "D:/Task/Remote Signing/TagEkyc/tests/TagEkyc.IntegrationTests/bin/Debug/net8.0/refs/Microsoft.Extensions.Hosting.dll".
         Deleting file "D:/Task/Remote Signing/TagEkyc/tests/TagEkyc.IntegrationTests/bin/Debug/net8.0/refs/Microsoft.Extensions.Http.dll".
         Deleting file "D:/Task/Remote Signing/TagEkyc/tests/TagEkyc.IntegrationTests/bin/Debug/net8.0/refs/Microsoft.Extensions.Identity.Core.dll".
         Deleting file "D:/Task/Remote Signing/TagEkyc/tests/TagEkyc.IntegrationTests/bin/Debug/net8.0/refs/Microsoft.Extensions.Identity.Stores.dll".
         Deleting file "D:/Task/Remote Signing/TagEkyc/tests/TagEkyc.IntegrationTests/bin/Debug/net8.0/refs/Microsoft.Extensions.Localization.Abstractions.dll".
         Deleting file "D:/Task/Remote Signing/TagEkyc/tests/TagEkyc.IntegrationTests/bin/Debug/net8.0/refs/Microsoft.Extensions.Localization.dll".
         Deleting file "D:/Task/Remote Signing/TagEkyc/tests/TagEkyc.IntegrationTests/bin/Debug/net8.0/refs/Microsoft.Extensions.Logging.Abstractions.dll".
         Deleting file "D:/Task/Remote Signing/TagEkyc/tests/TagEkyc.IntegrationTests/bin/Debug/net8.0/refs/Microsoft.Extensions.Logging.Configuration.dll".
         Deleting file "D:/Task/Remote Signing/TagEkyc/tests/TagEkyc.IntegrationTests/bin/Debug/net8.0/refs/Microsoft.Extensions.Logging.Console.dll".
         Deleting file "D:/Task/Remote Signing/TagEkyc/tests/TagEkyc.IntegrationTests/bin/Debug/net8.0/refs/Microsoft.Extensions.Logging.Debug.dll".
         Deleting file "D:/Task/Remote Signing/TagEkyc/tests/TagEkyc.IntegrationTests/bin/Debug/net8.0/refs/Microsoft.Extensions.Logging.dll".
         Deleting file "D:/Task/Remote Signing/TagEkyc/tests/TagEkyc.IntegrationTests/bin/Debug/net8.0/refs/Microsoft.Extensions.Logging.EventLog.dll".
         Deleting file "D:/Task/Remote Signing/TagEkyc/tests/TagEkyc.IntegrationTests/bin/Debug/net8.0/refs/Microsoft.Extensions.Logging.EventSource.dll".
         Deleting file "D:/Task/Remote Signing/TagEkyc/tests/TagEkyc.IntegrationTests/bin/Debug/net8.0/refs/Microsoft.Extensions.Logging.TraceSource.dll".
         Deleting file "D:/Task/Remote Signing/TagEkyc/tests/TagEkyc.IntegrationTests/bin/Debug/net8.0/refs/Microsoft.Extensions.ObjectPool.dll".
         Deleting file "D:/Task/Remote Signing/TagEkyc/tests/TagEkyc.IntegrationTests/bin/Debug/net8.0/refs/Microsoft.Extensions.Options.ConfigurationExtensions.dll".
         Deleting file "D:/Task/Remote Signing/TagEkyc/tests/TagEkyc.IntegrationTests/bin/Debug/net8.0/refs/Microsoft.Extensions.Options.DataAnnotations.dll".
         Deleting file "D:/Task/Remote Signing/TagEkyc/tests/TagEkyc.IntegrationTests/bin/Debug/net8.0/refs/Microsoft.Extensions.Options.dll".
         Deleting file "D:/Task/Remote Signing/TagEkyc/tests/TagEkyc.IntegrationTests/bin/Debug/net8.0/refs/Microsoft.Extensions.Primitives.dll".
         Deleting file "D:/Task/Remote Signing/TagEkyc/tests/TagEkyc.IntegrationTests/bin/Debug/net8.0/refs/Microsoft.Extensions.WebEncoders.dll".
         Deleting file "D:/Task/Remote Signing/TagEkyc/tests/TagEkyc.IntegrationTests/bin/Debug/net8.0/refs/Microsoft.JSInterop.dll".
         Deleting file "D:/Task/Remote Signing/TagEkyc/tests/TagEkyc.IntegrationTests/bin/Debug/net8.0/refs/Microsoft.Net.Http.Headers.dll".
         Deleting file "D:/Task/Remote Signing/TagEkyc/tests/TagEkyc.IntegrationTests/bin/Debug/net8.0/refs/Microsoft.VisualBasic.Core.dll".
         Deleting file "D:/Task/Remote Signing/TagEkyc/tests/TagEkyc.IntegrationTests/bin/Debug/net8.0/refs/Microsoft.VisualBasic.dll".
         Deleting file "D:/Task/Remote Signing/TagEkyc/tests/TagEkyc.IntegrationTests/bin/Debug/net8.0/refs/Microsoft.Win32.Primitives.dll".
         Deleting file "D:/Task/Remote Signing/TagEkyc/tests/TagEkyc.IntegrationTests/bin/Debug/net8.0/refs/Microsoft.Win32.Registry.dll".
         Deleting file "D:/Task/Remote Signing/TagEkyc/tests/TagEkyc.IntegrationTests/bin/Debug/net8.0/refs/mscorlib.dll".
         Deleting file "D:/Task/Remote Signing/TagEkyc/tests/TagEkyc.IntegrationTests/bin/Debug/net8.0/refs/netstandard.dll".
         Deleting file "D:/Task/Remote Signing/TagEkyc/tests/TagEkyc.IntegrationTests/bin/Debug/net8.0/refs/System.AppContext.dll".
         Deleting file "D:/Task/Remote Signing/TagEkyc/tests/TagEkyc.IntegrationTests/bin/Debug/net8.0/refs/System.Buffers.dll".
         Deleting file "D:/Task/Remote Signing/TagEkyc/tests/TagEkyc.IntegrationTests/bin/Debug/net8.0/refs/System.Collections.Concurrent.dll".
         Deleting file "D:/Task/Remote Signing/TagEkyc/tests/TagEkyc.IntegrationTests/bin/Debug/net8.0/refs/System.Collections.dll".
         Deleting file "D:/Task/Remote Signing/TagEkyc/tests/TagEkyc.IntegrationTests/bin/Debug/net8.0/refs/System.Collections.Immutable.dll".
         Deleting file "D:/Task/Remote Signing/TagEkyc/tests/TagEkyc.IntegrationTests/bin/Debug/net8.0/refs/System.Collections.NonGeneric.dll".
         Deleting file "D:/Task/Remote Signing/TagEkyc/tests/TagEkyc.IntegrationTests/bin/Debug/net8.0/refs/System.Collections.Specialized.dll".
         Deleting file "D:/Task/Remote Signing/TagEkyc/tests/TagEkyc.IntegrationTests/bin/Debug/net8.0/refs/System.ComponentModel.Annotations.dll".
         Deleting file "D:/Task/Remote Signing/TagEkyc/tests/TagEkyc.IntegrationTests/bin/Debug/net8.0/refs/System.ComponentModel.DataAnnotations.dll".
         Deleting file "D:/Task/Remote Signing/TagEkyc/tests/TagEkyc.IntegrationTests/bin/Debug/net8.0/refs/System.ComponentModel.dll".
         Deleting file "D:/Task/Remote Signing/TagEkyc/tests/TagEkyc.IntegrationTests/bin/Debug/net8.0/refs/System.ComponentModel.EventBasedAsync.dll".
         Deleting file "D:/Task/Remote Signing/TagEkyc/tests/TagEkyc.IntegrationTests/bin/Debug/net8.0/refs/System.ComponentModel.Primitives.dll".
         Deleting file "D:/Task/Remote Signing/TagEkyc/tests/TagEkyc.IntegrationTests/bin/Debug/net8.0/refs/System.ComponentModel.TypeConverter.dll".
         Deleting file "D:/Task/Remote Signing/TagEkyc/tests/TagEkyc.IntegrationTests/bin/Debug/net8.0/refs/System.Configuration.dll".
         Deleting file "D:/Task/Remote Signing/TagEkyc/tests/TagEkyc.IntegrationTests/bin/Debug/net8.0/refs/System.Console.dll".
         Deleting file "D:/Task/Remote Signing/TagEkyc/tests/TagEkyc.IntegrationTests/bin/Debug/net8.0/refs/System.Core.dll".
         Deleting file "D:/Task/Remote Signing/TagEkyc/tests/TagEkyc.IntegrationTests/bin/Debug/net8.0/refs/System.Data.Common.dll".
         Deleting file "D:/Task/Remote Signing/TagEkyc/tests/TagEkyc.IntegrationTests/bin/Debug/net8.0/refs/System.Data.DataSetExtensions.dll".
         Deleting file "D:/Task/Remote Signing/TagEkyc/tests/TagEkyc.IntegrationTests/bin/Debug/net8.0/refs/System.Data.dll".
         Deleting file "D:/Task/Remote Signing/TagEkyc/tests/TagEkyc.IntegrationTests/bin/Debug/net8.0/refs/System.Diagnostics.Contracts.dll".
         Deleting file "D:/Task/Remote Signing/TagEkyc/tests/TagEkyc.IntegrationTests/bin/Debug/net8.0/refs/System.Diagnostics.Debug.dll".
         Deleting file "D:/Task/Remote Signing/TagEkyc/tests/TagEkyc.IntegrationTests/bin/Debug/net8.0/refs/System.Diagnostics.DiagnosticSource.dll".
         Deleting file "D:/Task/Remote Signing/TagEkyc/tests/TagEkyc.IntegrationTests/bin/Debug/net8.0/refs/System.Diagnostics.EventLog.dll".
         Deleting file "D:/Task/Remote Signing/TagEkyc/tests/TagEkyc.IntegrationTests/bin/Debug/net8.0/refs/System.Diagnostics.FileVersionInfo.dll".
         Deleting file "D:/Task/Remote Signing/TagEkyc/tests/TagEkyc.IntegrationTests/bin/Debug/net8.0/refs/System.Diagnostics.Process.dll".
         Deleting file "D:/Task/Remote Signing/TagEkyc/tests/TagEkyc.IntegrationTests/bin/Debug/net8.0/refs/System.Diagnostics.StackTrace.dll".
         Deleting file "D:/Task/Remote Signing/TagEkyc/tests/TagEkyc.IntegrationTests/bin/Debug/net8.0/refs/System.Diagnostics.TextWriterTraceListener.dll".
         Deleting file "D:/Task/Remote Signing/TagEkyc/tests/TagEkyc.IntegrationTests/bin/Debug/net8.0/refs/System.Diagnostics.Tools.dll".
         Deleting file "D:/Task/Remote Signing/TagEkyc/tests/TagEkyc.IntegrationTests/bin/Debug/net8.0/refs/System.Diagnostics.TraceSource.dll".
         Deleting file "D:/Task/Remote Signing/TagEkyc/tests/TagEkyc.IntegrationTests/bin/Debug/net8.0/refs/System.Diagnostics.Tracing.dll".
         Deleting file "D:/Task/Remote Signing/TagEkyc/tests/TagEkyc.IntegrationTests/bin/Debug/net8.0/refs/System.dll".
         Deleting file "D:/Task/Remote Signing/TagEkyc/tests/TagEkyc.IntegrationTests/bin/Debug/net8.0/refs/System.Drawing.dll".
         Deleting file "D:/Task/Remote Signing/TagEkyc/tests/TagEkyc.IntegrationTests/bin/Debug/net8.0/refs/System.Drawing.Primitives.dll".
         Deleting file "D:/Task/Remote Signing/TagEkyc/tests/TagEkyc.IntegrationTests/bin/Debug/net8.0/refs/System.Dynamic.Runtime.dll".
         Deleting file "D:/Task/Remote Signing/TagEkyc/tests/TagEkyc.IntegrationTests/bin/Debug/net8.0/refs/System.Formats.Asn1.dll".
         Deleting file "D:/Task/Remote Signing/TagEkyc/tests/TagEkyc.IntegrationTests/bin/Debug/net8.0/refs/System.Formats.Tar.dll".
         Deleting file "D:/Task/Remote Signing/TagEkyc/tests/TagEkyc.IntegrationTests/bin/Debug/net8.0/refs/System.Globalization.Calendars.dll".
         Deleting file "D:/Task/Remote Signing/TagEkyc/tests/TagEkyc.IntegrationTests/bin/Debug/net8.0/refs/System.Globalization.dll".
         Deleting file "D:/Task/Remote Signing/TagEkyc/tests/TagEkyc.IntegrationTests/bin/Debug/net8.0/refs/System.Globalization.Extensions.dll".
         Deleting file "D:/Task/Remote Signing/TagEkyc/tests/TagEkyc.IntegrationTests/bin/Debug/net8.0/refs/System.IO.Compression.Brotli.dll".
         Deleting file "D:/Task/Remote Signing/TagEkyc/tests/TagEkyc.IntegrationTests/bin/Debug/net8.0/refs/System.IO.Compression.dll".
         Deleting file "D:/Task/Remote Signing/TagEkyc/tests/TagEkyc.IntegrationTests/bin/Debug/net8.0/refs/System.IO.Compression.FileSystem.dll".
         Deleting file "D:/Task/Remote Signing/TagEkyc/tests/TagEkyc.IntegrationTests/bin/Debug/net8.0/refs/System.IO.Compression.ZipFile.dll".
         Deleting file "D:/Task/Remote Signing/TagEkyc/tests/TagEkyc.IntegrationTests/bin/Debug/net8.0/refs/System.IO.dll".
         Deleting file "D:/Task/Remote Signing/TagEkyc/tests/TagEkyc.IntegrationTests/bin/Debug/net8.0/refs/System.IO.FileSystem.AccessControl.dll".
         Deleting file "D:/Task/Remote Signing/TagEkyc/tests/TagEkyc.IntegrationTests/bin/Debug/net8.0/refs/System.IO.FileSystem.dll".
         Deleting file "D:/Task/Remote Signing/TagEkyc/tests/TagEkyc.IntegrationTests/bin/Debug/net8.0/refs/System.IO.FileSystem.DriveInfo.dll".
         Deleting file "D:/Task/Remote Signing/TagEkyc/tests/TagEkyc.IntegrationTests/bin/Debug/net8.0/refs/System.IO.FileSystem.Primitives.dll".
         Deleting file "D:/Task/Remote Signing/TagEkyc/tests/TagEkyc.IntegrationTests/bin/Debug/net8.0/refs/System.IO.FileSystem.Watcher.dll".
         Deleting file "D:/Task/Remote Signing/TagEkyc/tests/TagEkyc.IntegrationTests/bin/Debug/net8.0/refs/System.IO.IsolatedStorage.dll".
         Deleting file "D:/Task/Remote Signing/TagEkyc/tests/TagEkyc.IntegrationTests/bin/Debug/net8.0/refs/System.IO.MemoryMappedFiles.dll".
         Deleting file "D:/Task/Remote Signing/TagEkyc/tests/TagEkyc.IntegrationTests/bin/Debug/net8.0/refs/System.IO.Pipelines.dll".
         Deleting file "D:/Task/Remote Signing/TagEkyc/tests/TagEkyc.IntegrationTests/bin/Debug/net8.0/refs/System.IO.Pipes.AccessControl.dll".
         Deleting file "D:/Task/Remote Signing/TagEkyc/tests/TagEkyc.IntegrationTests/bin/Debug/net8.0/refs/System.IO.Pipes.dll".
         Deleting file "D:/Task/Remote Signing/TagEkyc/tests/TagEkyc.IntegrationTests/bin/Debug/net8.0/refs/System.IO.UnmanagedMemoryStream.dll".
         Deleting file "D:/Task/Remote Signing/TagEkyc/tests/TagEkyc.IntegrationTests/bin/Debug/net8.0/refs/System.Linq.dll".
         Deleting file "D:/Task/Remote Signing/TagEkyc/tests/TagEkyc.IntegrationTests/bin/Debug/net8.0/refs/System.Linq.Expressions.dll".
         Deleting file "D:/Task/Remote Signing/TagEkyc/tests/TagEkyc.IntegrationTests/bin/Debug/net8.0/refs/System.Linq.Parallel.dll".
         Deleting file "D:/Task/Remote Signing/TagEkyc/tests/TagEkyc.IntegrationTests/bin/Debug/net8.0/refs/System.Linq.Queryable.dll".
         Deleting file "D:/Task/Remote Signing/TagEkyc/tests/TagEkyc.IntegrationTests/bin/Debug/net8.0/refs/System.Memory.dll".
         Deleting file "D:/Task/Remote Signing/TagEkyc/tests/TagEkyc.IntegrationTests/bin/Debug/net8.0/refs/System.Net.dll".
         Deleting file "D:/Task/Remote Signing/TagEkyc/tests/TagEkyc.IntegrationTests/bin/Debug/net8.0/refs/System.Net.Http.dll".
         Deleting file "D:/Task/Remote Signing/TagEkyc/tests/TagEkyc.IntegrationTests/bin/Debug/net8.0/refs/System.Net.Http.Json.dll".
         Deleting file "D:/Task/Remote Signing/TagEkyc/tests/TagEkyc.IntegrationTests/bin/Debug/net8.0/refs/System.Net.HttpListener.dll".
         Deleting file "D:/Task/Remote Signing/TagEkyc/tests/TagEkyc.IntegrationTests/bin/Debug/net8.0/refs/System.Net.Mail.dll".
         Deleting file "D:/Task/Remote Signing/TagEkyc/tests/TagEkyc.IntegrationTests/bin/Debug/net8.0/refs/System.Net.NameResolution.dll".
         Deleting file "D:/Task/Remote Signing/TagEkyc/tests/TagEkyc.IntegrationTests/bin/Debug/net8.0/refs/System.Net.NetworkInformation.dll".
         Deleting file "D:/Task/Remote Signing/TagEkyc/tests/TagEkyc.IntegrationTests/bin/Debug/net8.0/refs/System.Net.Ping.dll".
         Deleting file "D:/Task/Remote Signing/TagEkyc/tests/TagEkyc.IntegrationTests/bin/Debug/net8.0/refs/System.Net.Primitives.dll".
         Deleting file "D:/Task/Remote Signing/TagEkyc/tests/TagEkyc.IntegrationTests/bin/Debug/net8.0/refs/System.Net.Quic.dll".
         Deleting file "D:/Task/Remote Signing/TagEkyc/tests/TagEkyc.IntegrationTests/bin/Debug/net8.0/refs/System.Net.Requests.dll".
         Deleting file "D:/Task/Remote Signing/TagEkyc/tests/TagEkyc.IntegrationTests/bin/Debug/net8.0/refs/System.Net.Security.dll".
         Deleting file "D:/Task/Remote Signing/TagEkyc/tests/TagEkyc.IntegrationTests/bin/Debug/net8.0/refs/System.Net.ServicePoint.dll".
         Deleting file "D:/Task/Remote Signing/TagEkyc/tests/TagEkyc.IntegrationTests/bin/Debug/net8.0/refs/System.Net.Sockets.dll".
         Deleting file "D:/Task/Remote Signing/TagEkyc/tests/TagEkyc.IntegrationTests/bin/Debug/net8.0/refs/System.Net.WebClient.dll".
         Deleting file "D:/Task/Remote Signing/TagEkyc/tests/TagEkyc.IntegrationTests/bin/Debug/net8.0/refs/System.Net.WebHeaderCollection.dll".
         Deleting file "D:/Task/Remote Signing/TagEkyc/tests/TagEkyc.IntegrationTests/bin/Debug/net8.0/refs/System.Net.WebProxy.dll".
         Deleting file "D:/Task/Remote Signing/TagEkyc/tests/TagEkyc.IntegrationTests/bin/Debug/net8.0/refs/System.Net.WebSockets.Client.dll".
         Deleting file "D:/Task/Remote Signing/TagEkyc/tests/TagEkyc.IntegrationTests/bin/Debug/net8.0/refs/System.Net.WebSockets.dll".
         Deleting file "D:/Task/Remote Signing/TagEkyc/tests/TagEkyc.IntegrationTests/bin/Debug/net8.0/refs/System.Numerics.dll".
         Deleting file "D:/Task/Remote Signing/TagEkyc/tests/TagEkyc.IntegrationTests/bin/Debug/net8.0/refs/System.Numerics.Vectors.dll".
         Deleting file "D:/Task/Remote Signing/TagEkyc/tests/TagEkyc.IntegrationTests/bin/Debug/net8.0/refs/System.ObjectModel.dll".
         Deleting file "D:/Task/Remote Signing/TagEkyc/tests/TagEkyc.IntegrationTests/bin/Debug/net8.0/refs/System.Reflection.DispatchProxy.dll".
         Deleting file "D:/Task/Remote Signing/TagEkyc/tests/TagEkyc.IntegrationTests/bin/Debug/net8.0/refs/System.Reflection.dll".
         Deleting file "D:/Task/Remote Signing/TagEkyc/tests/TagEkyc.IntegrationTests/bin/Debug/net8.0/refs/System.Reflection.Emit.dll".
         Deleting file "D:/Task/Remote Signing/TagEkyc/tests/TagEkyc.IntegrationTests/bin/Debug/net8.0/refs/System.Reflection.Emit.ILGeneration.dll".
         Deleting file "D:/Task/Remote Signing/TagEkyc/tests/TagEkyc.IntegrationTests/bin/Debug/net8.0/refs/System.Reflection.Emit.Lightweight.dll".
         Deleting file "D:/Task/Remote Signing/TagEkyc/tests/TagEkyc.IntegrationTests/bin/Debug/net8.0/refs/System.Reflection.Extensions.dll".
         Deleting file "D:/Task/Remote Signing/TagEkyc/tests/TagEkyc.IntegrationTests/bin/Debug/net8.0/refs/System.Reflection.Metadata.dll".
         Deleting file "D:/Task/Remote Signing/TagEkyc/tests/TagEkyc.IntegrationTests/bin/Debug/net8.0/refs/System.Reflection.Primitives.dll".
         Deleting file "D:/Task/Remote Signing/TagEkyc/tests/TagEkyc.IntegrationTests/bin/Debug/net8.0/refs/System.Reflection.TypeExtensions.dll".
         Deleting file "D:/Task/Remote Signing/TagEkyc/tests/TagEkyc.IntegrationTests/bin/Debug/net8.0/refs/System.Resources.Reader.dll".
         Deleting file "D:/Task/Remote Signing/TagEkyc/tests/TagEkyc.IntegrationTests/bin/Debug/net8.0/refs/System.Resources.ResourceManager.dll".
         Deleting file "D:/Task/Remote Signing/TagEkyc/tests/TagEkyc.IntegrationTests/bin/Debug/net8.0/refs/System.Resources.Writer.dll".
         Deleting file "D:/Task/Remote Signing/TagEkyc/tests/TagEkyc.IntegrationTests/bin/Debug/net8.0/refs/System.Runtime.CompilerServices.Unsafe.dll".
         Deleting file "D:/Task/Remote Signing/TagEkyc/tests/TagEkyc.IntegrationTests/bin/Debug/net8.0/refs/System.Runtime.CompilerServices.VisualC.dll".
         Deleting file "D:/Task/Remote Signing/TagEkyc/tests/TagEkyc.IntegrationTests/bin/Debug/net8.0/refs/System.Runtime.dll".
         Deleting file "D:/Task/Remote Signing/TagEkyc/tests/TagEkyc.IntegrationTests/bin/Debug/net8.0/refs/System.Runtime.Extensions.dll".
         Deleting file "D:/Task/Remote Signing/TagEkyc/tests/TagEkyc.IntegrationTests/bin/Debug/net8.0/refs/System.Runtime.Handles.dll".
         Deleting file "D:/Task/Remote Signing/TagEkyc/tests/TagEkyc.IntegrationTests/bin/Debug/net8.0/refs/System.Runtime.InteropServices.dll".
         Deleting file "D:/Task/Remote Signing/TagEkyc/tests/TagEkyc.IntegrationTests/bin/Debug/net8.0/refs/System.Runtime.InteropServices.JavaScript.dll".
         Deleting file "D:/Task/Remote Signing/TagEkyc/tests/TagEkyc.IntegrationTests/bin/Debug/net8.0/refs/System.Runtime.InteropServices.RuntimeInformation.dll".
         Deleting file "D:/Task/Remote Signing/TagEkyc/tests/TagEkyc.IntegrationTests/bin/Debug/net8.0/refs/System.Runtime.Intrinsics.dll".
         Deleting file "D:/Task/Remote Signing/TagEkyc/tests/TagEkyc.IntegrationTests/bin/Debug/net8.0/refs/System.Runtime.Loader.dll".
         Deleting file "D:/Task/Remote Signing/TagEkyc/tests/TagEkyc.IntegrationTests/bin/Debug/net8.0/refs/System.Runtime.Numerics.dll".
         Deleting file "D:/Task/Remote Signing/TagEkyc/tests/TagEkyc.IntegrationTests/bin/Debug/net8.0/refs/System.Runtime.Serialization.dll".
         Deleting file "D:/Task/Remote Signing/TagEkyc/tests/TagEkyc.IntegrationTests/bin/Debug/net8.0/refs/System.Runtime.Serialization.Formatters.dll".
         Deleting file "D:/Task/Remote Signing/TagEkyc/tests/TagEkyc.IntegrationTests/bin/Debug/net8.0/refs/System.Runtime.Serialization.Json.dll".
         Deleting file "D:/Task/Remote Signing/TagEkyc/tests/TagEkyc.IntegrationTests/bin/Debug/net8.0/refs/System.Runtime.Serialization.Primitives.dll".
         Deleting file "D:/Task/Remote Signing/TagEkyc/tests/TagEkyc.IntegrationTests/bin/Debug/net8.0/refs/System.Runtime.Serialization.Xml.dll".
         Deleting file "D:/Task/Remote Signing/TagEkyc/tests/TagEkyc.IntegrationTests/bin/Debug/net8.0/refs/System.Security.AccessControl.dll".
         Deleting file "D:/Task/Remote Signing/TagEkyc/tests/TagEkyc.IntegrationTests/bin/Debug/net8.0/refs/System.Security.Claims.dll".
         Deleting file "D:/Task/Remote Signing/TagEkyc/tests/TagEkyc.IntegrationTests/bin/Debug/net8.0/refs/System.Security.Cryptography.Algorithms.dll".
         Deleting file "D:/Task/Remote Signing/TagEkyc/tests/TagEkyc.IntegrationTests/bin/Debug/net8.0/refs/System.Security.Cryptography.Cng.dll".
         Deleting file "D:/Task/Remote Signing/TagEkyc/tests/TagEkyc.IntegrationTests/bin/Debug/net8.0/refs/System.Security.Cryptography.Csp.dll".
         Deleting file "D:/Task/Remote Signing/TagEkyc/tests/TagEkyc.IntegrationTests/bin/Debug/net8.0/refs/System.Security.Cryptography.dll".
         Deleting file "D:/Task/Remote Signing/TagEkyc/tests/TagEkyc.IntegrationTests/bin/Debug/net8.0/refs/System.Security.Cryptography.Encoding.dll".
         Deleting file "D:/Task/Remote Signing/TagEkyc/tests/TagEkyc.IntegrationTests/bin/Debug/net8.0/refs/System.Security.Cryptography.OpenSsl.dll".
         Deleting file "D:/Task/Remote Signing/TagEkyc/tests/TagEkyc.IntegrationTests/bin/Debug/net8.0/refs/System.Security.Cryptography.Primitives.dll".
         Deleting file "D:/Task/Remote Signing/TagEkyc/tests/TagEkyc.IntegrationTests/bin/Debug/net8.0/refs/System.Security.Cryptography.X509Certificates.dll".
         Deleting file "D:/Task/Remote Signing/TagEkyc/tests/TagEkyc.IntegrationTests/bin/Debug/net8.0/refs/System.Security.Cryptography.Xml.dll".
         Deleting file "D:/Task/Remote Signing/TagEkyc/tests/TagEkyc.IntegrationTests/bin/Debug/net8.0/refs/System.Security.dll".
         Deleting file "D:/Task/Remote Signing/TagEkyc/tests/TagEkyc.IntegrationTests/bin/Debug/net8.0/refs/System.Security.Principal.dll".
         Deleting file "D:/Task/Remote Signing/TagEkyc/tests/TagEkyc.IntegrationTests/bin/Debug/net8.0/refs/System.Security.Principal.Windows.dll".
         Deleting file "D:/Task/Remote Signing/TagEkyc/tests/TagEkyc.IntegrationTests/bin/Debug/net8.0/refs/System.Security.SecureString.dll".
         Deleting file "D:/Task/Remote Signing/TagEkyc/tests/TagEkyc.IntegrationTests/bin/Debug/net8.0/refs/System.ServiceModel.Web.dll".
         Deleting file "D:/Task/Remote Signing/TagEkyc/tests/TagEkyc.IntegrationTests/bin/Debug/net8.0/refs/System.ServiceProcess.dll".
         Deleting file "D:/Task/Remote Signing/TagEkyc/tests/TagEkyc.IntegrationTests/bin/Debug/net8.0/refs/System.Text.Encoding.CodePages.dll".
         Deleting file "D:/Task/Remote Signing/TagEkyc/tests/TagEkyc.IntegrationTests/bin/Debug/net8.0/refs/System.Text.Encoding.dll".
         Deleting file "D:/Task/Remote Signing/TagEkyc/tests/TagEkyc.IntegrationTests/bin/Debug/net8.0/refs/System.Text.Encoding.Extensions.dll".
         Deleting file "D:/Task/Remote Signing/TagEkyc/tests/TagEkyc.IntegrationTests/bin/Debug/net8.0/refs/System.Text.Encodings.Web.dll".
         Deleting file "D:/Task/Remote Signing/TagEkyc/tests/TagEkyc.IntegrationTests/bin/Debug/net8.0/refs/System.Text.Json.dll".
         Deleting file "D:/Task/Remote Signing/TagEkyc/tests/TagEkyc.IntegrationTests/bin/Debug/net8.0/refs/System.Text.RegularExpressions.dll".
         Deleting file "D:/Task/Remote Signing/TagEkyc/tests/TagEkyc.IntegrationTests/bin/Debug/net8.0/refs/System.Threading.Channels.dll".
         Deleting file "D:/Task/Remote Signing/TagEkyc/tests/TagEkyc.IntegrationTests/bin/Debug/net8.0/refs/System.Threading.dll".
         Deleting file "D:/Task/Remote Signing/TagEkyc/tests/TagEkyc.IntegrationTests/bin/Debug/net8.0/refs/System.Threading.Overlapped.dll".
         Deleting file "D:/Task/Remote Signing/TagEkyc/tests/TagEkyc.IntegrationTests/bin/Debug/net8.0/refs/System.Threading.RateLimiting.dll".
         Deleting file "D:/Task/Remote Signing/TagEkyc/tests/TagEkyc.IntegrationTests/bin/Debug/net8.0/refs/System.Threading.Tasks.Dataflow.dll".
         Deleting file "D:/Task/Remote Signing/TagEkyc/tests/TagEkyc.IntegrationTests/bin/Debug/net8.0/refs/System.Threading.Tasks.dll".
         Deleting file "D:/Task/Remote Signing/TagEkyc/tests/TagEkyc.IntegrationTests/bin/Debug/net8.0/refs/System.Threading.Tasks.Extensions.dll".
         Deleting file "D:/Task/Remote Signing/TagEkyc/tests/TagEkyc.IntegrationTests/bin/Debug/net8.0/refs/System.Threading.Tasks.Parallel.dll".
         Deleting file "D:/Task/Remote Signing/TagEkyc/tests/TagEkyc.IntegrationTests/bin/Debug/net8.0/refs/System.Threading.Thread.dll".
         Deleting file "D:/Task/Remote Signing/TagEkyc/tests/TagEkyc.IntegrationTests/bin/Debug/net8.0/refs/System.Threading.ThreadPool.dll".
         Deleting file "D:/Task/Remote Signing/TagEkyc/tests/TagEkyc.IntegrationTests/bin/Debug/net8.0/refs/System.Threading.Timer.dll".
         Deleting file "D:/Task/Remote Signing/TagEkyc/tests/TagEkyc.IntegrationTests/bin/Debug/net8.0/refs/System.Transactions.dll".
         Deleting file "D:/Task/Remote Signing/TagEkyc/tests/TagEkyc.IntegrationTests/bin/Debug/net8.0/refs/System.Transactions.Local.dll".
         Deleting file "D:/Task/Remote Signing/TagEkyc/tests/TagEkyc.IntegrationTests/bin/Debug/net8.0/refs/System.ValueTuple.dll".
         Deleting file "D:/Task/Remote Signing/TagEkyc/tests/TagEkyc.IntegrationTests/bin/Debug/net8.0/refs/System.Web.dll".
         Deleting file "D:/Task/Remote Signing/TagEkyc/tests/TagEkyc.IntegrationTests/bin/Debug/net8.0/refs/System.Web.HttpUtility.dll".
         Deleting file "D:/Task/Remote Signing/TagEkyc/tests/TagEkyc.IntegrationTests/bin/Debug/net8.0/refs/System.Windows.dll".
         Deleting file "D:/Task/Remote Signing/TagEkyc/tests/TagEkyc.IntegrationTests/bin/Debug/net8.0/refs/System.Xml.dll".
         Deleting file "D:/Task/Remote Signing/TagEkyc/tests/TagEkyc.IntegrationTests/bin/Debug/net8.0/refs/System.Xml.Linq.dll".
         Deleting file "D:/Task/Remote Signing/TagEkyc/tests/TagEkyc.IntegrationTests/bin/Debug/net8.0/refs/System.Xml.ReaderWriter.dll".
         Deleting file "D:/Task/Remote Signing/TagEkyc/tests/TagEkyc.IntegrationTests/bin/Debug/net8.0/refs/System.Xml.Serialization.dll".
         Deleting file "D:/Task/Remote Signing/TagEkyc/tests/TagEkyc.IntegrationTests/bin/Debug/net8.0/refs/System.Xml.XDocument.dll".
         Deleting file "D:/Task/Remote Signing/TagEkyc/tests/TagEkyc.IntegrationTests/bin/Debug/net8.0/refs/System.Xml.XmlDocument.dll".
         Deleting file "D:/Task/Remote Signing/TagEkyc/tests/TagEkyc.IntegrationTests/bin/Debug/net8.0/refs/System.Xml.XmlSerializer.dll".
         Deleting file "D:/Task/Remote Signing/TagEkyc/tests/TagEkyc.IntegrationTests/bin/Debug/net8.0/refs/System.Xml.XPath.dll".
         Deleting file "D:/Task/Remote Signing/TagEkyc/tests/TagEkyc.IntegrationTests/bin/Debug/net8.0/refs/System.Xml.XPath.XDocument.dll".
         Deleting file "D:/Task/Remote Signing/TagEkyc/tests/TagEkyc.IntegrationTests/bin/Debug/net8.0/refs/WindowsBase.dll".
         Deleting file "D:/Task/Remote Signing/TagEkyc/tests/TagEkyc.IntegrationTests/bin/Debug/net8.0/Microsoft.AspNetCore.Mvc.Testing.dll".
         Deleting file "D:/Task/Remote Signing/TagEkyc/tests/TagEkyc.IntegrationTests/bin/Debug/net8.0/Microsoft.AspNetCore.TestHost.dll".
         Deleting file "D:/Task/Remote Signing/TagEkyc/tests/TagEkyc.IntegrationTests/bin/Debug/net8.0/Microsoft.VisualStudio.CodeCoverage.Shim.dll".
         Deleting file "D:/Task/Remote Signing/TagEkyc/tests/TagEkyc.IntegrationTests/bin/Debug/net8.0/Microsoft.EntityFrameworkCore.dll".
         Deleting file "D:/Task/Remote Signing/TagEkyc/tests/TagEkyc.IntegrationTests/bin/Debug/net8.0/Microsoft.EntityFrameworkCore.Abstractions.dll".
         Deleting file "D:/Task/Remote Signing/TagEkyc/tests/TagEkyc.IntegrationTests/bin/Debug/net8.0/Microsoft.EntityFrameworkCore.Relational.dll".
         Deleting file "D:/Task/Remote Signing/TagEkyc/tests/TagEkyc.IntegrationTests/bin/Debug/net8.0/Microsoft.Extensions.DependencyModel.dll".
         Deleting file "D:/Task/Remote Signing/TagEkyc/tests/TagEkyc.IntegrationTests/bin/Debug/net8.0/Microsoft.TestPlatform.CoreUtilities.dll".
         Deleting file "D:/Task/Remote Signing/TagEkyc/tests/TagEkyc.IntegrationTests/bin/Debug/net8.0/Microsoft.TestPlatform.PlatformAbstractions.dll".
         Deleting file "D:/Task/Remote Signing/TagEkyc/tests/TagEkyc.IntegrationTests/bin/Debug/net8.0/Microsoft.VisualStudio.TestPlatform.ObjectModel.dll".
         Deleting file "D:/Task/Remote Signing/TagEkyc/tests/TagEkyc.IntegrationTests/bin/Debug/net8.0/Microsoft.TestPlatform.CommunicationUtilities.dll".
         Deleting file "D:/Task/Remote Signing/TagEkyc/tests/TagEkyc.IntegrationTests/bin/Debug/net8.0/Microsoft.TestPlatform.CrossPlatEngine.dll".
         Deleting file "D:/Task/Remote Signing/TagEkyc/tests/TagEkyc.IntegrationTests/bin/Debug/net8.0/Microsoft.TestPlatform.Utilities.dll".
         Deleting file "D:/Task/Remote Signing/TagEkyc/tests/TagEkyc.IntegrationTests/bin/Debug/net8.0/Microsoft.VisualStudio.TestPlatform.Common.dll".
         Deleting file "D:/Task/Remote Signing/TagEkyc/tests/TagEkyc.IntegrationTests/bin/Debug/net8.0/Newtonsoft.Json.dll".
         Deleting file "D:/Task/Remote Signing/TagEkyc/tests/TagEkyc.IntegrationTests/bin/Debug/net8.0/Npgsql.dll".
         Deleting file "D:/Task/Remote Signing/TagEkyc/tests/TagEkyc.IntegrationTests/bin/Debug/net8.0/Npgsql.EntityFrameworkCore.PostgreSQL.dll".
         Deleting file "D:/Task/Remote Signing/TagEkyc/tests/TagEkyc.IntegrationTests/bin/Debug/net8.0/NuGet.Frameworks.dll".
         Deleting file "D:/Task/Remote Signing/TagEkyc/tests/TagEkyc.IntegrationTests/bin/Debug/net8.0/Pkcs11Interop.dll".
         Deleting file "D:/Task/Remote Signing/TagEkyc/tests/TagEkyc.IntegrationTests/bin/Debug/net8.0/xunit.abstractions.dll".
         Deleting file "D:/Task/Remote Signing/TagEkyc/tests/TagEkyc.IntegrationTests/bin/Debug/net8.0/xunit.assert.dll".
         Deleting file "D:/Task/Remote Signing/TagEkyc/tests/TagEkyc.IntegrationTests/bin/Debug/net8.0/xunit.core.dll".
         Deleting file "D:/Task/Remote Signing/TagEkyc/tests/TagEkyc.IntegrationTests/bin/Debug/net8.0/xunit.execution.dotnet.dll".
         Deleting file "D:/Task/Remote Signing/TagEkyc/tests/TagEkyc.IntegrationTests/bin/Debug/net8.0/cs/Microsoft.TestPlatform.CoreUtilities.resources.dll".
         Deleting file "D:/Task/Remote Signing/TagEkyc/tests/TagEkyc.IntegrationTests/bin/Debug/net8.0/cs/Microsoft.VisualStudio.TestPlatform.ObjectModel.resources.dll".
         Deleting file "D:/Task/Remote Signing/TagEkyc/tests/TagEkyc.IntegrationTests/bin/Debug/net8.0/de/Microsoft.TestPlatform.CoreUtilities.resources.dll".
         Deleting file "D:/Task/Remote Signing/TagEkyc/tests/TagEkyc.IntegrationTests/bin/Debug/net8.0/de/Microsoft.VisualStudio.TestPlatform.ObjectModel.resources.dll".
         Deleting file "D:/Task/Remote Signing/TagEkyc/tests/TagEkyc.IntegrationTests/bin/Debug/net8.0/es/Microsoft.TestPlatform.CoreUtilities.resources.dll".
         Deleting file "D:/Task/Remote Signing/TagEkyc/tests/TagEkyc.IntegrationTests/bin/Debug/net8.0/es/Microsoft.VisualStudio.TestPlatform.ObjectModel.resources.dll".
         Deleting file "D:/Task/Remote Signing/TagEkyc/tests/TagEkyc.IntegrationTests/bin/Debug/net8.0/fr/Microsoft.TestPlatform.CoreUtilities.resources.dll".
         Deleting file "D:/Task/Remote Signing/TagEkyc/tests/TagEkyc.IntegrationTests/bin/Debug/net8.0/fr/Microsoft.VisualStudio.TestPlatform.ObjectModel.resources.dll".
         Deleting file "D:/Task/Remote Signing/TagEkyc/tests/TagEkyc.IntegrationTests/bin/Debug/net8.0/it/Microsoft.TestPlatform.CoreUtilities.resources.dll".
         Deleting file "D:/Task/Remote Signing/TagEkyc/tests/TagEkyc.IntegrationTests/bin/Debug/net8.0/it/Microsoft.VisualStudio.TestPlatform.ObjectModel.resources.dll".
         Deleting file "D:/Task/Remote Signing/TagEkyc/tests/TagEkyc.IntegrationTests/bin/Debug/net8.0/ja/Microsoft.TestPlatform.CoreUtilities.resources.dll".
         Deleting file "D:/Task/Remote Signing/TagEkyc/tests/TagEkyc.IntegrationTests/bin/Debug/net8.0/ja/Microsoft.VisualStudio.TestPlatform.ObjectModel.resources.dll".
         Deleting file "D:/Task/Remote Signing/TagEkyc/tests/TagEkyc.IntegrationTests/bin/Debug/net8.0/ko/Microsoft.TestPlatform.CoreUtilities.resources.dll".
         Deleting file "D:/Task/Remote Signing/TagEkyc/tests/TagEkyc.IntegrationTests/bin/Debug/net8.0/ko/Microsoft.VisualStudio.TestPlatform.ObjectModel.resources.dll".
         Deleting file "D:/Task/Remote Signing/TagEkyc/tests/TagEkyc.IntegrationTests/bin/Debug/net8.0/pl/Microsoft.TestPlatform.CoreUtilities.resources.dll".
         Deleting file "D:/Task/Remote Signing/TagEkyc/tests/TagEkyc.IntegrationTests/bin/Debug/net8.0/pl/Microsoft.VisualStudio.TestPlatform.ObjectModel.resources.dll".
         Deleting file "D:/Task/Remote Signing/TagEkyc/tests/TagEkyc.IntegrationTests/bin/Debug/net8.0/pt-BR/Microsoft.TestPlatform.CoreUtilities.resources.dll".
         Deleting file "D:/Task/Remote Signing/TagEkyc/tests/TagEkyc.IntegrationTests/bin/Debug/net8.0/pt-BR/Microsoft.VisualStudio.TestPlatform.ObjectModel.resources.dll".
         Deleting file "D:/Task/Remote Signing/TagEkyc/tests/TagEkyc.IntegrationTests/bin/Debug/net8.0/ru/Microsoft.TestPlatform.CoreUtilities.resources.dll".
         Deleting file "D:/Task/Remote Signing/TagEkyc/tests/TagEkyc.IntegrationTests/bin/Debug/net8.0/ru/Microsoft.VisualStudio.TestPlatform.ObjectModel.resources.dll".
         Deleting file "D:/Task/Remote Signing/TagEkyc/tests/TagEkyc.IntegrationTests/bin/Debug/net8.0/tr/Microsoft.TestPlatform.CoreUtilities.resources.dll".
         Deleting file "D:/Task/Remote Signing/TagEkyc/tests/TagEkyc.IntegrationTests/bin/Debug/net8.0/tr/Microsoft.VisualStudio.TestPlatform.ObjectModel.resources.dll".
         Deleting file "D:/Task/Remote Signing/TagEkyc/tests/TagEkyc.IntegrationTests/bin/Debug/net8.0/zh-Hans/Microsoft.TestPlatform.CoreUtilities.resources.dll".
         Deleting file "D:/Task/Remote Signing/TagEkyc/tests/TagEkyc.IntegrationTests/bin/Debug/net8.0/zh-Hans/Microsoft.VisualStudio.TestPlatform.ObjectModel.resources.dll".
         Deleting file "D:/Task/Remote Signing/TagEkyc/tests/TagEkyc.IntegrationTests/bin/Debug/net8.0/zh-Hant/Microsoft.TestPlatform.CoreUtilities.resources.dll".
         Deleting file "D:/Task/Remote Signing/TagEkyc/tests/TagEkyc.IntegrationTests/bin/Debug/net8.0/zh-Hant/Microsoft.VisualStudio.TestPlatform.ObjectModel.resources.dll".
         Deleting file "D:/Task/Remote Signing/TagEkyc/tests/TagEkyc.IntegrationTests/bin/Debug/net8.0/cs/Microsoft.TestPlatform.CommunicationUtilities.resources.dll".
         Deleting file "D:/Task/Remote Signing/TagEkyc/tests/TagEkyc.IntegrationTests/bin/Debug/net8.0/cs/Microsoft.TestPlatform.CrossPlatEngine.resources.dll".
         Deleting file "D:/Task/Remote Signing/TagEkyc/tests/TagEkyc.IntegrationTests/bin/Debug/net8.0/cs/Microsoft.VisualStudio.TestPlatform.Common.resources.dll".
         Deleting file "D:/Task/Remote Signing/TagEkyc/tests/TagEkyc.IntegrationTests/bin/Debug/net8.0/de/Microsoft.TestPlatform.CommunicationUtilities.resources.dll".
         Deleting file "D:/Task/Remote Signing/TagEkyc/tests/TagEkyc.IntegrationTests/bin/Debug/net8.0/de/Microsoft.TestPlatform.CrossPlatEngine.resources.dll".
         Deleting file "D:/Task/Remote Signing/TagEkyc/tests/TagEkyc.IntegrationTests/bin/Debug/net8.0/de/Microsoft.VisualStudio.TestPlatform.Common.resources.dll".
         Deleting file "D:/Task/Remote Signing/TagEkyc/tests/TagEkyc.IntegrationTests/bin/Debug/net8.0/es/Microsoft.TestPlatform.CommunicationUtilities.resources.dll".
         Deleting file "D:/Task/Remote Signing/TagEkyc/tests/TagEkyc.IntegrationTests/bin/Debug/net8.0/es/Microsoft.TestPlatform.CrossPlatEngine.resources.dll".
         Deleting file "D:/Task/Remote Signing/TagEkyc/tests/TagEkyc.IntegrationTests/bin/Debug/net8.0/es/Microsoft.VisualStudio.TestPlatform.Common.resources.dll".
         Deleting file "D:/Task/Remote Signing/TagEkyc/tests/TagEkyc.IntegrationTests/bin/Debug/net8.0/fr/Microsoft.TestPlatform.CommunicationUtilities.resources.dll".
         Deleting file "D:/Task/Remote Signing/TagEkyc/tests/TagEkyc.IntegrationTests/bin/Debug/net8.0/fr/Microsoft.TestPlatform.CrossPlatEngine.resources.dll".
         Deleting file "D:/Task/Remote Signing/TagEkyc/tests/TagEkyc.IntegrationTests/bin/Debug/net8.0/fr/Microsoft.VisualStudio.TestPlatform.Common.resources.dll".
         Deleting file "D:/Task/Remote Signing/TagEkyc/tests/TagEkyc.IntegrationTests/bin/Debug/net8.0/it/Microsoft.TestPlatform.CommunicationUtilities.resources.dll".
         Deleting file "D:/Task/Remote Signing/TagEkyc/tests/TagEkyc.IntegrationTests/bin/Debug/net8.0/it/Microsoft.TestPlatform.CrossPlatEngine.resources.dll".
         Deleting file "D:/Task/Remote Signing/TagEkyc/tests/TagEkyc.IntegrationTests/bin/Debug/net8.0/it/Microsoft.VisualStudio.TestPlatform.Common.resources.dll".
         Deleting file "D:/Task/Remote Signing/TagEkyc/tests/TagEkyc.IntegrationTests/bin/Debug/net8.0/ja/Microsoft.TestPlatform.CommunicationUtilities.resources.dll".
         Deleting file "D:/Task/Remote Signing/TagEkyc/tests/TagEkyc.IntegrationTests/bin/Debug/net8.0/ja/Microsoft.TestPlatform.CrossPlatEngine.resources.dll".
         Deleting file "D:/Task/Remote Signing/TagEkyc/tests/TagEkyc.IntegrationTests/bin/Debug/net8.0/ja/Microsoft.VisualStudio.TestPlatform.Common.resources.dll".
         Deleting file "D:/Task/Remote Signing/TagEkyc/tests/TagEkyc.IntegrationTests/bin/Debug/net8.0/ko/Microsoft.TestPlatform.CommunicationUtilities.resources.dll".
         Deleting file "D:/Task/Remote Signing/TagEkyc/tests/TagEkyc.IntegrationTests/bin/Debug/net8.0/ko/Microsoft.TestPlatform.CrossPlatEngine.resources.dll".
         Deleting file "D:/Task/Remote Signing/TagEkyc/tests/TagEkyc.IntegrationTests/bin/Debug/net8.0/ko/Microsoft.VisualStudio.TestPlatform.Common.resources.dll".
         Deleting file "D:/Task/Remote Signing/TagEkyc/tests/TagEkyc.IntegrationTests/bin/Debug/net8.0/pl/Microsoft.TestPlatform.CommunicationUtilities.resources.dll".
         Deleting file "D:/Task/Remote Signing/TagEkyc/tests/TagEkyc.IntegrationTests/bin/Debug/net8.0/pl/Microsoft.TestPlatform.CrossPlatEngine.resources.dll".
         Deleting file "D:/Task/Remote Signing/TagEkyc/tests/TagEkyc.IntegrationTests/bin/Debug/net8.0/pl/Microsoft.VisualStudio.TestPlatform.Common.resources.dll".
         Deleting file "D:/Task/Remote Signing/TagEkyc/tests/TagEkyc.IntegrationTests/bin/Debug/net8.0/pt-BR/Microsoft.TestPlatform.CommunicationUtilities.resources.dll".
         Deleting file "D:/Task/Remote Signing/TagEkyc/tests/TagEkyc.IntegrationTests/bin/Debug/net8.0/pt-BR/Microsoft.TestPlatform.CrossPlatEngine.resources.dll".
         Deleting file "D:/Task/Remote Signing/TagEkyc/tests/TagEkyc.IntegrationTests/bin/Debug/net8.0/pt-BR/Microsoft.VisualStudio.TestPlatform.Common.resources.dll".
         Deleting file "D:/Task/Remote Signing/TagEkyc/tests/TagEkyc.IntegrationTests/bin/Debug/net8.0/ru/Microsoft.TestPlatform.CommunicationUtilities.resources.dll".
         Deleting file "D:/Task/Remote Signing/TagEkyc/tests/TagEkyc.IntegrationTests/bin/Debug/net8.0/ru/Microsoft.TestPlatform.CrossPlatEngine.resources.dll".
         Deleting file "D:/Task/Remote Signing/TagEkyc/tests/TagEkyc.IntegrationTests/bin/Debug/net8.0/ru/Microsoft.VisualStudio.TestPlatform.Common.resources.dll".
         Deleting file "D:/Task/Remote Signing/TagEkyc/tests/TagEkyc.IntegrationTests/bin/Debug/net8.0/tr/Microsoft.TestPlatform.CommunicationUtilities.resources.dll".
         Deleting file "D:/Task/Remote Signing/TagEkyc/tests/TagEkyc.IntegrationTests/bin/Debug/net8.0/tr/Microsoft.TestPlatform.CrossPlatEngine.resources.dll".
         Deleting file "D:/Task/Remote Signing/TagEkyc/tests/TagEkyc.IntegrationTests/bin/Debug/net8.0/tr/Microsoft.VisualStudio.TestPlatform.Common.resources.dll".
         Deleting file "D:/Task/Remote Signing/TagEkyc/tests/TagEkyc.IntegrationTests/bin/Debug/net8.0/zh-Hans/Microsoft.TestPlatform.CommunicationUtilities.resources.dll".
         Deleting file "D:/Task/Remote Signing/TagEkyc/tests/TagEkyc.IntegrationTests/bin/Debug/net8.0/zh-Hans/Microsoft.TestPlatform.CrossPlatEngine.resources.dll".
         Deleting file "D:/Task/Remote Signing/TagEkyc/tests/TagEkyc.IntegrationTests/bin/Debug/net8.0/zh-Hans/Microsoft.VisualStudio.TestPlatform.Common.resources.dll".
         Deleting file "D:/Task/Remote Signing/TagEkyc/tests/TagEkyc.IntegrationTests/bin/Debug/net8.0/zh-Hant/Microsoft.TestPlatform.CommunicationUtilities.resources.dll".
         Deleting file "D:/Task/Remote Signing/TagEkyc/tests/TagEkyc.IntegrationTests/bin/Debug/net8.0/zh-Hant/Microsoft.TestPlatform.CrossPlatEngine.resources.dll".
         Deleting file "D:/Task/Remote Signing/TagEkyc/tests/TagEkyc.IntegrationTests/bin/Debug/net8.0/zh-Hant/Microsoft.VisualStudio.TestPlatform.Common.resources.dll".
         Deleting file "D:/Task/Remote Signing/TagEkyc/tests/TagEkyc.IntegrationTests/bin/Debug/net8.0/TagEkyc.Api.dll".
         Deleting file "D:/Task/Remote Signing/TagEkyc/tests/TagEkyc.IntegrationTests/bin/Debug/net8.0/TagEkyc.Application.dll".
         Deleting file "D:/Task/Remote Signing/TagEkyc/tests/TagEkyc.IntegrationTests/bin/Debug/net8.0/TagEkyc.Contracts.dll".
         Deleting file "D:/Task/Remote Signing/TagEkyc/tests/TagEkyc.IntegrationTests/bin/Debug/net8.0/TagEkyc.Domain.dll".
         Deleting file "D:/Task/Remote Signing/TagEkyc/tests/TagEkyc.IntegrationTests/bin/Debug/net8.0/TagEkyc.Infrastructure.dll".
         Deleting file "D:/Task/Remote Signing/TagEkyc/tests/TagEkyc.IntegrationTests/bin/Debug/net8.0/TagEkyc.Api.pdb".
         Deleting file "D:/Task/Remote Signing/TagEkyc/tests/TagEkyc.IntegrationTests/bin/Debug/net8.0/TagEkyc.Application.pdb".
         Deleting file "D:/Task/Remote Signing/TagEkyc/tests/TagEkyc.IntegrationTests/bin/Debug/net8.0/TagEkyc.Contracts.pdb".
         Deleting file "D:/Task/Remote Signing/TagEkyc/tests/TagEkyc.IntegrationTests/bin/Debug/net8.0/TagEkyc.Domain.pdb".
         Deleting file "D:/Task/Remote Signing/TagEkyc/tests/TagEkyc.IntegrationTests/bin/Debug/net8.0/TagEkyc.Infrastructure.pdb".
         Deleting file "D:/Task/Remote Signing/TagEkyc/tests/TagEkyc.IntegrationTests/bin/Debug/net8.0/AWSSDK.Core.dll".
         Deleting file "D:/Task/Remote Signing/TagEkyc/tests/TagEkyc.IntegrationTests/bin/Debug/net8.0/AWSSDK.S3.dll".
         Deleting file "D:/Task/Remote Signing/TagEkyc/tests/TagEkyc.IntegrationTests/obj/Debug/net8.0/TagEkyc.IntegrationTests.csproj.AssemblyReference.cache".
         Deleting file "D:/Task/Remote Signing/TagEkyc/tests/TagEkyc.IntegrationTests/obj/Debug/net8.0/MvcTestingAppManifest.json".
         Deleting file "D:/Task/Remote Signing/TagEkyc/tests/TagEkyc.IntegrationTests/obj/Debug/net8.0/TagEkyc.IntegrationTests.GeneratedMSBuildEditorConfig.editorconfig".
         Deleting file "D:/Task/Remote Signing/TagEkyc/tests/TagEkyc.IntegrationTests/obj/Debug/net8.0/TagEkyc.IntegrationTests.AssemblyInfoInputs.cache".
         Deleting file "D:/Task/Remote Signing/TagEkyc/tests/TagEkyc.IntegrationTests/obj/Debug/net8.0/TagEkyc.IntegrationTests.AssemblyInfo.cs".
         Deleting file "D:/Task/Remote Signing/TagEkyc/tests/TagEkyc.IntegrationTests/obj/Debug/net8.0/TagEkyc.IntegrationTests.csproj.CoreCompileInputs.cache".
         Deleting file "D:/Task/Remote Signing/TagEkyc/tests/TagEkyc.IntegrationTests/obj/Debug/net8.0/TagEkyc.IntegrationTests.sourcelink.json".
         Deleting file "D:/Task/Remote Signing/TagEkyc/tests/TagEkyc.IntegrationTests/obj/Debug/net8.0/TagEkyc..3552B8ED.Up2Date".
         Deleting file "D:/Task/Remote Signing/TagEkyc/tests/TagEkyc.IntegrationTests/obj/Debug/net8.0/TagEkyc.IntegrationTests.dll".
         Deleting file "D:/Task/Remote Signing/TagEkyc/tests/TagEkyc.IntegrationTests/obj/Debug/net8.0/refint/TagEkyc.IntegrationTests.dll".
         Deleting file "D:/Task/Remote Signing/TagEkyc/tests/TagEkyc.IntegrationTests/obj/Debug/net8.0/TagEkyc.IntegrationTests.pdb".
         Deleting file "D:/Task/Remote Signing/TagEkyc/tests/TagEkyc.IntegrationTests/obj/Debug/net8.0/TagEkyc.IntegrationTests.genruntimeconfig.cache".
         Deleting file "D:/Task/Remote Signing/TagEkyc/tests/TagEkyc.IntegrationTests/obj/Debug/net8.0/ref/TagEkyc.IntegrationTests.dll".
       GenerateTargetFrameworkMonikerAttribute:
       Skipping target "GenerateTargetFrameworkMonikerAttribute" because all output files are up-to-date with respect to the input files.
       _GenerateSourceLinkFile:
         Updating Source Link file 'obj\Debug\net8.0\TagEkyc.IntegrationTests.sourcelink.json'.
       CoreCompile:
         Setting DOTNET_ROOT to 'C:\Program Files\dotnet'
         C:\Program Files\dotnet\sdk\10.0.100\Roslyn\bincore\csc.exe /noconfig /unsafe- /checked- /nowarn:1701,1702,1701,1702 /fullpaths /nostdlib+ /errorreport:prompt /warn:8 /define:TRACE;DEBUG;NET;NET8_0;NETCOREAPP;NET5_0_OR_GREATER;NET6_0_OR_GREATER;NET7_0_OR_GREATER;NET8_0_OR_GREATER;NETCOREAPP1_0_OR_GREATER;NETCOREAPP1_1_OR_GREATER;NETCOREAPP2_0_OR_GREATER;NETCOREAPP2_1_OR_GREATER;NETCOREAPP2_2_OR_GREATER;NETCOREAPP3_0_OR_GREATER;NETCOREAPP3_1_OR_GREATER /highentropyva+ /nullable:enable /reference:C:\Users\Admin\.nuget\packages\awssdk.core\3.7.400.40\lib\net8.0\AWSSDK.Core.dll /reference:C:\Users\Admin\.nuget\packages\awssdk.s3\3.7.405.4\lib\net8.0\AWSSDK.S3.dll /reference:"C:\Program Files\dotnet\packs\Microsoft.AspNetCore.App.Ref\8.0.22\ref\net8.0\Microsoft.AspNetCore.Antiforgery.dll" /reference:"C:\Program Files\dotnet\packs\Microsoft.AspNetCore.App.Ref\8.0.22\ref\net8.0\Microsoft.AspNetCore.Authentication.Abstractions.dll" /reference:"C:\Program Files\dotnet\packs\Microsoft.AspNetCore.App.Ref\8.0.22\ref\net8.0\Microsoft.AspNetCore.Authentication.BearerToken.dll" /reference:"C:\Program Files\dotnet\packs\Microsoft.AspNetCore.App.Ref\8.0.22\ref\net8.0\Microsoft.AspNetCore.Authentication.Cookies.dll" /reference:"C:\Program Files\dotnet\packs\Microsoft.AspNetCore.App.Ref\8.0.22\ref\net8.0\Microsoft.AspNetCore.Authentication.Core.dll" /reference:"C:\Program Files\dotnet\packs\Microsoft.AspNetCore.App.Ref\8.0.22\ref\net8.0\Microsoft.AspNetCore.Authentication.dll" /reference:"C:\Program Files\dotnet\packs\Microsoft.AspNetCore.App.Ref\8.0.22\ref\net8.0\Microsoft.AspNetCore.Authentication.OAuth.dll" /reference:"C:\Program Files\dotnet\packs\Microsoft.AspNetCore.App.Ref\8.0.22\ref\net8.0\Microsoft.AspNetCore.Authorization.dll" /reference:"C:\Program Files\dotnet\packs\Microsoft.AspNetCore.App.Ref\8.0.22\ref\net8.0\Microsoft.AspNetCore.Authorization.Policy.dll" /reference:"C:\Program Files\dotnet\packs\Microsoft.AspNetCore.App.Ref\8.0.22\ref\net8.0\Microsoft.AspNetCore.Components.Authorization.dll" /reference:"C:\Program Files\dotnet\packs\Microsoft.AspNetCore.App.Ref\8.0.22\ref\net8.0\Microsoft.AspNetCore.Components.dll" /reference:"C:\Program Files\dotnet\packs\Microsoft.AspNetCore.App.Ref\8.0.22\ref\net8.0\Microsoft.AspNetCore.Components.Endpoints.dll" /reference:"C:\Program Files\dotnet\packs\Microsoft.AspNetCore.App.Ref\8.0.22\ref\net8.0\Microsoft.AspNetCore.Components.Forms.dll" /reference:"C:\Program Files\dotnet\packs\Microsoft.AspNetCore.App.Ref\8.0.22\ref\net8.0\Microsoft.AspNetCore.Components.Server.dll" /reference:"C:\Program Files\dotnet\packs\Microsoft.AspNetCore.App.Ref\8.0.22\ref\net8.0\Microsoft.AspNetCore.Components.Web.dll" /reference:"C:\Program Files\dotnet\packs\Microsoft.AspNetCore.App.Ref\8.0.22\ref\net8.0\Microsoft.AspNetCore.Connections.Abstractions.dll" /reference:"C:\Program Files\dotnet\packs\Microsoft.AspNetCore.App.Ref\8.0.22\ref\net8.0\Microsoft.AspNetCore.CookiePolicy.dll" /reference:"C:\Program Files\dotnet\packs\Microsoft.AspNetCore.App.Ref\8.0.22\ref\net8.0\Microsoft.AspNetCore.Cors.dll" /reference:"C:\Program Files\dotnet\packs\Microsoft.AspNetCore.App.Ref\8.0.22\ref\net8.0\Microsoft.AspNetCore.Cryptography.Internal.dll" /reference:"C:\Program Files\dotnet\packs\Microsoft.AspNetCore.App.Ref\8.0.22\ref\net8.0\Microsoft.AspNetCore.Cryptography.KeyDerivation.dll" /reference:"C:\Program Files\dotnet\packs\Microsoft.AspNetCore.App.Ref\8.0.22\ref\net8.0\Microsoft.AspNetCore.DataProtection.Abstractions.dll" /reference:"C:\Program Files\dotnet\packs\Microsoft.AspNetCore.App.Ref\8.0.22\ref\net8.0\Microsoft.AspNetCore.DataProtection.dll" /reference:"C:\Program Files\dotnet\packs\Microsoft.AspNetCore.App.Ref\8.0.22\ref\net8.0\Microsoft.AspNetCore.DataProtection.Extensions.dll" /reference:"C:\Program Files\dotnet\packs\Microsoft.AspNetCore.App.Ref\8.0.22\ref\net8.0\Microsoft.AspNetCore.Diagnostics.Abstractions.dll" /reference:"C:\Program Files\dotnet\packs\Microsoft.AspNetCore.App.Ref\8.0.22\ref\net8.0\Microsoft.AspNetCore.Diagnostics.dll" /reference:"C:\Program Files\dotnet\packs\Microsoft.AspNetCore.App.Ref\8.0.22\ref\net8.0\Microsoft.AspNetCore.Diagnostics.HealthChecks.dll" /reference:"C:\Program Files\dotnet\packs\Microsoft.AspNetCore.App.Ref\8.0.22\ref\net8.0\Microsoft.AspNetCore.dll" /reference:"C:\Program Files\dotnet\packs\Microsoft.AspNetCore.App.Ref\8.0.22\ref\net8.0\Microsoft.AspNetCore.HostFiltering.dll" /reference:"C:\Program Files\dotnet\packs\Microsoft.AspNetCore.App.Ref\8.0.22\ref\net8.0\Microsoft.AspNetCore.Hosting.Abstractions.dll" /reference:"C:\Program Files\dotnet\packs\Microsoft.AspNetCore.App.Ref\8.0.22\ref\net8.0\Microsoft.AspNetCore.Hosting.dll" /reference:"C:\Program Files\dotnet\packs\Microsoft.AspNetCore.App.Ref\8.0.22\ref\net8.0\Microsoft.AspNetCore.Hosting.Server.Abstractions.dll" /reference:"C:\Program Files\dotnet\packs\Microsoft.AspNetCore.App.Ref\8.0.22\ref\net8.0\Microsoft.AspNetCore.Html.Abstractions.dll" /reference:"C:\Program Files\dotnet\packs\Microsoft.AspNetCore.App.Ref\8.0.22\ref\net8.0\Microsoft.AspNetCore.Http.Abstractions.dll" /reference:"C:\Program Files\dotnet\packs\Microsoft.AspNetCore.App.Ref\8.0.22\ref\net8.0\Microsoft.AspNetCore.Http.Connections.Common.dll" /reference:"C:\Program Files\dotnet\packs\Microsoft.AspNetCore.App.Ref\8.0.22\ref\net8.0\Microsoft.AspNetCore.Http.Connections.dll" /reference:"C:\Program Files\dotnet\packs\Microsoft.AspNetCore.App.Ref\8.0.22\ref\net8.0\Microsoft.AspNetCore.Http.dll" /reference:"C:\Program Files\dotnet\packs\Microsoft.AspNetCore.App.Ref\8.0.22\ref\net8.0\Microsoft.AspNetCore.Http.Extensions.dll" /reference:"C:\Program Files\dotnet\packs\Microsoft.AspNetCore.App.Ref\8.0.22\ref\net8.0\Microsoft.AspNetCore.Http.Features.dll" /reference:"C:\Program Files\dotnet\packs\Microsoft.AspNetCore.App.Ref\8.0.22\ref\net8.0\Microsoft.AspNetCore.Http.Results.dll" /reference:"C:\Program Files\dotnet\packs\Microsoft.AspNetCore.App.Ref\8.0.22\ref\net8.0\Microsoft.AspNetCore.HttpLogging.dll" /reference:"C:\Program Files\dotnet\packs\Microsoft.AspNetCore.App.Ref\8.0.22\ref\net8.0\Microsoft.AspNetCore.HttpOverrides.dll" /reference:"C:\Program Files\dotnet\packs\Microsoft.AspNetCore.App.Ref\8.0.22\ref\net8.0\Microsoft.AspNetCore.HttpsPolicy.dll" /reference:"C:\Program Files\dotnet\packs\Microsoft.AspNetCore.App.Ref\8.0.22\ref\net8.0\Microsoft.AspNetCore.Identity.dll" /reference:"C:\Program Files\dotnet\packs\Microsoft.AspNetCore.App.Ref\8.0.22\ref\net8.0\Microsoft.AspNetCore.Localization.dll" /reference:"C:\Program Files\dotnet\packs\Microsoft.AspNetCore.App.Ref\8.0.22\ref\net8.0\Microsoft.AspNetCore.Localization.Routing.dll" /reference:"C:\Program Files\dotnet\packs\Microsoft.AspNetCore.App.Ref\8.0.22\ref\net8.0\Microsoft.AspNetCore.Metadata.dll" /reference:"C:\Program Files\dotnet\packs\Microsoft.AspNetCore.App.Ref\8.0.22\ref\net8.0\Microsoft.AspNetCore.Mvc.Abstractions.dll" /reference:"C:\Program Files\dotnet\packs\Microsoft.AspNetCore.App.Ref\8.0.22\ref\net8.0\Microsoft.AspNetCore.Mvc.ApiExplorer.dll" /reference:"C:\Program Files\dotnet\packs\Microsoft.AspNetCore.App.Ref\8.0.22\ref\net8.0\Microsoft.AspNetCore.Mvc.Core.dll" /reference:"C:\Program Files\dotnet\packs\Microsoft.AspNetCore.App.Ref\8.0.22\ref\net8.0\Microsoft.AspNetCore.Mvc.Cors.dll" /reference:"C:\Program Files\dotnet\packs\Microsoft.AspNetCore.App.Ref\8.0.22\ref\net8.0\Microsoft.AspNetCore.Mvc.DataAnnotations.dll" /reference:"C:\Program Files\dotnet\packs\Microsoft.AspNetCore.App.Ref\8.0.22\ref\net8.0\Microsoft.AspNetCore.Mvc.dll" /reference:"C:\Program Files\dotnet\packs\Microsoft.AspNetCore.App.Ref\8.0.22\ref\net8.0\Microsoft.AspNetCore.Mvc.Formatters.Json.dll" /reference:"C:\Program Files\dotnet\packs\Microsoft.AspNetCore.App.Ref\8.0.22\ref\net8.0\Microsoft.AspNetCore.Mvc.Formatters.Xml.dll" /reference:"C:\Program Files\dotnet\packs\Microsoft.AspNetCore.App.Ref\8.0.22\ref\net8.0\Microsoft.AspNetCore.Mvc.Localization.dll" /reference:"C:\Program Files\dotnet\packs\Microsoft.AspNetCore.App.Ref\8.0.22\ref\net8.0\Microsoft.AspNetCore.Mvc.Razor.dll" /reference:"C:\Program Files\dotnet\packs\Microsoft.AspNetCore.App.Ref\8.0.22\ref\net8.0\Microsoft.AspNetCore.Mvc.RazorPages.dll" /reference:"C:\Program Files\dotnet\packs\Microsoft.AspNetCore.App.Ref\8.0.22\ref\net8.0\Microsoft.AspNetCore.Mvc.TagHelpers.dll" /reference:C:\Users\Admin\.nuget\packages\microsoft.aspnetcore.mvc.testing\8.0.0\lib\net8.0\Microsoft.AspNetCore.Mvc.Testing.dll /reference:"C:\Program Files\dotnet\packs\Microsoft.AspNetCore.App.Ref\8.0.22\ref\net8.0\Microsoft.AspNetCore.Mvc.ViewFeatures.dll" /reference:"C:\Program Files\dotnet\packs\Microsoft.AspNetCore.App.Ref\8.0.22\ref\net8.0\Microsoft.AspNetCore.OutputCaching.dll" /reference:"C:\Program Files\dotnet\packs\Microsoft.AspNetCore.App.Ref\8.0.22\ref\net8.0\Microsoft.AspNetCore.RateLimiting.dll" /reference:"C:\Program Files\dotnet\packs\Microsoft.AspNetCore.App.Ref\8.0.22\ref\net8.0\Microsoft.AspNetCore.Razor.dll" /reference:"C:\Program Files\dotnet\packs\Microsoft.AspNetCore.App.Ref\8.0.22\ref\net8.0\Microsoft.AspNetCore.Razor.Runtime.dll" /reference:"C:\Program Files\dotnet\packs\Microsoft.AspNetCore.App.Ref\8.0.22\ref\net8.0\Microsoft.AspNetCore.RequestDecompression.dll" /reference:"C:\Program Files\dotnet\packs\Microsoft.AspNetCore.App.Ref\8.0.22\ref\net8.0\Microsoft.AspNetCore.ResponseCaching.Abstractions.dll" /reference:"C:\Program Files\dotnet\packs\Microsoft.AspNetCore.App.Ref\8.0.22\ref\net8.0\Microsoft.AspNetCore.ResponseCaching.dll" /reference:"C:\Program Files\dotnet\packs\Microsoft.AspNetCore.App.Ref\8.0.22\ref\net8.0\Microsoft.AspNetCore.ResponseCompression.dll" /reference:"C:\Program Files\dotnet\packs\Microsoft.AspNetCore.App.Ref\8.0.22\ref\net8.0\Microsoft.AspNetCore.Rewrite.dll" /reference:"C:\Program Files\dotnet\packs\Microsoft.AspNetCore.App.Ref\8.0.22\ref\net8.0\Microsoft.AspNetCore.Routing.Abstractions.dll" /reference:"C:\Program Files\dotnet\packs\Microsoft.AspNetCore.App.Ref\8.0.22\ref\net8.0\Microsoft.AspNetCore.Routing.dll" /reference:"C:\Program Files\dotnet\packs\Microsoft.AspNetCore.App.Ref\8.0.22\ref\net8.0\Microsoft.AspNetCore.Server.HttpSys.dll" /reference:"C:\Program Files\dotnet\packs\Microsoft.AspNetCore.App.Ref\8.0.22\ref\net8.0\Microsoft.AspNetCore.Server.IIS.dll" /reference:"C:\Program Files\dotnet\packs\Microsoft.AspNetCore.App.Ref\8.0.22\ref\net8.0\Microsoft.AspNetCore.Server.IISIntegration.dll" /reference:"C:\Program Files\dotnet\packs\Microsoft.AspNetCore.App.Ref\8.0.22\ref\net8.0\Microsoft.AspNetCore.Server.Kestrel.Core.dll" /reference:"C:\Program Files\dotnet\packs\Microsoft.AspNetCore.App.Ref\8.0.22\ref\net8.0\Microsoft.AspNetCore.Server.Kestrel.dll" /reference:"C:\Program Files\dotnet\packs\Microsoft.AspNetCore.App.Ref\8.0.22\ref\net8.0\Microsoft.AspNetCore.Server.Kestrel.Transport.NamedPipes.dll" /reference:"C:\Program Files\dotnet\packs\Microsoft.AspNetCore.App.Ref\8.0.22\ref\net8.0\Microsoft.AspNetCore.Server.Kestrel.Transport.Quic.dll" /reference:"C:\Program Files\dotnet\packs\Microsoft.AspNetCore.App.Ref\8.0.22\ref\net8.0\Microsoft.AspNetCore.Server.Kestrel.Transport.Sockets.dll" /reference:"C:\Program Files\dotnet\packs\Microsoft.AspNetCore.App.Ref\8.0.22\ref\net8.0\Microsoft.AspNetCore.Session.dll" /reference:"C:\Program Files\dotnet\packs\Microsoft.AspNetCore.App.Ref\8.0.22\ref\net8.0\Microsoft.AspNetCore.SignalR.Common.dll" /reference:"C:\Program Files\dotnet\packs\Microsoft.AspNetCore.App.Ref\8.0.22\ref\net8.0\Microsoft.AspNetCore.SignalR.Core.dll" /reference:"C:\Program Files\dotnet\packs\Microsoft.AspNetCore.App.Ref\8.0.22\ref\net8.0\Microsoft.AspNetCore.SignalR.dll" /reference:"C:\Program Files\dotnet\packs\Microsoft.AspNetCore.App.Ref\8.0.22\ref\net8.0\Microsoft.AspNetCore.SignalR.Protocols.Json.dll" /reference:"C:\Program Files\dotnet\packs\Microsoft.AspNetCore.App.Ref\8.0.22\ref\net8.0\Microsoft.AspNetCore.StaticFiles.dll" /reference:C:\Users\Admin\.nuget\packages\microsoft.aspnetcore.testhost\8.0.0\lib\net8.0\Microsoft.AspNetCore.TestHost.dll /reference:"C:\Program Files\dotnet\packs\Microsoft.AspNetCore.App.Ref\8.0.22\ref\net8.0\Microsoft.AspNetCore.WebSockets.dll" /reference:"C:\Program Files\dotnet\packs\Microsoft.AspNetCore.App.Ref\8.0.22\ref\net8.0\Microsoft.AspNetCore.WebUtilities.dll" /reference:"C:\Program Files\dotnet\packs\Microsoft.NETCore.App.Ref\8.0.22\ref\net8.0\Microsoft.CSharp.dll" /reference:C:\Users\Admin\.nuget\packages\microsoft.entityframeworkcore.abstractions\8.0.0\lib\net8.0\Microsoft.EntityFrameworkCore.Abstractions.dll /reference:C:\Users\Admin\.nuget\packages\microsoft.entityframeworkcore\8.0.0\lib\net8.0\Microsoft.EntityFrameworkCore.dll /reference:C:\Users\Admin\.nuget\packages\microsoft.entityframeworkcore.relational\8.0.0\lib\net8.0\Microsoft.EntityFrameworkCore.Relational.dll /reference:"C:\Program Files\dotnet\packs\Microsoft.AspNetCore.App.Ref\8.0.22\ref\net8.0\Microsoft.Extensions.Caching.Abstractions.dll" /reference:"C:\Program Files\dotnet\packs\Microsoft.AspNetCore.App.Ref\8.0.22\ref\net8.0\Microsoft.Extensions.Caching.Memory.dll" /reference:"C:\Program Files\dotnet\packs\Microsoft.AspNetCore.App.Ref\8.0.22\ref\net8.0\Microsoft.Extensions.Configuration.Abstractions.dll" /reference:"C:\Program Files\dotnet\packs\Microsoft.AspNetCore.App.Ref\8.0.22\ref\net8.0\Microsoft.Extensions.Configuration.Binder.dll" /reference:"C:\Program Files\dotnet\packs\Microsoft.AspNetCore.App.Ref\8.0.22\ref\net8.0\Microsoft.Extensions.Configuration.CommandLine.dll" /reference:"C:\Program Files\dotnet\packs\Microsoft.AspNetCore.App.Ref\8.0.22\ref\net8.0\Microsoft.Extensions.Configuration.dll" /reference:"C:\Program Files\dotnet\packs\Microsoft.AspNetCore.App.Ref\8.0.22\ref\net8.0\Microsoft.Extensions.Configuration.EnvironmentVariables.dll" /reference:"C:\Program Files\dotnet\packs\Microsoft.AspNetCore.App.Ref\8.0.22\ref\net8.0\Microsoft.Extensions.Configuration.FileExtensions.dll" /reference:"C:\Program Files\dotnet\packs\Microsoft.AspNetCore.App.Ref\8.0.22\ref\net8.0\Microsoft.Extensions.Configuration.Ini.dll" /reference:"C:\Program Files\dotnet\packs\Microsoft.AspNetCore.App.Ref\8.0.22\ref\net8.0\Microsoft.Extensions.Configuration.Json.dll" /reference:"C:\Program Files\dotnet\packs\Microsoft.AspNetCore.App.Ref\8.0.22\ref\net8.0\Microsoft.Extensions.Configuration.KeyPerFile.dll" /reference:"C:\Program Files\dotnet\packs\Microsoft.AspNetCore.App.Ref\8.0.22\ref\net8.0\Microsoft.Extensions.Configuration.UserSecrets.dll" /reference:"C:\Program Files\dotnet\packs\Microsoft.AspNetCore.App.Ref\8.0.22\ref\net8.0\Microsoft.Extensions.Configuration.Xml.dll" /reference:"C:\Program Files\dotnet\packs\Microsoft.AspNetCore.App.Ref\8.0.22\ref\net8.0\Microsoft.Extensions.DependencyInjection.Abstractions.dll" /reference:"C:\Program Files\dotnet\packs\Microsoft.AspNetCore.App.Ref\8.0.22\ref\net8.0\Microsoft.Extensions.DependencyInjection.dll" /reference:C:\Users\Admin\.nuget\packages\microsoft.extensions.dependencymodel\8.0.0\lib\net8.0\Microsoft.Extensions.DependencyModel.dll /reference:"C:\Program Files\dotnet\packs\Microsoft.AspNetCore.App.Ref\8.0.22\ref\net8.0\Microsoft.Extensions.Diagnostics.Abstractions.dll" /reference:"C:\Program Files\dotnet\packs\Microsoft.AspNetCore.App.Ref\8.0.22\ref\net8.0\Microsoft.Extensions.Diagnostics.dll" /reference:"C:\Program Files\dotnet\packs\Microsoft.AspNetCore.App.Ref\8.0.22\ref\net8.0\Microsoft.Extensions.Diagnostics.HealthChecks.Abstractions.dll" /reference:"C:\Program Files\dotnet\packs\Microsoft.AspNetCore.App.Ref\8.0.22\ref\net8.0\Microsoft.Extensions.Diagnostics.HealthChecks.dll" /reference:"C:\Program Files\dotnet\packs\Microsoft.AspNetCore.App.Ref\8.0.22\ref\net8.0\Microsoft.Extensions.Features.dll" /reference:"C:\Program Files\dotnet\packs\Microsoft.AspNetCore.App.Ref\8.0.22\ref\net8.0\Microsoft.Extensions.FileProviders.Abstractions.dll" /reference:"C:\Program Files\dotnet\packs\Microsoft.AspNetCore.App.Ref\8.0.22\ref\net8.0\Microsoft.Extensions.FileProviders.Composite.dll" /reference:"C:\Program Files\dotnet\packs\Microsoft.AspNetCore.App.Ref\8.0.22\ref\net8.0\Microsoft.Extensions.FileProviders.Embedded.dll" /reference:"C:\Program Files\dotnet\packs\Microsoft.AspNetCore.App.Ref\8.0.22\ref\net8.0\Microsoft.Extensions.FileProviders.Physical.dll" /reference:"C:\Program Files\dotnet\packs\Microsoft.AspNetCore.App.Ref\8.0.22\ref\net8.0\Microsoft.Extensions.FileSystemGlobbing.dll" /reference:"C:\Program Files\dotnet\packs\Microsoft.AspNetCore.App.Ref\8.0.22\ref\net8.0\Microsoft.Extensions.Hosting.Abstractions.dll" /reference:"C:\Program Files\dotnet\packs\Microsoft.AspNetCore.App.Ref\8.0.22\ref\net8.0\Microsoft.Extensions.Hosting.dll" /reference:"C:\Program Files\dotnet\packs\Microsoft.AspNetCore.App.Ref\8.0.22\ref\net8.0\Microsoft.Extensions.Http.dll" /reference:"C:\Program Files\dotnet\packs\Microsoft.AspNetCore.App.Ref\8.0.22\ref\net8.0\Microsoft.Extensions.Identity.Core.dll" /reference:"C:\Program Files\dotnet\packs\Microsoft.AspNetCore.App.Ref\8.0.22\ref\net8.0\Microsoft.Extensions.Identity.Stores.dll" /reference:"C:\Program Files\dotnet\packs\Microsoft.AspNetCore.App.Ref\8.0.22\ref\net8.0\Microsoft.Extensions.Localization.Abstractions.dll" /reference:"C:\Program Files\dotnet\packs\Microsoft.AspNetCore.App.Ref\8.0.22\ref\net8.0\Microsoft.Extensions.Localization.dll" /reference:"C:\Program Files\dotnet\packs\Microsoft.AspNetCore.App.Ref\8.0.22\ref\net8.0\Microsoft.Extensions.Logging.Abstractions.dll" /reference:"C:\Program Files\dotnet\packs\Microsoft.AspNetCore.App.Ref\8.0.22\ref\net8.0\Microsoft.Extensions.Logging.Configuration.dll" /reference:"C:\Program Files\dotnet\packs\Microsoft.AspNetCore.App.Ref\8.0.22\ref\net8.0\Microsoft.Extensions.Logging.Console.dll" /reference:"C:\Program Files\dotnet\packs\Microsoft.AspNetCore.App.Ref\8.0.22\ref\net8.0\Microsoft.Extensions.Logging.Debug.dll" /reference:"C:\Program Files\dotnet\packs\Microsoft.AspNetCore.App.Ref\8.0.22\ref\net8.0\Microsoft.Extensions.Logging.dll" /reference:"C:\Program Files\dotnet\packs\Microsoft.AspNetCore.App.Ref\8.0.22\ref\net8.0\Microsoft.Extensions.Logging.EventLog.dll" /reference:"C:\Program Files\dotnet\packs\Microsoft.AspNetCore.App.Ref\8.0.22\ref\net8.0\Microsoft.Extensions.Logging.EventSource.dll" /reference:"C:\Program Files\dotnet\packs\Microsoft.AspNetCore.App.Ref\8.0.22\ref\net8.0\Microsoft.Extensions.Logging.TraceSource.dll" /reference:"C:\Program Files\dotnet\packs\Microsoft.AspNetCore.App.Ref\8.0.22\ref\net8.0\Microsoft.Extensions.ObjectPool.dll" /reference:"C:\Program Files\dotnet\packs\Microsoft.AspNetCore.App.Ref\8.0.22\ref\net8.0\Microsoft.Extensions.Options.ConfigurationExtensions.dll" /reference:"C:\Program Files\dotnet\packs\Microsoft.AspNetCore.App.Ref\8.0.22\ref\net8.0\Microsoft.Extensions.Options.DataAnnotations.dll" /reference:"C:\Program Files\dotnet\packs\Microsoft.AspNetCore.App.Ref\8.0.22\ref\net8.0\Microsoft.Extensions.Options.dll" /reference:"C:\Program Files\dotnet\packs\Microsoft.AspNetCore.App.Ref\8.0.22\ref\net8.0\Microsoft.Extensions.Primitives.dll" /reference:"C:\Program Files\dotnet\packs\Microsoft.AspNetCore.App.Ref\8.0.22\ref\net8.0\Microsoft.Extensions.WebEncoders.dll" /reference:"C:\Program Files\dotnet\packs\Microsoft.AspNetCore.App.Ref\8.0.22\ref\net8.0\Microsoft.JSInterop.dll" /reference:"C:\Program Files\dotnet\packs\Microsoft.AspNetCore.App.Ref\8.0.22\ref\net8.0\Microsoft.Net.Http.Headers.dll" /reference:C:\Users\Admin\.nuget\packages\microsoft.testplatform.testhost\17.8.0\lib\netcoreapp3.1\Microsoft.TestPlatform.CommunicationUtilities.dll /reference:C:\Users\Admin\.nuget\packages\microsoft.testplatform.testhost\17.8.0\lib\netcoreapp3.1\Microsoft.TestPlatform.CoreUtilities.dll /reference:C:\Users\Admin\.nuget\packages\microsoft.testplatform.testhost\17.8.0\lib\netcoreapp3.1\Microsoft.TestPlatform.CrossPlatEngine.dll /reference:C:\Users\Admin\.nuget\packages\microsoft.testplatform.testhost\17.8.0\lib\netcoreapp3.1\Microsoft.TestPlatform.PlatformAbstractions.dll /reference:C:\Users\Admin\.nuget\packages\microsoft.testplatform.testhost\17.8.0\lib\netcoreapp3.1\Microsoft.TestPlatform.Utilities.dll /reference:"C:\Program Files\dotnet\packs\Microsoft.NETCore.App.Ref\8.0.22\ref\net8.0\Microsoft.VisualBasic.Core.dll" /reference:"C:\Program Files\dotnet\packs\Microsoft.NETCore.App.Ref\8.0.22\ref\net8.0\Microsoft.VisualBasic.dll" /reference:C:\Users\Admin\.nuget\packages\microsoft.codecoverage\17.8.0\lib\netcoreapp3.1\Microsoft.VisualStudio.CodeCoverage.Shim.dll /reference:C:\Users\Admin\.nuget\packages\microsoft.testplatform.testhost\17.8.0\lib\netcoreapp3.1\Microsoft.VisualStudio.TestPlatform.Common.dll /reference:C:\Users\Admin\.nuget\packages\microsoft.testplatform.testhost\17.8.0\lib\netcoreapp3.1\Microsoft.VisualStudio.TestPlatform.ObjectModel.dll /reference:"C:\Program Files\dotnet\packs\Microsoft.NETCore.App.Ref\8.0.22\ref\net8.0\Microsoft.Win32.Primitives.dll" /reference:"C:\Program Files\dotnet\packs\Microsoft.NETCore.App.Ref\8.0.22\ref\net8.0\Microsoft.Win32.Registry.dll" /reference:"C:\Program Files\dotnet\packs\Microsoft.NETCore.App.Ref\8.0.22\ref\net8.0\mscorlib.dll" /reference:"C:\Program Files\dotnet\packs\Microsoft.NETCore.App.Ref\8.0.22\ref\net8.0\netstandard.dll" /reference:C:\Users\Admin\.nuget\packages\newtonsoft.json\13.0.1\lib\netstandard2.0\Newtonsoft.Json.dll /reference:C:\Users\Admin\.nuget\packages\npgsql\8.0.3\lib\net8.0\Npgsql.dll /reference:C:\Users\Admin\.nuget\packages\npgsql.entityframeworkcore.postgresql\8.0.0\lib\net8.0\Npgsql.EntityFrameworkCore.PostgreSQL.dll /reference:C:\Users\Admin\.nuget\packages\nuget.frameworks\6.5.0\lib\netstandard2.0\NuGet.Frameworks.dll /reference:C:\Users\Admin\.nuget\packages\pkcs11interop\5.3.0\lib\netstandard2.0\Pkcs11Interop.dll /reference:"C:\Program Files\dotnet\packs\Microsoft.NETCore.App.Ref\8.0.22\ref\net8.0\System.AppContext.dll" /reference:"C:\Program Files\dotnet\packs\Microsoft.NETCore.App.Ref\8.0.22\ref\net8.0\System.Buffers.dll" /reference:"C:\Program Files\dotnet\packs\Microsoft.NETCore.App.Ref\8.0.22\ref\net8.0\System.Collections.Concurrent.dll" /reference:"C:\Program Files\dotnet\packs\Microsoft.NETCore.App.Ref\8.0.22\ref\net8.0\System.Collections.dll" /reference:"C:\Program Files\dotnet\packs\Microsoft.NETCore.App.Ref\8.0.22\ref\net8.0\System.Collections.Immutable.dll" /reference:"C:\Program Files\dotnet\packs\Microsoft.NETCore.App.Ref\8.0.22\ref\net8.0\System.Collections.NonGeneric.dll" /reference:"C:\Program Files\dotnet\packs\Microsoft.NETCore.App.Ref\8.0.22\ref\net8.0\System.Collections.Specialized.dll" /reference:"C:\Program Files\dotnet\packs\Microsoft.NETCore.App.Ref\8.0.22\ref\net8.0\System.ComponentModel.Annotations.dll" /reference:"C:\Program Files\dotnet\packs\Microsoft.NETCore.App.Ref\8.0.22\ref\net8.0\System.ComponentModel.DataAnnotations.dll" /reference:"C:\Program Files\dotnet\packs\Microsoft.NETCore.App.Ref\8.0.22\ref\net8.0\System.ComponentModel.dll" /reference:"C:\Program Files\dotnet\packs\Microsoft.NETCore.App.Ref\8.0.22\ref\net8.0\System.ComponentModel.EventBasedAsync.dll" /reference:"C:\Program Files\dotnet\packs\Microsoft.NETCore.App.Ref\8.0.22\ref\net8.0\System.ComponentModel.Primitives.dll" /reference:"C:\Program Files\dotnet\packs\Microsoft.NETCore.App.Ref\8.0.22\ref\net8.0\System.ComponentModel.TypeConverter.dll" /reference:"C:\Program Files\dotnet\packs\Microsoft.NETCore.App.Ref\8.0.22\ref\net8.0\System.Configuration.dll" /reference:"C:\Program Files\dotnet\packs\Microsoft.NETCore.App.Ref\8.0.22\ref\net8.0\System.Console.dll" /reference:"C:\Program Files\dotnet\packs\Microsoft.NETCore.App.Ref\8.0.22\ref\net8.0\System.Core.dll" /reference:"C:\Program Files\dotnet\packs\Microsoft.NETCore.App.Ref\8.0.22\ref\net8.0\System.Data.Common.dll" /reference:"C:\Program Files\dotnet\packs\Microsoft.NETCore.App.Ref\8.0.22\ref\net8.0\System.Data.DataSetExtensions.dll" /reference:"C:\Program Files\dotnet\packs\Microsoft.NETCore.App.Ref\8.0.22\ref\net8.0\System.Data.dll" /reference:"C:\Program Files\dotnet\packs\Microsoft.NETCore.App.Ref\8.0.22\ref\net8.0\System.Diagnostics.Contracts.dll" /reference:"C:\Program Files\dotnet\packs\Microsoft.NETCore.App.Ref\8.0.22\ref\net8.0\System.Diagnostics.Debug.dll" /reference:"C:\Program Files\dotnet\packs\Microsoft.NETCore.App.Ref\8.0.22\ref\net8.0\System.Diagnostics.DiagnosticSource.dll" /reference:"C:\Program Files\dotnet\packs\Microsoft.AspNetCore.App.Ref\8.0.22\ref\net8.0\System.Diagnostics.EventLog.dll" /reference:"C:\Program Files\dotnet\packs\Microsoft.NETCore.App.Ref\8.0.22\ref\net8.0\System.Diagnostics.FileVersionInfo.dll" /reference:"C:\Program Files\dotnet\packs\Microsoft.NETCore.App.Ref\8.0.22\ref\net8.0\System.Diagnostics.Process.dll" /reference:"C:\Program Files\dotnet\packs\Microsoft.NETCore.App.Ref\8.0.22\ref\net8.0\System.Diagnostics.StackTrace.dll" /reference:"C:\Program Files\dotnet\packs\Microsoft.NETCore.App.Ref\8.0.22\ref\net8.0\System.Diagnostics.TextWriterTraceListener.dll" /reference:"C:\Program Files\dotnet\packs\Microsoft.NETCore.App.Ref\8.0.22\ref\net8.0\System.Diagnostics.Tools.dll" /reference:"C:\Program Files\dotnet\packs\Microsoft.NETCore.App.Ref\8.0.22\ref\net8.0\System.Diagnostics.TraceSource.dll" /reference:"C:\Program Files\dotnet\packs\Microsoft.NETCore.App.Ref\8.0.22\ref\net8.0\System.Diagnostics.Tracing.dll" /reference:"C:\Program Files\dotnet\packs\Microsoft.NETCore.App.Ref\8.0.22\ref\net8.0\System.dll" /reference:"C:\Program Files\dotnet\packs\Microsoft.NETCore.App.Ref\8.0.22\ref\net8.0\System.Drawing.dll" /reference:"C:\Program Files\dotnet\packs\Microsoft.NETCore.App.Ref\8.0.22\ref\net8.0\System.Drawing.Primitives.dll" /reference:"C:\Program Files\dotnet\packs\Microsoft.NETCore.App.Ref\8.0.22\ref\net8.0\System.Dynamic.Runtime.dll" /reference:"C:\Program Files\dotnet\packs\Microsoft.NETCore.App.Ref\8.0.22\ref\net8.0\System.Formats.Asn1.dll" /reference:"C:\Program Files\dotnet\packs\Microsoft.NETCore.App.Ref\8.0.22\ref\net8.0\System.Formats.Tar.dll" /reference:"C:\Program Files\dotnet\packs\Microsoft.NETCore.App.Ref\8.0.22\ref\net8.0\System.Globalization.Calendars.dll" /reference:"C:\Program Files\dotnet\packs\Microsoft.NETCore.App.Ref\8.0.22\ref\net8.0\System.Globalization.dll" /reference:"C:\Program Files\dotnet\packs\Microsoft.NETCore.App.Ref\8.0.22\ref\net8.0\System.Globalization.Extensions.dll" /reference:"C:\Program Files\dotnet\packs\Microsoft.NETCore.App.Ref\8.0.22\ref\net8.0\System.IO.Compression.Brotli.dll" /reference:"C:\Program Files\dotnet\packs\Microsoft.NETCore.App.Ref\8.0.22\ref\net8.0\System.IO.Compression.dll" /reference:"C:\Program Files\dotnet\packs\Microsoft.NETCore.App.Ref\8.0.22\ref\net8.0\System.IO.Compression.FileSystem.dll" /reference:"C:\Program Files\dotnet\packs\Microsoft.NETCore.App.Ref\8.0.22\ref\net8.0\System.IO.Compression.ZipFile.dll" /reference:"C:\Program Files\dotnet\packs\Microsoft.NETCore.App.Ref\8.0.22\ref\net8.0\System.IO.dll" /reference:"C:\Program Files\dotnet\packs\Microsoft.NETCore.App.Ref\8.0.22\ref\net8.0\System.IO.FileSystem.AccessControl.dll" /reference:"C:\Program Files\dotnet\packs\Microsoft.NETCore.App.Ref\8.0.22\ref\net8.0\System.IO.FileSystem.dll" /reference:"C:\Program Files\dotnet\packs\Microsoft.NETCore.App.Ref\8.0.22\ref\net8.0\System.IO.FileSystem.DriveInfo.dll" /reference:"C:\Program Files\dotnet\packs\Microsoft.NETCore.App.Ref\8.0.22\ref\net8.0\System.IO.FileSystem.Primitives.dll" /reference:"C:\Program Files\dotnet\packs\Microsoft.NETCore.App.Ref\8.0.22\ref\net8.0\System.IO.FileSystem.Watcher.dll" /reference:"C:\Program Files\dotnet\packs\Microsoft.NETCore.App.Ref\8.0.22\ref\net8.0\System.IO.IsolatedStorage.dll" /reference:"C:\Program Files\dotnet\packs\Microsoft.NETCore.App.Ref\8.0.22\ref\net8.0\System.IO.MemoryMappedFiles.dll" /reference:"C:\Program Files\dotnet\packs\Microsoft.AspNetCore.App.Ref\8.0.22\ref\net8.0\System.IO.Pipelines.dll" /reference:"C:\Program Files\dotnet\packs\Microsoft.NETCore.App.Ref\8.0.22\ref\net8.0\System.IO.Pipes.AccessControl.dll" /reference:"C:\Program Files\dotnet\packs\Microsoft.NETCore.App.Ref\8.0.22\ref\net8.0\System.IO.Pipes.dll" /reference:"C:\Program Files\dotnet\packs\Microsoft.NETCore.App.Ref\8.0.22\ref\net8.0\System.IO.UnmanagedMemoryStream.dll" /reference:"C:\Program Files\dotnet\packs\Microsoft.NETCore.App.Ref\8.0.22\ref\net8.0\System.Linq.dll" /reference:"C:\Program Files\dotnet\packs\Microsoft.NETCore.App.Ref\8.0.22\ref\net8.0\System.Linq.Expressions.dll" /reference:"C:\Program Files\dotnet\packs\Microsoft.NETCore.App.Ref\8.0.22\ref\net8.0\System.Linq.Parallel.dll" /reference:"C:\Program Files\dotnet\packs\Microsoft.NETCore.App.Ref\8.0.22\ref\net8.0\System.Linq.Queryable.dll" /reference:"C:\Program Files\dotnet\packs\Microsoft.NETCore.App.Ref\8.0.22\ref\net8.0\System.Memory.dll" /reference:"C:\Program Files\dotnet\packs\Microsoft.NETCore.App.Ref\8.0.22\ref\net8.0\System.Net.dll" /reference:"C:\Program Files\dotnet\packs\Microsoft.NETCore.App.Ref\8.0.22\ref\net8.0\System.Net.Http.dll" /reference:"C:\Program Files\dotnet\packs\Microsoft.NETCore.App.Ref\8.0.22\ref\net8.0\System.Net.Http.Json.dll" /reference:"C:\Program Files\dotnet\packs\Microsoft.NETCore.App.Ref\8.0.22\ref\net8.0\System.Net.HttpListener.dll" /reference:"C:\Program Files\dotnet\packs\Microsoft.NETCore.App.Ref\8.0.22\ref\net8.0\System.Net.Mail.dll" /reference:"C:\Program Files\dotnet\packs\Microsoft.NETCore.App.Ref\8.0.22\ref\net8.0\System.Net.NameResolution.dll" /reference:"C:\Program Files\dotnet\packs\Microsoft.NETCore.App.Ref\8.0.22\ref\net8.0\System.Net.NetworkInformation.dll" /reference:"C:\Program Files\dotnet\packs\Microsoft.NETCore.App.Ref\8.0.22\ref\net8.0\System.Net.Ping.dll" /reference:"C:\Program Files\dotnet\packs\Microsoft.NETCore.App.Ref\8.0.22\ref\net8.0\System.Net.Primitives.dll" /reference:"C:\Program Files\dotnet\packs\Microsoft.NETCore.App.Ref\8.0.22\ref\net8.0\System.Net.Quic.dll" /reference:"C:\Program Files\dotnet\packs\Microsoft.NETCore.App.Ref\8.0.22\ref\net8.0\System.Net.Requests.dll" /reference:"C:\Program Files\dotnet\packs\Microsoft.NETCore.App.Ref\8.0.22\ref\net8.0\System.Net.Security.dll" /reference:"C:\Program Files\dotnet\packs\Microsoft.NETCore.App.Ref\8.0.22\ref\net8.0\System.Net.ServicePoint.dll" /reference:"C:\Program Files\dotnet\packs\Microsoft.NETCore.App.Ref\8.0.22\ref\net8.0\System.Net.Sockets.dll" /reference:"C:\Program Files\dotnet\packs\Microsoft.NETCore.App.Ref\8.0.22\ref\net8.0\System.Net.WebClient.dll" /reference:"C:\Program Files\dotnet\packs\Microsoft.NETCore.App.Ref\8.0.22\ref\net8.0\System.Net.WebHeaderCollection.dll" /reference:"C:\Program Files\dotnet\packs\Microsoft.NETCore.App.Ref\8.0.22\ref\net8.0\System.Net.WebProxy.dll" /reference:"C:\Program Files\dotnet\packs\Microsoft.NETCore.App.Ref\8.0.22\ref\net8.0\System.Net.WebSockets.Client.dll" /reference:"C:\Program Files\dotnet\packs\Microsoft.NETCore.App.Ref\8.0.22\ref\net8.0\System.Net.WebSockets.dll" /reference:"C:\Program Files\dotnet\packs\Microsoft.NETCore.App.Ref\8.0.22\ref\net8.0\System.Numerics.dll" /reference:"C:\Program Files\dotnet\packs\Microsoft.NETCore.App.Ref\8.0.22\ref\net8.0\System.Numerics.Vectors.dll" /reference:"C:\Program Files\dotnet\packs\Microsoft.NETCore.App.Ref\8.0.22\ref\net8.0\System.ObjectModel.dll" /reference:"C:\Program Files\dotnet\packs\Microsoft.NETCore.App.Ref\8.0.22\ref\net8.0\System.Reflection.DispatchProxy.dll" /reference:"C:\Program Files\dotnet\packs\Microsoft.NETCore.App.Ref\8.0.22\ref\net8.0\System.Reflection.dll" /reference:"C:\Program Files\dotnet\packs\Microsoft.NETCore.App.Ref\8.0.22\ref\net8.0\System.Reflection.Emit.dll" /reference:"C:\Program Files\dotnet\packs\Microsoft.NETCore.App.Ref\8.0.22\ref\net8.0\System.Reflection.Emit.ILGeneration.dll" /reference:"C:\Program Files\dotnet\packs\Microsoft.NETCore.App.Ref\8.0.22\ref\net8.0\System.Reflection.Emit.Lightweight.dll" /reference:"C:\Program Files\dotnet\packs\Microsoft.NETCore.App.Ref\8.0.22\ref\net8.0\System.Reflection.Extensions.dll" /reference:"C:\Program Files\dotnet\packs\Microsoft.NETCore.App.Ref\8.0.22\ref\net8.0\System.Reflection.Metadata.dll" /reference:"C:\Program Files\dotnet\packs\Microsoft.NETCore.App.Ref\8.0.22\ref\net8.0\System.Reflection.Primitives.dll" /reference:"C:\Program Files\dotnet\packs\Microsoft.NETCore.App.Ref\8.0.22\ref\net8.0\System.Reflection.TypeExtensions.dll" /reference:"C:\Program Files\dotnet\packs\Microsoft.NETCore.App.Ref\8.0.22\ref\net8.0\System.Resources.Reader.dll" /reference:"C:\Program Files\dotnet\packs\Microsoft.NETCore.App.Ref\8.0.22\ref\net8.0\System.Resources.ResourceManager.dll" /reference:"C:\Program Files\dotnet\packs\Microsoft.NETCore.App.Ref\8.0.22\ref\net8.0\System.Resources.Writer.dll" /reference:"C:\Program Files\dotnet\packs\Microsoft.NETCore.App.Ref\8.0.22\ref\net8.0\System.Runtime.CompilerServices.Unsafe.dll" /reference:"C:\Program Files\dotnet\packs\Microsoft.NETCore.App.Ref\8.0.22\ref\net8.0\System.Runtime.CompilerServices.VisualC.dll" /reference:"C:\Program Files\dotnet\packs\Microsoft.NETCore.App.Ref\8.0.22\ref\net8.0\System.Runtime.dll" /reference:"C:\Program Files\dotnet\packs\Microsoft.NETCore.App.Ref\8.0.22\ref\net8.0\System.Runtime.Extensions.dll" /reference:"C:\Program Files\dotnet\packs\Microsoft.NETCore.App.Ref\8.0.22\ref\net8.0\System.Runtime.Handles.dll" /reference:"C:\Program Files\dotnet\packs\Microsoft.NETCore.App.Ref\8.0.22\ref\net8.0\System.Runtime.InteropServices.dll" /reference:"C:\Program Files\dotnet\packs\Microsoft.NETCore.App.Ref\8.0.22\ref\net8.0\System.Runtime.InteropServices.JavaScript.dll" /reference:"C:\Program Files\dotnet\packs\Microsoft.NETCore.App.Ref\8.0.22\ref\net8.0\System.Runtime.InteropServices.RuntimeInformation.dll" /reference:"C:\Program Files\dotnet\packs\Microsoft.NETCore.App.Ref\8.0.22\ref\net8.0\System.Runtime.Intrinsics.dll" /reference:"C:\Program Files\dotnet\packs\Microsoft.NETCore.App.Ref\8.0.22\ref\net8.0\System.Runtime.Loader.dll" /reference:"C:\Program Files\dotnet\packs\Microsoft.NETCore.App.Ref\8.0.22\ref\net8.0\System.Runtime.Numerics.dll" /reference:"C:\Program Files\dotnet\packs\Microsoft.NETCore.App.Ref\8.0.22\ref\net8.0\System.Runtime.Serialization.dll" /reference:"C:\Program Files\dotnet\packs\Microsoft.NETCore.App.Ref\8.0.22\ref\net8.0\System.Runtime.Serialization.Formatters.dll" /reference:"C:\Program Files\dotnet\packs\Microsoft.NETCore.App.Ref\8.0.22\ref\net8.0\System.Runtime.Serialization.Json.dll" /reference:"C:\Program Files\dotnet\packs\Microsoft.NETCore.App.Ref\8.0.22\ref\net8.0\System.Runtime.Serialization.Primitives.dll" /reference:"C:\Program Files\dotnet\packs\Microsoft.NETCore.App.Ref\8.0.22\ref\net8.0\System.Runtime.Serialization.Xml.dll" /reference:"C:\Program Files\dotnet\packs\Microsoft.NETCore.App.Ref\8.0.22\ref\net8.0\System.Security.AccessControl.dll" /reference:"C:\Program Files\dotnet\packs\Microsoft.NETCore.App.Ref\8.0.22\ref\net8.0\System.Security.Claims.dll" /reference:"C:\Program Files\dotnet\packs\Microsoft.NETCore.App.Ref\8.0.22\ref\net8.0\System.Security.Cryptography.Algorithms.dll" /reference:"C:\Program Files\dotnet\packs\Microsoft.NETCore.App.Ref\8.0.22\ref\net8.0\System.Security.Cryptography.Cng.dll" /reference:"C:\Program Files\dotnet\packs\Microsoft.NETCore.App.Ref\8.0.22\ref\net8.0\System.Security.Cryptography.Csp.dll" /reference:"C:\Program Files\dotnet\packs\Microsoft.NETCore.App.Ref\8.0.22\ref\net8.0\System.Security.Cryptography.dll" /reference:"C:\Program Files\dotnet\packs\Microsoft.NETCore.App.Ref\8.0.22\ref\net8.0\System.Security.Cryptography.Encoding.dll" /reference:"C:\Program Files\dotnet\packs\Microsoft.NETCore.App.Ref\8.0.22\ref\net8.0\System.Security.Cryptography.OpenSsl.dll" /reference:"C:\Program Files\dotnet\packs\Microsoft.NETCore.App.Ref\8.0.22\ref\net8.0\System.Security.Cryptography.Primitives.dll" /reference:"C:\Program Files\dotnet\packs\Microsoft.NETCore.App.Ref\8.0.22\ref\net8.0\System.Security.Cryptography.X509Certificates.dll" /reference:"C:\Program Files\dotnet\packs\Microsoft.AspNetCore.App.Ref\8.0.22\ref\net8.0\System.Security.Cryptography.Xml.dll" /reference:"C:\Program Files\dotnet\packs\Microsoft.NETCore.App.Ref\8.0.22\ref\net8.0\System.Security.dll" /reference:"C:\Program Files\dotnet\packs\Microsoft.NETCore.App.Ref\8.0.22\ref\net8.0\System.Security.Principal.dll" /reference:"C:\Program Files\dotnet\packs\Microsoft.NETCore.App.Ref\8.0.22\ref\net8.0\System.Security.Principal.Windows.dll" /reference:"C:\Program Files\dotnet\packs\Microsoft.NETCore.App.Ref\8.0.22\ref\net8.0\System.Security.SecureString.dll" /reference:"C:\Program Files\dotnet\packs\Microsoft.NETCore.App.Ref\8.0.22\ref\net8.0\System.ServiceModel.Web.dll" /reference:"C:\Program Files\dotnet\packs\Microsoft.NETCore.App.Ref\8.0.22\ref\net8.0\System.ServiceProcess.dll" /reference:"C:\Program Files\dotnet\packs\Microsoft.NETCore.App.Ref\8.0.22\ref\net8.0\System.Text.Encoding.CodePages.dll" /reference:"C:\Program Files\dotnet\packs\Microsoft.NETCore.App.Ref\8.0.22\ref\net8.0\System.Text.Encoding.dll" /reference:"C:\Program Files\dotnet\packs\Microsoft.NETCore.App.Ref\8.0.22\ref\net8.0\System.Text.Encoding.Extensions.dll" /reference:"C:\Program Files\dotnet\packs\Microsoft.NETCore.App.Ref\8.0.22\ref\net8.0\System.Text.Encodings.Web.dll" /reference:"C:\Program Files\dotnet\packs\Microsoft.NETCore.App.Ref\8.0.22\ref\net8.0\System.Text.Json.dll" /reference:"C:\Program Files\dotnet\packs\Microsoft.NETCore.App.Ref\8.0.22\ref\net8.0\System.Text.RegularExpressions.dll" /reference:"C:\Program Files\dotnet\packs\Microsoft.NETCore.App.Ref\8.0.22\ref\net8.0\System.Threading.Channels.dll" /reference:"C:\Program Files\dotnet\packs\Microsoft.NETCore.App.Ref\8.0.22\ref\net8.0\System.Threading.dll" /reference:"C:\Program Files\dotnet\packs\Microsoft.NETCore.App.Ref\8.0.22\ref\net8.0\System.Threading.Overlapped.dll" /reference:"C:\Program Files\dotnet\packs\Microsoft.AspNetCore.App.Ref\8.0.22\ref\net8.0\System.Threading.RateLimiting.dll" /reference:"C:\Program Files\dotnet\packs\Microsoft.NETCore.App.Ref\8.0.22\ref\net8.0\System.Threading.Tasks.Dataflow.dll" /reference:"C:\Program Files\dotnet\packs\Microsoft.NETCore.App.Ref\8.0.22\ref\net8.0\System.Threading.Tasks.dll" /reference:"C:\Program Files\dotnet\packs\Microsoft.NETCore.App.Ref\8.0.22\ref\net8.0\System.Threading.Tasks.Extensions.dll" /reference:"C:\Program Files\dotnet\packs\Microsoft.NETCore.App.Ref\8.0.22\ref\net8.0\System.Threading.Tasks.Parallel.dll" /reference:"C:\Program Files\dotnet\packs\Microsoft.NETCore.App.Ref\8.0.22\ref\net8.0\System.Threading.Thread.dll" /reference:"C:\Program Files\dotnet\packs\Microsoft.NETCore.App.Ref\8.0.22\ref\net8.0\System.Threading.ThreadPool.dll" /reference:"C:\Program Files\dotnet\packs\Microsoft.NETCore.App.Ref\8.0.22\ref\net8.0\System.Threading.Timer.dll" /reference:"C:\Program Files\dotnet\packs\Microsoft.NETCore.App.Ref\8.0.22\ref\net8.0\System.Transactions.dll" /reference:"C:\Program Files\dotnet\packs\Microsoft.NETCore.App.Ref\8.0.22\ref\net8.0\System.Transactions.Local.dll" /reference:"C:\Program Files\dotnet\packs\Microsoft.NETCore.App.Ref\8.0.22\ref\net8.0\System.ValueTuple.dll" /reference:"C:\Program Files\dotnet\packs\Microsoft.NETCore.App.Ref\8.0.22\ref\net8.0\System.Web.dll" /reference:"C:\Program Files\dotnet\packs\Microsoft.NETCore.App.Ref\8.0.22\ref\net8.0\System.Web.HttpUtility.dll" /reference:"C:\Program Files\dotnet\packs\Microsoft.NETCore.App.Ref\8.0.22\ref\net8.0\System.Windows.dll" /reference:"C:\Program Files\dotnet\packs\Microsoft.NETCore.App.Ref\8.0.22\ref\net8.0\System.Xml.dll" /reference:"C:\Program Files\dotnet\packs\Microsoft.NETCore.App.Ref\8.0.22\ref\net8.0\System.Xml.Linq.dll" /reference:"C:\Program Files\dotnet\packs\Microsoft.NETCore.App.Ref\8.0.22\ref\net8.0\System.Xml.ReaderWriter.dll" /reference:"C:\Program Files\dotnet\packs\Microsoft.NETCore.App.Ref\8.0.22\ref\net8.0\System.Xml.Serialization.dll" /reference:"C:\Program Files\dotnet\packs\Microsoft.NETCore.App.Ref\8.0.22\ref\net8.0\System.Xml.XDocument.dll" /reference:"C:\Program Files\dotnet\packs\Microsoft.NETCore.App.Ref\8.0.22\ref\net8.0\System.Xml.XmlDocument.dll" /reference:"C:\Program Files\dotnet\packs\Microsoft.NETCore.App.Ref\8.0.22\ref\net8.0\System.Xml.XmlSerializer.dll" /reference:"C:\Program Files\dotnet\packs\Microsoft.NETCore.App.Ref\8.0.22\ref\net8.0\System.Xml.XPath.dll" /reference:"C:\Program Files\dotnet\packs\Microsoft.NETCore.App.Ref\8.0.22\ref\net8.0\System.Xml.XPath.XDocument.dll" /reference:"D:\Task\Remote Signing\TagEkyc\src\TagEkyc.Api\obj\Debug\net8.0\ref\TagEkyc.Api.dll" /reference:"D:\Task\Remote Signing\TagEkyc\src\TagEkyc.Application\obj\Debug\net8.0\ref\TagEkyc.Application.dll" /reference:"D:\Task\Remote Signing\TagEkyc\src\TagEkyc.Contracts\obj\Debug\net8.0\ref\TagEkyc.Contracts.dll" /reference:"D:\Task\Remote Signing\TagEkyc\src\TagEkyc.Domain\obj\Debug\net8.0\ref\TagEkyc.Domain.dll" /reference:"D:\Task\Remote Signing\TagEkyc\src\TagEkyc.Infrastructure\obj\Debug\net8.0\ref\TagEkyc.Infrastructure.dll" /reference:C:\Users\Admin\.nuget\packages\microsoft.testplatform.testhost\17.8.0\lib\netcoreapp3.1\testhost.dll /reference:"C:\Program Files\dotnet\packs\Microsoft.NETCore.App.Ref\8.0.22\ref\net8.0\WindowsBase.dll" /reference:C:\Users\Admin\.nuget\packages\xunit.abstractions\2.0.3\lib\netstandard2.0\xunit.abstractions.dll /reference:C:\Users\Admin\.nuget\packages\xunit.assert\2.5.3\lib\netstandard1.1\xunit.assert.dll /reference:C:\Users\Admin\.nuget\packages\xunit.extensibility.core\2.5.3\lib\netstandard1.1\xunit.core.dll /reference:C:\Users\Admin\.nuget\packages\xunit.extensibility.execution\2.5.3\lib\netstandard1.1\xunit.execution.dotnet.dll /debug+ /debug:portable /filealign:512 /optimize- /out:obj\Debug\net8.0\TagEkyc.IntegrationTests.dll /refout:obj\Debug\net8.0\refint\TagEkyc.IntegrationTests.dll /target:exe /warnaserror- /utf8output /deterministic+ /sourcelink:obj\Debug\net8.0\TagEkyc.IntegrationTests.sourcelink.json /langversion:12.0 /embed:C:\Users\Admin\.nuget\packages\microsoft.net.test.sdk\17.8.0\build\netcoreapp3.1\Microsoft.NET.Test.Sdk.Program.cs /embed:obj\Debug\net8.0\TagEkyc.IntegrationTests.GlobalUsings.g.cs /embed:"obj\Debug\net8.0\.NETCoreApp,Version=v8.0.AssemblyAttributes.cs" /embed:obj\Debug\net8.0\TagEkyc.IntegrationTests.AssemblyInfo.cs /analyzerconfig:obj\Debug\net8.0\TagEkyc.IntegrationTests.GeneratedMSBuildEditorConfig.editorconfig /analyzerconfig:"C:\Program Files\dotnet\sdk\10.0.100\Sdks\Microsoft.NET.Sdk\analyzers\build\config\analysislevel_8_default.globalconfig" /analyzer:"C:\Program Files\dotnet\sdk\10.0.100\Sdks\Microsoft.NET.Sdk\targets\..\analyzers\Microsoft.CodeAnalysis.CSharp.NetAnalyzers.dll" /analyzer:"C:\Program Files\dotnet\sdk\10.0.100\Sdks\Microsoft.NET.Sdk\targets\..\analyzers\Microsoft.CodeAnalysis.NetAnalyzers.dll" /analyzer:C:\Users\Admin\.nuget\packages\awssdk.s3\3.7.405.4\analyzers\dotnet\cs\AWSSDK.S3.CodeAnalysis.dll /analyzer:C:\Users\Admin\.nuget\packages\awssdk.s3\3.7.405.4\analyzers\dotnet\cs\SharedAnalysisCode.dll /analyzer:C:\Users\Admin\.nuget\packages\microsoft.entityframeworkcore.analyzers\8.0.0\analyzers\dotnet\cs\Microsoft.EntityFrameworkCore.Analyzers.dll /analyzer:C:\Users\Admin\.nuget\packages\xunit.analyzers\1.4.0\analyzers\dotnet\cs\xunit.analyzers.dll /analyzer:C:\Users\Admin\.nuget\packages\xunit.analyzers\1.4.0\analyzers\dotnet\cs\xunit.analyzers.fixes.dll /analyzer:"C:\Program Files\dotnet\packs\Microsoft.NETCore.App.Ref\8.0.22\analyzers/dotnet/cs/Microsoft.Interop.ComInterfaceGenerator.dll" /analyzer:"C:\Program Files\dotnet\packs\Microsoft.NETCore.App.Ref\8.0.22\analyzers/dotnet/cs/Microsoft.Interop.JavaScript.JSImportGenerator.dll" /analyzer:"C:\Program Files\dotnet\packs\Microsoft.NETCore.App.Ref\8.0.22\analyzers/dotnet/cs/Microsoft.Interop.LibraryImportGenerator.dll" /analyzer:"C:\Program Files\dotnet\packs\Microsoft.NETCore.App.Ref\8.0.22\analyzers/dotnet/cs/Microsoft.Interop.SourceGeneration.dll" /analyzer:"C:\Program Files\dotnet\packs\Microsoft.NETCore.App.Ref\8.0.22\analyzers/dotnet/cs/System.Text.Json.SourceGeneration.dll" /analyzer:"C:\Program Files\dotnet\packs\Microsoft.NETCore.App.Ref\8.0.22\analyzers/dotnet/cs/System.Text.RegularExpressions.Generator.dll" /analyzer:"C:\Program Files\dotnet\packs\Microsoft.AspNetCore.App.Ref\8.0.22\analyzers/dotnet/cs/Microsoft.AspNetCore.App.Analyzers.dll" /analyzer:"C:\Program Files\dotnet\packs\Microsoft.AspNetCore.App.Ref\8.0.22\analyzers/dotnet/cs/Microsoft.AspNetCore.App.CodeFixes.dll" /analyzer:"C:\Program Files\dotnet\packs\Microsoft.AspNetCore.App.Ref\8.0.22\analyzers/dotnet/cs/Microsoft.AspNetCore.Components.Analyzers.dll" /analyzer:"C:\Program Files\dotnet\packs\Microsoft.AspNetCore.App.Ref\8.0.22\analyzers/dotnet/roslyn4.4/cs/Microsoft.Extensions.Logging.Generators.dll" /analyzer:"C:\Program Files\dotnet\packs\Microsoft.AspNetCore.App.Ref\8.0.22\analyzers/dotnet/roslyn4.4/cs/Microsoft.Extensions.Options.SourceGeneration.dll" A1SyntheticDbFailureInterceptor.cs DurableObjectMinioFixture.cs HistoricalPreparedWebApplicationFactory.cs IsolatedMigrationPostgres.cs OpenBaoProductionClaimProviderTests.cs OpenBaoProductionKekProviderTests.cs OpenBaoRealTransitIntegrationTests.cs PostgresPersistenceFixture.cs PostgresPersistenceSliceTests.cs ProductionCompositionCorrectionTests.cs RawExportAssemblyDurableWorkSourceTests.cs RawExportAssemblyPostSealRecoveryMigrationTests.cs RawExportAssemblyRetainedModeWorkSourceMigrationTests.cs RawExportControlPlaneHttpTests.cs RawExportDeliveryCredentialMigrationTests.cs RawExportJobClientIsolationTests.cs RawExportLegacyConsentClassFenceMigrationTests.cs SiteQualificationMeasurementAdminEndpointTests.cs SiteQualificationMeasurementPlanePostgresTests.cs SiteQualificationMeasurementPlaneTests.cs SiteQualificationTestServices.cs Tip66EvidenceSignatureTestVerifier.cs Tip66EvidenceSigningTests.cs Tip67BNeutralProofVerificationTests.cs Tip67GGoldenNeutralProofVectorTests.cs Tip68ProdHsmSigningTests.cs Tip68SoftHsmE2ETests.cs Tip83ASigningKeyJwksTests.cs Tip83BPostgresProductionInfraTests.cs Tip83E1ReadinessEndpointTests.cs Tip83E3RetentionConfigTests.cs Tip84BHashedApiKeyStoreTests.cs Tip86DecisionThresholdConfigTests.cs Tip88AE2PolicyPermitTtlConfigTests.cs Tip88ARawExportPolicyCatalogTests.cs Tip88B1E3ResolverReadBoundaryTests.cs Tip88B1RawExportControlPlaneTests.cs Tip88B2SubjectExportConsentTests.cs Tip88B31RawExportAuthorizationSchemaTests.cs Tip88B32AuthorizationCodecTests.cs Tip88B32AuthorizationIdentityFunctionTests.cs Tip88B33AuthorizationOracleTests.cs Tip88B33AuthorizationPersistTests.cs Tip88B34AuthorizationEngineTests.cs Tip88B4RawExportJobFoundationTests.cs Tip88C1AAcceptanceSurfaceTests.cs Tip88C1B1IngressClaimTests.cs Tip88C1B2AuthoritySnapshotTests.cs Tip88C1B2BetaExistingCandidateTests.cs Tip88C1B2CoreTests.cs Tip88C1B2DurableKeyFixtureProofTests.cs Tip88C1B2DurableKeyProdTests.cs Tip88C1B2DurableObjectCustodyTests.cs Tip88C1B2R2DurableCustodyEncryptionTests.cs Tip88C1B2R3VerifiedCiphertextStagingTests.cs Tip88C1B2SourceFinalizationTests.cs Tip88C1C1ResolverAssemblyTests.cs Tip88C1C2RecipientPackageTests.cs Tip88C1C3RecipientPackageDeliveryTests.cs Tip88C1C4RecipientPackageReferenceTests.cs Tip88C1C5RecipientManagementTests.cs Tip88C1C6BA1AclTests.cs Tip88C1C6BA1AppendAuthorityTests.cs Tip88C1C6BA1CancellationHttpTests.cs Tip88C1C6BA1CanonicalDdlProjectionTests.cs Tip88C1C6BA1EnrollmentTests.cs Tip88C1C6BA1ExecutionHttpTests.cs Tip88C1C6BA1LifecycleRaceTests.cs Tip88C1C6BA1ManagementTests.cs Tip88C1C6BA1NormativeSqlProofTests.cs Tip88C1C6BA1PersistenceTests.cs Tip88C1C6BA1PlatformAuthenticationTests.cs Tip88C1C6BA1RawIngressBoundaryTests.cs Tip88C1C6BA1RootCliTests.cs Tip88C1C6BA1RotationHttpTests.cs Tip88C1C6BA1RotationTests.cs Tip88C1C6BA1RuntimeAppendTransactionTests.cs Tip88C1C6BA1StartupCompositionTests.cs Tip88C1C6BA1StartupReadinessDiagnosticTests.cs Tip88C1C6BA1TransitionCoverageTests.cs Tip88C1C6BA3BrokerAdmissionClusterTests.cs Tip88C1C6BA3BrokerClaimClusterTests.cs Tip88C1C6BA3BrokerPipelineTests.cs Tip88C1C6BA3CapabilityLineageTests.cs Tip88C1C6BA3ConsentRetentionTests.cs Tip88C1C6BA3MigrationTests.cs Tip88C1C6BA3R2R6ClusterHttpTests.cs Tip88C1C6BA3R2R6StageCatalogueTests.cs Tip88C1C6BA3R2TerminalProjectionTests.cs Tip88C1C6BA3ResultAcceptanceTests.cs Tip88C1C6BA3RetentionCheckpointTests.cs Tip88C1C6BA3SyntheticComposition.cs Tip88M1ModelSnapshotDriftTests.cs VerificationPersistencePrincipalTests.cs C:\Users\Admin\.nuget\packages\microsoft.net.test.sdk\17.8.0\build\netcoreapp3.1\Microsoft.NET.Test.Sdk.Program.cs obj\Debug\net8.0\TagEkyc.IntegrationTests.GlobalUsings.g.cs "obj\Debug\net8.0\.NETCoreApp,Version=v8.0.AssemblyAttributes.cs" obj\Debug\net8.0\TagEkyc.IntegrationTests.AssemblyInfo.cs /warnaserror+:NU1605,SYSLIB0011
         Compilation request TagEkyc.IntegrationTests (net8.0), PathToTool=C:\Program Files\dotnet\sdk\10.0.100\Roslyn\bincore\csc.exe
         CommandLine = ' /noconfig'
         BuildResponseFile = '/unsafe- /checked- /nowarn:1701,1702,1701,1702 /fullpaths /nostdlib+ /errorreport:prompt /warn:8 /define:TRACE;DEBUG;NET;NET8_0;NETCOREAPP;NET5_0_OR_GREATER;NET6_0_OR_GREATER;NET7_0_OR_GREATER;NET8_0_OR_GREATER;NETCOREAPP1_0_OR_GREATER;NETCOREAPP1_1_OR_GREATER;NETCOREAPP2_0_OR_GREATER;NETCOREAPP2_1_OR_GREATER;NETCOREAPP2_2_OR_GREATER;NETCOREAPP3_0_OR_GREATER;NETCOREAPP3_1_OR_GREATER /highentropyva+ /nullable:enable /reference:C:\Users\Admin\.nuget\packages\awssdk.core\3.7.400.40\lib\net8.0\AWSSDK.Core.dll /reference:C:\Users\Admin\.nuget\packages\awssdk.s3\3.7.405.4\lib\net8.0\AWSSDK.S3.dll /reference:"C:\Program Files\dotnet\packs\Microsoft.AspNetCore.App.Ref\8.0.22\ref\net8.0\Microsoft.AspNetCore.Antiforgery.dll" /reference:"C:\Program Files\dotnet\packs\Microsoft.AspNetCore.App.Ref\8.0.22\ref\net8.0\Microsoft.AspNetCore.Authentication.Abstractions.dll" /reference:"C:\Program Files\dotnet\packs\Microsoft.AspNetCore.App.Ref\8.0.22\ref\net8.0\Microsoft.AspNetCore.Authentication.BearerToken.dll" /reference:"C:\Program Files\dotnet\packs\Microsoft.AspNetCore.App.Ref\8.0.22\ref\net8.0\Microsoft.AspNetCore.Authentication.Cookies.dll" /reference:"C:\Program Files\dotnet\packs\Microsoft.AspNetCore.App.Ref\8.0.22\ref\net8.0\Microsoft.AspNetCore.Authentication.Core.dll" /reference:"C:\Program Files\dotnet\packs\Microsoft.AspNetCore.App.Ref\8.0.22\ref\net8.0\Microsoft.AspNetCore.Authentication.dll" /reference:"C:\Program Files\dotnet\packs\Microsoft.AspNetCore.App.Ref\8.0.22\ref\net8.0\Microsoft.AspNetCore.Authentication.OAuth.dll" /reference:"C:\Program Files\dotnet\packs\Microsoft.AspNetCore.App.Ref\8.0.22\ref\net8.0\Microsoft.AspNetCore.Authorization.dll" /reference:"C:\Program Files\dotnet\packs\Microsoft.AspNetCore.App.Ref\8.0.22\ref\net8.0\Microsoft.AspNetCore.Authorization.Policy.dll" /reference:"C:\Program Files\dotnet\packs\Microsoft.AspNetCore.App.Ref\8.0.22\ref\net8.0\Microsoft.AspNetCore.Components.Authorization.dll" /reference:"C:\Program Files\dotnet\packs\Microsoft.AspNetCore.App.Ref\8.0.22\ref\net8.0\Microsoft.AspNetCore.Components.dll" /reference:"C:\Program Files\dotnet\packs\Microsoft.AspNetCore.App.Ref\8.0.22\ref\net8.0\Microsoft.AspNetCore.Components.Endpoints.dll" /reference:"C:\Program Files\dotnet\packs\Microsoft.AspNetCore.App.Ref\8.0.22\ref\net8.0\Microsoft.AspNetCore.Components.Forms.dll" /reference:"C:\Program Files\dotnet\packs\Microsoft.AspNetCore.App.Ref\8.0.22\ref\net8.0\Microsoft.AspNetCore.Components.Server.dll" /reference:"C:\Program Files\dotnet\packs\Microsoft.AspNetCore.App.Ref\8.0.22\ref\net8.0\Microsoft.AspNetCore.Components.Web.dll" /reference:"C:\Program Files\dotnet\packs\Microsoft.AspNetCore.App.Ref\8.0.22\ref\net8.0\Microsoft.AspNetCore.Connections.Abstractions.dll" /reference:"C:\Program Files\dotnet\packs\Microsoft.AspNetCore.App.Ref\8.0.22\ref\net8.0\Microsoft.AspNetCore.CookiePolicy.dll" /reference:"C:\Program Files\dotnet\packs\Microsoft.AspNetCore.App.Ref\8.0.22\ref\net8.0\Microsoft.AspNetCore.Cors.dll" /reference:"C:\Program Files\dotnet\packs\Microsoft.AspNetCore.App.Ref\8.0.22\ref\net8.0\Microsoft.AspNetCore.Cryptography.Internal.dll" /reference:"C:\Program Files\dotnet\packs\Microsoft.AspNetCore.App.Ref\8.0.22\ref\net8.0\Microsoft.AspNetCore.Cryptography.KeyDerivation.dll" /reference:"C:\Program Files\dotnet\packs\Microsoft.AspNetCore.App.Ref\8.0.22\ref\net8.0\Microsoft.AspNetCore.DataProtection.Abstractions.dll" /reference:"C:\Program Files\dotnet\packs\Microsoft.AspNetCore.App.Ref\8.0.22\ref\net8.0\Microsoft.AspNetCore.DataProtection.dll" /reference:"C:\Program Files\dotnet\packs\Microsoft.AspNetCore.App.Ref\8.0.22\ref\net8.0\Microsoft.AspNetCore.DataProtection.Extensions.dll" /reference:"C:\Program Files\dotnet\packs\Microsoft.AspNetCore.App.Ref\8.0.22\ref\net8.0\Microsoft.AspNetCore.Diagnostics.Abstractions.dll" /reference:"C:\Program Files\dotnet\packs\Microsoft.AspNetCore.App.Ref\8.0.22\ref\net8.0\Microsoft.AspNetCore.Diagnostics.dll" /reference:"C:\Program Files\dotnet\packs\Microsoft.AspNetCore.App.Ref\8.0.22\ref\net8.0\Microsoft.AspNetCore.Diagnostics.HealthChecks.dll" /reference:"C:\Program Files\dotnet\packs\Microsoft.AspNetCore.App.Ref\8.0.22\ref\net8.0\Microsoft.AspNetCore.dll" /reference:"C:\Program Files\dotnet\packs\Microsoft.AspNetCore.App.Ref\8.0.22\ref\net8.0\Microsoft.AspNetCore.HostFiltering.dll" /reference:"C:\Program Files\dotnet\packs\Microsoft.AspNetCore.App.Ref\8.0.22\ref\net8.0\Microsoft.AspNetCore.Hosting.Abstractions.dll" /reference:"C:\Program Files\dotnet\packs\Microsoft.AspNetCore.App.Ref\8.0.22\ref\net8.0\Microsoft.AspNetCore.Hosting.dll" /reference:"C:\Program Files\dotnet\packs\Microsoft.AspNetCore.App.Ref\8.0.22\ref\net8.0\Microsoft.AspNetCore.Hosting.Server.Abstractions.dll" /reference:"C:\Program Files\dotnet\packs\Microsoft.AspNetCore.App.Ref\8.0.22\ref\net8.0\Microsoft.AspNetCore.Html.Abstractions.dll" /reference:"C:\Program Files\dotnet\packs\Microsoft.AspNetCore.App.Ref\8.0.22\ref\net8.0\Microsoft.AspNetCore.Http.Abstractions.dll" /reference:"C:\Program Files\dotnet\packs\Microsoft.AspNetCore.App.Ref\8.0.22\ref\net8.0\Microsoft.AspNetCore.Http.Connections.Common.dll" /reference:"C:\Program Files\dotnet\packs\Microsoft.AspNetCore.App.Ref\8.0.22\ref\net8.0\Microsoft.AspNetCore.Http.Connections.dll" /reference:"C:\Program Files\dotnet\packs\Microsoft.AspNetCore.App.Ref\8.0.22\ref\net8.0\Microsoft.AspNetCore.Http.dll" /reference:"C:\Program Files\dotnet\packs\Microsoft.AspNetCore.App.Ref\8.0.22\ref\net8.0\Microsoft.AspNetCore.Http.Extensions.dll" /reference:"C:\Program Files\dotnet\packs\Microsoft.AspNetCore.App.Ref\8.0.22\ref\net8.0\Microsoft.AspNetCore.Http.Features.dll" /reference:"C:\Program Files\dotnet\packs\Microsoft.AspNetCore.App.Ref\8.0.22\ref\net8.0\Microsoft.AspNetCore.Http.Results.dll" /reference:"C:\Program Files\dotnet\packs\Microsoft.AspNetCore.App.Ref\8.0.22\ref\net8.0\Microsoft.AspNetCore.HttpLogging.dll" /reference:"C:\Program Files\dotnet\packs\Microsoft.AspNetCore.App.Ref\8.0.22\ref\net8.0\Microsoft.AspNetCore.HttpOverrides.dll" /reference:"C:\Program Files\dotnet\packs\Microsoft.AspNetCore.App.Ref\8.0.22\ref\net8.0\Microsoft.AspNetCore.HttpsPolicy.dll" /reference:"C:\Program Files\dotnet\packs\Microsoft.AspNetCore.App.Ref\8.0.22\ref\net8.0\Microsoft.AspNetCore.Identity.dll" /reference:"C:\Program Files\dotnet\packs\Microsoft.AspNetCore.App.Ref\8.0.22\ref\net8.0\Microsoft.AspNetCore.Localization.dll" /reference:"C:\Program Files\dotnet\packs\Microsoft.AspNetCore.App.Ref\8.0.22\ref\net8.0\Microsoft.AspNetCore.Localization.Routing.dll" /reference:"C:\Program Files\dotnet\packs\Microsoft.AspNetCore.App.Ref\8.0.22\ref\net8.0\Microsoft.AspNetCore.Metadata.dll" /reference:"C:\Program Files\dotnet\packs\Microsoft.AspNetCore.App.Ref\8.0.22\ref\net8.0\Microsoft.AspNetCore.Mvc.Abstractions.dll" /reference:"C:\Program Files\dotnet\packs\Microsoft.AspNetCore.App.Ref\8.0.22\ref\net8.0\Microsoft.AspNetCore.Mvc.ApiExplorer.dll" /reference:"C:\Program Files\dotnet\packs\Microsoft.AspNetCore.App.Ref\8.0.22\ref\net8.0\Microsoft.AspNetCore.Mvc.Core.dll" /reference:"C:\Program Files\dotnet\packs\Microsoft.AspNetCore.App.Ref\8.0.22\ref\net8.0\Microsoft.AspNetCore.Mvc.Cors.dll" /reference:"C:\Program Files\dotnet\packs\Microsoft.AspNetCore.App.Ref\8.0.22\ref\net8.0\Microsoft.AspNetCore.Mvc.DataAnnotations.dll" /reference:"C:\Program Files\dotnet\packs\Microsoft.AspNetCore.App.Ref\8.0.22\ref\net8.0\Microsoft.AspNetCore.Mvc.dll" /reference:"C:\Program Files\dotnet\packs\Microsoft.AspNetCore.App.Ref\8.0.22\ref\net8.0\Microsoft.AspNetCore.Mvc.Formatters.Json.dll" /reference:"C:\Program Files\dotnet\packs\Microsoft.AspNetCore.App.Ref\8.0.22\ref\net8.0\Microsoft.AspNetCore.Mvc.Formatters.Xml.dll" /reference:"C:\Program Files\dotnet\packs\Microsoft.AspNetCore.App.Ref\8.0.22\ref\net8.0\Microsoft.AspNetCore.Mvc.Localization.dll" /reference:"C:\Program Files\dotnet\packs\Microsoft.AspNetCore.App.Ref\8.0.22\ref\net8.0\Microsoft.AspNetCore.Mvc.Razor.dll" /reference:"C:\Program Files\dotnet\packs\Microsoft.AspNetCore.App.Ref\8.0.22\ref\net8.0\Microsoft.AspNetCore.Mvc.RazorPages.dll" /reference:"C:\Program Files\dotnet\packs\Microsoft.AspNetCore.App.Ref\8.0.22\ref\net8.0\Microsoft.AspNetCore.Mvc.TagHelpers.dll" /reference:C:\Users\Admin\.nuget\packages\microsoft.aspnetcore.mvc.testing\8.0.0\lib\net8.0\Microsoft.AspNetCore.Mvc.Testing.dll /reference:"C:\Program Files\dotnet\packs\Microsoft.AspNetCore.App.Ref\8.0.22\ref\net8.0\Microsoft.AspNetCore.Mvc.ViewFeatures.dll" /reference:"C:\Program Files\dotnet\packs\Microsoft.AspNetCore.App.Ref\8.0.22\ref\net8.0\Microsoft.AspNetCore.OutputCaching.dll" /reference:"C:\Program Files\dotnet\packs\Microsoft.AspNetCore.App.Ref\8.0.22\ref\net8.0\Microsoft.AspNetCore.RateLimiting.dll" /reference:"C:\Program Files\dotnet\packs\Microsoft.AspNetCore.App.Ref\8.0.22\ref\net8.0\Microsoft.AspNetCore.Razor.dll" /reference:"C:\Program Files\dotnet\packs\Microsoft.AspNetCore.App.Ref\8.0.22\ref\net8.0\Microsoft.AspNetCore.Razor.Runtime.dll" /reference:"C:\Program Files\dotnet\packs\Microsoft.AspNetCore.App.Ref\8.0.22\ref\net8.0\Microsoft.AspNetCore.RequestDecompression.dll" /reference:"C:\Program Files\dotnet\packs\Microsoft.AspNetCore.App.Ref\8.0.22\ref\net8.0\Microsoft.AspNetCore.ResponseCaching.Abstractions.dll" /reference:"C:\Program Files\dotnet\packs\Microsoft.AspNetCore.App.Ref\8.0.22\ref\net8.0\Microsoft.AspNetCore.ResponseCaching.dll" /reference:"C:\Program Files\dotnet\packs\Microsoft.AspNetCore.App.Ref\8.0.22\ref\net8.0\Microsoft.AspNetCore.ResponseCompression.dll" /reference:"C:\Program Files\dotnet\packs\Microsoft.AspNetCore.App.Ref\8.0.22\ref\net8.0\Microsoft.AspNetCore.Rewrite.dll" /reference:"C:\Program Files\dotnet\packs\Microsoft.AspNetCore.App.Ref\8.0.22\ref\net8.0\Microsoft.AspNetCore.Routing.Abstractions.dll" /reference:"C:\Program Files\dotnet\packs\Microsoft.AspNetCore.App.Ref\8.0.22\ref\net8.0\Microsoft.AspNetCore.Routing.dll" /reference:"C:\Program Files\dotnet\packs\Microsoft.AspNetCore.App.Ref\8.0.22\ref\net8.0\Microsoft.AspNetCore.Server.HttpSys.dll" /reference:"C:\Program Files\dotnet\packs\Microsoft.AspNetCore.App.Ref\8.0.22\ref\net8.0\Microsoft.AspNetCore.Server.IIS.dll" /reference:"C:\Program Files\dotnet\packs\Microsoft.AspNetCore.App.Ref\8.0.22\ref\net8.0\Microsoft.AspNetCore.Server.IISIntegration.dll" /reference:"C:\Program Files\dotnet\packs\Microsoft.AspNetCore.App.Ref\8.0.22\ref\net8.0\Microsoft.AspNetCore.Server.Kestrel.Core.dll" /reference:"C:\Program Files\dotnet\packs\Microsoft.AspNetCore.App.Ref\8.0.22\ref\net8.0\Microsoft.AspNetCore.Server.Kestrel.dll" /reference:"C:\Program Files\dotnet\packs\Microsoft.AspNetCore.App.Ref\8.0.22\ref\net8.0\Microsoft.AspNetCore.Server.Kestrel.Transport.NamedPipes.dll" /reference:"C:\Program Files\dotnet\packs\Microsoft.AspNetCore.App.Ref\8.0.22\ref\net8.0\Microsoft.AspNetCore.Server.Kestrel.Transport.Quic.dll" /reference:"C:\Program Files\dotnet\packs\Microsoft.AspNetCore.App.Ref\8.0.22\ref\net8.0\Microsoft.AspNetCore.Server.Kestrel.Transport.Sockets.dll" /reference:"C:\Program Files\dotnet\packs\Microsoft.AspNetCore.App.Ref\8.0.22\ref\net8.0\Microsoft.AspNetCore.Session.dll" /reference:"C:\Program Files\dotnet\packs\Microsoft.AspNetCore.App.Ref\8.0.22\ref\net8.0\Microsoft.AspNetCore.SignalR.Common.dll" /reference:"C:\Program Files\dotnet\packs\Microsoft.AspNetCore.App.Ref\8.0.22\ref\net8.0\Microsoft.AspNetCore.SignalR.Core.dll" /reference:"C:\Program Files\dotnet\packs\Microsoft.AspNetCore.App.Ref\8.0.22\ref\net8.0\Microsoft.AspNetCore.SignalR.dll" /reference:"C:\Program Files\dotnet\packs\Microsoft.AspNetCore.App.Ref\8.0.22\ref\net8.0\Microsoft.AspNetCore.SignalR.Protocols.Json.dll" /reference:"C:\Program Files\dotnet\packs\Microsoft.AspNetCore.App.Ref\8.0.22\ref\net8.0\Microsoft.AspNetCore.StaticFiles.dll" /reference:C:\Users\Admin\.nuget\packages\microsoft.aspnetcore.testhost\8.0.0\lib\net8.0\Microsoft.AspNetCore.TestHost.dll /reference:"C:\Program Files\dotnet\packs\Microsoft.AspNetCore.App.Ref\8.0.22\ref\net8.0\Microsoft.AspNetCore.WebSockets.dll" /reference:"C:\Program Files\dotnet\packs\Microsoft.AspNetCore.App.Ref\8.0.22\ref\net8.0\Microsoft.AspNetCore.WebUtilities.dll" /reference:"C:\Program Files\dotnet\packs\Microsoft.NETCore.App.Ref\8.0.22\ref\net8.0\Microsoft.CSharp.dll" /reference:C:\Users\Admin\.nuget\packages\microsoft.entityframeworkcore.abstractions\8.0.0\lib\net8.0\Microsoft.EntityFrameworkCore.Abstractions.dll /reference:C:\Users\Admin\.nuget\packages\microsoft.entityframeworkcore\8.0.0\lib\net8.0\Microsoft.EntityFrameworkCore.dll /reference:C:\Users\Admin\.nuget\packages\microsoft.entityframeworkcore.relational\8.0.0\lib\net8.0\Microsoft.EntityFrameworkCore.Relational.dll /reference:"C:\Program Files\dotnet\packs\Microsoft.AspNetCore.App.Ref\8.0.22\ref\net8.0\Microsoft.Extensions.Caching.Abstractions.dll" /reference:"C:\Program Files\dotnet\packs\Microsoft.AspNetCore.App.Ref\8.0.22\ref\net8.0\Microsoft.Extensions.Caching.Memory.dll" /reference:"C:\Program Files\dotnet\packs\Microsoft.AspNetCore.App.Ref\8.0.22\ref\net8.0\Microsoft.Extensions.Configuration.Abstractions.dll" /reference:"C:\Program Files\dotnet\packs\Microsoft.AspNetCore.App.Ref\8.0.22\ref\net8.0\Microsoft.Extensions.Configuration.Binder.dll" /reference:"C:\Program Files\dotnet\packs\Microsoft.AspNetCore.App.Ref\8.0.22\ref\net8.0\Microsoft.Extensions.Configuration.CommandLine.dll" /reference:"C:\Program Files\dotnet\packs\Microsoft.AspNetCore.App.Ref\8.0.22\ref\net8.0\Microsoft.Extensions.Configuration.dll" /reference:"C:\Program Files\dotnet\packs\Microsoft.AspNetCore.App.Ref\8.0.22\ref\net8.0\Microsoft.Extensions.Configuration.EnvironmentVariables.dll" /reference:"C:\Program Files\dotnet\packs\Microsoft.AspNetCore.App.Ref\8.0.22\ref\net8.0\Microsoft.Extensions.Configuration.FileExtensions.dll" /reference:"C:\Program Files\dotnet\packs\Microsoft.AspNetCore.App.Ref\8.0.22\ref\net8.0\Microsoft.Extensions.Configuration.Ini.dll" /reference:"C:\Program Files\dotnet\packs\Microsoft.AspNetCore.App.Ref\8.0.22\ref\net8.0\Microsoft.Extensions.Configuration.Json.dll" /reference:"C:\Program Files\dotnet\packs\Microsoft.AspNetCore.App.Ref\8.0.22\ref\net8.0\Microsoft.Extensions.Configuration.KeyPerFile.dll" /reference:"C:\Program Files\dotnet\packs\Microsoft.AspNetCore.App.Ref\8.0.22\ref\net8.0\Microsoft.Extensions.Configuration.UserSecrets.dll" /reference:"C:\Program Files\dotnet\packs\Microsoft.AspNetCore.App.Ref\8.0.22\ref\net8.0\Microsoft.Extensions.Configuration.Xml.dll" /reference:"C:\Program Files\dotnet\packs\Microsoft.AspNetCore.App.Ref\8.0.22\ref\net8.0\Microsoft.Extensions.DependencyInjection.Abstractions.dll" /reference:"C:\Program Files\dotnet\packs\Microsoft.AspNetCore.App.Ref\8.0.22\ref\net8.0\Microsoft.Extensions.DependencyInjection.dll" /reference:C:\Users\Admin\.nuget\packages\microsoft.extensions.dependencymodel\8.0.0\lib\net8.0\Microsoft.Extensions.DependencyModel.dll /reference:"C:\Program Files\dotnet\packs\Microsoft.AspNetCore.App.Ref\8.0.22\ref\net8.0\Microsoft.Extensions.Diagnostics.Abstractions.dll" /reference:"C:\Program Files\dotnet\packs\Microsoft.AspNetCore.App.Ref\8.0.22\ref\net8.0\Microsoft.Extensions.Diagnostics.dll" /reference:"C:\Program Files\dotnet\packs\Microsoft.AspNetCore.App.Ref\8.0.22\ref\net8.0\Microsoft.Extensions.Diagnostics.HealthChecks.Abstractions.dll" /reference:"C:\Program Files\dotnet\packs\Microsoft.AspNetCore.App.Ref\8.0.22\ref\net8.0\Microsoft.Extensions.Diagnostics.HealthChecks.dll" /reference:"C:\Program Files\dotnet\packs\Microsoft.AspNetCore.App.Ref\8.0.22\ref\net8.0\Microsoft.Extensions.Features.dll" /reference:"C:\Program Files\dotnet\packs\Microsoft.AspNetCore.App.Ref\8.0.22\ref\net8.0\Microsoft.Extensions.FileProviders.Abstractions.dll" /reference:"C:\Program Files\dotnet\packs\Microsoft.AspNetCore.App.Ref\8.0.22\ref\net8.0\Microsoft.Extensions.FileProviders.Composite.dll" /reference:"C:\Program Files\dotnet\packs\Microsoft.AspNetCore.App.Ref\8.0.22\ref\net8.0\Microsoft.Extensions.FileProviders.Embedded.dll" /reference:"C:\Program Files\dotnet\packs\Microsoft.AspNetCore.App.Ref\8.0.22\ref\net8.0\Microsoft.Extensions.FileProviders.Physical.dll" /reference:"C:\Program Files\dotnet\packs\Microsoft.AspNetCore.App.Ref\8.0.22\ref\net8.0\Microsoft.Extensions.FileSystemGlobbing.dll" /reference:"C:\Program Files\dotnet\packs\Microsoft.AspNetCore.App.Ref\8.0.22\ref\net8.0\Microsoft.Extensions.Hosting.Abstractions.dll" /reference:"C:\Program Files\dotnet\packs\Microsoft.AspNetCore.App.Ref\8.0.22\ref\net8.0\Microsoft.Extensions.Hosting.dll" /reference:"C:\Program Files\dotnet\packs\Microsoft.AspNetCore.App.Ref\8.0.22\ref\net8.0\Microsoft.Extensions.Http.dll" /reference:"C:\Program Files\dotnet\packs\Microsoft.AspNetCore.App.Ref\8.0.22\ref\net8.0\Microsoft.Extensions.Identity.Core.dll" /reference:"C:\Program Files\dotnet\packs\Microsoft.AspNetCore.App.Ref\8.0.22\ref\net8.0\Microsoft.Extensions.Identity.Stores.dll" /reference:"C:\Program Files\dotnet\packs\Microsoft.AspNetCore.App.Ref\8.0.22\ref\net8.0\Microsoft.Extensions.Localization.Abstractions.dll" /reference:"C:\Program Files\dotnet\packs\Microsoft.AspNetCore.App.Ref\8.0.22\ref\net8.0\Microsoft.Extensions.Localization.dll" /reference:"C:\Program Files\dotnet\packs\Microsoft.AspNetCore.App.Ref\8.0.22\ref\net8.0\Microsoft.Extensions.Logging.Abstractions.dll" /reference:"C:\Program Files\dotnet\packs\Microsoft.AspNetCore.App.Ref\8.0.22\ref\net8.0\Microsoft.Extensions.Logging.Configuration.dll" /reference:"C:\Program Files\dotnet\packs\Microsoft.AspNetCore.App.Ref\8.0.22\ref\net8.0\Microsoft.Extensions.Logging.Console.dll" /reference:"C:\Program Files\dotnet\packs\Microsoft.AspNetCore.App.Ref\8.0.22\ref\net8.0\Microsoft.Extensions.Logging.Debug.dll" /reference:"C:\Program Files\dotnet\packs\Microsoft.AspNetCore.App.Ref\8.0.22\ref\net8.0\Microsoft.Extensions.Logging.dll" /reference:"C:\Program Files\dotnet\packs\Microsoft.AspNetCore.App.Ref\8.0.22\ref\net8.0\Microsoft.Extensions.Logging.EventLog.dll" /reference:"C:\Program Files\dotnet\packs\Microsoft.AspNetCore.App.Ref\8.0.22\ref\net8.0\Microsoft.Extensions.Logging.EventSource.dll" /reference:"C:\Program Files\dotnet\packs\Microsoft.AspNetCore.App.Ref\8.0.22\ref\net8.0\Microsoft.Extensions.Logging.TraceSource.dll" /reference:"C:\Program Files\dotnet\packs\Microsoft.AspNetCore.App.Ref\8.0.22\ref\net8.0\Microsoft.Extensions.ObjectPool.dll" /reference:"C:\Program Files\dotnet\packs\Microsoft.AspNetCore.App.Ref\8.0.22\ref\net8.0\Microsoft.Extensions.Options.ConfigurationExtensions.dll" /reference:"C:\Program Files\dotnet\packs\Microsoft.AspNetCore.App.Ref\8.0.22\ref\net8.0\Microsoft.Extensions.Options.DataAnnotations.dll" /reference:"C:\Program Files\dotnet\packs\Microsoft.AspNetCore.App.Ref\8.0.22\ref\net8.0\Microsoft.Extensions.Options.dll" /reference:"C:\Program Files\dotnet\packs\Microsoft.AspNetCore.App.Ref\8.0.22\ref\net8.0\Microsoft.Extensions.Primitives.dll" /reference:"C:\Program Files\dotnet\packs\Microsoft.AspNetCore.App.Ref\8.0.22\ref\net8.0\Microsoft.Extensions.WebEncoders.dll" /reference:"C:\Program Files\dotnet\packs\Microsoft.AspNetCore.App.Ref\8.0.22\ref\net8.0\Microsoft.JSInterop.dll" /reference:"C:\Program Files\dotnet\packs\Microsoft.AspNetCore.App.Ref\8.0.22\ref\net8.0\Microsoft.Net.Http.Headers.dll" /reference:C:\Users\Admin\.nuget\packages\microsoft.testplatform.testhost\17.8.0\lib\netcoreapp3.1\Microsoft.TestPlatform.CommunicationUtilities.dll /reference:C:\Users\Admin\.nuget\packages\microsoft.testplatform.testhost\17.8.0\lib\netcoreapp3.1\Microsoft.TestPlatform.CoreUtilities.dll /reference:C:\Users\Admin\.nuget\packages\microsoft.testplatform.testhost\17.8.0\lib\netcoreapp3.1\Microsoft.TestPlatform.CrossPlatEngine.dll /reference:C:\Users\Admin\.nuget\packages\microsoft.testplatform.testhost\17.8.0\lib\netcoreapp3.1\Microsoft.TestPlatform.PlatformAbstractions.dll /reference:C:\Users\Admin\.nuget\packages\microsoft.testplatform.testhost\17.8.0\lib\netcoreapp3.1\Microsoft.TestPlatform.Utilities.dll /reference:"C:\Program Files\dotnet\packs\Microsoft.NETCore.App.Ref\8.0.22\ref\net8.0\Microsoft.VisualBasic.Core.dll" /reference:"C:\Program Files\dotnet\packs\Microsoft.NETCore.App.Ref\8.0.22\ref\net8.0\Microsoft.VisualBasic.dll" /reference:C:\Users\Admin\.nuget\packages\microsoft.codecoverage\17.8.0\lib\netcoreapp3.1\Microsoft.VisualStudio.CodeCoverage.Shim.dll /reference:C:\Users\Admin\.nuget\packages\microsoft.testplatform.testhost\17.8.0\lib\netcoreapp3.1\Microsoft.VisualStudio.TestPlatform.Common.dll /reference:C:\Users\Admin\.nuget\packages\microsoft.testplatform.testhost\17.8.0\lib\netcoreapp3.1\Microsoft.VisualStudio.TestPlatform.ObjectModel.dll /reference:"C:\Program Files\dotnet\packs\Microsoft.NETCore.App.Ref\8.0.22\ref\net8.0\Microsoft.Win32.Primitives.dll" /reference:"C:\Program Files\dotnet\packs\Microsoft.NETCore.App.Ref\8.0.22\ref\net8.0\Microsoft.Win32.Registry.dll" /reference:"C:\Program Files\dotnet\packs\Microsoft.NETCore.App.Ref\8.0.22\ref\net8.0\mscorlib.dll" /reference:"C:\Program Files\dotnet\packs\Microsoft.NETCore.App.Ref\8.0.22\ref\net8.0\netstandard.dll" /reference:C:\Users\Admin\.nuget\packages\newtonsoft.json\13.0.1\lib\netstandard2.0\Newtonsoft.Json.dll /reference:C:\Users\Admin\.nuget\packages\npgsql\8.0.3\lib\net8.0\Npgsql.dll /reference:C:\Users\Admin\.nuget\packages\npgsql.entityframeworkcore.postgresql\8.0.0\lib\net8.0\Npgsql.EntityFrameworkCore.PostgreSQL.dll /reference:C:\Users\Admin\.nuget\packages\nuget.frameworks\6.5.0\lib\netstandard2.0\NuGet.Frameworks.dll /reference:C:\Users\Admin\.nuget\packages\pkcs11interop\5.3.0\lib\netstandard2.0\Pkcs11Interop.dll /reference:"C:\Program Files\dotnet\packs\Microsoft.NETCore.App.Ref\8.0.22\ref\net8.0\System.AppContext.dll" /reference:"C:\Program Files\dotnet\packs\Microsoft.NETCore.App.Ref\8.0.22\ref\net8.0\System.Buffers.dll" /reference:"C:\Program Files\dotnet\packs\Microsoft.NETCore.App.Ref\8.0.22\ref\net8.0\System.Collections.Concurrent.dll" /reference:"C:\Program Files\dotnet\packs\Microsoft.NETCore.App.Ref\8.0.22\ref\net8.0\System.Collections.dll" /reference:"C:\Program Files\dotnet\packs\Microsoft.NETCore.App.Ref\8.0.22\ref\net8.0\System.Collections.Immutable.dll" /reference:"C:\Program Files\dotnet\packs\Microsoft.NETCore.App.Ref\8.0.22\ref\net8.0\System.Collections.NonGeneric.dll" /reference:"C:\Program Files\dotnet\packs\Microsoft.NETCore.App.Ref\8.0.22\ref\net8.0\System.Collections.Specialized.dll" /reference:"C:\Program Files\dotnet\packs\Microsoft.NETCore.App.Ref\8.0.22\ref\net8.0\System.ComponentModel.Annotations.dll" /reference:"C:\Program Files\dotnet\packs\Microsoft.NETCore.App.Ref\8.0.22\ref\net8.0\System.ComponentModel.DataAnnotations.dll" /reference:"C:\Program Files\dotnet\packs\Microsoft.NETCore.App.Ref\8.0.22\ref\net8.0\System.ComponentModel.dll" /reference:"C:\Program Files\dotnet\packs\Microsoft.NETCore.App.Ref\8.0.22\ref\net8.0\System.ComponentModel.EventBasedAsync.dll" /reference:"C:\Program Files\dotnet\packs\Microsoft.NETCore.App.Ref\8.0.22\ref\net8.0\System.ComponentModel.Primitives.dll" /reference:"C:\Program Files\dotnet\packs\Microsoft.NETCore.App.Ref\8.0.22\ref\net8.0\System.ComponentModel.TypeConverter.dll" /reference:"C:\Program Files\dotnet\packs\Microsoft.NETCore.App.Ref\8.0.22\ref\net8.0\System.Configuration.dll" /reference:"C:\Program Files\dotnet\packs\Microsoft.NETCore.App.Ref\8.0.22\ref\net8.0\System.Console.dll" /reference:"C:\Program Files\dotnet\packs\Microsoft.NETCore.App.Ref\8.0.22\ref\net8.0\System.Core.dll" /reference:"C:\Program Files\dotnet\packs\Microsoft.NETCore.App.Ref\8.0.22\ref\net8.0\System.Data.Common.dll" /reference:"C:\Program Files\dotnet\packs\Microsoft.NETCore.App.Ref\8.0.22\ref\net8.0\System.Data.DataSetExtensions.dll" /reference:"C:\Program Files\dotnet\packs\Microsoft.NETCore.App.Ref\8.0.22\ref\net8.0\System.Data.dll" /reference:"C:\Program Files\dotnet\packs\Microsoft.NETCore.App.Ref\8.0.22\ref\net8.0\System.Diagnostics.Contracts.dll" /reference:"C:\Program Files\dotnet\packs\Microsoft.NETCore.App.Ref\8.0.22\ref\net8.0\System.Diagnostics.Debug.dll" /reference:"C:\Program Files\dotnet\packs\Microsoft.NETCore.App.Ref\8.0.22\ref\net8.0\System.Diagnostics.DiagnosticSource.dll" /reference:"C:\Program Files\dotnet\packs\Microsoft.AspNetCore.App.Ref\8.0.22\ref\net8.0\System.Diagnostics.EventLog.dll" /reference:"C:\Program Files\dotnet\packs\Microsoft.NETCore.App.Ref\8.0.22\ref\net8.0\System.Diagnostics.FileVersionInfo.dll" /reference:"C:\Program Files\dotnet\packs\Microsoft.NETCore.App.Ref\8.0.22\ref\net8.0\System.Diagnostics.Process.dll" /reference:"C:\Program Files\dotnet\packs\Microsoft.NETCore.App.Ref\8.0.22\ref\net8.0\System.Diagnostics.StackTrace.dll" /reference:"C:\Program Files\dotnet\packs\Microsoft.NETCore.App.Ref\8.0.22\ref\net8.0\System.Diagnostics.TextWriterTraceListener.dll" /reference:"C:\Program Files\dotnet\packs\Microsoft.NETCore.App.Ref\8.0.22\ref\net8.0\System.Diagnostics.Tools.dll" /reference:"C:\Program Files\dotnet\packs\Microsoft.NETCore.App.Ref\8.0.22\ref\net8.0\System.Diagnostics.TraceSource.dll" /reference:"C:\Program Files\dotnet\packs\Microsoft.NETCore.App.Ref\8.0.22\ref\net8.0\System.Diagnostics.Tracing.dll" /reference:"C:\Program Files\dotnet\packs\Microsoft.NETCore.App.Ref\8.0.22\ref\net8.0\System.dll" /reference:"C:\Program Files\dotnet\packs\Microsoft.NETCore.App.Ref\8.0.22\ref\net8.0\System.Drawing.dll" /reference:"C:\Program Files\dotnet\packs\Microsoft.NETCore.App.Ref\8.0.22\ref\net8.0\System.Drawing.Primitives.dll" /reference:"C:\Program Files\dotnet\packs\Microsoft.NETCore.App.Ref\8.0.22\ref\net8.0\System.Dynamic.Runtime.dll" /reference:"C:\Program Files\dotnet\packs\Microsoft.NETCore.App.Ref\8.0.22\ref\net8.0\System.Formats.Asn1.dll" /reference:"C:\Program Files\dotnet\packs\Microsoft.NETCore.App.Ref\8.0.22\ref\net8.0\System.Formats.Tar.dll" /reference:"C:\Program Files\dotnet\packs\Microsoft.NETCore.App.Ref\8.0.22\ref\net8.0\System.Globalization.Calendars.dll" /reference:"C:\Program Files\dotnet\packs\Microsoft.NETCore.App.Ref\8.0.22\ref\net8.0\System.Globalization.dll" /reference:"C:\Program Files\dotnet\packs\Microsoft.NETCore.App.Ref\8.0.22\ref\net8.0\System.Globalization.Extensions.dll" /reference:"C:\Program Files\dotnet\packs\Microsoft.NETCore.App.Ref\8.0.22\ref\net8.0\System.IO.Compression.Brotli.dll" /reference:"C:\Program Files\dotnet\packs\Microsoft.NETCore.App.Ref\8.0.22\ref\net8.0\System.IO.Compression.dll" /reference:"C:\Program Files\dotnet\packs\Microsoft.NETCore.App.Ref\8.0.22\ref\net8.0\System.IO.Compression.FileSystem.dll" /reference:"C:\Program Files\dotnet\packs\Microsoft.NETCore.App.Ref\8.0.22\ref\net8.0\System.IO.Compression.ZipFile.dll" /reference:"C:\Program Files\dotnet\packs\Microsoft.NETCore.App.Ref\8.0.22\ref\net8.0\System.IO.dll" /reference:"C:\Program Files\dotnet\packs\Microsoft.NETCore.App.Ref\8.0.22\ref\net8.0\System.IO.FileSystem.AccessControl.dll" /reference:"C:\Program Files\dotnet\packs\Microsoft.NETCore.App.Ref\8.0.22\ref\net8.0\System.IO.FileSystem.dll" /reference:"C:\Program Files\dotnet\packs\Microsoft.NETCore.App.Ref\8.0.22\ref\net8.0\System.IO.FileSystem.DriveInfo.dll" /reference:"C:\Program Files\dotnet\packs\Microsoft.NETCore.App.Ref\8.0.22\ref\net8.0\System.IO.FileSystem.Primitives.dll" /reference:"C:\Program Files\dotnet\packs\Microsoft.NETCore.App.Ref\8.0.22\ref\net8.0\System.IO.FileSystem.Watcher.dll" /reference:"C:\Program Files\dotnet\packs\Microsoft.NETCore.App.Ref\8.0.22\ref\net8.0\System.IO.IsolatedStorage.dll" /reference:"C:\Program Files\dotnet\packs\Microsoft.NETCore.App.Ref\8.0.22\ref\net8.0\System.IO.MemoryMappedFiles.dll" /reference:"C:\Program Files\dotnet\packs\Microsoft.AspNetCore.App.Ref\8.0.22\ref\net8.0\System.IO.Pipelines.dll" /reference:"C:\Program Files\dotnet\packs\Microsoft.NETCore.App.Ref\8.0.22\ref\net8.0\System.IO.Pipes.AccessControl.dll" /reference:"C:\Program Files\dotnet\packs\Microsoft.NETCore.App.Ref\8.0.22\ref\net8.0\System.IO.Pipes.dll" /reference:"C:\Program Files\dotnet\packs\Microsoft.NETCore.App.Ref\8.0.22\ref\net8.0\System.IO.UnmanagedMemoryStream.dll" /reference:"C:\Program Files\dotnet\packs\Microsoft.NETCore.App.Ref\8.0.22\ref\net8.0\System.Linq.dll" /reference:"C:\Program Files\dotnet\packs\Microsoft.NETCore.App.Ref\8.0.22\ref\net8.0\System.Linq.Expressions.dll" /reference:"C:\Program Files\dotnet\packs\Microsoft.NETCore.App.Ref\8.0.22\ref\net8.0\System.Linq.Parallel.dll" /reference:"C:\Program Files\dotnet\packs\Microsoft.NETCore.App.Ref\8.0.22\ref\net8.0\System.Linq.Queryable.dll" /reference:"C:\Program Files\dotnet\packs\Microsoft.NETCore.App.Ref\8.0.22\ref\net8.0\System.Memory.dll" /reference:"C:\Program Files\dotnet\packs\Microsoft.NETCore.App.Ref\8.0.22\ref\net8.0\System.Net.dll" /reference:"C:\Program Files\dotnet\packs\Microsoft.NETCore.App.Ref\8.0.22\ref\net8.0\System.Net.Http.dll" /reference:"C:\Program Files\dotnet\packs\Microsoft.NETCore.App.Ref\8.0.22\ref\net8.0\System.Net.Http.Json.dll" /reference:"C:\Program Files\dotnet\packs\Microsoft.NETCore.App.Ref\8.0.22\ref\net8.0\System.Net.HttpListener.dll" /reference:"C:\Program Files\dotnet\packs\Microsoft.NETCore.App.Ref\8.0.22\ref\net8.0\System.Net.Mail.dll" /reference:"C:\Program Files\dotnet\packs\Microsoft.NETCore.App.Ref\8.0.22\ref\net8.0\System.Net.NameResolution.dll" /reference:"C:\Program Files\dotnet\packs\Microsoft.NETCore.App.Ref\8.0.22\ref\net8.0\System.Net.NetworkInformation.dll" /reference:"C:\Program Files\dotnet\packs\Microsoft.NETCore.App.Ref\8.0.22\ref\net8.0\System.Net.Ping.dll" /reference:"C:\Program Files\dotnet\packs\Microsoft.NETCore.App.Ref\8.0.22\ref\net8.0\System.Net.Primitives.dll" /reference:"C:\Program Files\dotnet\packs\Microsoft.NETCore.App.Ref\8.0.22\ref\net8.0\System.Net.Quic.dll" /reference:"C:\Program Files\dotnet\packs\Microsoft.NETCore.App.Ref\8.0.22\ref\net8.0\System.Net.Requests.dll" /reference:"C:\Program Files\dotnet\packs\Microsoft.NETCore.App.Ref\8.0.22\ref\net8.0\System.Net.Security.dll" /reference:"C:\Program Files\dotnet\packs\Microsoft.NETCore.App.Ref\8.0.22\ref\net8.0\System.Net.ServicePoint.dll" /reference:"C:\Program Files\dotnet\packs\Microsoft.NETCore.App.Ref\8.0.22\ref\net8.0\System.Net.Sockets.dll" /reference:"C:\Program Files\dotnet\packs\Microsoft.NETCore.App.Ref\8.0.22\ref\net8.0\System.Net.WebClient.dll" /reference:"C:\Program Files\dotnet\packs\Microsoft.NETCore.App.Ref\8.0.22\ref\net8.0\System.Net.WebHeaderCollection.dll" /reference:"C:\Program Files\dotnet\packs\Microsoft.NETCore.App.Ref\8.0.22\ref\net8.0\System.Net.WebProxy.dll" /reference:"C:\Program Files\dotnet\packs\Microsoft.NETCore.App.Ref\8.0.22\ref\net8.0\System.Net.WebSockets.Client.dll" /reference:"C:\Program Files\dotnet\packs\Microsoft.NETCore.App.Ref\8.0.22\ref\net8.0\System.Net.WebSockets.dll" /reference:"C:\Program Files\dotnet\packs\Microsoft.NETCore.App.Ref\8.0.22\ref\net8.0\System.Numerics.dll" /reference:"C:\Program Files\dotnet\packs\Microsoft.NETCore.App.Ref\8.0.22\ref\net8.0\System.Numerics.Vectors.dll" /reference:"C:\Program Files\dotnet\packs\Microsoft.NETCore.App.Ref\8.0.22\ref\net8.0\System.ObjectModel.dll" /reference:"C:\Program Files\dotnet\packs\Microsoft.NETCore.App.Ref\8.0.22\ref\net8.0\System.Reflection.DispatchProxy.dll" /reference:"C:\Program Files\dotnet\packs\Microsoft.NETCore.App.Ref\8.0.22\ref\net8.0\System.Reflection.dll" /reference:"C:\Program Files\dotnet\packs\Microsoft.NETCore.App.Ref\8.0.22\ref\net8.0\System.Reflection.Emit.dll" /reference:"C:\Program Files\dotnet\packs\Microsoft.NETCore.App.Ref\8.0.22\ref\net8.0\System.Reflection.Emit.ILGeneration.dll" /reference:"C:\Program Files\dotnet\packs\Microsoft.NETCore.App.Ref\8.0.22\ref\net8.0\System.Reflection.Emit.Lightweight.dll" /reference:"C:\Program Files\dotnet\packs\Microsoft.NETCore.App.Ref\8.0.22\ref\net8.0\System.Reflection.Extensions.dll" /reference:"C:\Program Files\dotnet\packs\Microsoft.NETCore.App.Ref\8.0.22\ref\net8.0\System.Reflection.Metadata.dll" /reference:"C:\Program Files\dotnet\packs\Microsoft.NETCore.App.Ref\8.0.22\ref\net8.0\System.Reflection.Primitives.dll" /reference:"C:\Program Files\dotnet\packs\Microsoft.NETCore.App.Ref\8.0.22\ref\net8.0\System.Reflection.TypeExtensions.dll" /reference:"C:\Program Files\dotnet\packs\Microsoft.NETCore.App.Ref\8.0.22\ref\net8.0\System.Resources.Reader.dll" /reference:"C:\Program Files\dotnet\packs\Microsoft.NETCore.App.Ref\8.0.22\ref\net8.0\System.Resources.ResourceManager.dll" /reference:"C:\Program Files\dotnet\packs\Microsoft.NETCore.App.Ref\8.0.22\ref\net8.0\System.Resources.Writer.dll" /reference:"C:\Program Files\dotnet\packs\Microsoft.NETCore.App.Ref\8.0.22\ref\net8.0\System.Runtime.CompilerServices.Unsafe.dll" /reference:"C:\Program Files\dotnet\packs\Microsoft.NETCore.App.Ref\8.0.22\ref\net8.0\System.Runtime.CompilerServices.VisualC.dll" /reference:"C:\Program Files\dotnet\packs\Microsoft.NETCore.App.Ref\8.0.22\ref\net8.0\System.Runtime.dll" /reference:"C:\Program Files\dotnet\packs\Microsoft.NETCore.App.Ref\8.0.22\ref\net8.0\System.Runtime.Extensions.dll" /reference:"C:\Program Files\dotnet\packs\Microsoft.NETCore.App.Ref\8.0.22\ref\net8.0\System.Runtime.Handles.dll" /reference:"C:\Program Files\dotnet\packs\Microsoft.NETCore.App.Ref\8.0.22\ref\net8.0\System.Runtime.InteropServices.dll" /reference:"C:\Program Files\dotnet\packs\Microsoft.NETCore.App.Ref\8.0.22\ref\net8.0\System.Runtime.InteropServices.JavaScript.dll" /reference:"C:\Program Files\dotnet\packs\Microsoft.NETCore.App.Ref\8.0.22\ref\net8.0\System.Runtime.InteropServices.RuntimeInformation.dll" /reference:"C:\Program Files\dotnet\packs\Microsoft.NETCore.App.Ref\8.0.22\ref\net8.0\System.Runtime.Intrinsics.dll" /reference:"C:\Program Files\dotnet\packs\Microsoft.NETCore.App.Ref\8.0.22\ref\net8.0\System.Runtime.Loader.dll" /reference:"C:\Program Files\dotnet\packs\Microsoft.NETCore.App.Ref\8.0.22\ref\net8.0\System.Runtime.Numerics.dll" /reference:"C:\Program Files\dotnet\packs\Microsoft.NETCore.App.Ref\8.0.22\ref\net8.0\System.Runtime.Serialization.dll" /reference:"C:\Program Files\dotnet\packs\Microsoft.NETCore.App.Ref\8.0.22\ref\net8.0\System.Runtime.Serialization.Formatters.dll" /reference:"C:\Program Files\dotnet\packs\Microsoft.NETCore.App.Ref\8.0.22\ref\net8.0\System.Runtime.Serialization.Json.dll" /reference:"C:\Program Files\dotnet\packs\Microsoft.NETCore.App.Ref\8.0.22\ref\net8.0\System.Runtime.Serialization.Primitives.dll" /reference:"C:\Program Files\dotnet\packs\Microsoft.NETCore.App.Ref\8.0.22\ref\net8.0\System.Runtime.Serialization.Xml.dll" /reference:"C:\Program Files\dotnet\packs\Microsoft.NETCore.App.Ref\8.0.22\ref\net8.0\System.Security.AccessControl.dll" /reference:"C:\Program Files\dotnet\packs\Microsoft.NETCore.App.Ref\8.0.22\ref\net8.0\System.Security.Claims.dll" /reference:"C:\Program Files\dotnet\packs\Microsoft.NETCore.App.Ref\8.0.22\ref\net8.0\System.Security.Cryptography.Algorithms.dll" /reference:"C:\Program Files\dotnet\packs\Microsoft.NETCore.App.Ref\8.0.22\ref\net8.0\System.Security.Cryptography.Cng.dll" /reference:"C:\Program Files\dotnet\packs\Microsoft.NETCore.App.Ref\8.0.22\ref\net8.0\System.Security.Cryptography.Csp.dll" /reference:"C:\Program Files\dotnet\packs\Microsoft.NETCore.App.Ref\8.0.22\ref\net8.0\System.Security.Cryptography.dll" /reference:"C:\Program Files\dotnet\packs\Microsoft.NETCore.App.Ref\8.0.22\ref\net8.0\System.Security.Cryptography.Encoding.dll" /reference:"C:\Program Files\dotnet\packs\Microsoft.NETCore.App.Ref\8.0.22\ref\net8.0\System.Security.Cryptography.OpenSsl.dll" /reference:"C:\Program Files\dotnet\packs\Microsoft.NETCore.App.Ref\8.0.22\ref\net8.0\System.Security.Cryptography.Primitives.dll" /reference:"C:\Program Files\dotnet\packs\Microsoft.NETCore.App.Ref\8.0.22\ref\net8.0\System.Security.Cryptography.X509Certificates.dll" /reference:"C:\Program Files\dotnet\packs\Microsoft.AspNetCore.App.Ref\8.0.22\ref\net8.0\System.Security.Cryptography.Xml.dll" /reference:"C:\Program Files\dotnet\packs\Microsoft.NETCore.App.Ref\8.0.22\ref\net8.0\System.Security.dll" /reference:"C:\Program Files\dotnet\packs\Microsoft.NETCore.App.Ref\8.0.22\ref\net8.0\System.Security.Principal.dll" /reference:"C:\Program Files\dotnet\packs\Microsoft.NETCore.App.Ref\8.0.22\ref\net8.0\System.Security.Principal.Windows.dll" /reference:"C:\Program Files\dotnet\packs\Microsoft.NETCore.App.Ref\8.0.22\ref\net8.0\System.Security.SecureString.dll" /reference:"C:\Program Files\dotnet\packs\Microsoft.NETCore.App.Ref\8.0.22\ref\net8.0\System.ServiceModel.Web.dll" /reference:"C:\Program Files\dotnet\packs\Microsoft.NETCore.App.Ref\8.0.22\ref\net8.0\System.ServiceProcess.dll" /reference:"C:\Program Files\dotnet\packs\Microsoft.NETCore.App.Ref\8.0.22\ref\net8.0\System.Text.Encoding.CodePages.dll" /reference:"C:\Program Files\dotnet\packs\Microsoft.NETCore.App.Ref\8.0.22\ref\net8.0\System.Text.Encoding.dll" /reference:"C:\Program Files\dotnet\packs\Microsoft.NETCore.App.Ref\8.0.22\ref\net8.0\System.Text.Encoding.Extensions.dll" /reference:"C:\Program Files\dotnet\packs\Microsoft.NETCore.App.Ref\8.0.22\ref\net8.0\System.Text.Encodings.Web.dll" /reference:"C:\Program Files\dotnet\packs\Microsoft.NETCore.App.Ref\8.0.22\ref\net8.0\System.Text.Json.dll" /reference:"C:\Program Files\dotnet\packs\Microsoft.NETCore.App.Ref\8.0.22\ref\net8.0\System.Text.RegularExpressions.dll" /reference:"C:\Program Files\dotnet\packs\Microsoft.NETCore.App.Ref\8.0.22\ref\net8.0\System.Threading.Channels.dll" /reference:"C:\Program Files\dotnet\packs\Microsoft.NETCore.App.Ref\8.0.22\ref\net8.0\System.Threading.dll" /reference:"C:\Program Files\dotnet\packs\Microsoft.NETCore.App.Ref\8.0.22\ref\net8.0\System.Threading.Overlapped.dll" /reference:"C:\Program Files\dotnet\packs\Microsoft.AspNetCore.App.Ref\8.0.22\ref\net8.0\System.Threading.RateLimiting.dll" /reference:"C:\Program Files\dotnet\packs\Microsoft.NETCore.App.Ref\8.0.22\ref\net8.0\System.Threading.Tasks.Dataflow.dll" /reference:"C:\Program Files\dotnet\packs\Microsoft.NETCore.App.Ref\8.0.22\ref\net8.0\System.Threading.Tasks.dll" /reference:"C:\Program Files\dotnet\packs\Microsoft.NETCore.App.Ref\8.0.22\ref\net8.0\System.Threading.Tasks.Extensions.dll" /reference:"C:\Program Files\dotnet\packs\Microsoft.NETCore.App.Ref\8.0.22\ref\net8.0\System.Threading.Tasks.Parallel.dll" /reference:"C:\Program Files\dotnet\packs\Microsoft.NETCore.App.Ref\8.0.22\ref\net8.0\System.Threading.Thread.dll" /reference:"C:\Program Files\dotnet\packs\Microsoft.NETCore.App.Ref\8.0.22\ref\net8.0\System.Threading.ThreadPool.dll" /reference:"C:\Program Files\dotnet\packs\Microsoft.NETCore.App.Ref\8.0.22\ref\net8.0\System.Threading.Timer.dll" /reference:"C:\Program Files\dotnet\packs\Microsoft.NETCore.App.Ref\8.0.22\ref\net8.0\System.Transactions.dll" /reference:"C:\Program Files\dotnet\packs\Microsoft.NETCore.App.Ref\8.0.22\ref\net8.0\System.Transactions.Local.dll" /reference:"C:\Program Files\dotnet\packs\Microsoft.NETCore.App.Ref\8.0.22\ref\net8.0\System.ValueTuple.dll" /reference:"C:\Program Files\dotnet\packs\Microsoft.NETCore.App.Ref\8.0.22\ref\net8.0\System.Web.dll" /reference:"C:\Program Files\dotnet\packs\Microsoft.NETCore.App.Ref\8.0.22\ref\net8.0\System.Web.HttpUtility.dll" /reference:"C:\Program Files\dotnet\packs\Microsoft.NETCore.App.Ref\8.0.22\ref\net8.0\System.Windows.dll" /reference:"C:\Program Files\dotnet\packs\Microsoft.NETCore.App.Ref\8.0.22\ref\net8.0\System.Xml.dll" /reference:"C:\Program Files\dotnet\packs\Microsoft.NETCore.App.Ref\8.0.22\ref\net8.0\System.Xml.Linq.dll" /reference:"C:\Program Files\dotnet\packs\Microsoft.NETCore.App.Ref\8.0.22\ref\net8.0\System.Xml.ReaderWriter.dll" /reference:"C:\Program Files\dotnet\packs\Microsoft.NETCore.App.Ref\8.0.22\ref\net8.0\System.Xml.Serialization.dll" /reference:"C:\Program Files\dotnet\packs\Microsoft.NETCore.App.Ref\8.0.22\ref\net8.0\System.Xml.XDocument.dll" /reference:"C:\Program Files\dotnet\packs\Microsoft.NETCore.App.Ref\8.0.22\ref\net8.0\System.Xml.XmlDocument.dll" /reference:"C:\Program Files\dotnet\packs\Microsoft.NETCore.App.Ref\8.0.22\ref\net8.0\System.Xml.XmlSerializer.dll" /reference:"C:\Program Files\dotnet\packs\Microsoft.NETCore.App.Ref\8.0.22\ref\net8.0\System.Xml.XPath.dll" /reference:"C:\Program Files\dotnet\packs\Microsoft.NETCore.App.Ref\8.0.22\ref\net8.0\System.Xml.XPath.XDocument.dll" /reference:"D:\Task\Remote Signing\TagEkyc\src\TagEkyc.Api\obj\Debug\net8.0\ref\TagEkyc.Api.dll" /reference:"D:\Task\Remote Signing\TagEkyc\src\TagEkyc.Application\obj\Debug\net8.0\ref\TagEkyc.Application.dll" /reference:"D:\Task\Remote Signing\TagEkyc\src\TagEkyc.Contracts\obj\Debug\net8.0\ref\TagEkyc.Contracts.dll" /reference:"D:\Task\Remote Signing\TagEkyc\src\TagEkyc.Domain\obj\Debug\net8.0\ref\TagEkyc.Domain.dll" /reference:"D:\Task\Remote Signing\TagEkyc\src\TagEkyc.Infrastructure\obj\Debug\net8.0\ref\TagEkyc.Infrastructure.dll" /reference:C:\Users\Admin\.nuget\packages\microsoft.testplatform.testhost\17.8.0\lib\netcoreapp3.1\testhost.dll /reference:"C:\Program Files\dotnet\packs\Microsoft.NETCore.App.Ref\8.0.22\ref\net8.0\WindowsBase.dll" /reference:C:\Users\Admin\.nuget\packages\xunit.abstractions\2.0.3\lib\netstandard2.0\xunit.abstractions.dll /reference:C:\Users\Admin\.nuget\packages\xunit.assert\2.5.3\lib\netstandard1.1\xunit.assert.dll /reference:C:\Users\Admin\.nuget\packages\xunit.extensibility.core\2.5.3\lib\netstandard1.1\xunit.core.dll /reference:C:\Users\Admin\.nuget\packages\xunit.extensibility.execution\2.5.3\lib\netstandard1.1\xunit.execution.dotnet.dll /debug+ /debug:portable /filealign:512 /optimize- /out:obj\Debug\net8.0\TagEkyc.IntegrationTests.dll /refout:obj\Debug\net8.0\refint\TagEkyc.IntegrationTests.dll /target:exe /warnaserror- /utf8output /deterministic+ /sourcelink:obj\Debug\net8.0\TagEkyc.IntegrationTests.sourcelink.json /langversion:12.0 /embed:C:\Users\Admin\.nuget\packages\microsoft.net.test.sdk\17.8.0\build\netcoreapp3.1\Microsoft.NET.Test.Sdk.Program.cs /embed:obj\Debug\net8.0\TagEkyc.IntegrationTests.GlobalUsings.g.cs /embed:"obj\Debug\net8.0\.NETCoreApp,Version=v8.0.AssemblyAttributes.cs" /embed:obj\Debug\net8.0\TagEkyc.IntegrationTests.AssemblyInfo.cs /analyzerconfig:obj\Debug\net8.0\TagEkyc.IntegrationTests.GeneratedMSBuildEditorConfig.editorconfig /analyzerconfig:"C:\Program Files\dotnet\sdk\10.0.100\Sdks\Microsoft.NET.Sdk\analyzers\build\config\analysislevel_8_default.globalconfig" /analyzer:"C:\Program Files\dotnet\sdk\10.0.100\Sdks\Microsoft.NET.Sdk\targets\..\analyzers\Microsoft.CodeAnalysis.CSharp.NetAnalyzers.dll" /analyzer:"C:\Program Files\dotnet\sdk\10.0.100\Sdks\Microsoft.NET.Sdk\targets\..\analyzers\Microsoft.CodeAnalysis.NetAnalyzers.dll" /analyzer:C:\Users\Admin\.nuget\packages\awssdk.s3\3.7.405.4\analyzers\dotnet\cs\AWSSDK.S3.CodeAnalysis.dll /analyzer:C:\Users\Admin\.nuget\packages\awssdk.s3\3.7.405.4\analyzers\dotnet\cs\SharedAnalysisCode.dll /analyzer:C:\Users\Admin\.nuget\packages\microsoft.entityframeworkcore.analyzers\8.0.0\analyzers\dotnet\cs\Microsoft.EntityFrameworkCore.Analyzers.dll /analyzer:C:\Users\Admin\.nuget\packages\xunit.analyzers\1.4.0\analyzers\dotnet\cs\xunit.analyzers.dll /analyzer:C:\Users\Admin\.nuget\packages\xunit.analyzers\1.4.0\analyzers\dotnet\cs\xunit.analyzers.fixes.dll /analyzer:"C:\Program Files\dotnet\packs\Microsoft.NETCore.App.Ref\8.0.22\analyzers/dotnet/cs/Microsoft.Interop.ComInterfaceGenerator.dll" /analyzer:"C:\Program Files\dotnet\packs\Microsoft.NETCore.App.Ref\8.0.22\analyzers/dotnet/cs/Microsoft.Interop.JavaScript.JSImportGenerator.dll" /analyzer:"C:\Program Files\dotnet\packs\Microsoft.NETCore.App.Ref\8.0.22\analyzers/dotnet/cs/Microsoft.Interop.LibraryImportGenerator.dll" /analyzer:"C:\Program Files\dotnet\packs\Microsoft.NETCore.App.Ref\8.0.22\analyzers/dotnet/cs/Microsoft.Interop.SourceGeneration.dll" /analyzer:"C:\Program Files\dotnet\packs\Microsoft.NETCore.App.Ref\8.0.22\analyzers/dotnet/cs/System.Text.Json.SourceGeneration.dll" /analyzer:"C:\Program Files\dotnet\packs\Microsoft.NETCore.App.Ref\8.0.22\analyzers/dotnet/cs/System.Text.RegularExpressions.Generator.dll" /analyzer:"C:\Program Files\dotnet\packs\Microsoft.AspNetCore.App.Ref\8.0.22\analyzers/dotnet/cs/Microsoft.AspNetCore.App.Analyzers.dll" /analyzer:"C:\Program Files\dotnet\packs\Microsoft.AspNetCore.App.Ref\8.0.22\analyzers/dotnet/cs/Microsoft.AspNetCore.App.CodeFixes.dll" /analyzer:"C:\Program Files\dotnet\packs\Microsoft.AspNetCore.App.Ref\8.0.22\analyzers/dotnet/cs/Microsoft.AspNetCore.Components.Analyzers.dll" /analyzer:"C:\Program Files\dotnet\packs\Microsoft.AspNetCore.App.Ref\8.0.22\analyzers/dotnet/roslyn4.4/cs/Microsoft.Extensions.Logging.Generators.dll" /analyzer:"C:\Program Files\dotnet\packs\Microsoft.AspNetCore.App.Ref\8.0.22\analyzers/dotnet/roslyn4.4/cs/Microsoft.Extensions.Options.SourceGeneration.dll" A1SyntheticDbFailureInterceptor.cs DurableObjectMinioFixture.cs HistoricalPreparedWebApplicationFactory.cs IsolatedMigrationPostgres.cs OpenBaoProductionClaimProviderTests.cs OpenBaoProductionKekProviderTests.cs OpenBaoRealTransitIntegrationTests.cs PostgresPersistenceFixture.cs PostgresPersistenceSliceTests.cs ProductionCompositionCorrectionTests.cs RawExportAssemblyDurableWorkSourceTests.cs RawExportAssemblyPostSealRecoveryMigrationTests.cs RawExportAssemblyRetainedModeWorkSourceMigrationTests.cs RawExportControlPlaneHttpTests.cs RawExportDeliveryCredentialMigrationTests.cs RawExportJobClientIsolationTests.cs RawExportLegacyConsentClassFenceMigrationTests.cs SiteQualificationMeasurementAdminEndpointTests.cs SiteQualificationMeasurementPlanePostgresTests.cs SiteQualificationMeasurementPlaneTests.cs SiteQualificationTestServices.cs Tip66EvidenceSignatureTestVerifier.cs Tip66EvidenceSigningTests.cs Tip67BNeutralProofVerificationTests.cs Tip67GGoldenNeutralProofVectorTests.cs Tip68ProdHsmSigningTests.cs Tip68SoftHsmE2ETests.cs Tip83ASigningKeyJwksTests.cs Tip83BPostgresProductionInfraTests.cs Tip83E1ReadinessEndpointTests.cs Tip83E3RetentionConfigTests.cs Tip84BHashedApiKeyStoreTests.cs Tip86DecisionThresholdConfigTests.cs Tip88AE2PolicyPermitTtlConfigTests.cs Tip88ARawExportPolicyCatalogTests.cs Tip88B1E3ResolverReadBoundaryTests.cs Tip88B1RawExportControlPlaneTests.cs Tip88B2SubjectExportConsentTests.cs Tip88B31RawExportAuthorizationSchemaTests.cs Tip88B32AuthorizationCodecTests.cs Tip88B32AuthorizationIdentityFunctionTests.cs Tip88B33AuthorizationOracleTests.cs Tip88B33AuthorizationPersistTests.cs Tip88B34AuthorizationEngineTests.cs Tip88B4RawExportJobFoundationTests.cs Tip88C1AAcceptanceSurfaceTests.cs Tip88C1B1IngressClaimTests.cs Tip88C1B2AuthoritySnapshotTests.cs Tip88C1B2BetaExistingCandidateTests.cs Tip88C1B2CoreTests.cs Tip88C1B2DurableKeyFixtureProofTests.cs Tip88C1B2DurableKeyProdTests.cs Tip88C1B2DurableObjectCustodyTests.cs Tip88C1B2R2DurableCustodyEncryptionTests.cs Tip88C1B2R3VerifiedCiphertextStagingTests.cs Tip88C1B2SourceFinalizationTests.cs Tip88C1C1ResolverAssemblyTests.cs Tip88C1C2RecipientPackageTests.cs Tip88C1C3RecipientPackageDeliveryTests.cs Tip88C1C4RecipientPackageReferenceTests.cs Tip88C1C5RecipientManagementTests.cs Tip88C1C6BA1AclTests.cs Tip88C1C6BA1AppendAuthorityTests.cs Tip88C1C6BA1CancellationHttpTests.cs Tip88C1C6BA1CanonicalDdlProjectionTests.cs Tip88C1C6BA1EnrollmentTests.cs Tip88C1C6BA1ExecutionHttpTests.cs Tip88C1C6BA1LifecycleRaceTests.cs Tip88C1C6BA1ManagementTests.cs Tip88C1C6BA1NormativeSqlProofTests.cs Tip88C1C6BA1PersistenceTests.cs Tip88C1C6BA1PlatformAuthenticationTests.cs Tip88C1C6BA1RawIngressBoundaryTests.cs Tip88C1C6BA1RootCliTests.cs Tip88C1C6BA1RotationHttpTests.cs Tip88C1C6BA1RotationTests.cs Tip88C1C6BA1RuntimeAppendTransactionTests.cs Tip88C1C6BA1StartupCompositionTests.cs Tip88C1C6BA1StartupReadinessDiagnosticTests.cs Tip88C1C6BA1TransitionCoverageTests.cs Tip88C1C6BA3BrokerAdmissionClusterTests.cs Tip88C1C6BA3BrokerClaimClusterTests.cs Tip88C1C6BA3BrokerPipelineTests.cs Tip88C1C6BA3CapabilityLineageTests.cs Tip88C1C6BA3ConsentRetentionTests.cs Tip88C1C6BA3MigrationTests.cs Tip88C1C6BA3R2R6ClusterHttpTests.cs Tip88C1C6BA3R2R6StageCatalogueTests.cs Tip88C1C6BA3R2TerminalProjectionTests.cs Tip88C1C6BA3ResultAcceptanceTests.cs Tip88C1C6BA3RetentionCheckpointTests.cs Tip88C1C6BA3SyntheticComposition.cs Tip88M1ModelSnapshotDriftTests.cs VerificationPersistencePrincipalTests.cs C:\Users\Admin\.nuget\packages\microsoft.net.test.sdk\17.8.0\build\netcoreapp3.1\Microsoft.NET.Test.Sdk.Program.cs obj\Debug\net8.0\TagEkyc.IntegrationTests.GlobalUsings.g.cs "obj\Debug\net8.0\.NETCoreApp,Version=v8.0.AssemblyAttributes.cs" obj\Debug\net8.0\TagEkyc.IntegrationTests.AssemblyInfo.cs /warnaserror+:NU1605,SYSLIB0011'
         Attempt to open named pipe 't+93oGNOpjYE7ygIM8ZCdKT1zyM8AJ80au7KCzvHBi8'
         Attempt to connect named pipe 't+93oGNOpjYE7ygIM8ZCdKT1zyM8AJ80au7KCzvHBi8'
         Named pipe 't+93oGNOpjYE7ygIM8ZCdKT1zyM8AJ80au7KCzvHBi8' connected
         Begin writing request for TagEkyc.IntegrationTests (net8.0)
         End writing request for TagEkyc.IntegrationTests (net8.0)
         Begin reading response for TagEkyc.IntegrationTests (net8.0)
         End reading response for TagEkyc.IntegrationTests (net8.0)
     1>D:\Task\Remote Signing\TagEkyc\tests\TagEkyc.IntegrationTests\PostgresPersistenceFixture.cs(91,53): warning CS9124: Parameter 'string connectionString' is captured into the state of the enclosing type and its value is also used to initialize a field, property, or event. [D:\Task\Remote Signing\TagEkyc\tests\TagEkyc.IntegrationTests\TagEkyc.IntegrationTests.csproj]
     1>D:\Task\Remote Signing\TagEkyc\tests\TagEkyc.IntegrationTests\Tip88C1C6BA3R2R6ClusterHttpTests.cs(66,20): warning CS0219: The variable 'contentMismatch' is assigned but its value is never used [D:\Task\Remote Signing\TagEkyc\tests\TagEkyc.IntegrationTests\TagEkyc.IntegrationTests.csproj]
     1>D:\Task\Remote Signing\TagEkyc\tests\TagEkyc.IntegrationTests\Tip88C1C6BA3R2R6ClusterHttpTests.cs(67,20): warning CS0219: The variable 'dropResponse' is assigned but its value is never used [D:\Task\Remote Signing\TagEkyc\tests\TagEkyc.IntegrationTests\TagEkyc.IntegrationTests.csproj]
     1>D:\Task\Remote Signing\TagEkyc\tests\TagEkyc.IntegrationTests\Tip88C1C6BA3R2R6ClusterHttpTests.cs(68,20): warning CS0219: The variable 'withObsolete' is assigned but its value is never used [D:\Task\Remote Signing\TagEkyc\tests\TagEkyc.IntegrationTests\TagEkyc.IntegrationTests.csproj]
     1>D:\Task\Remote Signing\TagEkyc\tests\TagEkyc.IntegrationTests\Tip88C1C6BA3R2R6ClusterHttpTests.cs(70,20): warning CS0219: The variable 'cancelAtCommitted' is assigned but its value is never used [D:\Task\Remote Signing\TagEkyc\tests\TagEkyc.IntegrationTests\TagEkyc.IntegrationTests.csproj]
     1>D:\Task\Remote Signing\TagEkyc\tests\TagEkyc.IntegrationTests\Tip88C1C6BA3R2R6ClusterHttpTests.cs(71,20): warning CS0219: The variable 'tamperCiphertext' is assigned but its value is never used [D:\Task\Remote Signing\TagEkyc\tests\TagEkyc.IntegrationTests\TagEkyc.IntegrationTests.csproj]
     1>D:\Task\Remote Signing\TagEkyc\tests\TagEkyc.IntegrationTests\Tip88C1C6BA3R2R6ClusterHttpTests.cs(73,20): warning CS0219: The variable 'agentFirstAtR5' is assigned but its value is never used [D:\Task\Remote Signing\TagEkyc\tests\TagEkyc.IntegrationTests\TagEkyc.IntegrationTests.csproj]
     1>D:\Task\Remote Signing\TagEkyc\tests\TagEkyc.IntegrationTests\VerificationPersistencePrincipalTests.cs(40,30): warning EF1002: Method 'ExecuteSqlRawAsync' inserts interpolated strings directly into the SQL, without any protection against SQL injection. Consider using 'ExecuteSqlAsync' instead, which protects against SQL injection, or make sure that the value is sanitized and suppress the warning. [D:\Task\Remote Signing\TagEkyc\tests\TagEkyc.IntegrationTests\TagEkyc.IntegrationTests.csproj]
     1>D:\Task\Remote Signing\TagEkyc\tests\TagEkyc.IntegrationTests\VerificationPersistencePrincipalTests.cs(135,34): warning EF1002: Method 'ExecuteSqlRawAsync' inserts interpolated strings directly into the SQL, without any protection against SQL injection. Consider using 'ExecuteSqlAsync' instead, which protects against SQL injection, or make sure that the value is sanitized and suppress the warning. [D:\Task\Remote Signing\TagEkyc\tests\TagEkyc.IntegrationTests\TagEkyc.IntegrationTests.csproj]
     1>D:\Task\Remote Signing\TagEkyc\tests\TagEkyc.IntegrationTests\VerificationPersistencePrincipalTests.cs(172,30): warning EF1002: Method 'ExecuteSqlRawAsync' inserts interpolated strings directly into the SQL, without any protection against SQL injection. Consider using 'ExecuteSqlAsync' instead, which protects against SQL injection, or make sure that the value is sanitized and suppress the warning. [D:\Task\Remote Signing\TagEkyc\tests\TagEkyc.IntegrationTests\TagEkyc.IntegrationTests.csproj]
     1>D:\Task\Remote Signing\TagEkyc\tests\TagEkyc.IntegrationTests\VerificationPersistencePrincipalTests.cs(286,34): warning EF1002: Method 'ExecuteSqlRawAsync' inserts interpolated strings directly into the SQL, without any protection against SQL injection. Consider using 'ExecuteSqlAsync' instead, which protects against SQL injection, or make sure that the value is sanitized and suppress the warning. [D:\Task\Remote Signing\TagEkyc\tests\TagEkyc.IntegrationTests\TagEkyc.IntegrationTests.csproj]
     1>D:\Task\Remote Signing\TagEkyc\tests\TagEkyc.IntegrationTests\PostgresPersistenceSliceTests.cs(36,30): warning EF1002: Method 'ExecuteSqlRawAsync' inserts interpolated strings directly into the SQL, without any protection against SQL injection. Consider using 'ExecuteSqlAsync' instead, which protects against SQL injection, or make sure that the value is sanitized and suppress the warning. [D:\Task\Remote Signing\TagEkyc\tests\TagEkyc.IntegrationTests\TagEkyc.IntegrationTests.csproj]
     1>D:\Task\Remote Signing\TagEkyc\tests\TagEkyc.IntegrationTests\PostgresPersistenceSliceTests.cs(79,34): warning EF1002: Method 'ExecuteSqlRawAsync' inserts interpolated strings directly into the SQL, without any protection against SQL injection. Consider using 'ExecuteSqlAsync' instead, which protects against SQL injection, or make sure that the value is sanitized and suppress the warning. [D:\Task\Remote Signing\TagEkyc\tests\TagEkyc.IntegrationTests\TagEkyc.IntegrationTests.csproj]
     1>D:\Task\Remote Signing\TagEkyc\tests\TagEkyc.IntegrationTests\RawExportDeliveryCredentialMigrationTests.cs(119,27): warning EF1002: Method 'SqlQueryRaw' inserts interpolated strings directly into the SQL, without any protection against SQL injection. Consider using 'SqlQuery' instead, which protects against SQL injection, or make sure that the value is sanitized and suppress the warning. [D:\Task\Remote Signing\TagEkyc\tests\TagEkyc.IntegrationTests\TagEkyc.IntegrationTests.csproj]
     1>D:\Task\Remote Signing\TagEkyc\tests\TagEkyc.IntegrationTests\OpenBaoProductionKekProviderTests.cs(586,27): warning EF1002: Method 'SqlQueryRaw' inserts interpolated strings directly into the SQL, without any protection against SQL injection. Consider using 'SqlQuery' instead, which protects against SQL injection, or make sure that the value is sanitized and suppress the warning. [D:\Task\Remote Signing\TagEkyc\tests\TagEkyc.IntegrationTests\TagEkyc.IntegrationTests.csproj]
     1>D:\Task\Remote Signing\TagEkyc\tests\TagEkyc.IntegrationTests\Tip88C1C6BA1AclTests.cs(13,39): warning EF1002: Method 'SqlQueryRaw' inserts interpolated strings directly into the SQL, without any protection against SQL injection. Consider using 'SqlQuery' instead, which protects against SQL injection, or make sure that the value is sanitized and suppress the warning. [D:\Task\Remote Signing\TagEkyc\tests\TagEkyc.IntegrationTests\TagEkyc.IntegrationTests.csproj]
     1>D:\Task\Remote Signing\TagEkyc\tests\TagEkyc.IntegrationTests\Tip88C1C6BA1AclTests.cs(91,31): warning EF1002: Method 'ExecuteSqlRawAsync' inserts interpolated strings directly into the SQL, without any protection against SQL injection. Consider using 'ExecuteSqlAsync' instead, which protects against SQL injection, or make sure that the value is sanitized and suppress the warning. [D:\Task\Remote Signing\TagEkyc\tests\TagEkyc.IntegrationTests\TagEkyc.IntegrationTests.csproj]
     1>D:\Task\Remote Signing\TagEkyc\tests\TagEkyc.IntegrationTests\Tip88C1C6BA1CancellationHttpTests.cs(72,43): warning EF1002: Method 'SqlQueryRaw' inserts interpolated strings directly into the SQL, without any protection against SQL injection. Consider using 'SqlQuery' instead, which protects against SQL injection, or make sure that the value is sanitized and suppress the warning. [D:\Task\Remote Signing\TagEkyc\tests\TagEkyc.IntegrationTests\TagEkyc.IntegrationTests.csproj]
     1>D:\Task\Remote Signing\TagEkyc\tests\TagEkyc.IntegrationTests\Tip88C1C6BA1CancellationHttpTests.cs(77,46): warning EF1002: Method 'SqlQueryRaw' inserts interpolated strings directly into the SQL, without any protection against SQL injection. Consider using 'SqlQuery' instead, which protects against SQL injection, or make sure that the value is sanitized and suppress the warning. [D:\Task\Remote Signing\TagEkyc\tests\TagEkyc.IntegrationTests\TagEkyc.IntegrationTests.csproj]
     1>D:\Task\Remote Signing\TagEkyc\tests\TagEkyc.IntegrationTests\Tip88C1C6BA1AppendAuthorityTests.cs(121,39): warning EF1002: Method 'SqlQueryRaw' inserts interpolated strings directly into the SQL, without any protection against SQL injection. Consider using 'SqlQuery' instead, which protects against SQL injection, or make sure that the value is sanitized and suppress the warning. [D:\Task\Remote Signing\TagEkyc\tests\TagEkyc.IntegrationTests\TagEkyc.IntegrationTests.csproj]
     1>D:\Task\Remote Signing\TagEkyc\tests\TagEkyc.IntegrationTests\Tip88C1C6BA1PersistenceTests.cs(415,40): warning EF1002: Method 'SqlQueryRaw' inserts interpolated strings directly into the SQL, without any protection against SQL injection. Consider using 'SqlQuery' instead, which protects against SQL injection, or make sure that the value is sanitized and suppress the warning. [D:\Task\Remote Signing\TagEkyc\tests\TagEkyc.IntegrationTests\TagEkyc.IntegrationTests.csproj]
     1>D:\Task\Remote Signing\TagEkyc\tests\TagEkyc.IntegrationTests\Tip88C1C6BA1PersistenceTests.cs(425,42): warning EF1002: Method 'SqlQueryRaw' inserts interpolated strings directly into the SQL, without any protection against SQL injection. Consider using 'SqlQuery' instead, which protects against SQL injection, or make sure that the value is sanitized and suppress the warning. [D:\Task\Remote Signing\TagEkyc\tests\TagEkyc.IntegrationTests\TagEkyc.IntegrationTests.csproj]
     1>D:\Task\Remote Signing\TagEkyc\tests\TagEkyc.IntegrationTests\Tip88C1C6BA1PersistenceTests.cs(434,39): warning EF1002: Method 'SqlQueryRaw' inserts interpolated strings directly into the SQL, without any protection against SQL injection. Consider using 'SqlQuery' instead, which protects against SQL injection, or make sure that the value is sanitized and suppress the warning. [D:\Task\Remote Signing\TagEkyc\tests\TagEkyc.IntegrationTests\TagEkyc.IntegrationTests.csproj]
     1>D:\Task\Remote Signing\TagEkyc\tests\TagEkyc.IntegrationTests\Tip88C1C6BA1PersistenceTests.cs(61,43): warning EF1002: Method 'SqlQueryRaw' inserts interpolated strings directly into the SQL, without any protection against SQL injection. Consider using 'SqlQuery' instead, which protects against SQL injection, or make sure that the value is sanitized and suppress the warning. [D:\Task\Remote Signing\TagEkyc\tests\TagEkyc.IntegrationTests\TagEkyc.IntegrationTests.csproj]
     1>D:\Task\Remote Signing\TagEkyc\tests\TagEkyc.IntegrationTests\Tip88C1C6BA1ExecutionHttpTests.cs(57,68): warning EF1002: Method 'SqlQueryRaw' inserts interpolated strings directly into the SQL, without any protection against SQL injection. Consider using 'SqlQuery' instead, which protects against SQL injection, or make sure that the value is sanitized and suppress the warning. [D:\Task\Remote Signing\TagEkyc\tests\TagEkyc.IntegrationTests\TagEkyc.IntegrationTests.csproj]
     1>D:\Task\Remote Signing\TagEkyc\tests\TagEkyc.IntegrationTests\Tip88C1C6BA1PersistenceTests.cs(471,40): warning EF1002: Method 'SqlQueryRaw' inserts interpolated strings directly into the SQL, without any protection against SQL injection. Consider using 'SqlQuery' instead, which protects against SQL injection, or make sure that the value is sanitized and suppress the warning. [D:\Task\Remote Signing\TagEkyc\tests\TagEkyc.IntegrationTests\TagEkyc.IntegrationTests.csproj]
     1>D:\Task\Remote Signing\TagEkyc\tests\TagEkyc.IntegrationTests\Tip88C1C6BA1PersistenceTests.cs(510,38): warning EF1002: Method 'SqlQueryRaw' inserts interpolated strings directly into the SQL, without any protection against SQL injection. Consider using 'SqlQuery' instead, which protects against SQL injection, or make sure that the value is sanitized and suppress the warning. [D:\Task\Remote Signing\TagEkyc\tests\TagEkyc.IntegrationTests\TagEkyc.IntegrationTests.csproj]
     1>D:\Task\Remote Signing\TagEkyc\tests\TagEkyc.IntegrationTests\Tip88C1C6BA1ExecutionHttpTests.cs(180,104): warning EF1002: Method 'SqlQueryRaw' inserts interpolated strings directly into the SQL, without any protection against SQL injection. Consider using 'SqlQuery' instead, which protects against SQL injection, or make sure that the value is sanitized and suppress the warning. [D:\Task\Remote Signing\TagEkyc\tests\TagEkyc.IntegrationTests\TagEkyc.IntegrationTests.csproj]
     1>D:\Task\Remote Signing\TagEkyc\tests\TagEkyc.IntegrationTests\Tip88C1C6BA1ExecutionHttpTests.cs(181,73): warning EF1002: Method 'SqlQueryRaw' inserts interpolated strings directly into the SQL, without any protection against SQL injection. Consider using 'SqlQuery' instead, which protects against SQL injection, or make sure that the value is sanitized and suppress the warning. [D:\Task\Remote Signing\TagEkyc\tests\TagEkyc.IntegrationTests\TagEkyc.IntegrationTests.csproj]
     1>D:\Task\Remote Signing\TagEkyc\tests\TagEkyc.IntegrationTests\Tip88C1C6BA1RootCliTests.cs(30,43): warning EF1002: Method 'SqlQueryRaw' inserts interpolated strings directly into the SQL, without any protection against SQL injection. Consider using 'SqlQuery' instead, which protects against SQL injection, or make sure that the value is sanitized and suppress the warning. [D:\Task\Remote Signing\TagEkyc\tests\TagEkyc.IntegrationTests\TagEkyc.IntegrationTests.csproj]
     1>D:\Task\Remote Signing\TagEkyc\tests\TagEkyc.IntegrationTests\Tip88C1C6BA1RootCliTests.cs(43,51): warning EF1002: Method 'SqlQueryRaw' inserts interpolated strings directly into the SQL, without any protection against SQL injection. Consider using 'SqlQuery' instead, which protects against SQL injection, or make sure that the value is sanitized and suppress the warning. [D:\Task\Remote Signing\TagEkyc\tests\TagEkyc.IntegrationTests\TagEkyc.IntegrationTests.csproj]
     1>D:\Task\Remote Signing\TagEkyc\tests\TagEkyc.IntegrationTests\Tip88C1C6BA1PersistenceTests.cs(126,45): warning EF1002: Method 'SqlQueryRaw' inserts interpolated strings directly into the SQL, without any protection against SQL injection. Consider using 'SqlQuery' instead, which protects against SQL injection, or make sure that the value is sanitized and suppress the warning. [D:\Task\Remote Signing\TagEkyc\tests\TagEkyc.IntegrationTests\TagEkyc.IntegrationTests.csproj]
     1>D:\Task\Remote Signing\TagEkyc\tests\TagEkyc.IntegrationTests\Tip88C1C6BA1StartupCompositionTests.cs(26,38): warning EF1002: Method 'ExecuteSqlRawAsync' inserts interpolated strings directly into the SQL, without any protection against SQL injection. Consider using 'ExecuteSqlAsync' instead, which protects against SQL injection, or make sure that the value is sanitized and suppress the warning. [D:\Task\Remote Signing\TagEkyc\tests\TagEkyc.IntegrationTests\TagEkyc.IntegrationTests.csproj]
     1>D:\Task\Remote Signing\TagEkyc\tests\TagEkyc.IntegrationTests\Tip88C1C6BA1StartupCompositionTests.cs(29,34): warning EF1002: Method 'ExecuteSqlRawAsync' inserts interpolated strings directly into the SQL, without any protection against SQL injection. Consider using 'ExecuteSqlAsync' instead, which protects against SQL injection, or make sure that the value is sanitized and suppress the warning. [D:\Task\Remote Signing\TagEkyc\tests\TagEkyc.IntegrationTests\TagEkyc.IntegrationTests.csproj]
     1>D:\Task\Remote Signing\TagEkyc\tests\TagEkyc.IntegrationTests\Tip88C1C6BA1StartupCompositionTests.cs(78,34): warning EF1002: Method 'ExecuteSqlRawAsync' inserts interpolated strings directly into the SQL, without any protection against SQL injection. Consider using 'ExecuteSqlAsync' instead, which protects against SQL injection, or make sure that the value is sanitized and suppress the warning. [D:\Task\Remote Signing\TagEkyc\tests\TagEkyc.IntegrationTests\TagEkyc.IntegrationTests.csproj]
     1>D:\Task\Remote Signing\TagEkyc\tests\TagEkyc.IntegrationTests\Tip88C1C6BA1StartupCompositionTests.cs(85,38): warning EF1002: Method 'ExecuteSqlRawAsync' inserts interpolated strings directly into the SQL, without any protection against SQL injection. Consider using 'ExecuteSqlAsync' instead, which protects against SQL injection, or make sure that the value is sanitized and suppress the warning. [D:\Task\Remote Signing\TagEkyc\tests\TagEkyc.IntegrationTests\TagEkyc.IntegrationTests.csproj]
     1>D:\Task\Remote Signing\TagEkyc\tests\TagEkyc.IntegrationTests\Tip88C1C6BA1TransitionCoverageTests.cs(48,87): warning EF1002: Method 'ExecuteSqlRawAsync' inserts interpolated strings directly into the SQL, without any protection against SQL injection. Consider using 'ExecuteSqlAsync' instead, which protects against SQL injection, or make sure that the value is sanitized and suppress the warning. [D:\Task\Remote Signing\TagEkyc\tests\TagEkyc.IntegrationTests\TagEkyc.IntegrationTests.csproj]
     1>D:\Task\Remote Signing\TagEkyc\tests\TagEkyc.IntegrationTests\Tip88C1C6BA1CancellationHttpTests.cs(127,33): warning EF1002: Method 'ExecuteSqlRawAsync' inserts interpolated strings directly into the SQL, without any protection against SQL injection. Consider using 'ExecuteSqlAsync' instead, which protects against SQL injection, or make sure that the value is sanitized and suppress the warning. [D:\Task\Remote Signing\TagEkyc\tests\TagEkyc.IntegrationTests\TagEkyc.IntegrationTests.csproj]
     1>D:\Task\Remote Signing\TagEkyc\tests\TagEkyc.IntegrationTests\Tip88C1C6BA1CancellationHttpTests.cs(141,31): warning EF1002: Method 'SqlQueryRaw' inserts interpolated strings directly into the SQL, without any protection against SQL injection. Consider using 'SqlQuery' instead, which protects against SQL injection, or make sure that the value is sanitized and suppress the warning. [D:\Task\Remote Signing\TagEkyc\tests\TagEkyc.IntegrationTests\TagEkyc.IntegrationTests.csproj]
     1>D:\Task\Remote Signing\TagEkyc\tests\TagEkyc.IntegrationTests\Tip88C1C6BA1TransitionCoverageTests.cs(62,27): warning EF1002: Method 'ExecuteSqlRawAsync' inserts interpolated strings directly into the SQL, without any protection against SQL injection. Consider using 'ExecuteSqlAsync' instead, which protects against SQL injection, or make sure that the value is sanitized and suppress the warning. [D:\Task\Remote Signing\TagEkyc\tests\TagEkyc.IntegrationTests\TagEkyc.IntegrationTests.csproj]
     1>D:\Task\Remote Signing\TagEkyc\tests\TagEkyc.IntegrationTests\Tip88C1C6BA1TransitionCoverageTests.cs(77,88): warning EF1002: Method 'ExecuteSqlRawAsync' inserts interpolated strings directly into the SQL, without any protection against SQL injection. Consider using 'ExecuteSqlAsync' instead, which protects against SQL injection, or make sure that the value is sanitized and suppress the warning. [D:\Task\Remote Signing\TagEkyc\tests\TagEkyc.IntegrationTests\TagEkyc.IntegrationTests.csproj]
     1>D:\Task\Remote Signing\TagEkyc\tests\TagEkyc.IntegrationTests\Tip88C1C6BA1RuntimeAppendTransactionTests.cs(128,86): warning EF1002: Method 'SqlQueryRaw' inserts interpolated strings directly into the SQL, without any protection against SQL injection. Consider using 'SqlQuery' instead, which protects against SQL injection, or make sure that the value is sanitized and suppress the warning. [D:\Task\Remote Signing\TagEkyc\tests\TagEkyc.IntegrationTests\TagEkyc.IntegrationTests.csproj]
     1>D:\Task\Remote Signing\TagEkyc\tests\TagEkyc.IntegrationTests\Tip88C1C6BA1TransitionCoverageTests.cs(134,43): warning EF1002: Method 'SqlQueryRaw' inserts interpolated strings directly into the SQL, without any protection against SQL injection. Consider using 'SqlQuery' instead, which protects against SQL injection, or make sure that the value is sanitized and suppress the warning. [D:\Task\Remote Signing\TagEkyc\tests\TagEkyc.IntegrationTests\TagEkyc.IntegrationTests.csproj]
     1>D:\Task\Remote Signing\TagEkyc\tests\TagEkyc.IntegrationTests\Tip88C1C6BA1RootCliTests.cs(84,43): warning EF1002: Method 'SqlQueryRaw' inserts interpolated strings directly into the SQL, without any protection against SQL injection. Consider using 'SqlQuery' instead, which protects against SQL injection, or make sure that the value is sanitized and suppress the warning. [D:\Task\Remote Signing\TagEkyc\tests\TagEkyc.IntegrationTests\TagEkyc.IntegrationTests.csproj]
     1>D:\Task\Remote Signing\TagEkyc\tests\TagEkyc.IntegrationTests\Tip88C1C6BA1RootCliTests.cs(91,24): warning EF1002: Method 'SqlQueryRaw' inserts interpolated strings directly into the SQL, without any protection against SQL injection. Consider using 'SqlQuery' instead, which protects against SQL injection, or make sure that the value is sanitized and suppress the warning. [D:\Task\Remote Signing\TagEkyc\tests\TagEkyc.IntegrationTests\TagEkyc.IntegrationTests.csproj]
     1>D:\Task\Remote Signing\TagEkyc\tests\TagEkyc.IntegrationTests\Tip88C1C6BA1CancellationHttpTests.cs(267,53): warning EF1002: Method 'SqlQueryRaw' inserts interpolated strings directly into the SQL, without any protection against SQL injection. Consider using 'SqlQuery' instead, which protects against SQL injection, or make sure that the value is sanitized and suppress the warning. [D:\Task\Remote Signing\TagEkyc\tests\TagEkyc.IntegrationTests\TagEkyc.IntegrationTests.csproj]
     1>D:\Task\Remote Signing\TagEkyc\tests\TagEkyc.IntegrationTests\Tip88C1C6BA1StartupReadinessDiagnosticTests.cs(226,46): warning EF1002: Method 'SqlQueryRaw' inserts interpolated strings directly into the SQL, without any protection against SQL injection. Consider using 'SqlQuery' instead, which protects against SQL injection, or make sure that the value is sanitized and suppress the warning. [D:\Task\Remote Signing\TagEkyc\tests\TagEkyc.IntegrationTests\TagEkyc.IntegrationTests.csproj]
     1>D:\Task\Remote Signing\TagEkyc\tests\TagEkyc.IntegrationTests\Tip88C1C6BA1CancellationHttpTests.cs(289,38): warning EF1002: Method 'SqlQueryRaw' inserts interpolated strings directly into the SQL, without any protection against SQL injection. Consider using 'SqlQuery' instead, which protects against SQL injection, or make sure that the value is sanitized and suppress the warning. [D:\Task\Remote Signing\TagEkyc\tests\TagEkyc.IntegrationTests\TagEkyc.IntegrationTests.csproj]
     1>D:\Task\Remote Signing\TagEkyc\tests\TagEkyc.IntegrationTests\Tip88C1C6BA1CancellationHttpTests.cs(302,49): warning EF1002: Method 'SqlQueryRaw' inserts interpolated strings directly into the SQL, without any protection against SQL injection. Consider using 'SqlQuery' instead, which protects against SQL injection, or make sure that the value is sanitized and suppress the warning. [D:\Task\Remote Signing\TagEkyc\tests\TagEkyc.IntegrationTests\TagEkyc.IntegrationTests.csproj]
     1>D:\Task\Remote Signing\TagEkyc\tests\TagEkyc.IntegrationTests\Tip88C1C6BA1CancellationHttpTests.cs(316,43): warning EF1002: Method 'SqlQueryRaw' inserts interpolated strings directly into the SQL, without any protection against SQL injection. Consider using 'SqlQuery' instead, which protects against SQL injection, or make sure that the value is sanitized and suppress the warning. [D:\Task\Remote Signing\TagEkyc\tests\TagEkyc.IntegrationTests\TagEkyc.IntegrationTests.csproj]
     1>D:\Task\Remote Signing\TagEkyc\tests\TagEkyc.IntegrationTests\Tip88C1C6BA1CancellationHttpTests.cs(320,84): warning EF1002: Method 'SqlQueryRaw' inserts interpolated strings directly into the SQL, without any protection against SQL injection. Consider using 'SqlQuery' instead, which protects against SQL injection, or make sure that the value is sanitized and suppress the warning. [D:\Task\Remote Signing\TagEkyc\tests\TagEkyc.IntegrationTests\TagEkyc.IntegrationTests.csproj]
     1>D:\Task\Remote Signing\TagEkyc\tests\TagEkyc.IntegrationTests\Tip88C1C6BA1CancellationHttpTests.cs(324,83): warning EF1002: Method 'SqlQueryRaw' inserts interpolated strings directly into the SQL, without any protection against SQL injection. Consider using 'SqlQuery' instead, which protects against SQL injection, or make sure that the value is sanitized and suppress the warning. [D:\Task\Remote Signing\TagEkyc\tests\TagEkyc.IntegrationTests\TagEkyc.IntegrationTests.csproj]
     1>D:\Task\Remote Signing\TagEkyc\tests\TagEkyc.IntegrationTests\Tip88C1C6BA1CancellationHttpTests.cs(335,33): warning EF1002: Method 'ExecuteSqlRawAsync' inserts interpolated strings directly into the SQL, without any protection against SQL injection. Consider using 'ExecuteSqlAsync' instead, which protects against SQL injection, or make sure that the value is sanitized and suppress the warning. [D:\Task\Remote Signing\TagEkyc\tests\TagEkyc.IntegrationTests\TagEkyc.IntegrationTests.csproj]
     1>D:\Task\Remote Signing\TagEkyc\tests\TagEkyc.IntegrationTests\Tip88C1C6BA1CancellationHttpTests.cs(348,83): warning EF1002: Method 'SqlQueryRaw' inserts interpolated strings directly into the SQL, without any protection against SQL injection. Consider using 'SqlQuery' instead, which protects against SQL injection, or make sure that the value is sanitized and suppress the warning. [D:\Task\Remote Signing\TagEkyc\tests\TagEkyc.IntegrationTests\TagEkyc.IntegrationTests.csproj]
     1>D:\Task\Remote Signing\TagEkyc\tests\TagEkyc.IntegrationTests\Tip88C1C6BA3MigrationTests.cs(122,61): warning EF1002: Method 'SqlQueryRaw' inserts interpolated strings directly into the SQL, without any protection against SQL injection. Consider using 'SqlQuery' instead, which protects against SQL injection, or make sure that the value is sanitized and suppress the warning. [D:\Task\Remote Signing\TagEkyc\tests\TagEkyc.IntegrationTests\TagEkyc.IntegrationTests.csproj]
     1>D:\Task\Remote Signing\TagEkyc\tests\TagEkyc.IntegrationTests\Tip88C1C6BA1CancellationHttpTests.cs(373,50): warning EF1002: Method 'SqlQueryRaw' inserts interpolated strings directly into the SQL, without any protection against SQL injection. Consider using 'SqlQuery' instead, which protects against SQL injection, or make sure that the value is sanitized and suppress the warning. [D:\Task\Remote Signing\TagEkyc\tests\TagEkyc.IntegrationTests\TagEkyc.IntegrationTests.csproj]
     1>D:\Task\Remote Signing\TagEkyc\tests\TagEkyc.IntegrationTests\Tip88C1C6BA1CancellationHttpTests.cs(378,29): warning EF1002: Method 'ExecuteSqlRawAsync' inserts interpolated strings directly into the SQL, without any protection against SQL injection. Consider using 'ExecuteSqlAsync' instead, which protects against SQL injection, or make sure that the value is sanitized and suppress the warning. [D:\Task\Remote Signing\TagEkyc\tests\TagEkyc.IntegrationTests\TagEkyc.IntegrationTests.csproj]
     1>D:\Task\Remote Signing\TagEkyc\tests\TagEkyc.IntegrationTests\Tip88C1C6BA1CancellationHttpTests.cs(399,61): warning EF1002: Method 'SqlQueryRaw' inserts interpolated strings directly into the SQL, without any protection against SQL injection. Consider using 'SqlQuery' instead, which protects against SQL injection, or make sure that the value is sanitized and suppress the warning. [D:\Task\Remote Signing\TagEkyc\tests\TagEkyc.IntegrationTests\TagEkyc.IntegrationTests.csproj]
     1>D:\Task\Remote Signing\TagEkyc\tests\TagEkyc.IntegrationTests\Tip88C1C6BA1CancellationHttpTests.cs(402,66): warning EF1002: Method 'SqlQueryRaw' inserts interpolated strings directly into the SQL, without any protection against SQL injection. Consider using 'SqlQuery' instead, which protects against SQL injection, or make sure that the value is sanitized and suppress the warning. [D:\Task\Remote Signing\TagEkyc\tests\TagEkyc.IntegrationTests\TagEkyc.IntegrationTests.csproj]
     1>D:\Task\Remote Signing\TagEkyc\tests\TagEkyc.IntegrationTests\Tip88C1C6BA1CancellationHttpTests.cs(422,27): warning EF1002: Method 'ExecuteSqlRawAsync' inserts interpolated strings directly into the SQL, without any protection against SQL injection. Consider using 'ExecuteSqlAsync' instead, which protects against SQL injection, or make sure that the value is sanitized and suppress the warning. [D:\Task\Remote Signing\TagEkyc\tests\TagEkyc.IntegrationTests\TagEkyc.IntegrationTests.csproj]
     1>D:\Task\Remote Signing\TagEkyc\tests\TagEkyc.IntegrationTests\Tip88C1C6BA1CancellationHttpTests.cs(456,44): warning EF1002: Method 'SqlQueryRaw' inserts interpolated strings directly into the SQL, without any protection against SQL injection. Consider using 'SqlQuery' instead, which protects against SQL injection, or make sure that the value is sanitized and suppress the warning. [D:\Task\Remote Signing\TagEkyc\tests\TagEkyc.IntegrationTests\TagEkyc.IntegrationTests.csproj]
     1>D:\Task\Remote Signing\TagEkyc\tests\TagEkyc.IntegrationTests\Tip88C1C6BA1CancellationHttpTests.cs(484,27): warning EF1002: Method 'ExecuteSqlRawAsync' inserts interpolated strings directly into the SQL, without any protection against SQL injection. Consider using 'ExecuteSqlAsync' instead, which protects against SQL injection, or make sure that the value is sanitized and suppress the warning. [D:\Task\Remote Signing\TagEkyc\tests\TagEkyc.IntegrationTests\TagEkyc.IntegrationTests.csproj]
     1>D:\Task\Remote Signing\TagEkyc\tests\TagEkyc.IntegrationTests\Tip88C1C6BA1CancellationHttpTests.cs(485,40): warning EF1002: Method 'SqlQueryRaw' inserts interpolated strings directly into the SQL, without any protection against SQL injection. Consider using 'SqlQuery' instead, which protects against SQL injection, or make sure that the value is sanitized and suppress the warning. [D:\Task\Remote Signing\TagEkyc\tests\TagEkyc.IntegrationTests\TagEkyc.IntegrationTests.csproj]
     1>D:\Task\Remote Signing\TagEkyc\tests\TagEkyc.IntegrationTests\Tip88C1C6BA1CancellationHttpTests.cs(505,43): warning EF1002: Method 'SqlQueryRaw' inserts interpolated strings directly into the SQL, without any protection against SQL injection. Consider using 'SqlQuery' instead, which protects against SQL injection, or make sure that the value is sanitized and suppress the warning. [D:\Task\Remote Signing\TagEkyc\tests\TagEkyc.IntegrationTests\TagEkyc.IntegrationTests.csproj]
     1>D:\Task\Remote Signing\TagEkyc\tests\TagEkyc.IntegrationTests\Tip88C1C6BA1CancellationHttpTests.cs(512,21): warning EF1002: Method 'SqlQueryRaw' inserts interpolated strings directly into the SQL, without any protection against SQL injection. Consider using 'SqlQuery' instead, which protects against SQL injection, or make sure that the value is sanitized and suppress the warning. [D:\Task\Remote Signing\TagEkyc\tests\TagEkyc.IntegrationTests\TagEkyc.IntegrationTests.csproj]
     1>D:\Task\Remote Signing\TagEkyc\tests\TagEkyc.IntegrationTests\Tip88C1C6BA3ConsentRetentionTests.cs(617,91): warning EF1002: Method 'ExecuteSqlRawAsync' inserts interpolated strings directly into the SQL, without any protection against SQL injection. Consider using 'ExecuteSqlAsync' instead, which protects against SQL injection, or make sure that the value is sanitized and suppress the warning. [D:\Task\Remote Signing\TagEkyc\tests\TagEkyc.IntegrationTests\TagEkyc.IntegrationTests.csproj]
     1>D:\Task\Remote Signing\TagEkyc\tests\TagEkyc.IntegrationTests\Tip88C1C6BA3RetentionCheckpointTests.cs(1850,48): warning EF1002: Method 'SqlQueryRaw' inserts interpolated strings directly into the SQL, without any protection against SQL injection. Consider using 'SqlQuery' instead, which protects against SQL injection, or make sure that the value is sanitized and suppress the warning. [D:\Task\Remote Signing\TagEkyc\tests\TagEkyc.IntegrationTests\TagEkyc.IntegrationTests.csproj]
     1>D:\Task\Remote Signing\TagEkyc\tests\TagEkyc.IntegrationTests\Tip88C1C6BA3RetentionCheckpointTests.cs(2050,28): warning EF1002: Method 'SqlQueryRaw' inserts interpolated strings directly into the SQL, without any protection against SQL injection. Consider using 'SqlQuery' instead, which protects against SQL injection, or make sure that the value is sanitized and suppress the warning. [D:\Task\Remote Signing\TagEkyc\tests\TagEkyc.IntegrationTests\TagEkyc.IntegrationTests.csproj]
     1>D:\Task\Remote Signing\TagEkyc\tests\TagEkyc.IntegrationTests\Tip88C1C6BA3ConsentRetentionTests.cs(1284,53): warning EF1002: Method 'SqlQueryRaw' inserts interpolated strings directly into the SQL, without any protection against SQL injection. Consider using 'SqlQuery' instead, which protects against SQL injection, or make sure that the value is sanitized and suppress the warning. [D:\Task\Remote Signing\TagEkyc\tests\TagEkyc.IntegrationTests\TagEkyc.IntegrationTests.csproj]
     1>D:\Task\Remote Signing\TagEkyc\tests\TagEkyc.IntegrationTests\Tip88C1C6BA3R2TerminalProjectionTests.cs(2693,45): warning EF1002: Method 'SqlQueryRaw' inserts interpolated strings directly into the SQL, without any protection against SQL injection. Consider using 'SqlQuery' instead, which protects against SQL injection, or make sure that the value is sanitized and suppress the warning. [D:\Task\Remote Signing\TagEkyc\tests\TagEkyc.IntegrationTests\TagEkyc.IntegrationTests.csproj]
         CompilerServer: server - server processed compilation - TagEkyc.IntegrationTests (net8.0)
       _CopyFilesMarkedCopyLocal:
         Copying file from "C:\Users\Admin\.nuget\packages\awssdk.s3\3.7.405.4\lib\net8.0\AWSSDK.S3.dll" to "D:\Task\Remote Signing\TagEkyc\tests\TagEkyc.IntegrationTests\bin\Debug\net8.0\AWSSDK.S3.dll".
         Copying file from "C:\Users\Admin\.nuget\packages\microsoft.aspnetcore.mvc.testing\8.0.0\lib\net8.0\Microsoft.AspNetCore.Mvc.Testing.dll" to "D:\Task\Remote Signing\TagEkyc\tests\TagEkyc.IntegrationTests\bin\Debug\net8.0\Microsoft.AspNetCore.Mvc.Testing.dll".
         Copying file from "C:\Users\Admin\.nuget\packages\awssdk.core\3.7.400.40\lib\net8.0\AWSSDK.Core.dll" to "D:\Task\Remote Signing\TagEkyc\tests\TagEkyc.IntegrationTests\bin\Debug\net8.0\AWSSDK.Core.dll".
         Copying file from "C:\Users\Admin\.nuget\packages\microsoft.aspnetcore.testhost\8.0.0\lib\net8.0\Microsoft.AspNetCore.TestHost.dll" to "D:\Task\Remote Signing\TagEkyc\tests\TagEkyc.IntegrationTests\bin\Debug\net8.0\Microsoft.AspNetCore.TestHost.dll".
         Copying file from "C:\Users\Admin\.nuget\packages\microsoft.codecoverage\17.8.0\lib\netcoreapp3.1\Microsoft.VisualStudio.CodeCoverage.Shim.dll" to "D:\Task\Remote Signing\TagEkyc\tests\TagEkyc.IntegrationTests\bin\Debug\net8.0\Microsoft.VisualStudio.CodeCoverage.Shim.dll".
         Copying file from "C:\Users\Admin\.nuget\packages\microsoft.entityframeworkcore.abstractions\8.0.0\lib\net8.0\Microsoft.EntityFrameworkCore.Abstractions.dll" to "D:\Task\Remote Signing\TagEkyc\tests\TagEkyc.IntegrationTests\bin\Debug\net8.0\Microsoft.EntityFrameworkCore.Abstractions.dll".
         Copying file from "C:\Users\Admin\.nuget\packages\microsoft.entityframeworkcore\8.0.0\lib\net8.0\Microsoft.EntityFrameworkCore.dll" to "D:\Task\Remote Signing\TagEkyc\tests\TagEkyc.IntegrationTests\bin\Debug\net8.0\Microsoft.EntityFrameworkCore.dll".
         Copying file from "C:\Users\Admin\.nuget\packages\microsoft.entityframeworkcore.relational\8.0.0\lib\net8.0\Microsoft.EntityFrameworkCore.Relational.dll" to "D:\Task\Remote Signing\TagEkyc\tests\TagEkyc.IntegrationTests\bin\Debug\net8.0\Microsoft.EntityFrameworkCore.Relational.dll".
         Copying file from "C:\Users\Admin\.nuget\packages\microsoft.extensions.dependencymodel\8.0.0\lib\net8.0\Microsoft.Extensions.DependencyModel.dll" to "D:\Task\Remote Signing\TagEkyc\tests\TagEkyc.IntegrationTests\bin\Debug\net8.0\Microsoft.Extensions.DependencyModel.dll".
         Copying file from "C:\Users\Admin\.nuget\packages\microsoft.testplatform.objectmodel\17.8.0\lib\netcoreapp3.1\Microsoft.TestPlatform.CoreUtilities.dll" to "D:\Task\Remote Signing\TagEkyc\tests\TagEkyc.IntegrationTests\bin\Debug\net8.0\Microsoft.TestPlatform.CoreUtilities.dll".
         Copying file from "C:\Users\Admin\.nuget\packages\microsoft.testplatform.objectmodel\17.8.0\lib\netcoreapp3.1\Microsoft.TestPlatform.PlatformAbstractions.dll" to "D:\Task\Remote Signing\TagEkyc\tests\TagEkyc.IntegrationTests\bin\Debug\net8.0\Microsoft.TestPlatform.PlatformAbstractions.dll".
         Copying file from "C:\Users\Admin\.nuget\packages\microsoft.testplatform.objectmodel\17.8.0\lib\netcoreapp3.1\Microsoft.VisualStudio.TestPlatform.ObjectModel.dll" to "D:\Task\Remote Signing\TagEkyc\tests\TagEkyc.IntegrationTests\bin\Debug\net8.0\Microsoft.VisualStudio.TestPlatform.ObjectModel.dll".
         Copying file from "C:\Users\Admin\.nuget\packages\microsoft.testplatform.testhost\17.8.0\lib\netcoreapp3.1\Microsoft.TestPlatform.CommunicationUtilities.dll" to "D:\Task\Remote Signing\TagEkyc\tests\TagEkyc.IntegrationTests\bin\Debug\net8.0\Microsoft.TestPlatform.CommunicationUtilities.dll".
         Copying file from "C:\Users\Admin\.nuget\packages\microsoft.testplatform.testhost\17.8.0\lib\netcoreapp3.1\Microsoft.TestPlatform.Utilities.dll" to "D:\Task\Remote Signing\TagEkyc\tests\TagEkyc.IntegrationTests\bin\Debug\net8.0\Microsoft.TestPlatform.Utilities.dll".
         Copying file from "C:\Users\Admin\.nuget\packages\microsoft.testplatform.testhost\17.8.0\lib\netcoreapp3.1\Microsoft.VisualStudio.TestPlatform.Common.dll" to "D:\Task\Remote Signing\TagEkyc\tests\TagEkyc.IntegrationTests\bin\Debug\net8.0\Microsoft.VisualStudio.TestPlatform.Common.dll".
         Copying file from "C:\Users\Admin\.nuget\packages\microsoft.testplatform.testhost\17.8.0\lib\netcoreapp3.1\testhost.dll" to "D:\Task\Remote Signing\TagEkyc\tests\TagEkyc.IntegrationTests\bin\Debug\net8.0\testhost.dll".
         Copying file from "C:\Users\Admin\.nuget\packages\microsoft.testplatform.testhost\17.8.0\lib\netcoreapp3.1\Microsoft.TestPlatform.CrossPlatEngine.dll" to "D:\Task\Remote Signing\TagEkyc\tests\TagEkyc.IntegrationTests\bin\Debug\net8.0\Microsoft.TestPlatform.CrossPlatEngine.dll".
         Copying file from "C:\Users\Admin\.nuget\packages\newtonsoft.json\13.0.1\lib\netstandard2.0\Newtonsoft.Json.dll" to "D:\Task\Remote Signing\TagEkyc\tests\TagEkyc.IntegrationTests\bin\Debug\net8.0\Newtonsoft.Json.dll".
         Copying file from "C:\Users\Admin\.nuget\packages\npgsql\8.0.3\lib\net8.0\Npgsql.dll" to "D:\Task\Remote Signing\TagEkyc\tests\TagEkyc.IntegrationTests\bin\Debug\net8.0\Npgsql.dll".
         Copying file from "C:\Users\Admin\.nuget\packages\nuget.frameworks\6.5.0\lib\netstandard2.0\NuGet.Frameworks.dll" to "D:\Task\Remote Signing\TagEkyc\tests\TagEkyc.IntegrationTests\bin\Debug\net8.0\NuGet.Frameworks.dll".
         Copying file from "C:\Users\Admin\.nuget\packages\npgsql.entityframeworkcore.postgresql\8.0.0\lib\net8.0\Npgsql.EntityFrameworkCore.PostgreSQL.dll" to "D:\Task\Remote Signing\TagEkyc\tests\TagEkyc.IntegrationTests\bin\Debug\net8.0\Npgsql.EntityFrameworkCore.PostgreSQL.dll".
         Copying file from "C:\Users\Admin\.nuget\packages\pkcs11interop\5.3.0\lib\netstandard2.0\Pkcs11Interop.dll" to "D:\Task\Remote Signing\TagEkyc\tests\TagEkyc.IntegrationTests\bin\Debug\net8.0\Pkcs11Interop.dll".
         Copying file from "C:\Users\Admin\.nuget\packages\xunit.abstractions\2.0.3\lib\netstandard2.0\xunit.abstractions.dll" to "D:\Task\Remote Signing\TagEkyc\tests\TagEkyc.IntegrationTests\bin\Debug\net8.0\xunit.abstractions.dll".
         Copying file from "C:\Users\Admin\.nuget\packages\xunit.assert\2.5.3\lib\netstandard1.1\xunit.assert.dll" to "D:\Task\Remote Signing\TagEkyc\tests\TagEkyc.IntegrationTests\bin\Debug\net8.0\xunit.assert.dll".
         Copying file from "C:\Users\Admin\.nuget\packages\xunit.extensibility.core\2.5.3\lib\netstandard1.1\xunit.core.dll" to "D:\Task\Remote Signing\TagEkyc\tests\TagEkyc.IntegrationTests\bin\Debug\net8.0\xunit.core.dll".
         Copying file from "C:\Users\Admin\.nuget\packages\xunit.extensibility.execution\2.5.3\lib\netstandard1.1\xunit.execution.dotnet.dll" to "D:\Task\Remote Signing\TagEkyc\tests\TagEkyc.IntegrationTests\bin\Debug\net8.0\xunit.execution.dotnet.dll".
         Copying file from "C:\Users\Admin\.nuget\packages\microsoft.testplatform.objectmodel\17.8.0\lib\netcoreapp3.1\cs\Microsoft.VisualStudio.TestPlatform.ObjectModel.resources.dll" to "D:\Task\Remote Signing\TagEkyc\tests\TagEkyc.IntegrationTests\bin\Debug\net8.0\cs\Microsoft.VisualStudio.TestPlatform.ObjectModel.resources.dll".
         Copying file from "C:\Users\Admin\.nuget\packages\microsoft.testplatform.objectmodel\17.8.0\lib\netcoreapp3.1\cs\Microsoft.TestPlatform.CoreUtilities.resources.dll" to "D:\Task\Remote Signing\TagEkyc\tests\TagEkyc.IntegrationTests\bin\Debug\net8.0\cs\Microsoft.TestPlatform.CoreUtilities.resources.dll".
         Copying file from "C:\Users\Admin\.nuget\packages\microsoft.testplatform.objectmodel\17.8.0\lib\netcoreapp3.1\de\Microsoft.TestPlatform.CoreUtilities.resources.dll" to "D:\Task\Remote Signing\TagEkyc\tests\TagEkyc.IntegrationTests\bin\Debug\net8.0\de\Microsoft.TestPlatform.CoreUtilities.resources.dll".
         Copying file from "C:\Users\Admin\.nuget\packages\microsoft.testplatform.objectmodel\17.8.0\lib\netcoreapp3.1\de\Microsoft.VisualStudio.TestPlatform.ObjectModel.resources.dll" to "D:\Task\Remote Signing\TagEkyc\tests\TagEkyc.IntegrationTests\bin\Debug\net8.0\de\Microsoft.VisualStudio.TestPlatform.ObjectModel.resources.dll".
         Copying file from "C:\Users\Admin\.nuget\packages\microsoft.testplatform.objectmodel\17.8.0\lib\netcoreapp3.1\es\Microsoft.TestPlatform.CoreUtilities.resources.dll" to "D:\Task\Remote Signing\TagEkyc\tests\TagEkyc.IntegrationTests\bin\Debug\net8.0\es\Microsoft.TestPlatform.CoreUtilities.resources.dll".
         Copying file from "C:\Users\Admin\.nuget\packages\microsoft.testplatform.objectmodel\17.8.0\lib\netcoreapp3.1\es\Microsoft.VisualStudio.TestPlatform.ObjectModel.resources.dll" to "D:\Task\Remote Signing\TagEkyc\tests\TagEkyc.IntegrationTests\bin\Debug\net8.0\es\Microsoft.VisualStudio.TestPlatform.ObjectModel.resources.dll".
         Copying file from "C:\Users\Admin\.nuget\packages\microsoft.testplatform.objectmodel\17.8.0\lib\netcoreapp3.1\fr\Microsoft.TestPlatform.CoreUtilities.resources.dll" to "D:\Task\Remote Signing\TagEkyc\tests\TagEkyc.IntegrationTests\bin\Debug\net8.0\fr\Microsoft.TestPlatform.CoreUtilities.resources.dll".
         Copying file from "C:\Users\Admin\.nuget\packages\microsoft.testplatform.objectmodel\17.8.0\lib\netcoreapp3.1\fr\Microsoft.VisualStudio.TestPlatform.ObjectModel.resources.dll" to "D:\Task\Remote Signing\TagEkyc\tests\TagEkyc.IntegrationTests\bin\Debug\net8.0\fr\Microsoft.VisualStudio.TestPlatform.ObjectModel.resources.dll".
         Copying file from "C:\Users\Admin\.nuget\packages\microsoft.testplatform.objectmodel\17.8.0\lib\netcoreapp3.1\it\Microsoft.VisualStudio.TestPlatform.ObjectModel.resources.dll" to "D:\Task\Remote Signing\TagEkyc\tests\TagEkyc.IntegrationTests\bin\Debug\net8.0\it\Microsoft.VisualStudio.TestPlatform.ObjectModel.resources.dll".
         Copying file from "C:\Users\Admin\.nuget\packages\microsoft.testplatform.objectmodel\17.8.0\lib\netcoreapp3.1\ja\Microsoft.TestPlatform.CoreUtilities.resources.dll" to "D:\Task\Remote Signing\TagEkyc\tests\TagEkyc.IntegrationTests\bin\Debug\net8.0\ja\Microsoft.TestPlatform.CoreUtilities.resources.dll".
         Copying file from "C:\Users\Admin\.nuget\packages\microsoft.testplatform.objectmodel\17.8.0\lib\netcoreapp3.1\it\Microsoft.TestPlatform.CoreUtilities.resources.dll" to "D:\Task\Remote Signing\TagEkyc\tests\TagEkyc.IntegrationTests\bin\Debug\net8.0\it\Microsoft.TestPlatform.CoreUtilities.resources.dll".
         Copying file from "C:\Users\Admin\.nuget\packages\microsoft.testplatform.objectmodel\17.8.0\lib\netcoreapp3.1\ja\Microsoft.VisualStudio.TestPlatform.ObjectModel.resources.dll" to "D:\Task\Remote Signing\TagEkyc\tests\TagEkyc.IntegrationTests\bin\Debug\net8.0\ja\Microsoft.VisualStudio.TestPlatform.ObjectModel.resources.dll".
         Copying file from "C:\Users\Admin\.nuget\packages\microsoft.testplatform.objectmodel\17.8.0\lib\netcoreapp3.1\ko\Microsoft.TestPlatform.CoreUtilities.resources.dll" to "D:\Task\Remote Signing\TagEkyc\tests\TagEkyc.IntegrationTests\bin\Debug\net8.0\ko\Microsoft.TestPlatform.CoreUtilities.resources.dll".
         Copying file from "C:\Users\Admin\.nuget\packages\microsoft.testplatform.objectmodel\17.8.0\lib\netcoreapp3.1\ko\Microsoft.VisualStudio.TestPlatform.ObjectModel.resources.dll" to "D:\Task\Remote Signing\TagEkyc\tests\TagEkyc.IntegrationTests\bin\Debug\net8.0\ko\Microsoft.VisualStudio.TestPlatform.ObjectModel.resources.dll".
         Copying file from "C:\Users\Admin\.nuget\packages\microsoft.testplatform.objectmodel\17.8.0\lib\netcoreapp3.1\pl\Microsoft.TestPlatform.CoreUtilities.resources.dll" to "D:\Task\Remote Signing\TagEkyc\tests\TagEkyc.IntegrationTests\bin\Debug\net8.0\pl\Microsoft.TestPlatform.CoreUtilities.resources.dll".
         Copying file from "C:\Users\Admin\.nuget\packages\microsoft.testplatform.objectmodel\17.8.0\lib\netcoreapp3.1\pl\Microsoft.VisualStudio.TestPlatform.ObjectModel.resources.dll" to "D:\Task\Remote Signing\TagEkyc\tests\TagEkyc.IntegrationTests\bin\Debug\net8.0\pl\Microsoft.VisualStudio.TestPlatform.ObjectModel.resources.dll".
         Copying file from "C:\Users\Admin\.nuget\packages\microsoft.testplatform.objectmodel\17.8.0\lib\netcoreapp3.1\pt-BR\Microsoft.VisualStudio.TestPlatform.ObjectModel.resources.dll" to "D:\Task\Remote Signing\TagEkyc\tests\TagEkyc.IntegrationTests\bin\Debug\net8.0\pt-BR\Microsoft.VisualStudio.TestPlatform.ObjectModel.resources.dll".
         Copying file from "C:\Users\Admin\.nuget\packages\microsoft.testplatform.objectmodel\17.8.0\lib\netcoreapp3.1\ru\Microsoft.TestPlatform.CoreUtilities.resources.dll" to "D:\Task\Remote Signing\TagEkyc\tests\TagEkyc.IntegrationTests\bin\Debug\net8.0\ru\Microsoft.TestPlatform.CoreUtilities.resources.dll".
         Copying file from "C:\Users\Admin\.nuget\packages\microsoft.testplatform.objectmodel\17.8.0\lib\netcoreapp3.1\ru\Microsoft.VisualStudio.TestPlatform.ObjectModel.resources.dll" to "D:\Task\Remote Signing\TagEkyc\tests\TagEkyc.IntegrationTests\bin\Debug\net8.0\ru\Microsoft.VisualStudio.TestPlatform.ObjectModel.resources.dll".
         Copying file from "C:\Users\Admin\.nuget\packages\microsoft.testplatform.objectmodel\17.8.0\lib\netcoreapp3.1\pt-BR\Microsoft.TestPlatform.CoreUtilities.resources.dll" to "D:\Task\Remote Signing\TagEkyc\tests\TagEkyc.IntegrationTests\bin\Debug\net8.0\pt-BR\Microsoft.TestPlatform.CoreUtilities.resources.dll".
         Copying file from "C:\Users\Admin\.nuget\packages\microsoft.testplatform.objectmodel\17.8.0\lib\netcoreapp3.1\tr\Microsoft.VisualStudio.TestPlatform.ObjectModel.resources.dll" to "D:\Task\Remote Signing\TagEkyc\tests\TagEkyc.IntegrationTests\bin\Debug\net8.0\tr\Microsoft.VisualStudio.TestPlatform.ObjectModel.resources.dll".
         Copying file from "C:\Users\Admin\.nuget\packages\microsoft.testplatform.objectmodel\17.8.0\lib\netcoreapp3.1\zh-Hans\Microsoft.TestPlatform.CoreUtilities.resources.dll" to "D:\Task\Remote Signing\TagEkyc\tests\TagEkyc.IntegrationTests\bin\Debug\net8.0\zh-Hans\Microsoft.TestPlatform.CoreUtilities.resources.dll".
         Copying file from "C:\Users\Admin\.nuget\packages\microsoft.testplatform.objectmodel\17.8.0\lib\netcoreapp3.1\zh-Hans\Microsoft.VisualStudio.TestPlatform.ObjectModel.resources.dll" to "D:\Task\Remote Signing\TagEkyc\tests\TagEkyc.IntegrationTests\bin\Debug\net8.0\zh-Hans\Microsoft.VisualStudio.TestPlatform.ObjectModel.resources.dll".
         Copying file from "C:\Users\Admin\.nuget\packages\microsoft.testplatform.objectmodel\17.8.0\lib\netcoreapp3.1\tr\Microsoft.TestPlatform.CoreUtilities.resources.dll" to "D:\Task\Remote Signing\TagEkyc\tests\TagEkyc.IntegrationTests\bin\Debug\net8.0\tr\Microsoft.TestPlatform.CoreUtilities.resources.dll".
         Copying file from "C:\Users\Admin\.nuget\packages\microsoft.testplatform.objectmodel\17.8.0\lib\netcoreapp3.1\zh-Hant\Microsoft.TestPlatform.CoreUtilities.resources.dll" to "D:\Task\Remote Signing\TagEkyc\tests\TagEkyc.IntegrationTests\bin\Debug\net8.0\zh-Hant\Microsoft.TestPlatform.CoreUtilities.resources.dll".
         Copying file from "C:\Users\Admin\.nuget\packages\microsoft.testplatform.objectmodel\17.8.0\lib\netcoreapp3.1\zh-Hant\Microsoft.VisualStudio.TestPlatform.ObjectModel.resources.dll" to "D:\Task\Remote Signing\TagEkyc\tests\TagEkyc.IntegrationTests\bin\Debug\net8.0\zh-Hant\Microsoft.VisualStudio.TestPlatform.ObjectModel.resources.dll".
         Copying file from "C:\Users\Admin\.nuget\packages\microsoft.testplatform.testhost\17.8.0\lib\netcoreapp3.1\cs\Microsoft.TestPlatform.CommunicationUtilities.resources.dll" to "D:\Task\Remote Signing\TagEkyc\tests\TagEkyc.IntegrationTests\bin\Debug\net8.0\cs\Microsoft.TestPlatform.CommunicationUtilities.resources.dll".
         Copying file from "C:\Users\Admin\.nuget\packages\microsoft.testplatform.testhost\17.8.0\lib\netcoreapp3.1\cs\Microsoft.TestPlatform.CrossPlatEngine.resources.dll" to "D:\Task\Remote Signing\TagEkyc\tests\TagEkyc.IntegrationTests\bin\Debug\net8.0\cs\Microsoft.TestPlatform.CrossPlatEngine.resources.dll".
         Copying file from "C:\Users\Admin\.nuget\packages\microsoft.testplatform.testhost\17.8.0\lib\netcoreapp3.1\cs\Microsoft.VisualStudio.TestPlatform.Common.resources.dll" to "D:\Task\Remote Signing\TagEkyc\tests\TagEkyc.IntegrationTests\bin\Debug\net8.0\cs\Microsoft.VisualStudio.TestPlatform.Common.resources.dll".
         Copying file from "C:\Users\Admin\.nuget\packages\microsoft.testplatform.testhost\17.8.0\lib\netcoreapp3.1\de\Microsoft.TestPlatform.CommunicationUtilities.resources.dll" to "D:\Task\Remote Signing\TagEkyc\tests\TagEkyc.IntegrationTests\bin\Debug\net8.0\de\Microsoft.TestPlatform.CommunicationUtilities.resources.dll".
         Copying file from "C:\Users\Admin\.nuget\packages\microsoft.testplatform.testhost\17.8.0\lib\netcoreapp3.1\de\Microsoft.TestPlatform.CrossPlatEngine.resources.dll" to "D:\Task\Remote Signing\TagEkyc\tests\TagEkyc.IntegrationTests\bin\Debug\net8.0\de\Microsoft.TestPlatform.CrossPlatEngine.resources.dll".
         Copying file from "C:\Users\Admin\.nuget\packages\microsoft.testplatform.testhost\17.8.0\lib\netcoreapp3.1\de\Microsoft.VisualStudio.TestPlatform.Common.resources.dll" to "D:\Task\Remote Signing\TagEkyc\tests\TagEkyc.IntegrationTests\bin\Debug\net8.0\de\Microsoft.VisualStudio.TestPlatform.Common.resources.dll".
         Copying file from "C:\Users\Admin\.nuget\packages\microsoft.testplatform.testhost\17.8.0\lib\netcoreapp3.1\es\Microsoft.TestPlatform.CommunicationUtilities.resources.dll" to "D:\Task\Remote Signing\TagEkyc\tests\TagEkyc.IntegrationTests\bin\Debug\net8.0\es\Microsoft.TestPlatform.CommunicationUtilities.resources.dll".
         Copying file from "C:\Users\Admin\.nuget\packages\microsoft.testplatform.testhost\17.8.0\lib\netcoreapp3.1\es\Microsoft.TestPlatform.CrossPlatEngine.resources.dll" to "D:\Task\Remote Signing\TagEkyc\tests\TagEkyc.IntegrationTests\bin\Debug\net8.0\es\Microsoft.TestPlatform.CrossPlatEngine.resources.dll".
         Copying file from "C:\Users\Admin\.nuget\packages\microsoft.testplatform.testhost\17.8.0\lib\netcoreapp3.1\fr\Microsoft.TestPlatform.CommunicationUtilities.resources.dll" to "D:\Task\Remote Signing\TagEkyc\tests\TagEkyc.IntegrationTests\bin\Debug\net8.0\fr\Microsoft.TestPlatform.CommunicationUtilities.resources.dll".
         Copying file from "C:\Users\Admin\.nuget\packages\microsoft.testplatform.testhost\17.8.0\lib\netcoreapp3.1\fr\Microsoft.TestPlatform.CrossPlatEngine.resources.dll" to "D:\Task\Remote Signing\TagEkyc\tests\TagEkyc.IntegrationTests\bin\Debug\net8.0\fr\Microsoft.TestPlatform.CrossPlatEngine.resources.dll".
         Copying file from "C:\Users\Admin\.nuget\packages\microsoft.testplatform.testhost\17.8.0\lib\netcoreapp3.1\fr\Microsoft.VisualStudio.TestPlatform.Common.resources.dll" to "D:\Task\Remote Signing\TagEkyc\tests\TagEkyc.IntegrationTests\bin\Debug\net8.0\fr\Microsoft.VisualStudio.TestPlatform.Common.resources.dll".
         Copying file from "C:\Users\Admin\.nuget\packages\microsoft.testplatform.testhost\17.8.0\lib\netcoreapp3.1\it\Microsoft.TestPlatform.CommunicationUtilities.resources.dll" to "D:\Task\Remote Signing\TagEkyc\tests\TagEkyc.IntegrationTests\bin\Debug\net8.0\it\Microsoft.TestPlatform.CommunicationUtilities.resources.dll".
         Copying file from "C:\Users\Admin\.nuget\packages\microsoft.testplatform.testhost\17.8.0\lib\netcoreapp3.1\it\Microsoft.TestPlatform.CrossPlatEngine.resources.dll" to "D:\Task\Remote Signing\TagEkyc\tests\TagEkyc.IntegrationTests\bin\Debug\net8.0\it\Microsoft.TestPlatform.CrossPlatEngine.resources.dll".
         Copying file from "C:\Users\Admin\.nuget\packages\microsoft.testplatform.testhost\17.8.0\lib\netcoreapp3.1\it\Microsoft.VisualStudio.TestPlatform.Common.resources.dll" to "D:\Task\Remote Signing\TagEkyc\tests\TagEkyc.IntegrationTests\bin\Debug\net8.0\it\Microsoft.VisualStudio.TestPlatform.Common.resources.dll".
         Copying file from "C:\Users\Admin\.nuget\packages\microsoft.testplatform.testhost\17.8.0\lib\netcoreapp3.1\ja\Microsoft.TestPlatform.CommunicationUtilities.resources.dll" to "D:\Task\Remote Signing\TagEkyc\tests\TagEkyc.IntegrationTests\bin\Debug\net8.0\ja\Microsoft.TestPlatform.CommunicationUtilities.resources.dll".
         Copying file from "C:\Users\Admin\.nuget\packages\microsoft.testplatform.testhost\17.8.0\lib\netcoreapp3.1\ja\Microsoft.TestPlatform.CrossPlatEngine.resources.dll" to "D:\Task\Remote Signing\TagEkyc\tests\TagEkyc.IntegrationTests\bin\Debug\net8.0\ja\Microsoft.TestPlatform.CrossPlatEngine.resources.dll".
         Copying file from "C:\Users\Admin\.nuget\packages\microsoft.testplatform.testhost\17.8.0\lib\netcoreapp3.1\ja\Microsoft.VisualStudio.TestPlatform.Common.resources.dll" to "D:\Task\Remote Signing\TagEkyc\tests\TagEkyc.IntegrationTests\bin\Debug\net8.0\ja\Microsoft.VisualStudio.TestPlatform.Common.resources.dll".
         Copying file from "C:\Users\Admin\.nuget\packages\microsoft.testplatform.testhost\17.8.0\lib\netcoreapp3.1\ko\Microsoft.TestPlatform.CommunicationUtilities.resources.dll" to "D:\Task\Remote Signing\TagEkyc\tests\TagEkyc.IntegrationTests\bin\Debug\net8.0\ko\Microsoft.TestPlatform.CommunicationUtilities.resources.dll".
         Copying file from "C:\Users\Admin\.nuget\packages\microsoft.testplatform.testhost\17.8.0\lib\netcoreapp3.1\ko\Microsoft.TestPlatform.CrossPlatEngine.resources.dll" to "D:\Task\Remote Signing\TagEkyc\tests\TagEkyc.IntegrationTests\bin\Debug\net8.0\ko\Microsoft.TestPlatform.CrossPlatEngine.resources.dll".
         Copying file from "C:\Users\Admin\.nuget\packages\microsoft.testplatform.testhost\17.8.0\lib\netcoreapp3.1\ko\Microsoft.VisualStudio.TestPlatform.Common.resources.dll" to "D:\Task\Remote Signing\TagEkyc\tests\TagEkyc.IntegrationTests\bin\Debug\net8.0\ko\Microsoft.VisualStudio.TestPlatform.Common.resources.dll".
         Copying file from "C:\Users\Admin\.nuget\packages\microsoft.testplatform.testhost\17.8.0\lib\netcoreapp3.1\pl\Microsoft.TestPlatform.CrossPlatEngine.resources.dll" to "D:\Task\Remote Signing\TagEkyc\tests\TagEkyc.IntegrationTests\bin\Debug\net8.0\pl\Microsoft.TestPlatform.CrossPlatEngine.resources.dll".
         Copying file from "C:\Users\Admin\.nuget\packages\microsoft.testplatform.testhost\17.8.0\lib\netcoreapp3.1\pl\Microsoft.VisualStudio.TestPlatform.Common.resources.dll" to "D:\Task\Remote Signing\TagEkyc\tests\TagEkyc.IntegrationTests\bin\Debug\net8.0\pl\Microsoft.VisualStudio.TestPlatform.Common.resources.dll".
         Copying file from "C:\Users\Admin\.nuget\packages\microsoft.testplatform.testhost\17.8.0\lib\netcoreapp3.1\pl\Microsoft.TestPlatform.CommunicationUtilities.resources.dll" to "D:\Task\Remote Signing\TagEkyc\tests\TagEkyc.IntegrationTests\bin\Debug\net8.0\pl\Microsoft.TestPlatform.CommunicationUtilities.resources.dll".
         Copying file from "C:\Users\Admin\.nuget\packages\microsoft.testplatform.testhost\17.8.0\lib\netcoreapp3.1\pt-BR\Microsoft.TestPlatform.CommunicationUtilities.resources.dll" to "D:\Task\Remote Signing\TagEkyc\tests\TagEkyc.IntegrationTests\bin\Debug\net8.0\pt-BR\Microsoft.TestPlatform.CommunicationUtilities.resources.dll".
         Copying file from "C:\Users\Admin\.nuget\packages\microsoft.testplatform.testhost\17.8.0\lib\netcoreapp3.1\pt-BR\Microsoft.TestPlatform.CrossPlatEngine.resources.dll" to "D:\Task\Remote Signing\TagEkyc\tests\TagEkyc.IntegrationTests\bin\Debug\net8.0\pt-BR\Microsoft.TestPlatform.CrossPlatEngine.resources.dll".
         Copying file from "C:\Users\Admin\.nuget\packages\microsoft.testplatform.testhost\17.8.0\lib\netcoreapp3.1\pt-BR\Microsoft.VisualStudio.TestPlatform.Common.resources.dll" to "D:\Task\Remote Signing\TagEkyc\tests\TagEkyc.IntegrationTests\bin\Debug\net8.0\pt-BR\Microsoft.VisualStudio.TestPlatform.Common.resources.dll".
         Copying file from "C:\Users\Admin\.nuget\packages\microsoft.testplatform.testhost\17.8.0\lib\netcoreapp3.1\ru\Microsoft.TestPlatform.CommunicationUtilities.resources.dll" to "D:\Task\Remote Signing\TagEkyc\tests\TagEkyc.IntegrationTests\bin\Debug\net8.0\ru\Microsoft.TestPlatform.CommunicationUtilities.resources.dll".
         Copying file from "C:\Users\Admin\.nuget\packages\microsoft.testplatform.testhost\17.8.0\lib\netcoreapp3.1\ru\Microsoft.TestPlatform.CrossPlatEngine.resources.dll" to "D:\Task\Remote Signing\TagEkyc\tests\TagEkyc.IntegrationTests\bin\Debug\net8.0\ru\Microsoft.TestPlatform.CrossPlatEngine.resources.dll".
         Copying file from "C:\Users\Admin\.nuget\packages\microsoft.testplatform.testhost\17.8.0\lib\netcoreapp3.1\ru\Microsoft.VisualStudio.TestPlatform.Common.resources.dll" to "D:\Task\Remote Signing\TagEkyc\tests\TagEkyc.IntegrationTests\bin\Debug\net8.0\ru\Microsoft.VisualStudio.TestPlatform.Common.resources.dll".
         Copying file from "C:\Users\Admin\.nuget\packages\microsoft.testplatform.testhost\17.8.0\lib\netcoreapp3.1\tr\Microsoft.TestPlatform.CommunicationUtilities.resources.dll" to "D:\Task\Remote Signing\TagEkyc\tests\TagEkyc.IntegrationTests\bin\Debug\net8.0\tr\Microsoft.TestPlatform.CommunicationUtilities.resources.dll".
         Copying file from "C:\Users\Admin\.nuget\packages\microsoft.testplatform.testhost\17.8.0\lib\netcoreapp3.1\tr\Microsoft.TestPlatform.CrossPlatEngine.resources.dll" to "D:\Task\Remote Signing\TagEkyc\tests\TagEkyc.IntegrationTests\bin\Debug\net8.0\tr\Microsoft.TestPlatform.CrossPlatEngine.resources.dll".
         Copying file from "C:\Users\Admin\.nuget\packages\microsoft.testplatform.testhost\17.8.0\lib\netcoreapp3.1\tr\Microsoft.VisualStudio.TestPlatform.Common.resources.dll" to "D:\Task\Remote Signing\TagEkyc\tests\TagEkyc.IntegrationTests\bin\Debug\net8.0\tr\Microsoft.VisualStudio.TestPlatform.Common.resources.dll".
         Copying file from "C:\Users\Admin\.nuget\packages\microsoft.testplatform.testhost\17.8.0\lib\netcoreapp3.1\zh-Hans\Microsoft.TestPlatform.CommunicationUtilities.resources.dll" to "D:\Task\Remote Signing\TagEkyc\tests\TagEkyc.IntegrationTests\bin\Debug\net8.0\zh-Hans\Microsoft.TestPlatform.CommunicationUtilities.resources.dll".
         Copying file from "C:\Users\Admin\.nuget\packages\microsoft.testplatform.testhost\17.8.0\lib\netcoreapp3.1\zh-Hans\Microsoft.TestPlatform.CrossPlatEngine.resources.dll" to "D:\Task\Remote Signing\TagEkyc\tests\TagEkyc.IntegrationTests\bin\Debug\net8.0\zh-Hans\Microsoft.TestPlatform.CrossPlatEngine.resources.dll".
         Copying file from "C:\Users\Admin\.nuget\packages\microsoft.testplatform.testhost\17.8.0\lib\netcoreapp3.1\zh-Hans\Microsoft.VisualStudio.TestPlatform.Common.resources.dll" to "D:\Task\Remote Signing\TagEkyc\tests\TagEkyc.IntegrationTests\bin\Debug\net8.0\zh-Hans\Microsoft.VisualStudio.TestPlatform.Common.resources.dll".
         Copying file from "C:\Users\Admin\.nuget\packages\microsoft.testplatform.testhost\17.8.0\lib\netcoreapp3.1\zh-Hant\Microsoft.TestPlatform.CommunicationUtilities.resources.dll" to "D:\Task\Remote Signing\TagEkyc\tests\TagEkyc.IntegrationTests\bin\Debug\net8.0\zh-Hant\Microsoft.TestPlatform.CommunicationUtilities.resources.dll".
         Copying file from "C:\Users\Admin\.nuget\packages\microsoft.testplatform.testhost\17.8.0\lib\netcoreapp3.1\zh-Hant\Microsoft.TestPlatform.CrossPlatEngine.resources.dll" to "D:\Task\Remote Signing\TagEkyc\tests\TagEkyc.IntegrationTests\bin\Debug\net8.0\zh-Hant\Microsoft.TestPlatform.CrossPlatEngine.resources.dll".
         Copying file from "D:\Task\Remote Signing\TagEkyc\src\TagEkyc.Api\bin\Debug\net8.0\TagEkyc.Api.dll" to "D:\Task\Remote Signing\TagEkyc\tests\TagEkyc.IntegrationTests\bin\Debug\net8.0\TagEkyc.Api.dll".
         Copying file from "D:\Task\Remote Signing\TagEkyc\src\TagEkyc.Application\bin\Debug\net8.0\TagEkyc.Application.dll" to "D:\Task\Remote Signing\TagEkyc\tests\TagEkyc.IntegrationTests\bin\Debug\net8.0\TagEkyc.Application.dll".
         Copying file from "C:\Users\Admin\.nuget\packages\microsoft.testplatform.testhost\17.8.0\lib\netcoreapp3.1\zh-Hant\Microsoft.VisualStudio.TestPlatform.Common.resources.dll" to "D:\Task\Remote Signing\TagEkyc\tests\TagEkyc.IntegrationTests\bin\Debug\net8.0\zh-Hant\Microsoft.VisualStudio.TestPlatform.Common.resources.dll".
         Copying file from "D:\Task\Remote Signing\TagEkyc\src\TagEkyc.Contracts\bin\Debug\net8.0\TagEkyc.Contracts.dll" to "D:\Task\Remote Signing\TagEkyc\tests\TagEkyc.IntegrationTests\bin\Debug\net8.0\TagEkyc.Contracts.dll".
         Copying file from "D:\Task\Remote Signing\TagEkyc\src\TagEkyc.Domain\bin\Debug\net8.0\TagEkyc.Domain.dll" to "D:\Task\Remote Signing\TagEkyc\tests\TagEkyc.IntegrationTests\bin\Debug\net8.0\TagEkyc.Domain.dll".
         Copying file from "C:\Users\Admin\.nuget\packages\microsoft.testplatform.testhost\17.8.0\lib\netcoreapp3.1\es\Microsoft.VisualStudio.TestPlatform.Common.resources.dll" to "D:\Task\Remote Signing\TagEkyc\tests\TagEkyc.IntegrationTests\bin\Debug\net8.0\es\Microsoft.VisualStudio.TestPlatform.Common.resources.dll".
         Copying file from "D:\Task\Remote Signing\TagEkyc\src\TagEkyc.Infrastructure\bin\Debug\net8.0\TagEkyc.Infrastructure.dll" to "D:\Task\Remote Signing\TagEkyc\tests\TagEkyc.IntegrationTests\bin\Debug\net8.0\TagEkyc.Infrastructure.dll".
         Copying file from "D:\Task\Remote Signing\TagEkyc\src\TagEkyc.Api\bin\Debug\net8.0\TagEkyc.Api.pdb" to "D:\Task\Remote Signing\TagEkyc\tests\TagEkyc.IntegrationTests\bin\Debug\net8.0\TagEkyc.Api.pdb".
         Copying file from "D:\Task\Remote Signing\TagEkyc\src\TagEkyc.Application\bin\Debug\net8.0\TagEkyc.Application.pdb" to "D:\Task\Remote Signing\TagEkyc\tests\TagEkyc.IntegrationTests\bin\Debug\net8.0\TagEkyc.Application.pdb".
         Copying file from "D:\Task\Remote Signing\TagEkyc\src\TagEkyc.Contracts\bin\Debug\net8.0\TagEkyc.Contracts.pdb" to "D:\Task\Remote Signing\TagEkyc\tests\TagEkyc.IntegrationTests\bin\Debug\net8.0\TagEkyc.Contracts.pdb".
         Copying file from "D:\Task\Remote Signing\TagEkyc\src\TagEkyc.Domain\bin\Debug\net8.0\TagEkyc.Domain.pdb" to "D:\Task\Remote Signing\TagEkyc\tests\TagEkyc.IntegrationTests\bin\Debug\net8.0\TagEkyc.Domain.pdb".
         Copying file from "D:\Task\Remote Signing\TagEkyc\src\TagEkyc.Infrastructure\bin\Debug\net8.0\TagEkyc.Infrastructure.pdb" to "D:\Task\Remote Signing\TagEkyc\tests\TagEkyc.IntegrationTests\bin\Debug\net8.0\TagEkyc.Infrastructure.pdb".
         Creating "D:\Task\Remote Signing\TagEkyc\tests\TagEkyc.IntegrationTests\obj\Debug\net8.0\TagEkyc..3552B8ED.Up2Date" because "AlwaysCreate" was specified.
         Touching "D:\Task\Remote Signing\TagEkyc\tests\TagEkyc.IntegrationTests\obj\Debug\net8.0\TagEkyc..3552B8ED.Up2Date".
       _CopyOutOfDateSourceItemsToOutputDirectory:
       Building target "_CopyOutOfDateSourceItemsToOutputDirectory" partially, because some output files are out of date with respect to their input files.
         Copying file from "D:\Task\Remote Signing\TagEkyc\src\TagEkyc.Api\obj\Debug\net8.0\staticwebassets.build.endpoints.json" to "D:\Task\Remote Signing\TagEkyc\tests\TagEkyc.IntegrationTests\bin\Debug\net8.0\TagEkyc.Api.staticwebassets.endpoints.json".
         Copying file from "D:\Task\Remote Signing\TagEkyc\src\TagEkyc.Api\appsettings.Development.json" to "D:\Task\Remote Signing\TagEkyc\tests\TagEkyc.IntegrationTests\bin\Debug\net8.0\appsettings.Development.json".
         Copying file from "D:\Task\Remote Signing\TagEkyc\src\TagEkyc.Api\obj\Debug\net8.0\apphost.exe" to "D:\Task\Remote Signing\TagEkyc\tests\TagEkyc.IntegrationTests\bin\Debug\net8.0\TagEkyc.Api.exe".
         Copying file from "D:\Task\Remote Signing\TagEkyc\src\TagEkyc.Api\bin\Debug\net8.0\TagEkyc.Api.deps.json" to "D:\Task\Remote Signing\TagEkyc\tests\TagEkyc.IntegrationTests\bin\Debug\net8.0\TagEkyc.Api.deps.json".
         Copying file from "D:\Task\Remote Signing\TagEkyc\src\TagEkyc.Api\bin\Debug\net8.0\TagEkyc.Api.runtimeconfig.json" to "D:\Task\Remote Signing\TagEkyc\tests\TagEkyc.IntegrationTests\bin\Debug\net8.0\TagEkyc.Api.runtimeconfig.json".
         Copying file from "D:\Task\Remote Signing\TagEkyc\src\TagEkyc.Api\appsettings.json" to "D:\Task\Remote Signing\TagEkyc\tests\TagEkyc.IntegrationTests\bin\Debug\net8.0\appsettings.json".
         Copying file from "D:\Task\Remote Signing\TagEkyc\tests\TagEkyc.IntegrationTests\obj\Debug\net8.0\MvcTestingAppManifest.json" to "D:\Task\Remote Signing\TagEkyc\tests\TagEkyc.IntegrationTests\bin\Debug\net8.0\MvcTestingAppManifest.json".
         Copying file from "C:\Users\Admin\.nuget\packages\microsoft.testplatform.testhost\17.8.0\build\netcoreapp3.1\x64\testhost.exe" to "D:\Task\Remote Signing\TagEkyc\tests\TagEkyc.IntegrationTests\bin\Debug\net8.0\testhost.exe".
         Copying file from "C:\Users\Admin\.nuget\packages\xunit.runner.visualstudio\2.5.3\build\net6.0\xunit.runner.visualstudio.dotnetcore.testadapter.dll" to "D:\Task\Remote Signing\TagEkyc\tests\TagEkyc.IntegrationTests\bin\Debug\net8.0\xunit.runner.visualstudio.dotnetcore.testadapter.dll".
         Copying file from "C:\Users\Admin\.nuget\packages\xunit.runner.visualstudio\2.5.3\build\net6.0\xunit.runner.reporters.netcoreapp10.dll" to "D:\Task\Remote Signing\TagEkyc\tests\TagEkyc.IntegrationTests\bin\Debug\net8.0\xunit.runner.reporters.netcoreapp10.dll".
         Copying file from "C:\Users\Admin\.nuget\packages\xunit.runner.visualstudio\2.5.3\build\net6.0\xunit.runner.utility.netcoreapp10.dll" to "D:\Task\Remote Signing\TagEkyc\tests\TagEkyc.IntegrationTests\bin\Debug\net8.0\xunit.runner.utility.netcoreapp10.dll".
       CopyFilesToOutputDirectory:
         Copying file from "D:\Task\Remote Signing\TagEkyc\tests\TagEkyc.IntegrationTests\obj\Debug\net8.0\TagEkyc.IntegrationTests.dll" to "D:\Task\Remote Signing\TagEkyc\tests\TagEkyc.IntegrationTests\bin\Debug\net8.0\TagEkyc.IntegrationTests.dll".
         Copying reference assembly from "obj\Debug\net8.0\refint\TagEkyc.IntegrationTests.dll" to "D:\Task\Remote Signing\TagEkyc\tests\TagEkyc.IntegrationTests\obj\Debug\net8.0\ref\TagEkyc.IntegrationTests.dll".
         TagEkyc.IntegrationTests -> D:\Task\Remote Signing\TagEkyc\tests\TagEkyc.IntegrationTests\bin\Debug\net8.0\TagEkyc.IntegrationTests.dll
         Copying file from "D:\Task\Remote Signing\TagEkyc\tests\TagEkyc.IntegrationTests\obj\Debug\net8.0\TagEkyc.IntegrationTests.pdb" to "D:\Task\Remote Signing\TagEkyc\tests\TagEkyc.IntegrationTests\bin\Debug\net8.0\TagEkyc.IntegrationTests.pdb".
       _CopyReferenceOnlyAssembliesForBuild:
         Copying file from "C:\Program Files\dotnet\packs\Microsoft.AspNetCore.App.Ref\8.0.22\ref\net8.0\Microsoft.AspNetCore.Antiforgery.dll" to "D:\Task\Remote Signing\TagEkyc\tests\TagEkyc.IntegrationTests\bin\Debug\net8.0\refs\Microsoft.AspNetCore.Antiforgery.dll".
         Copying file from "C:\Program Files\dotnet\packs\Microsoft.AspNetCore.App.Ref\8.0.22\ref\net8.0\Microsoft.AspNetCore.Authentication.BearerToken.dll" to "D:\Task\Remote Signing\TagEkyc\tests\TagEkyc.IntegrationTests\bin\Debug\net8.0\refs\Microsoft.AspNetCore.Authentication.BearerToken.dll".
         Copying file from "C:\Program Files\dotnet\packs\Microsoft.AspNetCore.App.Ref\8.0.22\ref\net8.0\Microsoft.AspNetCore.Authentication.Cookies.dll" to "D:\Task\Remote Signing\TagEkyc\tests\TagEkyc.IntegrationTests\bin\Debug\net8.0\refs\Microsoft.AspNetCore.Authentication.Cookies.dll".
         Copying file from "C:\Program Files\dotnet\packs\Microsoft.AspNetCore.App.Ref\8.0.22\ref\net8.0\Microsoft.AspNetCore.Authentication.Abstractions.dll" to "D:\Task\Remote Signing\TagEkyc\tests\TagEkyc.IntegrationTests\bin\Debug\net8.0\refs\Microsoft.AspNetCore.Authentication.Abstractions.dll".
         Copying file from "C:\Program Files\dotnet\packs\Microsoft.AspNetCore.App.Ref\8.0.22\ref\net8.0\Microsoft.AspNetCore.Authentication.dll" to "D:\Task\Remote Signing\TagEkyc\tests\TagEkyc.IntegrationTests\bin\Debug\net8.0\refs\Microsoft.AspNetCore.Authentication.dll".
         Copying file from "C:\Program Files\dotnet\packs\Microsoft.AspNetCore.App.Ref\8.0.22\ref\net8.0\Microsoft.AspNetCore.Authentication.Core.dll" to "D:\Task\Remote Signing\TagEkyc\tests\TagEkyc.IntegrationTests\bin\Debug\net8.0\refs\Microsoft.AspNetCore.Authentication.Core.dll".
         Copying file from "C:\Program Files\dotnet\packs\Microsoft.AspNetCore.App.Ref\8.0.22\ref\net8.0\Microsoft.AspNetCore.Authorization.dll" to "D:\Task\Remote Signing\TagEkyc\tests\TagEkyc.IntegrationTests\bin\Debug\net8.0\refs\Microsoft.AspNetCore.Authorization.dll".
         Copying file from "C:\Program Files\dotnet\packs\Microsoft.AspNetCore.App.Ref\8.0.22\ref\net8.0\Microsoft.AspNetCore.Authentication.OAuth.dll" to "D:\Task\Remote Signing\TagEkyc\tests\TagEkyc.IntegrationTests\bin\Debug\net8.0\refs\Microsoft.AspNetCore.Authentication.OAuth.dll".
         Copying file from "C:\Program Files\dotnet\packs\Microsoft.AspNetCore.App.Ref\8.0.22\ref\net8.0\Microsoft.AspNetCore.Authorization.Policy.dll" to "D:\Task\Remote Signing\TagEkyc\tests\TagEkyc.IntegrationTests\bin\Debug\net8.0\refs\Microsoft.AspNetCore.Authorization.Policy.dll".
         Copying file from "C:\Program Files\dotnet\packs\Microsoft.AspNetCore.App.Ref\8.0.22\ref\net8.0\Microsoft.AspNetCore.Components.Authorization.dll" to "D:\Task\Remote Signing\TagEkyc\tests\TagEkyc.IntegrationTests\bin\Debug\net8.0\refs\Microsoft.AspNetCore.Components.Authorization.dll".
         Copying file from "C:\Program Files\dotnet\packs\Microsoft.AspNetCore.App.Ref\8.0.22\ref\net8.0\Microsoft.AspNetCore.Components.dll" to "D:\Task\Remote Signing\TagEkyc\tests\TagEkyc.IntegrationTests\bin\Debug\net8.0\refs\Microsoft.AspNetCore.Components.dll".
         Copying file from "C:\Program Files\dotnet\packs\Microsoft.AspNetCore.App.Ref\8.0.22\ref\net8.0\Microsoft.AspNetCore.Components.Endpoints.dll" to "D:\Task\Remote Signing\TagEkyc\tests\TagEkyc.IntegrationTests\bin\Debug\net8.0\refs\Microsoft.AspNetCore.Components.Endpoints.dll".
         Copying file from "C:\Program Files\dotnet\packs\Microsoft.AspNetCore.App.Ref\8.0.22\ref\net8.0\Microsoft.AspNetCore.Components.Forms.dll" to "D:\Task\Remote Signing\TagEkyc\tests\TagEkyc.IntegrationTests\bin\Debug\net8.0\refs\Microsoft.AspNetCore.Components.Forms.dll".
         Copying file from "C:\Program Files\dotnet\packs\Microsoft.AspNetCore.App.Ref\8.0.22\ref\net8.0\Microsoft.AspNetCore.Components.Server.dll" to "D:\Task\Remote Signing\TagEkyc\tests\TagEkyc.IntegrationTests\bin\Debug\net8.0\refs\Microsoft.AspNetCore.Components.Server.dll".
         Copying file from "C:\Program Files\dotnet\packs\Microsoft.AspNetCore.App.Ref\8.0.22\ref\net8.0\Microsoft.AspNetCore.Components.Web.dll" to "D:\Task\Remote Signing\TagEkyc\tests\TagEkyc.IntegrationTests\bin\Debug\net8.0\refs\Microsoft.AspNetCore.Components.Web.dll".
         Copying file from "C:\Program Files\dotnet\packs\Microsoft.AspNetCore.App.Ref\8.0.22\ref\net8.0\Microsoft.AspNetCore.Connections.Abstractions.dll" to "D:\Task\Remote Signing\TagEkyc\tests\TagEkyc.IntegrationTests\bin\Debug\net8.0\refs\Microsoft.AspNetCore.Connections.Abstractions.dll".
         Copying file from "C:\Program Files\dotnet\packs\Microsoft.AspNetCore.App.Ref\8.0.22\ref\net8.0\Microsoft.AspNetCore.CookiePolicy.dll" to "D:\Task\Remote Signing\TagEkyc\tests\TagEkyc.IntegrationTests\bin\Debug\net8.0\refs\Microsoft.AspNetCore.CookiePolicy.dll".
         Copying file from "C:\Program Files\dotnet\packs\Microsoft.AspNetCore.App.Ref\8.0.22\ref\net8.0\Microsoft.AspNetCore.Cryptography.Internal.dll" to "D:\Task\Remote Signing\TagEkyc\tests\TagEkyc.IntegrationTests\bin\Debug\net8.0\refs\Microsoft.AspNetCore.Cryptography.Internal.dll".
         Copying file from "C:\Program Files\dotnet\packs\Microsoft.AspNetCore.App.Ref\8.0.22\ref\net8.0\Microsoft.AspNetCore.Cors.dll" to "D:\Task\Remote Signing\TagEkyc\tests\TagEkyc.IntegrationTests\bin\Debug\net8.0\refs\Microsoft.AspNetCore.Cors.dll".
         Copying file from "C:\Program Files\dotnet\packs\Microsoft.AspNetCore.App.Ref\8.0.22\ref\net8.0\Microsoft.AspNetCore.Cryptography.KeyDerivation.dll" to "D:\Task\Remote Signing\TagEkyc\tests\TagEkyc.IntegrationTests\bin\Debug\net8.0\refs\Microsoft.AspNetCore.Cryptography.KeyDerivation.dll".
         Copying file from "C:\Program Files\dotnet\packs\Microsoft.AspNetCore.App.Ref\8.0.22\ref\net8.0\Microsoft.AspNetCore.DataProtection.Abstractions.dll" to "D:\Task\Remote Signing\TagEkyc\tests\TagEkyc.IntegrationTests\bin\Debug\net8.0\refs\Microsoft.AspNetCore.DataProtection.Abstractions.dll".
         Copying file from "C:\Program Files\dotnet\packs\Microsoft.AspNetCore.App.Ref\8.0.22\ref\net8.0\Microsoft.AspNetCore.DataProtection.dll" to "D:\Task\Remote Signing\TagEkyc\tests\TagEkyc.IntegrationTests\bin\Debug\net8.0\refs\Microsoft.AspNetCore.DataProtection.dll".
         Copying file from "C:\Program Files\dotnet\packs\Microsoft.AspNetCore.App.Ref\8.0.22\ref\net8.0\Microsoft.AspNetCore.DataProtection.Extensions.dll" to "D:\Task\Remote Signing\TagEkyc\tests\TagEkyc.IntegrationTests\bin\Debug\net8.0\refs\Microsoft.AspNetCore.DataProtection.Extensions.dll".
         Copying file from "C:\Program Files\dotnet\packs\Microsoft.AspNetCore.App.Ref\8.0.22\ref\net8.0\Microsoft.AspNetCore.Diagnostics.Abstractions.dll" to "D:\Task\Remote Signing\TagEkyc\tests\TagEkyc.IntegrationTests\bin\Debug\net8.0\refs\Microsoft.AspNetCore.Diagnostics.Abstractions.dll".
         Copying file from "C:\Program Files\dotnet\packs\Microsoft.AspNetCore.App.Ref\8.0.22\ref\net8.0\Microsoft.AspNetCore.Diagnostics.dll" to "D:\Task\Remote Signing\TagEkyc\tests\TagEkyc.IntegrationTests\bin\Debug\net8.0\refs\Microsoft.AspNetCore.Diagnostics.dll".
         Copying file from "C:\Program Files\dotnet\packs\Microsoft.AspNetCore.App.Ref\8.0.22\ref\net8.0\Microsoft.AspNetCore.Diagnostics.HealthChecks.dll" to "D:\Task\Remote Signing\TagEkyc\tests\TagEkyc.IntegrationTests\bin\Debug\net8.0\refs\Microsoft.AspNetCore.Diagnostics.HealthChecks.dll".
         Copying file from "C:\Program Files\dotnet\packs\Microsoft.AspNetCore.App.Ref\8.0.22\ref\net8.0\Microsoft.AspNetCore.dll" to "D:\Task\Remote Signing\TagEkyc\tests\TagEkyc.IntegrationTests\bin\Debug\net8.0\refs\Microsoft.AspNetCore.dll".
         Copying file from "C:\Program Files\dotnet\packs\Microsoft.AspNetCore.App.Ref\8.0.22\ref\net8.0\Microsoft.AspNetCore.HostFiltering.dll" to "D:\Task\Remote Signing\TagEkyc\tests\TagEkyc.IntegrationTests\bin\Debug\net8.0\refs\Microsoft.AspNetCore.HostFiltering.dll".
         Copying file from "C:\Program Files\dotnet\packs\Microsoft.AspNetCore.App.Ref\8.0.22\ref\net8.0\Microsoft.AspNetCore.Hosting.Abstractions.dll" to "D:\Task\Remote Signing\TagEkyc\tests\TagEkyc.IntegrationTests\bin\Debug\net8.0\refs\Microsoft.AspNetCore.Hosting.Abstractions.dll".
         Copying file from "C:\Program Files\dotnet\packs\Microsoft.AspNetCore.App.Ref\8.0.22\ref\net8.0\Microsoft.AspNetCore.Hosting.dll" to "D:\Task\Remote Signing\TagEkyc\tests\TagEkyc.IntegrationTests\bin\Debug\net8.0\refs\Microsoft.AspNetCore.Hosting.dll".
         Copying file from "C:\Program Files\dotnet\packs\Microsoft.AspNetCore.App.Ref\8.0.22\ref\net8.0\Microsoft.AspNetCore.Hosting.Server.Abstractions.dll" to "D:\Task\Remote Signing\TagEkyc\tests\TagEkyc.IntegrationTests\bin\Debug\net8.0\refs\Microsoft.AspNetCore.Hosting.Server.Abstractions.dll".
         Copying file from "C:\Program Files\dotnet\packs\Microsoft.AspNetCore.App.Ref\8.0.22\ref\net8.0\Microsoft.AspNetCore.Html.Abstractions.dll" to "D:\Task\Remote Signing\TagEkyc\tests\TagEkyc.IntegrationTests\bin\Debug\net8.0\refs\Microsoft.AspNetCore.Html.Abstractions.dll".
         Copying file from "C:\Program Files\dotnet\packs\Microsoft.AspNetCore.App.Ref\8.0.22\ref\net8.0\Microsoft.AspNetCore.Http.Abstractions.dll" to "D:\Task\Remote Signing\TagEkyc\tests\TagEkyc.IntegrationTests\bin\Debug\net8.0\refs\Microsoft.AspNetCore.Http.Abstractions.dll".
         Copying file from "C:\Program Files\dotnet\packs\Microsoft.AspNetCore.App.Ref\8.0.22\ref\net8.0\Microsoft.AspNetCore.Http.Connections.dll" to "D:\Task\Remote Signing\TagEkyc\tests\TagEkyc.IntegrationTests\bin\Debug\net8.0\refs\Microsoft.AspNetCore.Http.Connections.dll".
         Copying file from "C:\Program Files\dotnet\packs\Microsoft.AspNetCore.App.Ref\8.0.22\ref\net8.0\Microsoft.AspNetCore.Http.Connections.Common.dll" to "D:\Task\Remote Signing\TagEkyc\tests\TagEkyc.IntegrationTests\bin\Debug\net8.0\refs\Microsoft.AspNetCore.Http.Connections.Common.dll".
         Copying file from "C:\Program Files\dotnet\packs\Microsoft.AspNetCore.App.Ref\8.0.22\ref\net8.0\Microsoft.AspNetCore.Http.dll" to "D:\Task\Remote Signing\TagEkyc\tests\TagEkyc.IntegrationTests\bin\Debug\net8.0\refs\Microsoft.AspNetCore.Http.dll".
         Copying file from "C:\Program Files\dotnet\packs\Microsoft.AspNetCore.App.Ref\8.0.22\ref\net8.0\Microsoft.AspNetCore.Http.Extensions.dll" to "D:\Task\Remote Signing\TagEkyc\tests\TagEkyc.IntegrationTests\bin\Debug\net8.0\refs\Microsoft.AspNetCore.Http.Extensions.dll".
         Copying file from "C:\Program Files\dotnet\packs\Microsoft.AspNetCore.App.Ref\8.0.22\ref\net8.0\Microsoft.AspNetCore.Http.Features.dll" to "D:\Task\Remote Signing\TagEkyc\tests\TagEkyc.IntegrationTests\bin\Debug\net8.0\refs\Microsoft.AspNetCore.Http.Features.dll".
         Copying file from "C:\Program Files\dotnet\packs\Microsoft.AspNetCore.App.Ref\8.0.22\ref\net8.0\Microsoft.AspNetCore.Http.Results.dll" to "D:\Task\Remote Signing\TagEkyc\tests\TagEkyc.IntegrationTests\bin\Debug\net8.0\refs\Microsoft.AspNetCore.Http.Results.dll".
         Copying file from "C:\Program Files\dotnet\packs\Microsoft.AspNetCore.App.Ref\8.0.22\ref\net8.0\Microsoft.AspNetCore.HttpLogging.dll" to "D:\Task\Remote Signing\TagEkyc\tests\TagEkyc.IntegrationTests\bin\Debug\net8.0\refs\Microsoft.AspNetCore.HttpLogging.dll".
         Copying file from "C:\Program Files\dotnet\packs\Microsoft.AspNetCore.App.Ref\8.0.22\ref\net8.0\Microsoft.AspNetCore.HttpOverrides.dll" to "D:\Task\Remote Signing\TagEkyc\tests\TagEkyc.IntegrationTests\bin\Debug\net8.0\refs\Microsoft.AspNetCore.HttpOverrides.dll".
         Copying file from "C:\Program Files\dotnet\packs\Microsoft.AspNetCore.App.Ref\8.0.22\ref\net8.0\Microsoft.AspNetCore.HttpsPolicy.dll" to "D:\Task\Remote Signing\TagEkyc\tests\TagEkyc.IntegrationTests\bin\Debug\net8.0\refs\Microsoft.AspNetCore.HttpsPolicy.dll".
         Copying file from "C:\Program Files\dotnet\packs\Microsoft.AspNetCore.App.Ref\8.0.22\ref\net8.0\Microsoft.AspNetCore.Identity.dll" to "D:\Task\Remote Signing\TagEkyc\tests\TagEkyc.IntegrationTests\bin\Debug\net8.0\refs\Microsoft.AspNetCore.Identity.dll".
         Copying file from "C:\Program Files\dotnet\packs\Microsoft.AspNetCore.App.Ref\8.0.22\ref\net8.0\Microsoft.AspNetCore.Localization.dll" to "D:\Task\Remote Signing\TagEkyc\tests\TagEkyc.IntegrationTests\bin\Debug\net8.0\refs\Microsoft.AspNetCore.Localization.dll".
         Copying file from "C:\Program Files\dotnet\packs\Microsoft.AspNetCore.App.Ref\8.0.22\ref\net8.0\Microsoft.AspNetCore.Localization.Routing.dll" to "D:\Task\Remote Signing\TagEkyc\tests\TagEkyc.IntegrationTests\bin\Debug\net8.0\refs\Microsoft.AspNetCore.Localization.Routing.dll".
         Copying file from "C:\Program Files\dotnet\packs\Microsoft.AspNetCore.App.Ref\8.0.22\ref\net8.0\Microsoft.AspNetCore.Mvc.Abstractions.dll" to "D:\Task\Remote Signing\TagEkyc\tests\TagEkyc.IntegrationTests\bin\Debug\net8.0\refs\Microsoft.AspNetCore.Mvc.Abstractions.dll".
         Copying file from "C:\Program Files\dotnet\packs\Microsoft.AspNetCore.App.Ref\8.0.22\ref\net8.0\Microsoft.AspNetCore.Metadata.dll" to "D:\Task\Remote Signing\TagEkyc\tests\TagEkyc.IntegrationTests\bin\Debug\net8.0\refs\Microsoft.AspNetCore.Metadata.dll".
         Copying file from "C:\Program Files\dotnet\packs\Microsoft.AspNetCore.App.Ref\8.0.22\ref\net8.0\Microsoft.AspNetCore.Mvc.ApiExplorer.dll" to "D:\Task\Remote Signing\TagEkyc\tests\TagEkyc.IntegrationTests\bin\Debug\net8.0\refs\Microsoft.AspNetCore.Mvc.ApiExplorer.dll".
         Copying file from "C:\Program Files\dotnet\packs\Microsoft.AspNetCore.App.Ref\8.0.22\ref\net8.0\Microsoft.AspNetCore.Mvc.Core.dll" to "D:\Task\Remote Signing\TagEkyc\tests\TagEkyc.IntegrationTests\bin\Debug\net8.0\refs\Microsoft.AspNetCore.Mvc.Core.dll".
         Copying file from "C:\Program Files\dotnet\packs\Microsoft.AspNetCore.App.Ref\8.0.22\ref\net8.0\Microsoft.AspNetCore.Mvc.Cors.dll" to "D:\Task\Remote Signing\TagEkyc\tests\TagEkyc.IntegrationTests\bin\Debug\net8.0\refs\Microsoft.AspNetCore.Mvc.Cors.dll".
         Copying file from "C:\Program Files\dotnet\packs\Microsoft.AspNetCore.App.Ref\8.0.22\ref\net8.0\Microsoft.AspNetCore.Mvc.DataAnnotations.dll" to "D:\Task\Remote Signing\TagEkyc\tests\TagEkyc.IntegrationTests\bin\Debug\net8.0\refs\Microsoft.AspNetCore.Mvc.DataAnnotations.dll".
         Copying file from "C:\Program Files\dotnet\packs\Microsoft.AspNetCore.App.Ref\8.0.22\ref\net8.0\Microsoft.AspNetCore.Mvc.dll" to "D:\Task\Remote Signing\TagEkyc\tests\TagEkyc.IntegrationTests\bin\Debug\net8.0\refs\Microsoft.AspNetCore.Mvc.dll".
         Copying file from "C:\Program Files\dotnet\packs\Microsoft.AspNetCore.App.Ref\8.0.22\ref\net8.0\Microsoft.AspNetCore.Mvc.Formatters.Xml.dll" to "D:\Task\Remote Signing\TagEkyc\tests\TagEkyc.IntegrationTests\bin\Debug\net8.0\refs\Microsoft.AspNetCore.Mvc.Formatters.Xml.dll".
         Copying file from "C:\Program Files\dotnet\packs\Microsoft.AspNetCore.App.Ref\8.0.22\ref\net8.0\Microsoft.AspNetCore.Mvc.Formatters.Json.dll" to "D:\Task\Remote Signing\TagEkyc\tests\TagEkyc.IntegrationTests\bin\Debug\net8.0\refs\Microsoft.AspNetCore.Mvc.Formatters.Json.dll".
         Copying file from "C:\Program Files\dotnet\packs\Microsoft.AspNetCore.App.Ref\8.0.22\ref\net8.0\Microsoft.AspNetCore.Mvc.Localization.dll" to "D:\Task\Remote Signing\TagEkyc\tests\TagEkyc.IntegrationTests\bin\Debug\net8.0\refs\Microsoft.AspNetCore.Mvc.Localization.dll".
         Copying file from "C:\Program Files\dotnet\packs\Microsoft.AspNetCore.App.Ref\8.0.22\ref\net8.0\Microsoft.AspNetCore.Mvc.Razor.dll" to "D:\Task\Remote Signing\TagEkyc\tests\TagEkyc.IntegrationTests\bin\Debug\net8.0\refs\Microsoft.AspNetCore.Mvc.Razor.dll".
         Copying file from "C:\Program Files\dotnet\packs\Microsoft.AspNetCore.App.Ref\8.0.22\ref\net8.0\Microsoft.AspNetCore.Mvc.RazorPages.dll" to "D:\Task\Remote Signing\TagEkyc\tests\TagEkyc.IntegrationTests\bin\Debug\net8.0\refs\Microsoft.AspNetCore.Mvc.RazorPages.dll".
         Copying file from "C:\Program Files\dotnet\packs\Microsoft.AspNetCore.App.Ref\8.0.22\ref\net8.0\Microsoft.AspNetCore.Mvc.TagHelpers.dll" to "D:\Task\Remote Signing\TagEkyc\tests\TagEkyc.IntegrationTests\bin\Debug\net8.0\refs\Microsoft.AspNetCore.Mvc.TagHelpers.dll".
         Copying file from "C:\Program Files\dotnet\packs\Microsoft.AspNetCore.App.Ref\8.0.22\ref\net8.0\Microsoft.AspNetCore.Mvc.ViewFeatures.dll" to "D:\Task\Remote Signing\TagEkyc\tests\TagEkyc.IntegrationTests\bin\Debug\net8.0\refs\Microsoft.AspNetCore.Mvc.ViewFeatures.dll".
         Copying file from "C:\Program Files\dotnet\packs\Microsoft.AspNetCore.App.Ref\8.0.22\ref\net8.0\Microsoft.AspNetCore.OutputCaching.dll" to "D:\Task\Remote Signing\TagEkyc\tests\TagEkyc.IntegrationTests\bin\Debug\net8.0\refs\Microsoft.AspNetCore.OutputCaching.dll".
         Copying file from "C:\Program Files\dotnet\packs\Microsoft.AspNetCore.App.Ref\8.0.22\ref\net8.0\Microsoft.AspNetCore.RateLimiting.dll" to "D:\Task\Remote Signing\TagEkyc\tests\TagEkyc.IntegrationTests\bin\Debug\net8.0\refs\Microsoft.AspNetCore.RateLimiting.dll".
         Copying file from "C:\Program Files\dotnet\packs\Microsoft.AspNetCore.App.Ref\8.0.22\ref\net8.0\Microsoft.AspNetCore.Razor.dll" to "D:\Task\Remote Signing\TagEkyc\tests\TagEkyc.IntegrationTests\bin\Debug\net8.0\refs\Microsoft.AspNetCore.Razor.dll".
         Copying file from "C:\Program Files\dotnet\packs\Microsoft.AspNetCore.App.Ref\8.0.22\ref\net8.0\Microsoft.AspNetCore.Razor.Runtime.dll" to "D:\Task\Remote Signing\TagEkyc\tests\TagEkyc.IntegrationTests\bin\Debug\net8.0\refs\Microsoft.AspNetCore.Razor.Runtime.dll".
         Copying file from "C:\Program Files\dotnet\packs\Microsoft.AspNetCore.App.Ref\8.0.22\ref\net8.0\Microsoft.AspNetCore.RequestDecompression.dll" to "D:\Task\Remote Signing\TagEkyc\tests\TagEkyc.IntegrationTests\bin\Debug\net8.0\refs\Microsoft.AspNetCore.RequestDecompression.dll".
         Copying file from "C:\Program Files\dotnet\packs\Microsoft.AspNetCore.App.Ref\8.0.22\ref\net8.0\Microsoft.AspNetCore.ResponseCaching.Abstractions.dll" to "D:\Task\Remote Signing\TagEkyc\tests\TagEkyc.IntegrationTests\bin\Debug\net8.0\refs\Microsoft.AspNetCore.ResponseCaching.Abstractions.dll".
         Copying file from "C:\Program Files\dotnet\packs\Microsoft.AspNetCore.App.Ref\8.0.22\ref\net8.0\Microsoft.AspNetCore.ResponseCaching.dll" to "D:\Task\Remote Signing\TagEkyc\tests\TagEkyc.IntegrationTests\bin\Debug\net8.0\refs\Microsoft.AspNetCore.ResponseCaching.dll".
         Copying file from "C:\Program Files\dotnet\packs\Microsoft.AspNetCore.App.Ref\8.0.22\ref\net8.0\Microsoft.AspNetCore.ResponseCompression.dll" to "D:\Task\Remote Signing\TagEkyc\tests\TagEkyc.IntegrationTests\bin\Debug\net8.0\refs\Microsoft.AspNetCore.ResponseCompression.dll".
         Copying file from "C:\Program Files\dotnet\packs\Microsoft.AspNetCore.App.Ref\8.0.22\ref\net8.0\Microsoft.AspNetCore.Rewrite.dll" to "D:\Task\Remote Signing\TagEkyc\tests\TagEkyc.IntegrationTests\bin\Debug\net8.0\refs\Microsoft.AspNetCore.Rewrite.dll".
         Copying file from "C:\Program Files\dotnet\packs\Microsoft.AspNetCore.App.Ref\8.0.22\ref\net8.0\Microsoft.AspNetCore.Routing.dll" to "D:\Task\Remote Signing\TagEkyc\tests\TagEkyc.IntegrationTests\bin\Debug\net8.0\refs\Microsoft.AspNetCore.Routing.dll".
         Copying file from "C:\Program Files\dotnet\packs\Microsoft.AspNetCore.App.Ref\8.0.22\ref\net8.0\Microsoft.AspNetCore.Server.HttpSys.dll" to "D:\Task\Remote Signing\TagEkyc\tests\TagEkyc.IntegrationTests\bin\Debug\net8.0\refs\Microsoft.AspNetCore.Server.HttpSys.dll".
         Copying file from "C:\Program Files\dotnet\packs\Microsoft.AspNetCore.App.Ref\8.0.22\ref\net8.0\Microsoft.AspNetCore.Server.IIS.dll" to "D:\Task\Remote Signing\TagEkyc\tests\TagEkyc.IntegrationTests\bin\Debug\net8.0\refs\Microsoft.AspNetCore.Server.IIS.dll".
         Copying file from "C:\Program Files\dotnet\packs\Microsoft.AspNetCore.App.Ref\8.0.22\ref\net8.0\Microsoft.AspNetCore.Routing.Abstractions.dll" to "D:\Task\Remote Signing\TagEkyc\tests\TagEkyc.IntegrationTests\bin\Debug\net8.0\refs\Microsoft.AspNetCore.Routing.Abstractions.dll".
         Copying file from "C:\Program Files\dotnet\packs\Microsoft.AspNetCore.App.Ref\8.0.22\ref\net8.0\Microsoft.AspNetCore.Server.IISIntegration.dll" to "D:\Task\Remote Signing\TagEkyc\tests\TagEkyc.IntegrationTests\bin\Debug\net8.0\refs\Microsoft.AspNetCore.Server.IISIntegration.dll".
         Copying file from "C:\Program Files\dotnet\packs\Microsoft.AspNetCore.App.Ref\8.0.22\ref\net8.0\Microsoft.AspNetCore.Server.Kestrel.dll" to "D:\Task\Remote Signing\TagEkyc\tests\TagEkyc.IntegrationTests\bin\Debug\net8.0\refs\Microsoft.AspNetCore.Server.Kestrel.dll".
         Copying file from "C:\Program Files\dotnet\packs\Microsoft.AspNetCore.App.Ref\8.0.22\ref\net8.0\Microsoft.AspNetCore.Server.Kestrel.Transport.NamedPipes.dll" to "D:\Task\Remote Signing\TagEkyc\tests\TagEkyc.IntegrationTests\bin\Debug\net8.0\refs\Microsoft.AspNetCore.Server.Kestrel.Transport.NamedPipes.dll".
         Copying file from "C:\Program Files\dotnet\packs\Microsoft.AspNetCore.App.Ref\8.0.22\ref\net8.0\Microsoft.AspNetCore.Server.Kestrel.Core.dll" to "D:\Task\Remote Signing\TagEkyc\tests\TagEkyc.IntegrationTests\bin\Debug\net8.0\refs\Microsoft.AspNetCore.Server.Kestrel.Core.dll".
         Copying file from "C:\Program Files\dotnet\packs\Microsoft.AspNetCore.App.Ref\8.0.22\ref\net8.0\Microsoft.AspNetCore.Server.Kestrel.Transport.Sockets.dll" to "D:\Task\Remote Signing\TagEkyc\tests\TagEkyc.IntegrationTests\bin\Debug\net8.0\refs\Microsoft.AspNetCore.Server.Kestrel.Transport.Sockets.dll".
         Copying file from "C:\Program Files\dotnet\packs\Microsoft.AspNetCore.App.Ref\8.0.22\ref\net8.0\Microsoft.AspNetCore.Server.Kestrel.Transport.Quic.dll" to "D:\Task\Remote Signing\TagEkyc\tests\TagEkyc.IntegrationTests\bin\Debug\net8.0\refs\Microsoft.AspNetCore.Server.Kestrel.Transport.Quic.dll".
         Copying file from "C:\Program Files\dotnet\packs\Microsoft.AspNetCore.App.Ref\8.0.22\ref\net8.0\Microsoft.AspNetCore.Session.dll" to "D:\Task\Remote Signing\TagEkyc\tests\TagEkyc.IntegrationTests\bin\Debug\net8.0\refs\Microsoft.AspNetCore.Session.dll".
         Copying file from "C:\Program Files\dotnet\packs\Microsoft.AspNetCore.App.Ref\8.0.22\ref\net8.0\Microsoft.AspNetCore.SignalR.Common.dll" to "D:\Task\Remote Signing\TagEkyc\tests\TagEkyc.IntegrationTests\bin\Debug\net8.0\refs\Microsoft.AspNetCore.SignalR.Common.dll".
         Copying file from "C:\Program Files\dotnet\packs\Microsoft.AspNetCore.App.Ref\8.0.22\ref\net8.0\Microsoft.AspNetCore.SignalR.Core.dll" to "D:\Task\Remote Signing\TagEkyc\tests\TagEkyc.IntegrationTests\bin\Debug\net8.0\refs\Microsoft.AspNetCore.SignalR.Core.dll".
         Copying file from "C:\Program Files\dotnet\packs\Microsoft.AspNetCore.App.Ref\8.0.22\ref\net8.0\Microsoft.AspNetCore.SignalR.dll" to "D:\Task\Remote Signing\TagEkyc\tests\TagEkyc.IntegrationTests\bin\Debug\net8.0\refs\Microsoft.AspNetCore.SignalR.dll".
         Copying file from "C:\Program Files\dotnet\packs\Microsoft.AspNetCore.App.Ref\8.0.22\ref\net8.0\Microsoft.AspNetCore.SignalR.Protocols.Json.dll" to "D:\Task\Remote Signing\TagEkyc\tests\TagEkyc.IntegrationTests\bin\Debug\net8.0\refs\Microsoft.AspNetCore.SignalR.Protocols.Json.dll".
         Copying file from "C:\Program Files\dotnet\packs\Microsoft.AspNetCore.App.Ref\8.0.22\ref\net8.0\Microsoft.AspNetCore.StaticFiles.dll" to "D:\Task\Remote Signing\TagEkyc\tests\TagEkyc.IntegrationTests\bin\Debug\net8.0\refs\Microsoft.AspNetCore.StaticFiles.dll".
         Copying file from "C:\Program Files\dotnet\packs\Microsoft.AspNetCore.App.Ref\8.0.22\ref\net8.0\Microsoft.AspNetCore.WebSockets.dll" to "D:\Task\Remote Signing\TagEkyc\tests\TagEkyc.IntegrationTests\bin\Debug\net8.0\refs\Microsoft.AspNetCore.WebSockets.dll".
         Copying file from "C:\Program Files\dotnet\packs\Microsoft.NETCore.App.Ref\8.0.22\ref\net8.0\Microsoft.CSharp.dll" to "D:\Task\Remote Signing\TagEkyc\tests\TagEkyc.IntegrationTests\bin\Debug\net8.0\refs\Microsoft.CSharp.dll".
         Copying file from "C:\Program Files\dotnet\packs\Microsoft.AspNetCore.App.Ref\8.0.22\ref\net8.0\Microsoft.AspNetCore.WebUtilities.dll" to "D:\Task\Remote Signing\TagEkyc\tests\TagEkyc.IntegrationTests\bin\Debug\net8.0\refs\Microsoft.AspNetCore.WebUtilities.dll".
         Copying file from "C:\Program Files\dotnet\packs\Microsoft.AspNetCore.App.Ref\8.0.22\ref\net8.0\Microsoft.Extensions.Caching.Memory.dll" to "D:\Task\Remote Signing\TagEkyc\tests\TagEkyc.IntegrationTests\bin\Debug\net8.0\refs\Microsoft.Extensions.Caching.Memory.dll".
         Copying file from "C:\Program Files\dotnet\packs\Microsoft.AspNetCore.App.Ref\8.0.22\ref\net8.0\Microsoft.Extensions.Caching.Abstractions.dll" to "D:\Task\Remote Signing\TagEkyc\tests\TagEkyc.IntegrationTests\bin\Debug\net8.0\refs\Microsoft.Extensions.Caching.Abstractions.dll".
         Copying file from "C:\Program Files\dotnet\packs\Microsoft.AspNetCore.App.Ref\8.0.22\ref\net8.0\Microsoft.Extensions.Configuration.Abstractions.dll" to "D:\Task\Remote Signing\TagEkyc\tests\TagEkyc.IntegrationTests\bin\Debug\net8.0\refs\Microsoft.Extensions.Configuration.Abstractions.dll".
         Copying file from "C:\Program Files\dotnet\packs\Microsoft.AspNetCore.App.Ref\8.0.22\ref\net8.0\Microsoft.Extensions.Configuration.Binder.dll" to "D:\Task\Remote Signing\TagEkyc\tests\TagEkyc.IntegrationTests\bin\Debug\net8.0\refs\Microsoft.Extensions.Configuration.Binder.dll".
         Copying file from "C:\Program Files\dotnet\packs\Microsoft.AspNetCore.App.Ref\8.0.22\ref\net8.0\Microsoft.Extensions.Configuration.CommandLine.dll" to "D:\Task\Remote Signing\TagEkyc\tests\TagEkyc.IntegrationTests\bin\Debug\net8.0\refs\Microsoft.Extensions.Configuration.CommandLine.dll".
         Copying file from "C:\Program Files\dotnet\packs\Microsoft.AspNetCore.App.Ref\8.0.22\ref\net8.0\Microsoft.Extensions.Configuration.dll" to "D:\Task\Remote Signing\TagEkyc\tests\TagEkyc.IntegrationTests\bin\Debug\net8.0\refs\Microsoft.Extensions.Configuration.dll".
         Copying file from "C:\Program Files\dotnet\packs\Microsoft.AspNetCore.App.Ref\8.0.22\ref\net8.0\Microsoft.Extensions.Configuration.EnvironmentVariables.dll" to "D:\Task\Remote Signing\TagEkyc\tests\TagEkyc.IntegrationTests\bin\Debug\net8.0\refs\Microsoft.Extensions.Configuration.EnvironmentVariables.dll".
         Copying file from "C:\Program Files\dotnet\packs\Microsoft.AspNetCore.App.Ref\8.0.22\ref\net8.0\Microsoft.Extensions.Configuration.Json.dll" to "D:\Task\Remote Signing\TagEkyc\tests\TagEkyc.IntegrationTests\bin\Debug\net8.0\refs\Microsoft.Extensions.Configuration.Json.dll".
         Copying file from "C:\Program Files\dotnet\packs\Microsoft.AspNetCore.App.Ref\8.0.22\ref\net8.0\Microsoft.Extensions.Configuration.Ini.dll" to "D:\Task\Remote Signing\TagEkyc\tests\TagEkyc.IntegrationTests\bin\Debug\net8.0\refs\Microsoft.Extensions.Configuration.Ini.dll".
         Copying file from "C:\Program Files\dotnet\packs\Microsoft.AspNetCore.App.Ref\8.0.22\ref\net8.0\Microsoft.Extensions.Configuration.KeyPerFile.dll" to "D:\Task\Remote Signing\TagEkyc\tests\TagEkyc.IntegrationTests\bin\Debug\net8.0\refs\Microsoft.Extensions.Configuration.KeyPerFile.dll".
         Copying file from "C:\Program Files\dotnet\packs\Microsoft.AspNetCore.App.Ref\8.0.22\ref\net8.0\Microsoft.Extensions.Configuration.FileExtensions.dll" to "D:\Task\Remote Signing\TagEkyc\tests\TagEkyc.IntegrationTests\bin\Debug\net8.0\refs\Microsoft.Extensions.Configuration.FileExtensions.dll".
         Copying file from "C:\Program Files\dotnet\packs\Microsoft.AspNetCore.App.Ref\8.0.22\ref\net8.0\Microsoft.Extensions.Configuration.UserSecrets.dll" to "D:\Task\Remote Signing\TagEkyc\tests\TagEkyc.IntegrationTests\bin\Debug\net8.0\refs\Microsoft.Extensions.Configuration.UserSecrets.dll".
         Copying file from "C:\Program Files\dotnet\packs\Microsoft.AspNetCore.App.Ref\8.0.22\ref\net8.0\Microsoft.Extensions.DependencyInjection.Abstractions.dll" to "D:\Task\Remote Signing\TagEkyc\tests\TagEkyc.IntegrationTests\bin\Debug\net8.0\refs\Microsoft.Extensions.DependencyInjection.Abstractions.dll".
         Copying file from "C:\Program Files\dotnet\packs\Microsoft.AspNetCore.App.Ref\8.0.22\ref\net8.0\Microsoft.Extensions.Configuration.Xml.dll" to "D:\Task\Remote Signing\TagEkyc\tests\TagEkyc.IntegrationTests\bin\Debug\net8.0\refs\Microsoft.Extensions.Configuration.Xml.dll".
         Copying file from "C:\Program Files\dotnet\packs\Microsoft.AspNetCore.App.Ref\8.0.22\ref\net8.0\Microsoft.Extensions.DependencyInjection.dll" to "D:\Task\Remote Signing\TagEkyc\tests\TagEkyc.IntegrationTests\bin\Debug\net8.0\refs\Microsoft.Extensions.DependencyInjection.dll".
         Copying file from "C:\Program Files\dotnet\packs\Microsoft.AspNetCore.App.Ref\8.0.22\ref\net8.0\Microsoft.Extensions.Diagnostics.Abstractions.dll" to "D:\Task\Remote Signing\TagEkyc\tests\TagEkyc.IntegrationTests\bin\Debug\net8.0\refs\Microsoft.Extensions.Diagnostics.Abstractions.dll".
         Copying file from "C:\Program Files\dotnet\packs\Microsoft.AspNetCore.App.Ref\8.0.22\ref\net8.0\Microsoft.Extensions.Diagnostics.dll" to "D:\Task\Remote Signing\TagEkyc\tests\TagEkyc.IntegrationTests\bin\Debug\net8.0\refs\Microsoft.Extensions.Diagnostics.dll".
         Copying file from "C:\Program Files\dotnet\packs\Microsoft.AspNetCore.App.Ref\8.0.22\ref\net8.0\Microsoft.Extensions.Diagnostics.HealthChecks.Abstractions.dll" to "D:\Task\Remote Signing\TagEkyc\tests\TagEkyc.IntegrationTests\bin\Debug\net8.0\refs\Microsoft.Extensions.Diagnostics.HealthChecks.Abstractions.dll".
         Copying file from "C:\Program Files\dotnet\packs\Microsoft.AspNetCore.App.Ref\8.0.22\ref\net8.0\Microsoft.Extensions.Diagnostics.HealthChecks.dll" to "D:\Task\Remote Signing\TagEkyc\tests\TagEkyc.IntegrationTests\bin\Debug\net8.0\refs\Microsoft.Extensions.Diagnostics.HealthChecks.dll".
         Copying file from "C:\Program Files\dotnet\packs\Microsoft.AspNetCore.App.Ref\8.0.22\ref\net8.0\Microsoft.Extensions.Features.dll" to "D:\Task\Remote Signing\TagEkyc\tests\TagEkyc.IntegrationTests\bin\Debug\net8.0\refs\Microsoft.Extensions.Features.dll".
         Copying file from "C:\Program Files\dotnet\packs\Microsoft.AspNetCore.App.Ref\8.0.22\ref\net8.0\Microsoft.Extensions.FileProviders.Abstractions.dll" to "D:\Task\Remote Signing\TagEkyc\tests\TagEkyc.IntegrationTests\bin\Debug\net8.0\refs\Microsoft.Extensions.FileProviders.Abstractions.dll".
         Copying file from "C:\Program Files\dotnet\packs\Microsoft.AspNetCore.App.Ref\8.0.22\ref\net8.0\Microsoft.Extensions.FileProviders.Composite.dll" to "D:\Task\Remote Signing\TagEkyc\tests\TagEkyc.IntegrationTests\bin\Debug\net8.0\refs\Microsoft.Extensions.FileProviders.Composite.dll".
         Copying file from "C:\Program Files\dotnet\packs\Microsoft.AspNetCore.App.Ref\8.0.22\ref\net8.0\Microsoft.Extensions.FileProviders.Embedded.dll" to "D:\Task\Remote Signing\TagEkyc\tests\TagEkyc.IntegrationTests\bin\Debug\net8.0\refs\Microsoft.Extensions.FileProviders.Embedded.dll".
         Copying file from "C:\Program Files\dotnet\packs\Microsoft.AspNetCore.App.Ref\8.0.22\ref\net8.0\Microsoft.Extensions.FileProviders.Physical.dll" to "D:\Task\Remote Signing\TagEkyc\tests\TagEkyc.IntegrationTests\bin\Debug\net8.0\refs\Microsoft.Extensions.FileProviders.Physical.dll".
         Copying file from "C:\Program Files\dotnet\packs\Microsoft.AspNetCore.App.Ref\8.0.22\ref\net8.0\Microsoft.Extensions.FileSystemGlobbing.dll" to "D:\Task\Remote Signing\TagEkyc\tests\TagEkyc.IntegrationTests\bin\Debug\net8.0\refs\Microsoft.Extensions.FileSystemGlobbing.dll".
         Copying file from "C:\Program Files\dotnet\packs\Microsoft.AspNetCore.App.Ref\8.0.22\ref\net8.0\Microsoft.Extensions.Hosting.Abstractions.dll" to "D:\Task\Remote Signing\TagEkyc\tests\TagEkyc.IntegrationTests\bin\Debug\net8.0\refs\Microsoft.Extensions.Hosting.Abstractions.dll".
         Copying file from "C:\Program Files\dotnet\packs\Microsoft.AspNetCore.App.Ref\8.0.22\ref\net8.0\Microsoft.Extensions.Hosting.dll" to "D:\Task\Remote Signing\TagEkyc\tests\TagEkyc.IntegrationTests\bin\Debug\net8.0\refs\Microsoft.Extensions.Hosting.dll".
         Copying file from "C:\Program Files\dotnet\packs\Microsoft.AspNetCore.App.Ref\8.0.22\ref\net8.0\Microsoft.Extensions.Http.dll" to "D:\Task\Remote Signing\TagEkyc\tests\TagEkyc.IntegrationTests\bin\Debug\net8.0\refs\Microsoft.Extensions.Http.dll".
         Copying file from "C:\Program Files\dotnet\packs\Microsoft.AspNetCore.App.Ref\8.0.22\ref\net8.0\Microsoft.Extensions.Localization.Abstractions.dll" to "D:\Task\Remote Signing\TagEkyc\tests\TagEkyc.IntegrationTests\bin\Debug\net8.0\refs\Microsoft.Extensions.Localization.Abstractions.dll".
         Copying file from "C:\Program Files\dotnet\packs\Microsoft.AspNetCore.App.Ref\8.0.22\ref\net8.0\Microsoft.Extensions.Identity.Stores.dll" to "D:\Task\Remote Signing\TagEkyc\tests\TagEkyc.IntegrationTests\bin\Debug\net8.0\refs\Microsoft.Extensions.Identity.Stores.dll".
         Copying file from "C:\Program Files\dotnet\packs\Microsoft.AspNetCore.App.Ref\8.0.22\ref\net8.0\Microsoft.Extensions.Localization.dll" to "D:\Task\Remote Signing\TagEkyc\tests\TagEkyc.IntegrationTests\bin\Debug\net8.0\refs\Microsoft.Extensions.Localization.dll".
         Copying file from "C:\Program Files\dotnet\packs\Microsoft.AspNetCore.App.Ref\8.0.22\ref\net8.0\Microsoft.Extensions.Logging.Configuration.dll" to "D:\Task\Remote Signing\TagEkyc\tests\TagEkyc.IntegrationTests\bin\Debug\net8.0\refs\Microsoft.Extensions.Logging.Configuration.dll".
         Copying file from "C:\Program Files\dotnet\packs\Microsoft.AspNetCore.App.Ref\8.0.22\ref\net8.0\Microsoft.Extensions.Logging.Abstractions.dll" to "D:\Task\Remote Signing\TagEkyc\tests\TagEkyc.IntegrationTests\bin\Debug\net8.0\refs\Microsoft.Extensions.Logging.Abstractions.dll".
         Copying file from "C:\Program Files\dotnet\packs\Microsoft.AspNetCore.App.Ref\8.0.22\ref\net8.0\Microsoft.Extensions.Identity.Core.dll" to "D:\Task\Remote Signing\TagEkyc\tests\TagEkyc.IntegrationTests\bin\Debug\net8.0\refs\Microsoft.Extensions.Identity.Core.dll".
         Copying file from "C:\Program Files\dotnet\packs\Microsoft.AspNetCore.App.Ref\8.0.22\ref\net8.0\Microsoft.Extensions.Logging.Debug.dll" to "D:\Task\Remote Signing\TagEkyc\tests\TagEkyc.IntegrationTests\bin\Debug\net8.0\refs\Microsoft.Extensions.Logging.Debug.dll".
         Copying file from "C:\Program Files\dotnet\packs\Microsoft.AspNetCore.App.Ref\8.0.22\ref\net8.0\Microsoft.Extensions.Logging.dll" to "D:\Task\Remote Signing\TagEkyc\tests\TagEkyc.IntegrationTests\bin\Debug\net8.0\refs\Microsoft.Extensions.Logging.dll".
         Copying file from "C:\Program Files\dotnet\packs\Microsoft.AspNetCore.App.Ref\8.0.22\ref\net8.0\Microsoft.Extensions.Logging.Console.dll" to "D:\Task\Remote Signing\TagEkyc\tests\TagEkyc.IntegrationTests\bin\Debug\net8.0\refs\Microsoft.Extensions.Logging.Console.dll".
         Copying file from "C:\Program Files\dotnet\packs\Microsoft.AspNetCore.App.Ref\8.0.22\ref\net8.0\Microsoft.Extensions.Logging.EventLog.dll" to "D:\Task\Remote Signing\TagEkyc\tests\TagEkyc.IntegrationTests\bin\Debug\net8.0\refs\Microsoft.Extensions.Logging.EventLog.dll".
         Copying file from "C:\Program Files\dotnet\packs\Microsoft.AspNetCore.App.Ref\8.0.22\ref\net8.0\Microsoft.Extensions.Logging.EventSource.dll" to "D:\Task\Remote Signing\TagEkyc\tests\TagEkyc.IntegrationTests\bin\Debug\net8.0\refs\Microsoft.Extensions.Logging.EventSource.dll".
         Copying file from "C:\Program Files\dotnet\packs\Microsoft.AspNetCore.App.Ref\8.0.22\ref\net8.0\Microsoft.Extensions.ObjectPool.dll" to "D:\Task\Remote Signing\TagEkyc\tests\TagEkyc.IntegrationTests\bin\Debug\net8.0\refs\Microsoft.Extensions.ObjectPool.dll".
         Copying file from "C:\Program Files\dotnet\packs\Microsoft.AspNetCore.App.Ref\8.0.22\ref\net8.0\Microsoft.Extensions.Logging.TraceSource.dll" to "D:\Task\Remote Signing\TagEkyc\tests\TagEkyc.IntegrationTests\bin\Debug\net8.0\refs\Microsoft.Extensions.Logging.TraceSource.dll".
         Copying file from "C:\Program Files\dotnet\packs\Microsoft.AspNetCore.App.Ref\8.0.22\ref\net8.0\Microsoft.Extensions.Options.ConfigurationExtensions.dll" to "D:\Task\Remote Signing\TagEkyc\tests\TagEkyc.IntegrationTests\bin\Debug\net8.0\refs\Microsoft.Extensions.Options.ConfigurationExtensions.dll".
         Copying file from "C:\Program Files\dotnet\packs\Microsoft.AspNetCore.App.Ref\8.0.22\ref\net8.0\Microsoft.Extensions.Options.DataAnnotations.dll" to "D:\Task\Remote Signing\TagEkyc\tests\TagEkyc.IntegrationTests\bin\Debug\net8.0\refs\Microsoft.Extensions.Options.DataAnnotations.dll".
         Copying file from "C:\Program Files\dotnet\packs\Microsoft.AspNetCore.App.Ref\8.0.22\ref\net8.0\Microsoft.Extensions.Options.dll" to "D:\Task\Remote Signing\TagEkyc\tests\TagEkyc.IntegrationTests\bin\Debug\net8.0\refs\Microsoft.Extensions.Options.dll".
         Copying file from "C:\Program Files\dotnet\packs\Microsoft.AspNetCore.App.Ref\8.0.22\ref\net8.0\Microsoft.Extensions.Primitives.dll" to "D:\Task\Remote Signing\TagEkyc\tests\TagEkyc.IntegrationTests\bin\Debug\net8.0\refs\Microsoft.Extensions.Primitives.dll".
         Copying file from "C:\Program Files\dotnet\packs\Microsoft.AspNetCore.App.Ref\8.0.22\ref\net8.0\Microsoft.Extensions.WebEncoders.dll" to "D:\Task\Remote Signing\TagEkyc\tests\TagEkyc.IntegrationTests\bin\Debug\net8.0\refs\Microsoft.Extensions.WebEncoders.dll".
         Copying file from "C:\Program Files\dotnet\packs\Microsoft.AspNetCore.App.Ref\8.0.22\ref\net8.0\Microsoft.JSInterop.dll" to "D:\Task\Remote Signing\TagEkyc\tests\TagEkyc.IntegrationTests\bin\Debug\net8.0\refs\Microsoft.JSInterop.dll".
         Copying file from "C:\Program Files\dotnet\packs\Microsoft.AspNetCore.App.Ref\8.0.22\ref\net8.0\Microsoft.Net.Http.Headers.dll" to "D:\Task\Remote Signing\TagEkyc\tests\TagEkyc.IntegrationTests\bin\Debug\net8.0\refs\Microsoft.Net.Http.Headers.dll".
         Copying file from "C:\Program Files\dotnet\packs\Microsoft.NETCore.App.Ref\8.0.22\ref\net8.0\Microsoft.VisualBasic.Core.dll" to "D:\Task\Remote Signing\TagEkyc\tests\TagEkyc.IntegrationTests\bin\Debug\net8.0\refs\Microsoft.VisualBasic.Core.dll".
         Copying file from "C:\Program Files\dotnet\packs\Microsoft.NETCore.App.Ref\8.0.22\ref\net8.0\Microsoft.VisualBasic.dll" to "D:\Task\Remote Signing\TagEkyc\tests\TagEkyc.IntegrationTests\bin\Debug\net8.0\refs\Microsoft.VisualBasic.dll".
         Copying file from "C:\Program Files\dotnet\packs\Microsoft.NETCore.App.Ref\8.0.22\ref\net8.0\Microsoft.Win32.Primitives.dll" to "D:\Task\Remote Signing\TagEkyc\tests\TagEkyc.IntegrationTests\bin\Debug\net8.0\refs\Microsoft.Win32.Primitives.dll".
         Copying file from "C:\Program Files\dotnet\packs\Microsoft.NETCore.App.Ref\8.0.22\ref\net8.0\Microsoft.Win32.Registry.dll" to "D:\Task\Remote Signing\TagEkyc\tests\TagEkyc.IntegrationTests\bin\Debug\net8.0\refs\Microsoft.Win32.Registry.dll".
         Copying file from "C:\Program Files\dotnet\packs\Microsoft.NETCore.App.Ref\8.0.22\ref\net8.0\mscorlib.dll" to "D:\Task\Remote Signing\TagEkyc\tests\TagEkyc.IntegrationTests\bin\Debug\net8.0\refs\mscorlib.dll".
         Copying file from "C:\Program Files\dotnet\packs\Microsoft.NETCore.App.Ref\8.0.22\ref\net8.0\netstandard.dll" to "D:\Task\Remote Signing\TagEkyc\tests\TagEkyc.IntegrationTests\bin\Debug\net8.0\refs\netstandard.dll".
         Copying file from "C:\Program Files\dotnet\packs\Microsoft.NETCore.App.Ref\8.0.22\ref\net8.0\System.Buffers.dll" to "D:\Task\Remote Signing\TagEkyc\tests\TagEkyc.IntegrationTests\bin\Debug\net8.0\refs\System.Buffers.dll".
         Copying file from "C:\Program Files\dotnet\packs\Microsoft.NETCore.App.Ref\8.0.22\ref\net8.0\System.AppContext.dll" to "D:\Task\Remote Signing\TagEkyc\tests\TagEkyc.IntegrationTests\bin\Debug\net8.0\refs\System.AppContext.dll".
         Copying file from "C:\Program Files\dotnet\packs\Microsoft.NETCore.App.Ref\8.0.22\ref\net8.0\System.Collections.Concurrent.dll" to "D:\Task\Remote Signing\TagEkyc\tests\TagEkyc.IntegrationTests\bin\Debug\net8.0\refs\System.Collections.Concurrent.dll".
         Copying file from "C:\Program Files\dotnet\packs\Microsoft.NETCore.App.Ref\8.0.22\ref\net8.0\System.Collections.dll" to "D:\Task\Remote Signing\TagEkyc\tests\TagEkyc.IntegrationTests\bin\Debug\net8.0\refs\System.Collections.dll".
         Copying file from "C:\Program Files\dotnet\packs\Microsoft.NETCore.App.Ref\8.0.22\ref\net8.0\System.Collections.Immutable.dll" to "D:\Task\Remote Signing\TagEkyc\tests\TagEkyc.IntegrationTests\bin\Debug\net8.0\refs\System.Collections.Immutable.dll".
         Copying file from "C:\Program Files\dotnet\packs\Microsoft.NETCore.App.Ref\8.0.22\ref\net8.0\System.Collections.NonGeneric.dll" to "D:\Task\Remote Signing\TagEkyc\tests\TagEkyc.IntegrationTests\bin\Debug\net8.0\refs\System.Collections.NonGeneric.dll".
         Copying file from "C:\Program Files\dotnet\packs\Microsoft.NETCore.App.Ref\8.0.22\ref\net8.0\System.Collections.Specialized.dll" to "D:\Task\Remote Signing\TagEkyc\tests\TagEkyc.IntegrationTests\bin\Debug\net8.0\refs\System.Collections.Specialized.dll".
         Copying file from "C:\Program Files\dotnet\packs\Microsoft.NETCore.App.Ref\8.0.22\ref\net8.0\System.ComponentModel.Annotations.dll" to "D:\Task\Remote Signing\TagEkyc\tests\TagEkyc.IntegrationTests\bin\Debug\net8.0\refs\System.ComponentModel.Annotations.dll".
         Copying file from "C:\Program Files\dotnet\packs\Microsoft.NETCore.App.Ref\8.0.22\ref\net8.0\System.ComponentModel.DataAnnotations.dll" to "D:\Task\Remote Signing\TagEkyc\tests\TagEkyc.IntegrationTests\bin\Debug\net8.0\refs\System.ComponentModel.DataAnnotations.dll".
         Copying file from "C:\Program Files\dotnet\packs\Microsoft.NETCore.App.Ref\8.0.22\ref\net8.0\System.ComponentModel.dll" to "D:\Task\Remote Signing\TagEkyc\tests\TagEkyc.IntegrationTests\bin\Debug\net8.0\refs\System.ComponentModel.dll".
         Copying file from "C:\Program Files\dotnet\packs\Microsoft.NETCore.App.Ref\8.0.22\ref\net8.0\System.ComponentModel.EventBasedAsync.dll" to "D:\Task\Remote Signing\TagEkyc\tests\TagEkyc.IntegrationTests\bin\Debug\net8.0\refs\System.ComponentModel.EventBasedAsync.dll".
         Copying file from "C:\Program Files\dotnet\packs\Microsoft.NETCore.App.Ref\8.0.22\ref\net8.0\System.ComponentModel.Primitives.dll" to "D:\Task\Remote Signing\TagEkyc\tests\TagEkyc.IntegrationTests\bin\Debug\net8.0\refs\System.ComponentModel.Primitives.dll".
         Copying file from "C:\Program Files\dotnet\packs\Microsoft.NETCore.App.Ref\8.0.22\ref\net8.0\System.ComponentModel.TypeConverter.dll" to "D:\Task\Remote Signing\TagEkyc\tests\TagEkyc.IntegrationTests\bin\Debug\net8.0\refs\System.ComponentModel.TypeConverter.dll".
         Copying file from "C:\Program Files\dotnet\packs\Microsoft.NETCore.App.Ref\8.0.22\ref\net8.0\System.Configuration.dll" to "D:\Task\Remote Signing\TagEkyc\tests\TagEkyc.IntegrationTests\bin\Debug\net8.0\refs\System.Configuration.dll".
         Copying file from "C:\Program Files\dotnet\packs\Microsoft.NETCore.App.Ref\8.0.22\ref\net8.0\System.Console.dll" to "D:\Task\Remote Signing\TagEkyc\tests\TagEkyc.IntegrationTests\bin\Debug\net8.0\refs\System.Console.dll".
         Copying file from "C:\Program Files\dotnet\packs\Microsoft.NETCore.App.Ref\8.0.22\ref\net8.0\System.Core.dll" to "D:\Task\Remote Signing\TagEkyc\tests\TagEkyc.IntegrationTests\bin\Debug\net8.0\refs\System.Core.dll".
         Copying file from "C:\Program Files\dotnet\packs\Microsoft.NETCore.App.Ref\8.0.22\ref\net8.0\System.Data.Common.dll" to "D:\Task\Remote Signing\TagEkyc\tests\TagEkyc.IntegrationTests\bin\Debug\net8.0\refs\System.Data.Common.dll".
         Copying file from "C:\Program Files\dotnet\packs\Microsoft.NETCore.App.Ref\8.0.22\ref\net8.0\System.Data.dll" to "D:\Task\Remote Signing\TagEkyc\tests\TagEkyc.IntegrationTests\bin\Debug\net8.0\refs\System.Data.dll".
         Copying file from "C:\Program Files\dotnet\packs\Microsoft.NETCore.App.Ref\8.0.22\ref\net8.0\System.Diagnostics.Debug.dll" to "D:\Task\Remote Signing\TagEkyc\tests\TagEkyc.IntegrationTests\bin\Debug\net8.0\refs\System.Diagnostics.Debug.dll".
         Copying file from "C:\Program Files\dotnet\packs\Microsoft.NETCore.App.Ref\8.0.22\ref\net8.0\System.Diagnostics.Contracts.dll" to "D:\Task\Remote Signing\TagEkyc\tests\TagEkyc.IntegrationTests\bin\Debug\net8.0\refs\System.Diagnostics.Contracts.dll".
         Copying file from "C:\Program Files\dotnet\packs\Microsoft.NETCore.App.Ref\8.0.22\ref\net8.0\System.Diagnostics.DiagnosticSource.dll" to "D:\Task\Remote Signing\TagEkyc\tests\TagEkyc.IntegrationTests\bin\Debug\net8.0\refs\System.Diagnostics.DiagnosticSource.dll".
         Copying file from "C:\Program Files\dotnet\packs\Microsoft.AspNetCore.App.Ref\8.0.22\ref\net8.0\System.Diagnostics.EventLog.dll" to "D:\Task\Remote Signing\TagEkyc\tests\TagEkyc.IntegrationTests\bin\Debug\net8.0\refs\System.Diagnostics.EventLog.dll".
         Copying file from "C:\Program Files\dotnet\packs\Microsoft.NETCore.App.Ref\8.0.22\ref\net8.0\System.Data.DataSetExtensions.dll" to "D:\Task\Remote Signing\TagEkyc\tests\TagEkyc.IntegrationTests\bin\Debug\net8.0\refs\System.Data.DataSetExtensions.dll".
         Copying file from "C:\Program Files\dotnet\packs\Microsoft.NETCore.App.Ref\8.0.22\ref\net8.0\System.Diagnostics.FileVersionInfo.dll" to "D:\Task\Remote Signing\TagEkyc\tests\TagEkyc.IntegrationTests\bin\Debug\net8.0\refs\System.Diagnostics.FileVersionInfo.dll".
         Copying file from "C:\Program Files\dotnet\packs\Microsoft.NETCore.App.Ref\8.0.22\ref\net8.0\System.Diagnostics.Process.dll" to "D:\Task\Remote Signing\TagEkyc\tests\TagEkyc.IntegrationTests\bin\Debug\net8.0\refs\System.Diagnostics.Process.dll".
         Copying file from "C:\Program Files\dotnet\packs\Microsoft.NETCore.App.Ref\8.0.22\ref\net8.0\System.Diagnostics.StackTrace.dll" to "D:\Task\Remote Signing\TagEkyc\tests\TagEkyc.IntegrationTests\bin\Debug\net8.0\refs\System.Diagnostics.StackTrace.dll".
         Copying file from "C:\Program Files\dotnet\packs\Microsoft.NETCore.App.Ref\8.0.22\ref\net8.0\System.Diagnostics.TextWriterTraceListener.dll" to "D:\Task\Remote Signing\TagEkyc\tests\TagEkyc.IntegrationTests\bin\Debug\net8.0\refs\System.Diagnostics.TextWriterTraceListener.dll".
         Copying file from "C:\Program Files\dotnet\packs\Microsoft.NETCore.App.Ref\8.0.22\ref\net8.0\System.Diagnostics.Tools.dll" to "D:\Task\Remote Signing\TagEkyc\tests\TagEkyc.IntegrationTests\bin\Debug\net8.0\refs\System.Diagnostics.Tools.dll".
         Copying file from "C:\Program Files\dotnet\packs\Microsoft.NETCore.App.Ref\8.0.22\ref\net8.0\System.Diagnostics.TraceSource.dll" to "D:\Task\Remote Signing\TagEkyc\tests\TagEkyc.IntegrationTests\bin\Debug\net8.0\refs\System.Diagnostics.TraceSource.dll".
         Copying file from "C:\Program Files\dotnet\packs\Microsoft.NETCore.App.Ref\8.0.22\ref\net8.0\System.Diagnostics.Tracing.dll" to "D:\Task\Remote Signing\TagEkyc\tests\TagEkyc.IntegrationTests\bin\Debug\net8.0\refs\System.Diagnostics.Tracing.dll".
         Copying file from "C:\Program Files\dotnet\packs\Microsoft.NETCore.App.Ref\8.0.22\ref\net8.0\System.dll" to "D:\Task\Remote Signing\TagEkyc\tests\TagEkyc.IntegrationTests\bin\Debug\net8.0\refs\System.dll".
         Copying file from "C:\Program Files\dotnet\packs\Microsoft.NETCore.App.Ref\8.0.22\ref\net8.0\System.Drawing.dll" to "D:\Task\Remote Signing\TagEkyc\tests\TagEkyc.IntegrationTests\bin\Debug\net8.0\refs\System.Drawing.dll".
         Copying file from "C:\Program Files\dotnet\packs\Microsoft.NETCore.App.Ref\8.0.22\ref\net8.0\System.Drawing.Primitives.dll" to "D:\Task\Remote Signing\TagEkyc\tests\TagEkyc.IntegrationTests\bin\Debug\net8.0\refs\System.Drawing.Primitives.dll".
         Copying file from "C:\Program Files\dotnet\packs\Microsoft.NETCore.App.Ref\8.0.22\ref\net8.0\System.Dynamic.Runtime.dll" to "D:\Task\Remote Signing\TagEkyc\tests\TagEkyc.IntegrationTests\bin\Debug\net8.0\refs\System.Dynamic.Runtime.dll".
         Copying file from "C:\Program Files\dotnet\packs\Microsoft.NETCore.App.Ref\8.0.22\ref\net8.0\System.Formats.Asn1.dll" to "D:\Task\Remote Signing\TagEkyc\tests\TagEkyc.IntegrationTests\bin\Debug\net8.0\refs\System.Formats.Asn1.dll".
         Copying file from "C:\Program Files\dotnet\packs\Microsoft.NETCore.App.Ref\8.0.22\ref\net8.0\System.Formats.Tar.dll" to "D:\Task\Remote Signing\TagEkyc\tests\TagEkyc.IntegrationTests\bin\Debug\net8.0\refs\System.Formats.Tar.dll".
         Copying file from "C:\Program Files\dotnet\packs\Microsoft.NETCore.App.Ref\8.0.22\ref\net8.0\System.Globalization.Calendars.dll" to "D:\Task\Remote Signing\TagEkyc\tests\TagEkyc.IntegrationTests\bin\Debug\net8.0\refs\System.Globalization.Calendars.dll".
         Copying file from "C:\Program Files\dotnet\packs\Microsoft.NETCore.App.Ref\8.0.22\ref\net8.0\System.Globalization.dll" to "D:\Task\Remote Signing\TagEkyc\tests\TagEkyc.IntegrationTests\bin\Debug\net8.0\refs\System.Globalization.dll".
         Copying file from "C:\Program Files\dotnet\packs\Microsoft.NETCore.App.Ref\8.0.22\ref\net8.0\System.Globalization.Extensions.dll" to "D:\Task\Remote Signing\TagEkyc\tests\TagEkyc.IntegrationTests\bin\Debug\net8.0\refs\System.Globalization.Extensions.dll".
         Copying file from "C:\Program Files\dotnet\packs\Microsoft.NETCore.App.Ref\8.0.22\ref\net8.0\System.IO.Compression.Brotli.dll" to "D:\Task\Remote Signing\TagEkyc\tests\TagEkyc.IntegrationTests\bin\Debug\net8.0\refs\System.IO.Compression.Brotli.dll".
         Copying file from "C:\Program Files\dotnet\packs\Microsoft.NETCore.App.Ref\8.0.22\ref\net8.0\System.IO.Compression.dll" to "D:\Task\Remote Signing\TagEkyc\tests\TagEkyc.IntegrationTests\bin\Debug\net8.0\refs\System.IO.Compression.dll".
         Copying file from "C:\Program Files\dotnet\packs\Microsoft.NETCore.App.Ref\8.0.22\ref\net8.0\System.IO.Compression.ZipFile.dll" to "D:\Task\Remote Signing\TagEkyc\tests\TagEkyc.IntegrationTests\bin\Debug\net8.0\refs\System.IO.Compression.ZipFile.dll".
         Copying file from "C:\Program Files\dotnet\packs\Microsoft.NETCore.App.Ref\8.0.22\ref\net8.0\System.IO.Compression.FileSystem.dll" to "D:\Task\Remote Signing\TagEkyc\tests\TagEkyc.IntegrationTests\bin\Debug\net8.0\refs\System.IO.Compression.FileSystem.dll".
         Copying file from "C:\Program Files\dotnet\packs\Microsoft.NETCore.App.Ref\8.0.22\ref\net8.0\System.IO.dll" to "D:\Task\Remote Signing\TagEkyc\tests\TagEkyc.IntegrationTests\bin\Debug\net8.0\refs\System.IO.dll".
         Copying file from "C:\Program Files\dotnet\packs\Microsoft.NETCore.App.Ref\8.0.22\ref\net8.0\System.IO.FileSystem.AccessControl.dll" to "D:\Task\Remote Signing\TagEkyc\tests\TagEkyc.IntegrationTests\bin\Debug\net8.0\refs\System.IO.FileSystem.AccessControl.dll".
         Copying file from "C:\Program Files\dotnet\packs\Microsoft.NETCore.App.Ref\8.0.22\ref\net8.0\System.IO.FileSystem.dll" to "D:\Task\Remote Signing\TagEkyc\tests\TagEkyc.IntegrationTests\bin\Debug\net8.0\refs\System.IO.FileSystem.dll".
         Copying file from "C:\Program Files\dotnet\packs\Microsoft.NETCore.App.Ref\8.0.22\ref\net8.0\System.IO.FileSystem.DriveInfo.dll" to "D:\Task\Remote Signing\TagEkyc\tests\TagEkyc.IntegrationTests\bin\Debug\net8.0\refs\System.IO.FileSystem.DriveInfo.dll".
         Copying file from "C:\Program Files\dotnet\packs\Microsoft.NETCore.App.Ref\8.0.22\ref\net8.0\System.IO.FileSystem.Primitives.dll" to "D:\Task\Remote Signing\TagEkyc\tests\TagEkyc.IntegrationTests\bin\Debug\net8.0\refs\System.IO.FileSystem.Primitives.dll".
         Copying file from "C:\Program Files\dotnet\packs\Microsoft.NETCore.App.Ref\8.0.22\ref\net8.0\System.IO.FileSystem.Watcher.dll" to "D:\Task\Remote Signing\TagEkyc\tests\TagEkyc.IntegrationTests\bin\Debug\net8.0\refs\System.IO.FileSystem.Watcher.dll".
         Copying file from "C:\Program Files\dotnet\packs\Microsoft.NETCore.App.Ref\8.0.22\ref\net8.0\System.IO.IsolatedStorage.dll" to "D:\Task\Remote Signing\TagEkyc\tests\TagEkyc.IntegrationTests\bin\Debug\net8.0\refs\System.IO.IsolatedStorage.dll".
         Copying file from "C:\Program Files\dotnet\packs\Microsoft.NETCore.App.Ref\8.0.22\ref\net8.0\System.IO.MemoryMappedFiles.dll" to "D:\Task\Remote Signing\TagEkyc\tests\TagEkyc.IntegrationTests\bin\Debug\net8.0\refs\System.IO.MemoryMappedFiles.dll".
         Copying file from "C:\Program Files\dotnet\packs\Microsoft.NETCore.App.Ref\8.0.22\ref\net8.0\System.IO.Pipes.AccessControl.dll" to "D:\Task\Remote Signing\TagEkyc\tests\TagEkyc.IntegrationTests\bin\Debug\net8.0\refs\System.IO.Pipes.AccessControl.dll".
         Copying file from "C:\Program Files\dotnet\packs\Microsoft.NETCore.App.Ref\8.0.22\ref\net8.0\System.IO.Pipes.dll" to "D:\Task\Remote Signing\TagEkyc\tests\TagEkyc.IntegrationTests\bin\Debug\net8.0\refs\System.IO.Pipes.dll".
         Copying file from "C:\Program Files\dotnet\packs\Microsoft.AspNetCore.App.Ref\8.0.22\ref\net8.0\System.IO.Pipelines.dll" to "D:\Task\Remote Signing\TagEkyc\tests\TagEkyc.IntegrationTests\bin\Debug\net8.0\refs\System.IO.Pipelines.dll".
         Copying file from "C:\Program Files\dotnet\packs\Microsoft.NETCore.App.Ref\8.0.22\ref\net8.0\System.IO.UnmanagedMemoryStream.dll" to "D:\Task\Remote Signing\TagEkyc\tests\TagEkyc.IntegrationTests\bin\Debug\net8.0\refs\System.IO.UnmanagedMemoryStream.dll".
         Copying file from "C:\Program Files\dotnet\packs\Microsoft.NETCore.App.Ref\8.0.22\ref\net8.0\System.Linq.dll" to "D:\Task\Remote Signing\TagEkyc\tests\TagEkyc.IntegrationTests\bin\Debug\net8.0\refs\System.Linq.dll".
         Copying file from "C:\Program Files\dotnet\packs\Microsoft.NETCore.App.Ref\8.0.22\ref\net8.0\System.Linq.Expressions.dll" to "D:\Task\Remote Signing\TagEkyc\tests\TagEkyc.IntegrationTests\bin\Debug\net8.0\refs\System.Linq.Expressions.dll".
         Copying file from "C:\Program Files\dotnet\packs\Microsoft.NETCore.App.Ref\8.0.22\ref\net8.0\System.Linq.Parallel.dll" to "D:\Task\Remote Signing\TagEkyc\tests\TagEkyc.IntegrationTests\bin\Debug\net8.0\refs\System.Linq.Parallel.dll".
         Copying file from "C:\Program Files\dotnet\packs\Microsoft.NETCore.App.Ref\8.0.22\ref\net8.0\System.Linq.Queryable.dll" to "D:\Task\Remote Signing\TagEkyc\tests\TagEkyc.IntegrationTests\bin\Debug\net8.0\refs\System.Linq.Queryable.dll".
         Copying file from "C:\Program Files\dotnet\packs\Microsoft.NETCore.App.Ref\8.0.22\ref\net8.0\System.Memory.dll" to "D:\Task\Remote Signing\TagEkyc\tests\TagEkyc.IntegrationTests\bin\Debug\net8.0\refs\System.Memory.dll".
         Copying file from "C:\Program Files\dotnet\packs\Microsoft.NETCore.App.Ref\8.0.22\ref\net8.0\System.Net.dll" to "D:\Task\Remote Signing\TagEkyc\tests\TagEkyc.IntegrationTests\bin\Debug\net8.0\refs\System.Net.dll".
         Copying file from "C:\Program Files\dotnet\packs\Microsoft.NETCore.App.Ref\8.0.22\ref\net8.0\System.Net.Http.dll" to "D:\Task\Remote Signing\TagEkyc\tests\TagEkyc.IntegrationTests\bin\Debug\net8.0\refs\System.Net.Http.dll".
         Copying file from "C:\Program Files\dotnet\packs\Microsoft.NETCore.App.Ref\8.0.22\ref\net8.0\System.Net.Http.Json.dll" to "D:\Task\Remote Signing\TagEkyc\tests\TagEkyc.IntegrationTests\bin\Debug\net8.0\refs\System.Net.Http.Json.dll".
         Copying file from "C:\Program Files\dotnet\packs\Microsoft.NETCore.App.Ref\8.0.22\ref\net8.0\System.Net.HttpListener.dll" to "D:\Task\Remote Signing\TagEkyc\tests\TagEkyc.IntegrationTests\bin\Debug\net8.0\refs\System.Net.HttpListener.dll".
         Copying file from "C:\Program Files\dotnet\packs\Microsoft.NETCore.App.Ref\8.0.22\ref\net8.0\System.Net.Mail.dll" to "D:\Task\Remote Signing\TagEkyc\tests\TagEkyc.IntegrationTests\bin\Debug\net8.0\refs\System.Net.Mail.dll".
         Copying file from "C:\Program Files\dotnet\packs\Microsoft.NETCore.App.Ref\8.0.22\ref\net8.0\System.Net.NameResolution.dll" to "D:\Task\Remote Signing\TagEkyc\tests\TagEkyc.IntegrationTests\bin\Debug\net8.0\refs\System.Net.NameResolution.dll".
         Copying file from "C:\Program Files\dotnet\packs\Microsoft.NETCore.App.Ref\8.0.22\ref\net8.0\System.Net.NetworkInformation.dll" to "D:\Task\Remote Signing\TagEkyc\tests\TagEkyc.IntegrationTests\bin\Debug\net8.0\refs\System.Net.NetworkInformation.dll".
         Copying file from "C:\Program Files\dotnet\packs\Microsoft.NETCore.App.Ref\8.0.22\ref\net8.0\System.Net.Ping.dll" to "D:\Task\Remote Signing\TagEkyc\tests\TagEkyc.IntegrationTests\bin\Debug\net8.0\refs\System.Net.Ping.dll".
         Copying file from "C:\Program Files\dotnet\packs\Microsoft.NETCore.App.Ref\8.0.22\ref\net8.0\System.Net.Quic.dll" to "D:\Task\Remote Signing\TagEkyc\tests\TagEkyc.IntegrationTests\bin\Debug\net8.0\refs\System.Net.Quic.dll".
         Copying file from "C:\Program Files\dotnet\packs\Microsoft.NETCore.App.Ref\8.0.22\ref\net8.0\System.Net.Requests.dll" to "D:\Task\Remote Signing\TagEkyc\tests\TagEkyc.IntegrationTests\bin\Debug\net8.0\refs\System.Net.Requests.dll".
         Copying file from "C:\Program Files\dotnet\packs\Microsoft.NETCore.App.Ref\8.0.22\ref\net8.0\System.Net.Security.dll" to "D:\Task\Remote Signing\TagEkyc\tests\TagEkyc.IntegrationTests\bin\Debug\net8.0\refs\System.Net.Security.dll".
         Copying file from "C:\Program Files\dotnet\packs\Microsoft.NETCore.App.Ref\8.0.22\ref\net8.0\System.Net.Primitives.dll" to "D:\Task\Remote Signing\TagEkyc\tests\TagEkyc.IntegrationTests\bin\Debug\net8.0\refs\System.Net.Primitives.dll".
         Copying file from "C:\Program Files\dotnet\packs\Microsoft.NETCore.App.Ref\8.0.22\ref\net8.0\System.Net.Sockets.dll" to "D:\Task\Remote Signing\TagEkyc\tests\TagEkyc.IntegrationTests\bin\Debug\net8.0\refs\System.Net.Sockets.dll".
         Copying file from "C:\Program Files\dotnet\packs\Microsoft.NETCore.App.Ref\8.0.22\ref\net8.0\System.Net.WebClient.dll" to "D:\Task\Remote Signing\TagEkyc\tests\TagEkyc.IntegrationTests\bin\Debug\net8.0\refs\System.Net.WebClient.dll".
         Copying file from "C:\Program Files\dotnet\packs\Microsoft.NETCore.App.Ref\8.0.22\ref\net8.0\System.Net.WebHeaderCollection.dll" to "D:\Task\Remote Signing\TagEkyc\tests\TagEkyc.IntegrationTests\bin\Debug\net8.0\refs\System.Net.WebHeaderCollection.dll".
         Copying file from "C:\Program Files\dotnet\packs\Microsoft.NETCore.App.Ref\8.0.22\ref\net8.0\System.Net.WebProxy.dll" to "D:\Task\Remote Signing\TagEkyc\tests\TagEkyc.IntegrationTests\bin\Debug\net8.0\refs\System.Net.WebProxy.dll".
         Copying file from "C:\Program Files\dotnet\packs\Microsoft.NETCore.App.Ref\8.0.22\ref\net8.0\System.Net.WebSockets.Client.dll" to "D:\Task\Remote Signing\TagEkyc\tests\TagEkyc.IntegrationTests\bin\Debug\net8.0\refs\System.Net.WebSockets.Client.dll".
         Copying file from "C:\Program Files\dotnet\packs\Microsoft.NETCore.App.Ref\8.0.22\ref\net8.0\System.Net.WebSockets.dll" to "D:\Task\Remote Signing\TagEkyc\tests\TagEkyc.IntegrationTests\bin\Debug\net8.0\refs\System.Net.WebSockets.dll".
         Copying file from "C:\Program Files\dotnet\packs\Microsoft.NETCore.App.Ref\8.0.22\ref\net8.0\System.Numerics.dll" to "D:\Task\Remote Signing\TagEkyc\tests\TagEkyc.IntegrationTests\bin\Debug\net8.0\refs\System.Numerics.dll".
         Copying file from "C:\Program Files\dotnet\packs\Microsoft.NETCore.App.Ref\8.0.22\ref\net8.0\System.Net.ServicePoint.dll" to "D:\Task\Remote Signing\TagEkyc\tests\TagEkyc.IntegrationTests\bin\Debug\net8.0\refs\System.Net.ServicePoint.dll".
         Copying file from "C:\Program Files\dotnet\packs\Microsoft.NETCore.App.Ref\8.0.22\ref\net8.0\System.Numerics.Vectors.dll" to "D:\Task\Remote Signing\TagEkyc\tests\TagEkyc.IntegrationTests\bin\Debug\net8.0\refs\System.Numerics.Vectors.dll".
         Copying file from "C:\Program Files\dotnet\packs\Microsoft.NETCore.App.Ref\8.0.22\ref\net8.0\System.Reflection.dll" to "D:\Task\Remote Signing\TagEkyc\tests\TagEkyc.IntegrationTests\bin\Debug\net8.0\refs\System.Reflection.dll".
         Copying file from "C:\Program Files\dotnet\packs\Microsoft.NETCore.App.Ref\8.0.22\ref\net8.0\System.Reflection.DispatchProxy.dll" to "D:\Task\Remote Signing\TagEkyc\tests\TagEkyc.IntegrationTests\bin\Debug\net8.0\refs\System.Reflection.DispatchProxy.dll".
         Copying file from "C:\Program Files\dotnet\packs\Microsoft.NETCore.App.Ref\8.0.22\ref\net8.0\System.Reflection.Emit.dll" to "D:\Task\Remote Signing\TagEkyc\tests\TagEkyc.IntegrationTests\bin\Debug\net8.0\refs\System.Reflection.Emit.dll".
         Copying file from "C:\Program Files\dotnet\packs\Microsoft.NETCore.App.Ref\8.0.22\ref\net8.0\System.ObjectModel.dll" to "D:\Task\Remote Signing\TagEkyc\tests\TagEkyc.IntegrationTests\bin\Debug\net8.0\refs\System.ObjectModel.dll".
         Copying file from "C:\Program Files\dotnet\packs\Microsoft.NETCore.App.Ref\8.0.22\ref\net8.0\System.Reflection.Emit.ILGeneration.dll" to "D:\Task\Remote Signing\TagEkyc\tests\TagEkyc.IntegrationTests\bin\Debug\net8.0\refs\System.Reflection.Emit.ILGeneration.dll".
         Copying file from "C:\Program Files\dotnet\packs\Microsoft.NETCore.App.Ref\8.0.22\ref\net8.0\System.Reflection.Emit.Lightweight.dll" to "D:\Task\Remote Signing\TagEkyc\tests\TagEkyc.IntegrationTests\bin\Debug\net8.0\refs\System.Reflection.Emit.Lightweight.dll".
         Copying file from "C:\Program Files\dotnet\packs\Microsoft.NETCore.App.Ref\8.0.22\ref\net8.0\System.Reflection.Extensions.dll" to "D:\Task\Remote Signing\TagEkyc\tests\TagEkyc.IntegrationTests\bin\Debug\net8.0\refs\System.Reflection.Extensions.dll".
         Copying file from "C:\Program Files\dotnet\packs\Microsoft.NETCore.App.Ref\8.0.22\ref\net8.0\System.Reflection.Metadata.dll" to "D:\Task\Remote Signing\TagEkyc\tests\TagEkyc.IntegrationTests\bin\Debug\net8.0\refs\System.Reflection.Metadata.dll".
         Copying file from "C:\Program Files\dotnet\packs\Microsoft.NETCore.App.Ref\8.0.22\ref\net8.0\System.Reflection.Primitives.dll" to "D:\Task\Remote Signing\TagEkyc\tests\TagEkyc.IntegrationTests\bin\Debug\net8.0\refs\System.Reflection.Primitives.dll".
         Copying file from "C:\Program Files\dotnet\packs\Microsoft.NETCore.App.Ref\8.0.22\ref\net8.0\System.Reflection.TypeExtensions.dll" to "D:\Task\Remote Signing\TagEkyc\tests\TagEkyc.IntegrationTests\bin\Debug\net8.0\refs\System.Reflection.TypeExtensions.dll".
         Copying file from "C:\Program Files\dotnet\packs\Microsoft.NETCore.App.Ref\8.0.22\ref\net8.0\System.Resources.Reader.dll" to "D:\Task\Remote Signing\TagEkyc\tests\TagEkyc.IntegrationTests\bin\Debug\net8.0\refs\System.Resources.Reader.dll".
         Copying file from "C:\Program Files\dotnet\packs\Microsoft.NETCore.App.Ref\8.0.22\ref\net8.0\System.Resources.ResourceManager.dll" to "D:\Task\Remote Signing\TagEkyc\tests\TagEkyc.IntegrationTests\bin\Debug\net8.0\refs\System.Resources.ResourceManager.dll".
         Copying file from "C:\Program Files\dotnet\packs\Microsoft.NETCore.App.Ref\8.0.22\ref\net8.0\System.Resources.Writer.dll" to "D:\Task\Remote Signing\TagEkyc\tests\TagEkyc.IntegrationTests\bin\Debug\net8.0\refs\System.Resources.Writer.dll".
         Copying file from "C:\Program Files\dotnet\packs\Microsoft.NETCore.App.Ref\8.0.22\ref\net8.0\System.Runtime.CompilerServices.Unsafe.dll" to "D:\Task\Remote Signing\TagEkyc\tests\TagEkyc.IntegrationTests\bin\Debug\net8.0\refs\System.Runtime.CompilerServices.Unsafe.dll".
         Copying file from "C:\Program Files\dotnet\packs\Microsoft.NETCore.App.Ref\8.0.22\ref\net8.0\System.Runtime.dll" to "D:\Task\Remote Signing\TagEkyc\tests\TagEkyc.IntegrationTests\bin\Debug\net8.0\refs\System.Runtime.dll".
         Copying file from "C:\Program Files\dotnet\packs\Microsoft.NETCore.App.Ref\8.0.22\ref\net8.0\System.Runtime.CompilerServices.VisualC.dll" to "D:\Task\Remote Signing\TagEkyc\tests\TagEkyc.IntegrationTests\bin\Debug\net8.0\refs\System.Runtime.CompilerServices.VisualC.dll".
         Copying file from "C:\Program Files\dotnet\packs\Microsoft.NETCore.App.Ref\8.0.22\ref\net8.0\System.Runtime.Handles.dll" to "D:\Task\Remote Signing\TagEkyc\tests\TagEkyc.IntegrationTests\bin\Debug\net8.0\refs\System.Runtime.Handles.dll".
         Copying file from "C:\Program Files\dotnet\packs\Microsoft.NETCore.App.Ref\8.0.22\ref\net8.0\System.Runtime.Extensions.dll" to "D:\Task\Remote Signing\TagEkyc\tests\TagEkyc.IntegrationTests\bin\Debug\net8.0\refs\System.Runtime.Extensions.dll".
         Copying file from "C:\Program Files\dotnet\packs\Microsoft.NETCore.App.Ref\8.0.22\ref\net8.0\System.Runtime.InteropServices.dll" to "D:\Task\Remote Signing\TagEkyc\tests\TagEkyc.IntegrationTests\bin\Debug\net8.0\refs\System.Runtime.InteropServices.dll".
         Copying file from "C:\Program Files\dotnet\packs\Microsoft.NETCore.App.Ref\8.0.22\ref\net8.0\System.Runtime.InteropServices.RuntimeInformation.dll" to "D:\Task\Remote Signing\TagEkyc\tests\TagEkyc.IntegrationTests\bin\Debug\net8.0\refs\System.Runtime.InteropServices.RuntimeInformation.dll".
         Copying file from "C:\Program Files\dotnet\packs\Microsoft.NETCore.App.Ref\8.0.22\ref\net8.0\System.Runtime.InteropServices.JavaScript.dll" to "D:\Task\Remote Signing\TagEkyc\tests\TagEkyc.IntegrationTests\bin\Debug\net8.0\refs\System.Runtime.InteropServices.JavaScript.dll".
         Copying file from "C:\Program Files\dotnet\packs\Microsoft.NETCore.App.Ref\8.0.22\ref\net8.0\System.Runtime.Intrinsics.dll" to "D:\Task\Remote Signing\TagEkyc\tests\TagEkyc.IntegrationTests\bin\Debug\net8.0\refs\System.Runtime.Intrinsics.dll".
         Copying file from "C:\Program Files\dotnet\packs\Microsoft.NETCore.App.Ref\8.0.22\ref\net8.0\System.Runtime.Loader.dll" to "D:\Task\Remote Signing\TagEkyc\tests\TagEkyc.IntegrationTests\bin\Debug\net8.0\refs\System.Runtime.Loader.dll".
         Copying file from "C:\Program Files\dotnet\packs\Microsoft.NETCore.App.Ref\8.0.22\ref\net8.0\System.Runtime.Numerics.dll" to "D:\Task\Remote Signing\TagEkyc\tests\TagEkyc.IntegrationTests\bin\Debug\net8.0\refs\System.Runtime.Numerics.dll".
         Copying file from "C:\Program Files\dotnet\packs\Microsoft.NETCore.App.Ref\8.0.22\ref\net8.0\System.Runtime.Serialization.dll" to "D:\Task\Remote Signing\TagEkyc\tests\TagEkyc.IntegrationTests\bin\Debug\net8.0\refs\System.Runtime.Serialization.dll".
         Copying file from "C:\Program Files\dotnet\packs\Microsoft.NETCore.App.Ref\8.0.22\ref\net8.0\System.Runtime.Serialization.Json.dll" to "D:\Task\Remote Signing\TagEkyc\tests\TagEkyc.IntegrationTests\bin\Debug\net8.0\refs\System.Runtime.Serialization.Json.dll".
         Copying file from "C:\Program Files\dotnet\packs\Microsoft.NETCore.App.Ref\8.0.22\ref\net8.0\System.Runtime.Serialization.Formatters.dll" to "D:\Task\Remote Signing\TagEkyc\tests\TagEkyc.IntegrationTests\bin\Debug\net8.0\refs\System.Runtime.Serialization.Formatters.dll".
         Copying file from "C:\Program Files\dotnet\packs\Microsoft.NETCore.App.Ref\8.0.22\ref\net8.0\System.Runtime.Serialization.Xml.dll" to "D:\Task\Remote Signing\TagEkyc\tests\TagEkyc.IntegrationTests\bin\Debug\net8.0\refs\System.Runtime.Serialization.Xml.dll".
         Copying file from "C:\Program Files\dotnet\packs\Microsoft.NETCore.App.Ref\8.0.22\ref\net8.0\System.Runtime.Serialization.Primitives.dll" to "D:\Task\Remote Signing\TagEkyc\tests\TagEkyc.IntegrationTests\bin\Debug\net8.0\refs\System.Runtime.Serialization.Primitives.dll".
         Copying file from "C:\Program Files\dotnet\packs\Microsoft.NETCore.App.Ref\8.0.22\ref\net8.0\System.Security.AccessControl.dll" to "D:\Task\Remote Signing\TagEkyc\tests\TagEkyc.IntegrationTests\bin\Debug\net8.0\refs\System.Security.AccessControl.dll".
         Copying file from "C:\Program Files\dotnet\packs\Microsoft.NETCore.App.Ref\8.0.22\ref\net8.0\System.Security.Claims.dll" to "D:\Task\Remote Signing\TagEkyc\tests\TagEkyc.IntegrationTests\bin\Debug\net8.0\refs\System.Security.Claims.dll".
         Copying file from "C:\Program Files\dotnet\packs\Microsoft.NETCore.App.Ref\8.0.22\ref\net8.0\System.Security.Cryptography.Algorithms.dll" to "D:\Task\Remote Signing\TagEkyc\tests\TagEkyc.IntegrationTests\bin\Debug\net8.0\refs\System.Security.Cryptography.Algorithms.dll".
         Copying file from "C:\Program Files\dotnet\packs\Microsoft.NETCore.App.Ref\8.0.22\ref\net8.0\System.Security.Cryptography.Cng.dll" to "D:\Task\Remote Signing\TagEkyc\tests\TagEkyc.IntegrationTests\bin\Debug\net8.0\refs\System.Security.Cryptography.Cng.dll".
         Copying file from "C:\Program Files\dotnet\packs\Microsoft.NETCore.App.Ref\8.0.22\ref\net8.0\System.Security.Cryptography.Csp.dll" to "D:\Task\Remote Signing\TagEkyc\tests\TagEkyc.IntegrationTests\bin\Debug\net8.0\refs\System.Security.Cryptography.Csp.dll".
         Copying file from "C:\Program Files\dotnet\packs\Microsoft.NETCore.App.Ref\8.0.22\ref\net8.0\System.Security.Cryptography.dll" to "D:\Task\Remote Signing\TagEkyc\tests\TagEkyc.IntegrationTests\bin\Debug\net8.0\refs\System.Security.Cryptography.dll".
         Copying file from "C:\Program Files\dotnet\packs\Microsoft.NETCore.App.Ref\8.0.22\ref\net8.0\System.Security.Cryptography.Encoding.dll" to "D:\Task\Remote Signing\TagEkyc\tests\TagEkyc.IntegrationTests\bin\Debug\net8.0\refs\System.Security.Cryptography.Encoding.dll".
         Copying file from "C:\Program Files\dotnet\packs\Microsoft.NETCore.App.Ref\8.0.22\ref\net8.0\System.Security.Cryptography.OpenSsl.dll" to "D:\Task\Remote Signing\TagEkyc\tests\TagEkyc.IntegrationTests\bin\Debug\net8.0\refs\System.Security.Cryptography.OpenSsl.dll".
         Copying file from "C:\Program Files\dotnet\packs\Microsoft.NETCore.App.Ref\8.0.22\ref\net8.0\System.Security.Cryptography.Primitives.dll" to "D:\Task\Remote Signing\TagEkyc\tests\TagEkyc.IntegrationTests\bin\Debug\net8.0\refs\System.Security.Cryptography.Primitives.dll".
         Copying file from "C:\Program Files\dotnet\packs\Microsoft.NETCore.App.Ref\8.0.22\ref\net8.0\System.Security.Cryptography.X509Certificates.dll" to "D:\Task\Remote Signing\TagEkyc\tests\TagEkyc.IntegrationTests\bin\Debug\net8.0\refs\System.Security.Cryptography.X509Certificates.dll".
         Copying file from "C:\Program Files\dotnet\packs\Microsoft.AspNetCore.App.Ref\8.0.22\ref\net8.0\System.Security.Cryptography.Xml.dll" to "D:\Task\Remote Signing\TagEkyc\tests\TagEkyc.IntegrationTests\bin\Debug\net8.0\refs\System.Security.Cryptography.Xml.dll".
         Copying file from "C:\Program Files\dotnet\packs\Microsoft.NETCore.App.Ref\8.0.22\ref\net8.0\System.Security.dll" to "D:\Task\Remote Signing\TagEkyc\tests\TagEkyc.IntegrationTests\bin\Debug\net8.0\refs\System.Security.dll".
         Copying file from "C:\Program Files\dotnet\packs\Microsoft.NETCore.App.Ref\8.0.22\ref\net8.0\System.Security.Principal.dll" to "D:\Task\Remote Signing\TagEkyc\tests\TagEkyc.IntegrationTests\bin\Debug\net8.0\refs\System.Security.Principal.dll".
         Copying file from "C:\Program Files\dotnet\packs\Microsoft.NETCore.App.Ref\8.0.22\ref\net8.0\System.Security.Principal.Windows.dll" to "D:\Task\Remote Signing\TagEkyc\tests\TagEkyc.IntegrationTests\bin\Debug\net8.0\refs\System.Security.Principal.Windows.dll".
         Copying file from "C:\Program Files\dotnet\packs\Microsoft.NETCore.App.Ref\8.0.22\ref\net8.0\System.Security.SecureString.dll" to "D:\Task\Remote Signing\TagEkyc\tests\TagEkyc.IntegrationTests\bin\Debug\net8.0\refs\System.Security.SecureString.dll".
         Copying file from "C:\Program Files\dotnet\packs\Microsoft.NETCore.App.Ref\8.0.22\ref\net8.0\System.ServiceModel.Web.dll" to "D:\Task\Remote Signing\TagEkyc\tests\TagEkyc.IntegrationTests\bin\Debug\net8.0\refs\System.ServiceModel.Web.dll".
         Copying file from "C:\Program Files\dotnet\packs\Microsoft.NETCore.App.Ref\8.0.22\ref\net8.0\System.ServiceProcess.dll" to "D:\Task\Remote Signing\TagEkyc\tests\TagEkyc.IntegrationTests\bin\Debug\net8.0\refs\System.ServiceProcess.dll".
         Copying file from "C:\Program Files\dotnet\packs\Microsoft.NETCore.App.Ref\8.0.22\ref\net8.0\System.Text.Encoding.CodePages.dll" to "D:\Task\Remote Signing\TagEkyc\tests\TagEkyc.IntegrationTests\bin\Debug\net8.0\refs\System.Text.Encoding.CodePages.dll".
         Copying file from "C:\Program Files\dotnet\packs\Microsoft.NETCore.App.Ref\8.0.22\ref\net8.0\System.Text.Encoding.dll" to "D:\Task\Remote Signing\TagEkyc\tests\TagEkyc.IntegrationTests\bin\Debug\net8.0\refs\System.Text.Encoding.dll".
         Copying file from "C:\Program Files\dotnet\packs\Microsoft.NETCore.App.Ref\8.0.22\ref\net8.0\System.Text.Encoding.Extensions.dll" to "D:\Task\Remote Signing\TagEkyc\tests\TagEkyc.IntegrationTests\bin\Debug\net8.0\refs\System.Text.Encoding.Extensions.dll".
         Copying file from "C:\Program Files\dotnet\packs\Microsoft.NETCore.App.Ref\8.0.22\ref\net8.0\System.Text.Encodings.Web.dll" to "D:\Task\Remote Signing\TagEkyc\tests\TagEkyc.IntegrationTests\bin\Debug\net8.0\refs\System.Text.Encodings.Web.dll".
         Copying file from "C:\Program Files\dotnet\packs\Microsoft.NETCore.App.Ref\8.0.22\ref\net8.0\System.Text.Json.dll" to "D:\Task\Remote Signing\TagEkyc\tests\TagEkyc.IntegrationTests\bin\Debug\net8.0\refs\System.Text.Json.dll".
         Copying file from "C:\Program Files\dotnet\packs\Microsoft.NETCore.App.Ref\8.0.22\ref\net8.0\System.Text.RegularExpressions.dll" to "D:\Task\Remote Signing\TagEkyc\tests\TagEkyc.IntegrationTests\bin\Debug\net8.0\refs\System.Text.RegularExpressions.dll".
         Copying file from "C:\Program Files\dotnet\packs\Microsoft.NETCore.App.Ref\8.0.22\ref\net8.0\System.Threading.Channels.dll" to "D:\Task\Remote Signing\TagEkyc\tests\TagEkyc.IntegrationTests\bin\Debug\net8.0\refs\System.Threading.Channels.dll".
         Copying file from "C:\Program Files\dotnet\packs\Microsoft.NETCore.App.Ref\8.0.22\ref\net8.0\System.Threading.dll" to "D:\Task\Remote Signing\TagEkyc\tests\TagEkyc.IntegrationTests\bin\Debug\net8.0\refs\System.Threading.dll".
         Copying file from "C:\Program Files\dotnet\packs\Microsoft.NETCore.App.Ref\8.0.22\ref\net8.0\System.Threading.Overlapped.dll" to "D:\Task\Remote Signing\TagEkyc\tests\TagEkyc.IntegrationTests\bin\Debug\net8.0\refs\System.Threading.Overlapped.dll".
         Copying file from "C:\Program Files\dotnet\packs\Microsoft.AspNetCore.App.Ref\8.0.22\ref\net8.0\System.Threading.RateLimiting.dll" to "D:\Task\Remote Signing\TagEkyc\tests\TagEkyc.IntegrationTests\bin\Debug\net8.0\refs\System.Threading.RateLimiting.dll".
         Copying file from "C:\Program Files\dotnet\packs\Microsoft.NETCore.App.Ref\8.0.22\ref\net8.0\System.Threading.Tasks.Dataflow.dll" to "D:\Task\Remote Signing\TagEkyc\tests\TagEkyc.IntegrationTests\bin\Debug\net8.0\refs\System.Threading.Tasks.Dataflow.dll".
         Copying file from "C:\Program Files\dotnet\packs\Microsoft.NETCore.App.Ref\8.0.22\ref\net8.0\System.Threading.Tasks.dll" to "D:\Task\Remote Signing\TagEkyc\tests\TagEkyc.IntegrationTests\bin\Debug\net8.0\refs\System.Threading.Tasks.dll".
         Copying file from "C:\Program Files\dotnet\packs\Microsoft.NETCore.App.Ref\8.0.22\ref\net8.0\System.Threading.Tasks.Extensions.dll" to "D:\Task\Remote Signing\TagEkyc\tests\TagEkyc.IntegrationTests\bin\Debug\net8.0\refs\System.Threading.Tasks.Extensions.dll".
         Copying file from "C:\Program Files\dotnet\packs\Microsoft.NETCore.App.Ref\8.0.22\ref\net8.0\System.Threading.Tasks.Parallel.dll" to "D:\Task\Remote Signing\TagEkyc\tests\TagEkyc.IntegrationTests\bin\Debug\net8.0\refs\System.Threading.Tasks.Parallel.dll".
         Copying file from "C:\Program Files\dotnet\packs\Microsoft.NETCore.App.Ref\8.0.22\ref\net8.0\System.Threading.Thread.dll" to "D:\Task\Remote Signing\TagEkyc\tests\TagEkyc.IntegrationTests\bin\Debug\net8.0\refs\System.Threading.Thread.dll".
         Copying file from "C:\Program Files\dotnet\packs\Microsoft.NETCore.App.Ref\8.0.22\ref\net8.0\System.Threading.ThreadPool.dll" to "D:\Task\Remote Signing\TagEkyc\tests\TagEkyc.IntegrationTests\bin\Debug\net8.0\refs\System.Threading.ThreadPool.dll".
         Copying file from "C:\Program Files\dotnet\packs\Microsoft.NETCore.App.Ref\8.0.22\ref\net8.0\System.Threading.Timer.dll" to "D:\Task\Remote Signing\TagEkyc\tests\TagEkyc.IntegrationTests\bin\Debug\net8.0\refs\System.Threading.Timer.dll".
         Copying file from "C:\Program Files\dotnet\packs\Microsoft.NETCore.App.Ref\8.0.22\ref\net8.0\System.Transactions.Local.dll" to "D:\Task\Remote Signing\TagEkyc\tests\TagEkyc.IntegrationTests\bin\Debug\net8.0\refs\System.Transactions.Local.dll".
         Copying file from "C:\Program Files\dotnet\packs\Microsoft.NETCore.App.Ref\8.0.22\ref\net8.0\System.ValueTuple.dll" to "D:\Task\Remote Signing\TagEkyc\tests\TagEkyc.IntegrationTests\bin\Debug\net8.0\refs\System.ValueTuple.dll".
         Copying file from "C:\Program Files\dotnet\packs\Microsoft.NETCore.App.Ref\8.0.22\ref\net8.0\System.Transactions.dll" to "D:\Task\Remote Signing\TagEkyc\tests\TagEkyc.IntegrationTests\bin\Debug\net8.0\refs\System.Transactions.dll".
         Copying file from "C:\Program Files\dotnet\packs\Microsoft.NETCore.App.Ref\8.0.22\ref\net8.0\System.Web.dll" to "D:\Task\Remote Signing\TagEkyc\tests\TagEkyc.IntegrationTests\bin\Debug\net8.0\refs\System.Web.dll".
         Copying file from "C:\Program Files\dotnet\packs\Microsoft.NETCore.App.Ref\8.0.22\ref\net8.0\System.Web.HttpUtility.dll" to "D:\Task\Remote Signing\TagEkyc\tests\TagEkyc.IntegrationTests\bin\Debug\net8.0\refs\System.Web.HttpUtility.dll".
         Copying file from "C:\Program Files\dotnet\packs\Microsoft.NETCore.App.Ref\8.0.22\ref\net8.0\System.Windows.dll" to "D:\Task\Remote Signing\TagEkyc\tests\TagEkyc.IntegrationTests\bin\Debug\net8.0\refs\System.Windows.dll".
         Copying file from "C:\Program Files\dotnet\packs\Microsoft.NETCore.App.Ref\8.0.22\ref\net8.0\System.Xml.Linq.dll" to "D:\Task\Remote Signing\TagEkyc\tests\TagEkyc.IntegrationTests\bin\Debug\net8.0\refs\System.Xml.Linq.dll".
         Copying file from "C:\Program Files\dotnet\packs\Microsoft.NETCore.App.Ref\8.0.22\ref\net8.0\System.Xml.ReaderWriter.dll" to "D:\Task\Remote Signing\TagEkyc\tests\TagEkyc.IntegrationTests\bin\Debug\net8.0\refs\System.Xml.ReaderWriter.dll".
         Copying file from "C:\Program Files\dotnet\packs\Microsoft.NETCore.App.Ref\8.0.22\ref\net8.0\System.Xml.Serialization.dll" to "D:\Task\Remote Signing\TagEkyc\tests\TagEkyc.IntegrationTests\bin\Debug\net8.0\refs\System.Xml.Serialization.dll".
         Copying file from "C:\Program Files\dotnet\packs\Microsoft.NETCore.App.Ref\8.0.22\ref\net8.0\System.Xml.dll" to "D:\Task\Remote Signing\TagEkyc\tests\TagEkyc.IntegrationTests\bin\Debug\net8.0\refs\System.Xml.dll".
         Copying file from "C:\Program Files\dotnet\packs\Microsoft.NETCore.App.Ref\8.0.22\ref\net8.0\System.Xml.XDocument.dll" to "D:\Task\Remote Signing\TagEkyc\tests\TagEkyc.IntegrationTests\bin\Debug\net8.0\refs\System.Xml.XDocument.dll".
         Copying file from "C:\Program Files\dotnet\packs\Microsoft.NETCore.App.Ref\8.0.22\ref\net8.0\System.Xml.XmlDocument.dll" to "D:\Task\Remote Signing\TagEkyc\tests\TagEkyc.IntegrationTests\bin\Debug\net8.0\refs\System.Xml.XmlDocument.dll".
         Copying file from "C:\Program Files\dotnet\packs\Microsoft.NETCore.App.Ref\8.0.22\ref\net8.0\System.Xml.XmlSerializer.dll" to "D:\Task\Remote Signing\TagEkyc\tests\TagEkyc.IntegrationTests\bin\Debug\net8.0\refs\System.Xml.XmlSerializer.dll".
         Copying file from "C:\Program Files\dotnet\packs\Microsoft.NETCore.App.Ref\8.0.22\ref\net8.0\System.Xml.XPath.XDocument.dll" to "D:\Task\Remote Signing\TagEkyc\tests\TagEkyc.IntegrationTests\bin\Debug\net8.0\refs\System.Xml.XPath.XDocument.dll".
         Copying file from "C:\Program Files\dotnet\packs\Microsoft.NETCore.App.Ref\8.0.22\ref\net8.0\WindowsBase.dll" to "D:\Task\Remote Signing\TagEkyc\tests\TagEkyc.IntegrationTests\bin\Debug\net8.0\refs\WindowsBase.dll".
         Copying file from "C:\Program Files\dotnet\packs\Microsoft.NETCore.App.Ref\8.0.22\ref\net8.0\System.Xml.XPath.dll" to "D:\Task\Remote Signing\TagEkyc\tests\TagEkyc.IntegrationTests\bin\Debug\net8.0\refs\System.Xml.XPath.dll".
       _MvcCopyDependencyFiles:
         Copying file from "D:\Task\Remote Signing\TagEkyc\src\TagEkyc.Api\bin\Debug\net8.0\TagEkyc.Api.deps.json" to "D:\Task\Remote Signing\TagEkyc\tests\TagEkyc.IntegrationTests\bin\Debug\net8.0\TagEkyc.Api.deps.json".
         Copying file from "D:\Task\Remote Signing\TagEkyc\src\TagEkyc.Application\bin\Debug\net8.0\TagEkyc.Application.deps.json" to "D:\Task\Remote Signing\TagEkyc\tests\TagEkyc.IntegrationTests\bin\Debug\net8.0\TagEkyc.Application.deps.json".
         Copying file from "D:\Task\Remote Signing\TagEkyc\src\TagEkyc.Contracts\bin\Debug\net8.0\TagEkyc.Contracts.deps.json" to "D:\Task\Remote Signing\TagEkyc\tests\TagEkyc.IntegrationTests\bin\Debug\net8.0\TagEkyc.Contracts.deps.json".
         Copying file from "D:\Task\Remote Signing\TagEkyc\src\TagEkyc.Domain\bin\Debug\net8.0\TagEkyc.Domain.deps.json" to "D:\Task\Remote Signing\TagEkyc\tests\TagEkyc.IntegrationTests\bin\Debug\net8.0\TagEkyc.Domain.deps.json".
         Copying file from "D:\Task\Remote Signing\TagEkyc\src\TagEkyc.Infrastructure\bin\Debug\net8.0\TagEkyc.Infrastructure.deps.json" to "D:\Task\Remote Signing\TagEkyc\tests\TagEkyc.IntegrationTests\bin\Debug\net8.0\TagEkyc.Infrastructure.deps.json".
     1>Done Building Project "D:\Task\Remote Signing\TagEkyc\tests\TagEkyc.IntegrationTests\TagEkyc.IntegrationTests.csproj" (Rebuild target(s)).

Build succeeded.

       "D:\Task\Remote Signing\TagEkyc\tests\TagEkyc.IntegrationTests\TagEkyc.IntegrationTests.csproj" (Rebuild target) (1) ->
       (CoreCompile target) -> 
         D:\Task\Remote Signing\TagEkyc\tests\TagEkyc.IntegrationTests\PostgresPersistenceFixture.cs(91,53): warning CS9124: Parameter 'string connectionString' is captured into the state of the enclosing type and its value is also used to initialize a field, property, or event. [D:\Task\Remote Signing\TagEkyc\tests\TagEkyc.IntegrationTests\TagEkyc.IntegrationTests.csproj]
         D:\Task\Remote Signing\TagEkyc\tests\TagEkyc.IntegrationTests\Tip88C1C6BA3R2R6ClusterHttpTests.cs(66,20): warning CS0219: The variable 'contentMismatch' is assigned but its value is never used [D:\Task\Remote Signing\TagEkyc\tests\TagEkyc.IntegrationTests\TagEkyc.IntegrationTests.csproj]
         D:\Task\Remote Signing\TagEkyc\tests\TagEkyc.IntegrationTests\Tip88C1C6BA3R2R6ClusterHttpTests.cs(67,20): warning CS0219: The variable 'dropResponse' is assigned but its value is never used [D:\Task\Remote Signing\TagEkyc\tests\TagEkyc.IntegrationTests\TagEkyc.IntegrationTests.csproj]
         D:\Task\Remote Signing\TagEkyc\tests\TagEkyc.IntegrationTests\Tip88C1C6BA3R2R6ClusterHttpTests.cs(68,20): warning CS0219: The variable 'withObsolete' is assigned but its value is never used [D:\Task\Remote Signing\TagEkyc\tests\TagEkyc.IntegrationTests\TagEkyc.IntegrationTests.csproj]
         D:\Task\Remote Signing\TagEkyc\tests\TagEkyc.IntegrationTests\Tip88C1C6BA3R2R6ClusterHttpTests.cs(70,20): warning CS0219: The variable 'cancelAtCommitted' is assigned but its value is never used [D:\Task\Remote Signing\TagEkyc\tests\TagEkyc.IntegrationTests\TagEkyc.IntegrationTests.csproj]
         D:\Task\Remote Signing\TagEkyc\tests\TagEkyc.IntegrationTests\Tip88C1C6BA3R2R6ClusterHttpTests.cs(71,20): warning CS0219: The variable 'tamperCiphertext' is assigned but its value is never used [D:\Task\Remote Signing\TagEkyc\tests\TagEkyc.IntegrationTests\TagEkyc.IntegrationTests.csproj]
         D:\Task\Remote Signing\TagEkyc\tests\TagEkyc.IntegrationTests\Tip88C1C6BA3R2R6ClusterHttpTests.cs(73,20): warning CS0219: The variable 'agentFirstAtR5' is assigned but its value is never used [D:\Task\Remote Signing\TagEkyc\tests\TagEkyc.IntegrationTests\TagEkyc.IntegrationTests.csproj]
         D:\Task\Remote Signing\TagEkyc\tests\TagEkyc.IntegrationTests\VerificationPersistencePrincipalTests.cs(40,30): warning EF1002: Method 'ExecuteSqlRawAsync' inserts interpolated strings directly into the SQL, without any protection against SQL injection. Consider using 'ExecuteSqlAsync' instead, which protects against SQL injection, or make sure that the value is sanitized and suppress the warning. [D:\Task\Remote Signing\TagEkyc\tests\TagEkyc.IntegrationTests\TagEkyc.IntegrationTests.csproj]
         D:\Task\Remote Signing\TagEkyc\tests\TagEkyc.IntegrationTests\VerificationPersistencePrincipalTests.cs(135,34): warning EF1002: Method 'ExecuteSqlRawAsync' inserts interpolated strings directly into the SQL, without any protection against SQL injection. Consider using 'ExecuteSqlAsync' instead, which protects against SQL injection, or make sure that the value is sanitized and suppress the warning. [D:\Task\Remote Signing\TagEkyc\tests\TagEkyc.IntegrationTests\TagEkyc.IntegrationTests.csproj]
         D:\Task\Remote Signing\TagEkyc\tests\TagEkyc.IntegrationTests\VerificationPersistencePrincipalTests.cs(172,30): warning EF1002: Method 'ExecuteSqlRawAsync' inserts interpolated strings directly into the SQL, without any protection against SQL injection. Consider using 'ExecuteSqlAsync' instead, which protects against SQL injection, or make sure that the value is sanitized and suppress the warning. [D:\Task\Remote Signing\TagEkyc\tests\TagEkyc.IntegrationTests\TagEkyc.IntegrationTests.csproj]
         D:\Task\Remote Signing\TagEkyc\tests\TagEkyc.IntegrationTests\VerificationPersistencePrincipalTests.cs(286,34): warning EF1002: Method 'ExecuteSqlRawAsync' inserts interpolated strings directly into the SQL, without any protection against SQL injection. Consider using 'ExecuteSqlAsync' instead, which protects against SQL injection, or make sure that the value is sanitized and suppress the warning. [D:\Task\Remote Signing\TagEkyc\tests\TagEkyc.IntegrationTests\TagEkyc.IntegrationTests.csproj]
         D:\Task\Remote Signing\TagEkyc\tests\TagEkyc.IntegrationTests\PostgresPersistenceSliceTests.cs(36,30): warning EF1002: Method 'ExecuteSqlRawAsync' inserts interpolated strings directly into the SQL, without any protection against SQL injection. Consider using 'ExecuteSqlAsync' instead, which protects against SQL injection, or make sure that the value is sanitized and suppress the warning. [D:\Task\Remote Signing\TagEkyc\tests\TagEkyc.IntegrationTests\TagEkyc.IntegrationTests.csproj]
         D:\Task\Remote Signing\TagEkyc\tests\TagEkyc.IntegrationTests\PostgresPersistenceSliceTests.cs(79,34): warning EF1002: Method 'ExecuteSqlRawAsync' inserts interpolated strings directly into the SQL, without any protection against SQL injection. Consider using 'ExecuteSqlAsync' instead, which protects against SQL injection, or make sure that the value is sanitized and suppress the warning. [D:\Task\Remote Signing\TagEkyc\tests\TagEkyc.IntegrationTests\TagEkyc.IntegrationTests.csproj]
         D:\Task\Remote Signing\TagEkyc\tests\TagEkyc.IntegrationTests\RawExportDeliveryCredentialMigrationTests.cs(119,27): warning EF1002: Method 'SqlQueryRaw' inserts interpolated strings directly into the SQL, without any protection against SQL injection. Consider using 'SqlQuery' instead, which protects against SQL injection, or make sure that the value is sanitized and suppress the warning. [D:\Task\Remote Signing\TagEkyc\tests\TagEkyc.IntegrationTests\TagEkyc.IntegrationTests.csproj]
         D:\Task\Remote Signing\TagEkyc\tests\TagEkyc.IntegrationTests\OpenBaoProductionKekProviderTests.cs(586,27): warning EF1002: Method 'SqlQueryRaw' inserts interpolated strings directly into the SQL, without any protection against SQL injection. Consider using 'SqlQuery' instead, which protects against SQL injection, or make sure that the value is sanitized and suppress the warning. [D:\Task\Remote Signing\TagEkyc\tests\TagEkyc.IntegrationTests\TagEkyc.IntegrationTests.csproj]
         D:\Task\Remote Signing\TagEkyc\tests\TagEkyc.IntegrationTests\Tip88C1C6BA1AclTests.cs(13,39): warning EF1002: Method 'SqlQueryRaw' inserts interpolated strings directly into the SQL, without any protection against SQL injection. Consider using 'SqlQuery' instead, which protects against SQL injection, or make sure that the value is sanitized and suppress the warning. [D:\Task\Remote Signing\TagEkyc\tests\TagEkyc.IntegrationTests\TagEkyc.IntegrationTests.csproj]
         D:\Task\Remote Signing\TagEkyc\tests\TagEkyc.IntegrationTests\Tip88C1C6BA1AclTests.cs(91,31): warning EF1002: Method 'ExecuteSqlRawAsync' inserts interpolated strings directly into the SQL, without any protection against SQL injection. Consider using 'ExecuteSqlAsync' instead, which protects against SQL injection, or make sure that the value is sanitized and suppress the warning. [D:\Task\Remote Signing\TagEkyc\tests\TagEkyc.IntegrationTests\TagEkyc.IntegrationTests.csproj]
         D:\Task\Remote Signing\TagEkyc\tests\TagEkyc.IntegrationTests\Tip88C1C6BA1CancellationHttpTests.cs(72,43): warning EF1002: Method 'SqlQueryRaw' inserts interpolated strings directly into the SQL, without any protection against SQL injection. Consider using 'SqlQuery' instead, which protects against SQL injection, or make sure that the value is sanitized and suppress the warning. [D:\Task\Remote Signing\TagEkyc\tests\TagEkyc.IntegrationTests\TagEkyc.IntegrationTests.csproj]
         D:\Task\Remote Signing\TagEkyc\tests\TagEkyc.IntegrationTests\Tip88C1C6BA1CancellationHttpTests.cs(77,46): warning EF1002: Method 'SqlQueryRaw' inserts interpolated strings directly into the SQL, without any protection against SQL injection. Consider using 'SqlQuery' instead, which protects against SQL injection, or make sure that the value is sanitized and suppress the warning. [D:\Task\Remote Signing\TagEkyc\tests\TagEkyc.IntegrationTests\TagEkyc.IntegrationTests.csproj]
         D:\Task\Remote Signing\TagEkyc\tests\TagEkyc.IntegrationTests\Tip88C1C6BA1AppendAuthorityTests.cs(121,39): warning EF1002: Method 'SqlQueryRaw' inserts interpolated strings directly into the SQL, without any protection against SQL injection. Consider using 'SqlQuery' instead, which protects against SQL injection, or make sure that the value is sanitized and suppress the warning. [D:\Task\Remote Signing\TagEkyc\tests\TagEkyc.IntegrationTests\TagEkyc.IntegrationTests.csproj]
         D:\Task\Remote Signing\TagEkyc\tests\TagEkyc.IntegrationTests\Tip88C1C6BA1PersistenceTests.cs(415,40): warning EF1002: Method 'SqlQueryRaw' inserts interpolated strings directly into the SQL, without any protection against SQL injection. Consider using 'SqlQuery' instead, which protects against SQL injection, or make sure that the value is sanitized and suppress the warning. [D:\Task\Remote Signing\TagEkyc\tests\TagEkyc.IntegrationTests\TagEkyc.IntegrationTests.csproj]
         D:\Task\Remote Signing\TagEkyc\tests\TagEkyc.IntegrationTests\Tip88C1C6BA1PersistenceTests.cs(425,42): warning EF1002: Method 'SqlQueryRaw' inserts interpolated strings directly into the SQL, without any protection against SQL injection. Consider using 'SqlQuery' instead, which protects against SQL injection, or make sure that the value is sanitized and suppress the warning. [D:\Task\Remote Signing\TagEkyc\tests\TagEkyc.IntegrationTests\TagEkyc.IntegrationTests.csproj]
         D:\Task\Remote Signing\TagEkyc\tests\TagEkyc.IntegrationTests\Tip88C1C6BA1PersistenceTests.cs(434,39): warning EF1002: Method 'SqlQueryRaw' inserts interpolated strings directly into the SQL, without any protection against SQL injection. Consider using 'SqlQuery' instead, which protects against SQL injection, or make sure that the value is sanitized and suppress the warning. [D:\Task\Remote Signing\TagEkyc\tests\TagEkyc.IntegrationTests\TagEkyc.IntegrationTests.csproj]
         D:\Task\Remote Signing\TagEkyc\tests\TagEkyc.IntegrationTests\Tip88C1C6BA1PersistenceTests.cs(61,43): warning EF1002: Method 'SqlQueryRaw' inserts interpolated strings directly into the SQL, without any protection against SQL injection. Consider using 'SqlQuery' instead, which protects against SQL injection, or make sure that the value is sanitized and suppress the warning. [D:\Task\Remote Signing\TagEkyc\tests\TagEkyc.IntegrationTests\TagEkyc.IntegrationTests.csproj]
         D:\Task\Remote Signing\TagEkyc\tests\TagEkyc.IntegrationTests\Tip88C1C6BA1ExecutionHttpTests.cs(57,68): warning EF1002: Method 'SqlQueryRaw' inserts interpolated strings directly into the SQL, without any protection against SQL injection. Consider using 'SqlQuery' instead, which protects against SQL injection, or make sure that the value is sanitized and suppress the warning. [D:\Task\Remote Signing\TagEkyc\tests\TagEkyc.IntegrationTests\TagEkyc.IntegrationTests.csproj]
         D:\Task\Remote Signing\TagEkyc\tests\TagEkyc.IntegrationTests\Tip88C1C6BA1PersistenceTests.cs(471,40): warning EF1002: Method 'SqlQueryRaw' inserts interpolated strings directly into the SQL, without any protection against SQL injection. Consider using 'SqlQuery' instead, which protects against SQL injection, or make sure that the value is sanitized and suppress the warning. [D:\Task\Remote Signing\TagEkyc\tests\TagEkyc.IntegrationTests\TagEkyc.IntegrationTests.csproj]
         D:\Task\Remote Signing\TagEkyc\tests\TagEkyc.IntegrationTests\Tip88C1C6BA1PersistenceTests.cs(510,38): warning EF1002: Method 'SqlQueryRaw' inserts interpolated strings directly into the SQL, without any protection against SQL injection. Consider using 'SqlQuery' instead, which protects against SQL injection, or make sure that the value is sanitized and suppress the warning. [D:\Task\Remote Signing\TagEkyc\tests\TagEkyc.IntegrationTests\TagEkyc.IntegrationTests.csproj]
         D:\Task\Remote Signing\TagEkyc\tests\TagEkyc.IntegrationTests\Tip88C1C6BA1ExecutionHttpTests.cs(180,104): warning EF1002: Method 'SqlQueryRaw' inserts interpolated strings directly into the SQL, without any protection against SQL injection. Consider using 'SqlQuery' instead, which protects against SQL injection, or make sure that the value is sanitized and suppress the warning. [D:\Task\Remote Signing\TagEkyc\tests\TagEkyc.IntegrationTests\TagEkyc.IntegrationTests.csproj]
         D:\Task\Remote Signing\TagEkyc\tests\TagEkyc.IntegrationTests\Tip88C1C6BA1ExecutionHttpTests.cs(181,73): warning EF1002: Method 'SqlQueryRaw' inserts interpolated strings directly into the SQL, without any protection against SQL injection. Consider using 'SqlQuery' instead, which protects against SQL injection, or make sure that the value is sanitized and suppress the warning. [D:\Task\Remote Signing\TagEkyc\tests\TagEkyc.IntegrationTests\TagEkyc.IntegrationTests.csproj]
         D:\Task\Remote Signing\TagEkyc\tests\TagEkyc.IntegrationTests\Tip88C1C6BA1RootCliTests.cs(30,43): warning EF1002: Method 'SqlQueryRaw' inserts interpolated strings directly into the SQL, without any protection against SQL injection. Consider using 'SqlQuery' instead, which protects against SQL injection, or make sure that the value is sanitized and suppress the warning. [D:\Task\Remote Signing\TagEkyc\tests\TagEkyc.IntegrationTests\TagEkyc.IntegrationTests.csproj]
         D:\Task\Remote Signing\TagEkyc\tests\TagEkyc.IntegrationTests\Tip88C1C6BA1RootCliTests.cs(43,51): warning EF1002: Method 'SqlQueryRaw' inserts interpolated strings directly into the SQL, without any protection against SQL injection. Consider using 'SqlQuery' instead, which protects against SQL injection, or make sure that the value is sanitized and suppress the warning. [D:\Task\Remote Signing\TagEkyc\tests\TagEkyc.IntegrationTests\TagEkyc.IntegrationTests.csproj]
         D:\Task\Remote Signing\TagEkyc\tests\TagEkyc.IntegrationTests\Tip88C1C6BA1PersistenceTests.cs(126,45): warning EF1002: Method 'SqlQueryRaw' inserts interpolated strings directly into the SQL, without any protection against SQL injection. Consider using 'SqlQuery' instead, which protects against SQL injection, or make sure that the value is sanitized and suppress the warning. [D:\Task\Remote Signing\TagEkyc\tests\TagEkyc.IntegrationTests\TagEkyc.IntegrationTests.csproj]
         D:\Task\Remote Signing\TagEkyc\tests\TagEkyc.IntegrationTests\Tip88C1C6BA1StartupCompositionTests.cs(26,38): warning EF1002: Method 'ExecuteSqlRawAsync' inserts interpolated strings directly into the SQL, without any protection against SQL injection. Consider using 'ExecuteSqlAsync' instead, which protects against SQL injection, or make sure that the value is sanitized and suppress the warning. [D:\Task\Remote Signing\TagEkyc\tests\TagEkyc.IntegrationTests\TagEkyc.IntegrationTests.csproj]
         D:\Task\Remote Signing\TagEkyc\tests\TagEkyc.IntegrationTests\Tip88C1C6BA1StartupCompositionTests.cs(29,34): warning EF1002: Method 'ExecuteSqlRawAsync' inserts interpolated strings directly into the SQL, without any protection against SQL injection. Consider using 'ExecuteSqlAsync' instead, which protects against SQL injection, or make sure that the value is sanitized and suppress the warning. [D:\Task\Remote Signing\TagEkyc\tests\TagEkyc.IntegrationTests\TagEkyc.IntegrationTests.csproj]
         D:\Task\Remote Signing\TagEkyc\tests\TagEkyc.IntegrationTests\Tip88C1C6BA1StartupCompositionTests.cs(78,34): warning EF1002: Method 'ExecuteSqlRawAsync' inserts interpolated strings directly into the SQL, without any protection against SQL injection. Consider using 'ExecuteSqlAsync' instead, which protects against SQL injection, or make sure that the value is sanitized and suppress the warning. [D:\Task\Remote Signing\TagEkyc\tests\TagEkyc.IntegrationTests\TagEkyc.IntegrationTests.csproj]
         D:\Task\Remote Signing\TagEkyc\tests\TagEkyc.IntegrationTests\Tip88C1C6BA1StartupCompositionTests.cs(85,38): warning EF1002: Method 'ExecuteSqlRawAsync' inserts interpolated strings directly into the SQL, without any protection against SQL injection. Consider using 'ExecuteSqlAsync' instead, which protects against SQL injection, or make sure that the value is sanitized and suppress the warning. [D:\Task\Remote Signing\TagEkyc\tests\TagEkyc.IntegrationTests\TagEkyc.IntegrationTests.csproj]
         D:\Task\Remote Signing\TagEkyc\tests\TagEkyc.IntegrationTests\Tip88C1C6BA1TransitionCoverageTests.cs(48,87): warning EF1002: Method 'ExecuteSqlRawAsync' inserts interpolated strings directly into the SQL, without any protection against SQL injection. Consider using 'ExecuteSqlAsync' instead, which protects against SQL injection, or make sure that the value is sanitized and suppress the warning. [D:\Task\Remote Signing\TagEkyc\tests\TagEkyc.IntegrationTests\TagEkyc.IntegrationTests.csproj]
         D:\Task\Remote Signing\TagEkyc\tests\TagEkyc.IntegrationTests\Tip88C1C6BA1CancellationHttpTests.cs(127,33): warning EF1002: Method 'ExecuteSqlRawAsync' inserts interpolated strings directly into the SQL, without any protection against SQL injection. Consider using 'ExecuteSqlAsync' instead, which protects against SQL injection, or make sure that the value is sanitized and suppress the warning. [D:\Task\Remote Signing\TagEkyc\tests\TagEkyc.IntegrationTests\TagEkyc.IntegrationTests.csproj]
         D:\Task\Remote Signing\TagEkyc\tests\TagEkyc.IntegrationTests\Tip88C1C6BA1CancellationHttpTests.cs(141,31): warning EF1002: Method 'SqlQueryRaw' inserts interpolated strings directly into the SQL, without any protection against SQL injection. Consider using 'SqlQuery' instead, which protects against SQL injection, or make sure that the value is sanitized and suppress the warning. [D:\Task\Remote Signing\TagEkyc\tests\TagEkyc.IntegrationTests\TagEkyc.IntegrationTests.csproj]
         D:\Task\Remote Signing\TagEkyc\tests\TagEkyc.IntegrationTests\Tip88C1C6BA1TransitionCoverageTests.cs(62,27): warning EF1002: Method 'ExecuteSqlRawAsync' inserts interpolated strings directly into the SQL, without any protection against SQL injection. Consider using 'ExecuteSqlAsync' instead, which protects against SQL injection, or make sure that the value is sanitized and suppress the warning. [D:\Task\Remote Signing\TagEkyc\tests\TagEkyc.IntegrationTests\TagEkyc.IntegrationTests.csproj]
         D:\Task\Remote Signing\TagEkyc\tests\TagEkyc.IntegrationTests\Tip88C1C6BA1TransitionCoverageTests.cs(77,88): warning EF1002: Method 'ExecuteSqlRawAsync' inserts interpolated strings directly into the SQL, without any protection against SQL injection. Consider using 'ExecuteSqlAsync' instead, which protects against SQL injection, or make sure that the value is sanitized and suppress the warning. [D:\Task\Remote Signing\TagEkyc\tests\TagEkyc.IntegrationTests\TagEkyc.IntegrationTests.csproj]
         D:\Task\Remote Signing\TagEkyc\tests\TagEkyc.IntegrationTests\Tip88C1C6BA1RuntimeAppendTransactionTests.cs(128,86): warning EF1002: Method 'SqlQueryRaw' inserts interpolated strings directly into the SQL, without any protection against SQL injection. Consider using 'SqlQuery' instead, which protects against SQL injection, or make sure that the value is sanitized and suppress the warning. [D:\Task\Remote Signing\TagEkyc\tests\TagEkyc.IntegrationTests\TagEkyc.IntegrationTests.csproj]
         D:\Task\Remote Signing\TagEkyc\tests\TagEkyc.IntegrationTests\Tip88C1C6BA1TransitionCoverageTests.cs(134,43): warning EF1002: Method 'SqlQueryRaw' inserts interpolated strings directly into the SQL, without any protection against SQL injection. Consider using 'SqlQuery' instead, which protects against SQL injection, or make sure that the value is sanitized and suppress the warning. [D:\Task\Remote Signing\TagEkyc\tests\TagEkyc.IntegrationTests\TagEkyc.IntegrationTests.csproj]
         D:\Task\Remote Signing\TagEkyc\tests\TagEkyc.IntegrationTests\Tip88C1C6BA1RootCliTests.cs(84,43): warning EF1002: Method 'SqlQueryRaw' inserts interpolated strings directly into the SQL, without any protection against SQL injection. Consider using 'SqlQuery' instead, which protects against SQL injection, or make sure that the value is sanitized and suppress the warning. [D:\Task\Remote Signing\TagEkyc\tests\TagEkyc.IntegrationTests\TagEkyc.IntegrationTests.csproj]
         D:\Task\Remote Signing\TagEkyc\tests\TagEkyc.IntegrationTests\Tip88C1C6BA1RootCliTests.cs(91,24): warning EF1002: Method 'SqlQueryRaw' inserts interpolated strings directly into the SQL, without any protection against SQL injection. Consider using 'SqlQuery' instead, which protects against SQL injection, or make sure that the value is sanitized and suppress the warning. [D:\Task\Remote Signing\TagEkyc\tests\TagEkyc.IntegrationTests\TagEkyc.IntegrationTests.csproj]
         D:\Task\Remote Signing\TagEkyc\tests\TagEkyc.IntegrationTests\Tip88C1C6BA1CancellationHttpTests.cs(267,53): warning EF1002: Method 'SqlQueryRaw' inserts interpolated strings directly into the SQL, without any protection against SQL injection. Consider using 'SqlQuery' instead, which protects against SQL injection, or make sure that the value is sanitized and suppress the warning. [D:\Task\Remote Signing\TagEkyc\tests\TagEkyc.IntegrationTests\TagEkyc.IntegrationTests.csproj]
         D:\Task\Remote Signing\TagEkyc\tests\TagEkyc.IntegrationTests\Tip88C1C6BA1StartupReadinessDiagnosticTests.cs(226,46): warning EF1002: Method 'SqlQueryRaw' inserts interpolated strings directly into the SQL, without any protection against SQL injection. Consider using 'SqlQuery' instead, which protects against SQL injection, or make sure that the value is sanitized and suppress the warning. [D:\Task\Remote Signing\TagEkyc\tests\TagEkyc.IntegrationTests\TagEkyc.IntegrationTests.csproj]
         D:\Task\Remote Signing\TagEkyc\tests\TagEkyc.IntegrationTests\Tip88C1C6BA1CancellationHttpTests.cs(289,38): warning EF1002: Method 'SqlQueryRaw' inserts interpolated strings directly into the SQL, without any protection against SQL injection. Consider using 'SqlQuery' instead, which protects against SQL injection, or make sure that the value is sanitized and suppress the warning. [D:\Task\Remote Signing\TagEkyc\tests\TagEkyc.IntegrationTests\TagEkyc.IntegrationTests.csproj]
         D:\Task\Remote Signing\TagEkyc\tests\TagEkyc.IntegrationTests\Tip88C1C6BA1CancellationHttpTests.cs(302,49): warning EF1002: Method 'SqlQueryRaw' inserts interpolated strings directly into the SQL, without any protection against SQL injection. Consider using 'SqlQuery' instead, which protects against SQL injection, or make sure that the value is sanitized and suppress the warning. [D:\Task\Remote Signing\TagEkyc\tests\TagEkyc.IntegrationTests\TagEkyc.IntegrationTests.csproj]
         D:\Task\Remote Signing\TagEkyc\tests\TagEkyc.IntegrationTests\Tip88C1C6BA1CancellationHttpTests.cs(316,43): warning EF1002: Method 'SqlQueryRaw' inserts interpolated strings directly into the SQL, without any protection against SQL injection. Consider using 'SqlQuery' instead, which protects against SQL injection, or make sure that the value is sanitized and suppress the warning. [D:\Task\Remote Signing\TagEkyc\tests\TagEkyc.IntegrationTests\TagEkyc.IntegrationTests.csproj]
         D:\Task\Remote Signing\TagEkyc\tests\TagEkyc.IntegrationTests\Tip88C1C6BA1CancellationHttpTests.cs(320,84): warning EF1002: Method 'SqlQueryRaw' inserts interpolated strings directly into the SQL, without any protection against SQL injection. Consider using 'SqlQuery' instead, which protects against SQL injection, or make sure that the value is sanitized and suppress the warning. [D:\Task\Remote Signing\TagEkyc\tests\TagEkyc.IntegrationTests\TagEkyc.IntegrationTests.csproj]
         D:\Task\Remote Signing\TagEkyc\tests\TagEkyc.IntegrationTests\Tip88C1C6BA1CancellationHttpTests.cs(324,83): warning EF1002: Method 'SqlQueryRaw' inserts interpolated strings directly into the SQL, without any protection against SQL injection. Consider using 'SqlQuery' instead, which protects against SQL injection, or make sure that the value is sanitized and suppress the warning. [D:\Task\Remote Signing\TagEkyc\tests\TagEkyc.IntegrationTests\TagEkyc.IntegrationTests.csproj]
         D:\Task\Remote Signing\TagEkyc\tests\TagEkyc.IntegrationTests\Tip88C1C6BA1CancellationHttpTests.cs(335,33): warning EF1002: Method 'ExecuteSqlRawAsync' inserts interpolated strings directly into the SQL, without any protection against SQL injection. Consider using 'ExecuteSqlAsync' instead, which protects against SQL injection, or make sure that the value is sanitized and suppress the warning. [D:\Task\Remote Signing\TagEkyc\tests\TagEkyc.IntegrationTests\TagEkyc.IntegrationTests.csproj]
         D:\Task\Remote Signing\TagEkyc\tests\TagEkyc.IntegrationTests\Tip88C1C6BA1CancellationHttpTests.cs(348,83): warning EF1002: Method 'SqlQueryRaw' inserts interpolated strings directly into the SQL, without any protection against SQL injection. Consider using 'SqlQuery' instead, which protects against SQL injection, or make sure that the value is sanitized and suppress the warning. [D:\Task\Remote Signing\TagEkyc\tests\TagEkyc.IntegrationTests\TagEkyc.IntegrationTests.csproj]
         D:\Task\Remote Signing\TagEkyc\tests\TagEkyc.IntegrationTests\Tip88C1C6BA3MigrationTests.cs(122,61): warning EF1002: Method 'SqlQueryRaw' inserts interpolated strings directly into the SQL, without any protection against SQL injection. Consider using 'SqlQuery' instead, which protects against SQL injection, or make sure that the value is sanitized and suppress the warning. [D:\Task\Remote Signing\TagEkyc\tests\TagEkyc.IntegrationTests\TagEkyc.IntegrationTests.csproj]
         D:\Task\Remote Signing\TagEkyc\tests\TagEkyc.IntegrationTests\Tip88C1C6BA1CancellationHttpTests.cs(373,50): warning EF1002: Method 'SqlQueryRaw' inserts interpolated strings directly into the SQL, without any protection against SQL injection. Consider using 'SqlQuery' instead, which protects against SQL injection, or make sure that the value is sanitized and suppress the warning. [D:\Task\Remote Signing\TagEkyc\tests\TagEkyc.IntegrationTests\TagEkyc.IntegrationTests.csproj]
         D:\Task\Remote Signing\TagEkyc\tests\TagEkyc.IntegrationTests\Tip88C1C6BA1CancellationHttpTests.cs(378,29): warning EF1002: Method 'ExecuteSqlRawAsync' inserts interpolated strings directly into the SQL, without any protection against SQL injection. Consider using 'ExecuteSqlAsync' instead, which protects against SQL injection, or make sure that the value is sanitized and suppress the warning. [D:\Task\Remote Signing\TagEkyc\tests\TagEkyc.IntegrationTests\TagEkyc.IntegrationTests.csproj]
         D:\Task\Remote Signing\TagEkyc\tests\TagEkyc.IntegrationTests\Tip88C1C6BA1CancellationHttpTests.cs(399,61): warning EF1002: Method 'SqlQueryRaw' inserts interpolated strings directly into the SQL, without any protection against SQL injection. Consider using 'SqlQuery' instead, which protects against SQL injection, or make sure that the value is sanitized and suppress the warning. [D:\Task\Remote Signing\TagEkyc\tests\TagEkyc.IntegrationTests\TagEkyc.IntegrationTests.csproj]
         D:\Task\Remote Signing\TagEkyc\tests\TagEkyc.IntegrationTests\Tip88C1C6BA1CancellationHttpTests.cs(402,66): warning EF1002: Method 'SqlQueryRaw' inserts interpolated strings directly into the SQL, without any protection against SQL injection. Consider using 'SqlQuery' instead, which protects against SQL injection, or make sure that the value is sanitized and suppress the warning. [D:\Task\Remote Signing\TagEkyc\tests\TagEkyc.IntegrationTests\TagEkyc.IntegrationTests.csproj]
         D:\Task\Remote Signing\TagEkyc\tests\TagEkyc.IntegrationTests\Tip88C1C6BA1CancellationHttpTests.cs(422,27): warning EF1002: Method 'ExecuteSqlRawAsync' inserts interpolated strings directly into the SQL, without any protection against SQL injection. Consider using 'ExecuteSqlAsync' instead, which protects against SQL injection, or make sure that the value is sanitized and suppress the warning. [D:\Task\Remote Signing\TagEkyc\tests\TagEkyc.IntegrationTests\TagEkyc.IntegrationTests.csproj]
         D:\Task\Remote Signing\TagEkyc\tests\TagEkyc.IntegrationTests\Tip88C1C6BA1CancellationHttpTests.cs(456,44): warning EF1002: Method 'SqlQueryRaw' inserts interpolated strings directly into the SQL, without any protection against SQL injection. Consider using 'SqlQuery' instead, which protects against SQL injection, or make sure that the value is sanitized and suppress the warning. [D:\Task\Remote Signing\TagEkyc\tests\TagEkyc.IntegrationTests\TagEkyc.IntegrationTests.csproj]
         D:\Task\Remote Signing\TagEkyc\tests\TagEkyc.IntegrationTests\Tip88C1C6BA1CancellationHttpTests.cs(484,27): warning EF1002: Method 'ExecuteSqlRawAsync' inserts interpolated strings directly into the SQL, without any protection against SQL injection. Consider using 'ExecuteSqlAsync' instead, which protects against SQL injection, or make sure that the value is sanitized and suppress the warning. [D:\Task\Remote Signing\TagEkyc\tests\TagEkyc.IntegrationTests\TagEkyc.IntegrationTests.csproj]
         D:\Task\Remote Signing\TagEkyc\tests\TagEkyc.IntegrationTests\Tip88C1C6BA1CancellationHttpTests.cs(485,40): warning EF1002: Method 'SqlQueryRaw' inserts interpolated strings directly into the SQL, without any protection against SQL injection. Consider using 'SqlQuery' instead, which protects against SQL injection, or make sure that the value is sanitized and suppress the warning. [D:\Task\Remote Signing\TagEkyc\tests\TagEkyc.IntegrationTests\TagEkyc.IntegrationTests.csproj]
         D:\Task\Remote Signing\TagEkyc\tests\TagEkyc.IntegrationTests\Tip88C1C6BA1CancellationHttpTests.cs(505,43): warning EF1002: Method 'SqlQueryRaw' inserts interpolated strings directly into the SQL, without any protection against SQL injection. Consider using 'SqlQuery' instead, which protects against SQL injection, or make sure that the value is sanitized and suppress the warning. [D:\Task\Remote Signing\TagEkyc\tests\TagEkyc.IntegrationTests\TagEkyc.IntegrationTests.csproj]
         D:\Task\Remote Signing\TagEkyc\tests\TagEkyc.IntegrationTests\Tip88C1C6BA1CancellationHttpTests.cs(512,21): warning EF1002: Method 'SqlQueryRaw' inserts interpolated strings directly into the SQL, without any protection against SQL injection. Consider using 'SqlQuery' instead, which protects against SQL injection, or make sure that the value is sanitized and suppress the warning. [D:\Task\Remote Signing\TagEkyc\tests\TagEkyc.IntegrationTests\TagEkyc.IntegrationTests.csproj]
         D:\Task\Remote Signing\TagEkyc\tests\TagEkyc.IntegrationTests\Tip88C1C6BA3ConsentRetentionTests.cs(617,91): warning EF1002: Method 'ExecuteSqlRawAsync' inserts interpolated strings directly into the SQL, without any protection against SQL injection. Consider using 'ExecuteSqlAsync' instead, which protects against SQL injection, or make sure that the value is sanitized and suppress the warning. [D:\Task\Remote Signing\TagEkyc\tests\TagEkyc.IntegrationTests\TagEkyc.IntegrationTests.csproj]
         D:\Task\Remote Signing\TagEkyc\tests\TagEkyc.IntegrationTests\Tip88C1C6BA3RetentionCheckpointTests.cs(1850,48): warning EF1002: Method 'SqlQueryRaw' inserts interpolated strings directly into the SQL, without any protection against SQL injection. Consider using 'SqlQuery' instead, which protects against SQL injection, or make sure that the value is sanitized and suppress the warning. [D:\Task\Remote Signing\TagEkyc\tests\TagEkyc.IntegrationTests\TagEkyc.IntegrationTests.csproj]
         D:\Task\Remote Signing\TagEkyc\tests\TagEkyc.IntegrationTests\Tip88C1C6BA3RetentionCheckpointTests.cs(2050,28): warning EF1002: Method 'SqlQueryRaw' inserts interpolated strings directly into the SQL, without any protection against SQL injection. Consider using 'SqlQuery' instead, which protects against SQL injection, or make sure that the value is sanitized and suppress the warning. [D:\Task\Remote Signing\TagEkyc\tests\TagEkyc.IntegrationTests\TagEkyc.IntegrationTests.csproj]
         D:\Task\Remote Signing\TagEkyc\tests\TagEkyc.IntegrationTests\Tip88C1C6BA3ConsentRetentionTests.cs(1284,53): warning EF1002: Method 'SqlQueryRaw' inserts interpolated strings directly into the SQL, without any protection against SQL injection. Consider using 'SqlQuery' instead, which protects against SQL injection, or make sure that the value is sanitized and suppress the warning. [D:\Task\Remote Signing\TagEkyc\tests\TagEkyc.IntegrationTests\TagEkyc.IntegrationTests.csproj]
         D:\Task\Remote Signing\TagEkyc\tests\TagEkyc.IntegrationTests\Tip88C1C6BA3R2TerminalProjectionTests.cs(2693,45): warning EF1002: Method 'SqlQueryRaw' inserts interpolated strings directly into the SQL, without any protection against SQL injection. Consider using 'SqlQuery' instead, which protects against SQL injection, or make sure that the value is sanitized and suppress the warning. [D:\Task\Remote Signing\TagEkyc\tests\TagEkyc.IntegrationTests\TagEkyc.IntegrationTests.csproj]

    70 Warning(s)
    0 Error(s)

Time Elapsed 00:00:07.01
