repo	repo_relative_path	file_role	byte_size	sha256
agent	.gitignore	other_controlled	250	04B88C4B04A16C99280A6D2541939F3B39492C7568E1A4C081B2E32989872952
agent	TagEkyc.CaptureAgent.sln	project	12316	789D4178C93CDBE4272DE26059132477C6E5CCE73166BCD9D5E765BAB2459D33
agent	TestResults/a3-agent-focused-final/a3-agent-focused-final.trx	evidence_trx	79532	89ABCC0BFA2913F08B505DA7AE83EC18D8296FC0DF2F39665345B22133A03687
agent	build/publish.ps1	script	7284	7A073C798A2BD4046B027375623BB2AA6DA56CB5DB5433EB33C88717C6B6EECF
agent	docs/adr/csca_tiered_risk_acceptance_v0_1.md	authority_or_project_document	6566	D8C61CE35CB6CA36C9ADFB80348AD2A10EE7758D9D38E7D5257AB78ADB5EF898
agent	docs/adr/liveness_pad_debt_v0_1.md	authority_or_project_document	4221	05917AB4A5D9BD483C2B82CBB8F071022F4EE1D5EDF9EB3BC4E3F8CF2BCB2676
agent	docs/adr/reader_provider_abstraction_v0_1.md	authority_or_project_document	6521	693E6D24769A5323B8663B6CE907FA76F061B6920EAD37890A8FFEF3F17B90ED
agent	docs/external_session_contract_v0_1.md	authority_or_project_document	9517	09493A2545665CD699E1649C51361C62CDE4D315066D8515C22E1C4EA560F0A9
agent	docs/go_live_readiness_v0_1.md	authority_or_project_document	6592	EFA696AA5161687C2D0B3DA76FCA2159F4B97FB2EDC7AC32F2C7D077B35BE649
agent	docs/reviews/2026-07-05_tip78_79_review_packet.md	authority_or_project_document	5763	60DE680FF6AF69DB925C10B28BD3F47D07BF7AC4246B828181AE1C10CC280191
agent	docs/reviews/tip78_79_review_bundle.md	authority_or_project_document	12594	60F6B171291B763B8F004FDE5E7068167CC758DEAC3588ED37EF3033A81F7A27
agent	docs/tips/tip_74_capture_agent_host/tip_74_planning_brief_v0_1.md	authority_or_project_document	28917	91A55284A196FEA8A166B560E77AC8EEB6BEA3ED3C97F3EE2A8E877A168BB447
agent	docs/tips/tip_75_gui_capture/tip_75_planning_brief_v0_1.md	authority_or_project_document	11141	C6B23B932C74D101CD51540482E779BB0D08ACA608D7C58C1AB10AE4B50FD324
agent	docs/tips/tip_75_gui_capture/tip_75_planning_brief_v0_2.md	authority_or_project_document	17364	D8EA12FB41BA7389147C0D1AD4515EEEEEC54927D973F5288AE03CFC57D3AD80
agent	docs/tips/tip_75_gui_capture/tip_75_planning_brief_v0_3.md	authority_or_project_document	20406	D7B6D28D5BE6B9DD713AF9A6794EBD67A3A28D83761662F88049E8B41B5BE213
agent	docs/tips/tip_75_gui_capture/tip_75_planning_brief_v0_4.md	authority_or_project_document	19864	7617B39E031EB515D5F73E0E700D795407F5EBE1584A7332F27D3DFA8449B1BE
agent	docs/tips/tip_75_gui_capture/tip_75_planning_brief_v0_5.md	authority_or_project_document	21246	DC2DB268894FEDF45E567FF562C28B0215ED3331E5A97CA11E83E19ED08C07F9
agent	docs/tips/tip_75_gui_capture/tip_75_planning_brief_v0_6.md	authority_or_project_document	26544	D5BB481E80B7E1499CD81A000FD7B3CF4A23A646326992D7DEAF01188CCAADA3
agent	docs/tips/tip_76_strong_active_authentication/tip_76_planning_brief_v0_1.md	authority_or_project_document	27800	917698430EA3C8D7CECDC71E9BD86BAF1F4F748DC9975743AA75CE90FFD8003F
agent	docs/tips/tip_77_csca_validation/tip_77_planning_brief_v0_1.md	authority_or_project_document	12969	5332D516024AB07B13D4EADD75FACD77C3C7D442AB8AB3A45C4443A4CA73BE73
agent	docs/tips/tip_80_external_session_submit_only/tip_80_build_dispatch.md	authority_or_project_document	5759	C2300A62140100FBE4B8008A5FF6D2443C12C501BD0AF581B675ED753CDFED42
agent	docs/tips/tip_80_external_session_submit_only/tip_80_planning_brief_v0_1.md	authority_or_project_document	8847	F627D2D3DB14482C8E427FB8519A146DA25C43C85D950EE61B87386F40CA7AF5
agent	docs/tips/tip_80_external_session_submit_only/tip_80_planning_brief_v0_2.md	authority_or_project_document	8906	2A8D2D190D08E293FDA7A2EF47CFBA4A5ACB3CE9CE784985DB342BEF7B7E5117
agent	docs/tips/tip_80_external_session_submit_only/tip_80_planning_brief_v0_3.md	authority_or_project_document	18821	8CDD4AD230A790D47F56CB3CFA2F18E455C095D8BC452D1F4A9E3B157C9AAFA1
agent	docs/tips/tip_80a_append_idempotency_key_transmission/tip_80a_build_dispatch.md	authority_or_project_document	5329	54E37FD7DDB360B8A44ED570D1B0A8D9A16B51697C6E81173DFE39105650314D
agent	docs/tips/tip_80a_append_idempotency_key_transmission/tip_80a_planning_brief.md	authority_or_project_document	14147	385945830A10C504A2A9C21CB65647ABD89B3DD733CC92205699FF64F5D45167
agent	docs/tips/tip_82_consent_gate/tip_82_build_dispatch.md	authority_or_project_document	5465	30B0280780D6FD4236DA39F89F0957E59C6EBFDF6073507A826D1DF8508EA638
agent	docs/tips/tip_82_consent_gate/tip_82_planning_brief.md	authority_or_project_document	18090	FBC6E44C48B977443E9C27A72EDD65AE87A904B3E3912EFF8FC3B3CA260DA9C2
agent	docs/tips/tip_82w_consent_withdrawal_enforcement/tip_82w_planning_brief.md	authority_or_project_document	12373	C3872B2B037E508D90E2CCDB80505F848F03AFFF6FE3785E35BAEF6D05D7D454
agent	docs/tips/tip_85_captureagent_packaging/tip_85_planning_brief.md	authority_or_project_document	29346	2A2FC49B35C0EFD662BE23D459E2488BFC227505C46CBB0842BB51F60AA7F540
agent	license_evidence/hn212_sdk_dependency_packet_v0_1.md	other_controlled	3329	957FB5C7123AE70A94491E6CCC67FA5AA4B7EA321570B1A9BEEFB546C265733A
agent	license_evidence/silent_face_minifasnet_license_packet_v0_1.md	other_controlled	3687	0E4562D9BEBAC0A668F28AFFBCADC40DD92169D3E33C6475CDB4D7F26CA3D71C
agent	license_evidence/viewfacecore_seetaface6_license_packet_v0_1.md	other_controlled	6575	F0547254908B20BB68501D594F84C8725E71303353D71AF3BF918138F4B7A867
agent	packaging/RUNBOOK.md	other_controlled	2335	14BC0ACB92EF7D9F7CB0CC70DEF21D970E76C4E2173DA1A4A0B121368FCDC1C1
agent	packaging/packaging-assets.lock.json	configuration	1376	E4D6317A40146AD42ABCA6E7E874E21EBC0BDA20984008EC7C936E9619EC2210
agent	packaging/set-env-and-run.bat.template	other_controlled	992	07D072AD1D8DADF15CF8E542FEE7634FB9C8F1D5A51F16FC3C830F7034AAF2F3
agent	src/TagEkyc.CaptureAgent.Client/CaptureCapabilityLoopbackIntake.cs	product_source	16572	5259EC299D3E96AC917AC2D5994E893CC4B062D43F434A8D5034F456A6B63428
agent	src/TagEkyc.CaptureAgent.Client/CaptureRuntimeAgentCommands.cs	product_source	22940	110E1C36350FF231900C496B872653275132627344E33C41B3AC8FB0685F1E7F
agent	src/TagEkyc.CaptureAgent.Client/CaptureRuntimeHttpClient.cs	product_source	48646	CD81862E54525E09AFFC3D861AE8163473494079B84A75A7447B128618416A5E
agent	src/TagEkyc.CaptureAgent.Client/CaptureRuntimeWireCodec.cs	product_source	14347	A711F693B8AF336253080AC304AFAC07B2F839D3AAF51F7CB2EF0020796D9EFA
agent	src/TagEkyc.CaptureAgent.Client/TagEkyc.CaptureAgent.Client.csproj	project	512	D88A723B4061DF4CD9532818E0A3901C6611BE7E7EAAC68C04AD7EE3F611E5FC
agent	src/TagEkyc.CaptureAgent.Client/TagEkycHttpClient.cs	product_source	16584	03771FE5640E2FD057B445F64D0A3C1606523C0A3435B2429F28ABAE05184A2F
agent	src/TagEkyc.CaptureAgent.Client/WindowsCaptureRuntimeJournal.cs	product_source	18724	204C945F032C0AFAD1D533F58438CFCE89ED62D0B772BA5F0974438417C7DBFF
agent	src/TagEkyc.CaptureAgent.Client/WindowsCaptureRuntimeKeyStore.cs	product_source	4748	2095427165836212E4317D4B77E960BD799BAF972A2F7CE4FC7F7EFBD3343B13
agent	src/TagEkyc.CaptureAgent.Client/packages.lock.json	configuration	3755	CE1BCA11A24C7AB45D6AACB4FB26AEB8BE3BE1F4923061A7D6070AF166526CF2
agent	src/TagEkyc.CaptureAgent.Core/CaptureAgentBuildIdentity.cs	product_source	779	B81A46C0F835B7740ACB0C5EEF0976B049378643FB228E63A9560FFC3F819730
agent	src/TagEkyc.CaptureAgent.Core/CaptureAgentOrchestrator.cs	product_source	55156	E998022E7435E9CADEFFB4246CF3D1BE8AC032083A128661F02EE687271D1199
agent	src/TagEkyc.CaptureAgent.Core/CaptureAgentPorts.cs	product_source	10513	97A479CDF490261236F62627EE19141643866E1BD5A0C9D0CDCF0C463825C405
agent	src/TagEkyc.CaptureAgent.Core/CaptureAgentPrivacyDryRun.cs	product_source	2692	CC3BC0188C70E84102B327E88C63DEB607D9B6BE8353BD66CEC8DF10B8F091AD
agent	src/TagEkyc.CaptureAgent.Core/CaptureAgentProductionConfigGate.cs	product_source	28032	CE5E953AF362AD60D218AB3C03482AB91BC748B8254617EB9FA85900D62B046F
agent	src/TagEkyc.CaptureAgent.Core/CaptureAgentReceiptWriter.cs	product_source	2496	5A2225730E480FDC8079CC4BF60079162915694CC9412C507C8A9E618A331CD3
agent	src/TagEkyc.CaptureAgent.Core/CaptureRuntimeAgentCoordinator.cs	product_source	38707	0CE402235A77CFC08048E8F273462344B01894B70417B8BCF3F5464055D14A7A
agent	src/TagEkyc.CaptureAgent.Core/CaptureRuntimeAgentPorts.cs	product_source	8650	6AC6373367512E7298084254F56F88B881E8352D62E0D0582CDC8C5A7E880FCA
agent	src/TagEkyc.CaptureAgent.Core/ContractCanonicalization.cs	product_source	4522	E429A3DE4F8CA65F15D020C3E6AD45CFB94F5069D4C5320239D4ADC167DB1942
agent	src/TagEkyc.CaptureAgent.Core/FaceMatchScoreNormalizer.cs	product_source	1900	E5E1D06504466D109DC0E4C99F758CD4265B4792945A52959D125D5377633A0A
agent	src/TagEkyc.CaptureAgent.Core/FaceMatchScoreSources.cs	product_source	7298	6DCB1FDBA6DD21AEDDA1419246156024E6CA799F2FFC7A98C82F3D583EB0C62E
agent	src/TagEkyc.CaptureAgent.Core/FileConsentWithdrawalSignal.cs	product_source	1090	D6E65CFC7B7399800DC19B12EFF084F801128372E1B29118E24792FFACF87AB9
agent	src/TagEkyc.CaptureAgent.Core/LivenessScoreNormalizer.cs	product_source	1697	05B386F107D271E244CBE3FD1A2D58A88560B712EC1A44D906D3FF1DD734CB11
agent	src/TagEkyc.CaptureAgent.Core/LivenessScoreSources.cs	product_source	22537	C6F4F3348799C78C5984B9C4FD850193F9BD46B14075841EC2F1924172B72723
agent	src/TagEkyc.CaptureAgent.Core/Properties/AssemblyInfo.cs	product_source	101	077F70EBD711B053AFD6B23F15E5F114F577B300D61FD38077984A412914F8C7
agent	src/TagEkyc.CaptureAgent.Core/RawExportIngressContracts.cs	product_source	8719	6C613E7317FF78F902B4254941381AB58670B68386F1E9CB6C1D727A4F4262A1
agent	src/TagEkyc.CaptureAgent.Core/RawExportRetainedSubmissionOwner.cs	product_source	11098	3546F6438DB07D407FB70E83F92983FE6B301034B8CA61738F58CA0AFAEE3D33
agent	src/TagEkyc.CaptureAgent.Core/RetainedRawBufferCapacity.cs	product_source	8138	E2144983BC25CBB2D79023174012163598D6FA3BCCCA2D5375989D052702756F
agent	src/TagEkyc.CaptureAgent.Core/SensitiveByteBuffer.cs	product_source	1058	413D5D045868D8D9945F4996C3A3EC1404778C9D06DE9BEA03DBED99BB2B832C
agent	src/TagEkyc.CaptureAgent.Core/TagEkyc.CaptureAgent.Core.csproj	project	1255	B6BBBE1099C352C044040993D09DC0F004057307129E27D67642077B772BF890
agent	src/TagEkyc.CaptureAgent.Core/Tip71EvidenceRequestFactory.cs	product_source	8234	605AB61A08F97C0B264EB551B796BFB0DF0402913D61CE81CC88F3BD3B0F61F4
agent	src/TagEkyc.CaptureAgent.Core/Tip73EvidenceRequestFactory.cs	product_source	3036	3C97A22A0D3CE8B1BFE2B0F9F71C5227E8884416E8404765866988AE33017433
agent	src/TagEkyc.CaptureAgent.Core/packages.lock.json	configuration	3341	8D4E8EECA30CA9272D889489F1599688B4CB62E93F90485C2CB11D856873CB84
agent	src/TagEkyc.CaptureAgent.Crypto/AaVerificationReason.cs	product_source	315	F914B225DF20B6B500E01418878B513FB6860C33043897775AE04F6941731E32
agent	src/TagEkyc.CaptureAgent.Crypto/AaVerificationVerdict.cs	product_source	330	3DB89541D1BFEE686BD55195E1F363548CD03FEB79B0BEB70F28DC51D12B753D
agent	src/TagEkyc.CaptureAgent.Crypto/ActiveAuthenticationNonce.cs	product_source	988	0E546C58661B05A48FDA595C01D8117ACB1B1F736A0AAB7B2472BF86F16B3693
agent	src/TagEkyc.CaptureAgent.Crypto/ActiveAuthenticationVerifier.cs	product_source	8718	F78115A9AA05BC05B5BE1B7B1C2DE3914232A63CEC2BB699BD13926821C0A7B6
agent	src/TagEkyc.CaptureAgent.Crypto/TagEkyc.CaptureAgent.Crypto.csproj	project	392	52FC4CAB3907943A878E47274A994C9A79327BB185C7A91B5F266B2BADEEC4FF
agent	src/TagEkyc.CaptureAgent.Crypto/packages.lock.json	configuration	325	B5C9B7D7787749A9DEDD59B4E8C3130109E03FAEA4F329751D2F38D416500B30
agent	src/TagEkyc.CaptureAgent.Devices/Hn212CccdReader.cs	product_source	5228	D6D31411D30C18BC301B9AE46D7E2566FD6B8E3F76A8773FD92FF269D9E8110A
agent	src/TagEkyc.CaptureAgent.Devices/Hn212FaceCaptureFrameStore.cs	product_source	7922	41AF469E03ADDFDB21A02D973EFD40924947627AAAC088C73A8CC05C93AF6B4F
agent	src/TagEkyc.CaptureAgent.Devices/Hn212FaceCaptureOptions.cs	product_source	2016	AAEB135DED258E0591C46968406A5805B3B9BCB33B9F5001D55F94223FF9346F
agent	src/TagEkyc.CaptureAgent.Devices/Hn212FaceCaptureStatus.cs	product_source	271	FF37AB988E8AE607CA9FAD6B2992437ACBF5E297F8E0696A7864BDEE5E80F522
agent	src/TagEkyc.CaptureAgent.Devices/Hn212FaceDebugLogger.cs	product_source	1205	BF7775EA4E9DBB99A1CE43E092755A1B2A4232E340CFB0C49381D3FD075387DE
agent	src/TagEkyc.CaptureAgent.Devices/NoTempFileFaceCamera.cs	product_source	1382	970AF29E776237FE509AB413430BA15D44FA7A9B70193221B3D7B3EFEE3A388C
agent	src/TagEkyc.CaptureAgent.Devices/ReflectionHn212SdkBridge.cs	product_source	30745	B57CF9BE879C4C3F76949F22F9B3CB612325D1C7413A13F83D8827338C5BA0FC
agent	src/TagEkyc.CaptureAgent.Devices/TagEkyc.CaptureAgent.Devices.csproj	project	711	E6CA947A174C2231E1159E9A3A062AC7878A8D61C33317E78D49BFFF3DE590E9
agent	src/TagEkyc.CaptureAgent.Devices/packages.lock.json	configuration	5071	A0F6F5C0BF0CA689F978290A66DBAA76D477FD21EF1967F70AA7E5425B41BEF2
agent	src/TagEkyc.CaptureAgent.Host/Program.cs	product_source	11559	A5D2742648436D2CEB38CAE1B8884172FBB59E69CA3998A5A5D7F67EF88A31AD
agent	src/TagEkyc.CaptureAgent.Host/TagEkyc.CaptureAgent.Host.csproj	project	651	DB39A36063784AE5A36CDE8B90DF2E3B65B68F847A68D2DA0CF9500F7DC5D6C1
agent	src/TagEkyc.CaptureAgent.Host/packages.lock.json	configuration	5570	11E717A1EE47944DD484F09EC441FA3FF296A06894389118CCB507B8C20E04AF
agent	src/TagEkyc.CaptureAgent.Ui/App.xaml	other_controlled	286	0A1B099CFA07EB07696E3E028EA668BE0CBEE1F509CE6B1EE672B9FAB29AE3D2
agent	src/TagEkyc.CaptureAgent.Ui/App.xaml.cs	product_source	524	5237D7D7BC6CB9BDD45D0FB2CF662C0FCC657AAE0DAB6877A8409A9BC20F5F96
agent	src/TagEkyc.CaptureAgent.Ui/CaptureAgentComposition.cs	product_source	9047	A1807A65E47338A86D85C18C72A0D04D24C12B5A629EFDA422C0CE9C3C8E0070
agent	src/TagEkyc.CaptureAgent.Ui/CaptureAgentRunLogger.cs	product_source	4333	C033FA5B49FFAB9E5F02AD9BA1F198B4CD47F750DC6D1B269DF6CD9E5011C624
agent	src/TagEkyc.CaptureAgent.Ui/CaptureAgentRuntimeEnvironment.cs	product_source	1832	D7A92865C9AF312759DF038227041A228596EFD360CF934131B2C00816EB703F
agent	src/TagEkyc.CaptureAgent.Ui/CaptureAgentViewModel.cs	product_source	6720	6BC53EFB94ADE973684C0CA984DC045064B2E6CF5B117C43F7CE93FCBF0A7185
agent	src/TagEkyc.CaptureAgent.Ui/MainWindow.xaml	other_controlled	3463	EC7B77BDD0708B8C28E76B7A33AE82EB2419C25D6D9430696446B8040FC7C883
agent	src/TagEkyc.CaptureAgent.Ui/MainWindow.xaml.cs	product_source	4745	D40898C259D4B80089C6E9D45FE4A3D7A88A6F13BF87F45EBFE7EBAE066929BD
agent	src/TagEkyc.CaptureAgent.Ui/RelayCommand.cs	product_source	633	947CC0C674FE4C1005B9AAB1AB8DDF2BCB70B7737CFAD30B67751C51A049CD50
agent	src/TagEkyc.CaptureAgent.Ui/TagEkyc.CaptureAgent.Ui.csproj	project	956	B1A974DAAEF7B1C490FCEECF8742CC2A09AA6B31256393C955E23E3E80B73478
agent	src/TagEkyc.CaptureAgent.Ui/WpfCaptureAgentUxSink.cs	product_source	796	BB07EF20275C8BA8B4DAC17C381579C70CE687135F90F5BDD2B7FA0A3E208311
agent	src/TagEkyc.CaptureAgent.Ui/packages.lock.json	configuration	6169	9ACB99AA257AC94F0FAB09BDA8F13D04B8CD1AC44FFDFA9092AEF84AAA43322F
agent	tests/TagEkyc.CaptureAgent.Tests/ActiveAuthenticationVerifierTests.cs	test_source	13275	0632173D2647C67B3605A3C5A7FDE6A05EB670DDA71C87EAFE07EC433818AE69
agent	tests/TagEkyc.CaptureAgent.Tests/TagEkyc.CaptureAgent.Tests.csproj	project	1361	37C954258F96A684144F7DD4EB4F1515963109FB135AF0AD9ECA7DBA1C6E8ADB
agent	tests/TagEkyc.CaptureAgent.Tests/TestResults/a3-a2-retention-compat-joined.trx	evidence_trx	14445	6BDBBC4E0E3F7DEA3583F0883AAE9CCC6020892067E017BF97006DD4E6690198
agent	tests/TagEkyc.CaptureAgent.Tests/TestResults/a3-broker-admission-agent-baseline.trx	evidence_trx	4997	F63550A49EC862AE0C829483A6861DAAE4F0D6663D50F5E6D63AC20512C83152
agent	tests/TagEkyc.CaptureAgent.Tests/TestResults/a3-broker-admission-agent-final-restored.trx	evidence_trx	4997	A73BDC0CE67272F54F85A68BB29333B5CB9768848CF58854A8E9CEDAAC4813F8
agent	tests/TagEkyc.CaptureAgent.Tests/TestResults/a3-broker-admission-agent-terminal-red.trx	evidence_trx	58647	21E28017A80BD45AA96B50537A34894AD943804CCDADED12AB5A21544C731427
agent	tests/TagEkyc.CaptureAgent.Tests/TestResults/a3-p08-agent-retry-focused.trx	evidence_trx	9547	CE9728179CDA6A076A7764043B5761C9FF187A30A428BA0A3535DE98E03EAFCE
agent	tests/TagEkyc.CaptureAgent.Tests/TestResults/a3-p09-agent-deadline-guard-green.trx	evidence_trx	4823	E687CF2F65A763BF9869149E0437AAAC7E5FC53172CCC16AB1E4E49E4FAAED4B
agent	tests/TagEkyc.CaptureAgent.Tests/TestResults/a3-p09-agent-same-lease-red.trx	evidence_trx	7193	AA3C98A47AA0B5C9016789C700619EA0333AC266B4502C37A8255D296E322C1A
agent	tests/TagEkyc.CaptureAgent.Tests/TestResults/a3-p09-agent-same-lease-restored.trx	evidence_trx	4823	FFDC93BAB692DF2608FD6B4FA61C010F17837CCF6C4A8CE310D3BBFBD0C5EFF0
agent	tests/TagEkyc.CaptureAgent.Tests/TestResults/a3-p3-agent-retry-focused.trx	evidence_trx	4721	A2CF876B8C128C1E12752F639370E9719429342CCE6B939CB221BA28A4004989
agent	tests/TagEkyc.CaptureAgent.Tests/TestResults/a3-r2r6-th6-agent-expired-lease-phase-a.trx	evidence_trx	4823	24F623E9A378D5A7C6577AB0752BC85B5A69A77833BB0EE8DFF94426FC8B9083
agent	tests/TagEkyc.CaptureAgent.Tests/TestResults/a3-round2-p1-binding-gate-red.trx	evidence_trx	4719	E42BEF3F7314C699713C0CF61766CF7EBA874D744C4BD912A81C2C615A2ABBBB
agent	tests/TagEkyc.CaptureAgent.Tests/TestResults/a3-round2-p2-sticky-red.trx	evidence_trx	29841	DE52FD93318719A8D335ABFA3A086EB77F0A09B1264E3F03506AB2C36111BC63
agent	tests/TagEkyc.CaptureAgent.Tests/TestResults/a3-round2-retained-final-current.trx	evidence_trx	49626	EA418ACAE4AAA1FB0C80A13BA4F08E0E639379F71644FFA96E1C481CF8BDD376
agent	tests/TagEkyc.CaptureAgent.Tests/TestResults/a3-round3-agent-full-final.trx	evidence_trx	509787	8E341F5373541DA095993B655FC9D3CE587103B2E0391CC164117B31EA181B1F
agent	tests/TagEkyc.CaptureAgent.Tests/TestResults/a3-round3-f2-reset-green.trx	evidence_trx	3171	F4070B24401CA7EED507AAF27D4AAF60AD4E6B4815DE43DF6A512388D655D28F
agent	tests/TagEkyc.CaptureAgent.Tests/TestResults/a3-round3-f2-reset-red.trx	evidence_trx	4641	13C3423C4E898FD1A3A36AA626EC5708AB5ED0DB2A8552D4FF7F396CD932D7B6
agent	tests/TagEkyc.CaptureAgent.Tests/TestResults/a3-round3-retained-restored.trx	evidence_trx	51164	655EBF53466CB2FDAD13CC040470A5B3DD3B348AF146FCFF4DA5A98E15D10A70
agent	tests/TagEkyc.CaptureAgent.Tests/TestResults/a3-round4-agent-full-final-v2.trx	evidence_trx	533319	FAEA2513A223F7C7BB7AF6E2A76AAF44B82BC8232AFAE15E696BCBED50284787
agent	tests/TagEkyc.CaptureAgent.Tests/TestResults/a3-round4-b1-early-acceptance-red-v2.trx	evidence_trx	15240	306216EB32681B864F92AEFA039471A37ADA2DE67BF41A83B57A5469E2A3F6FC
agent	tests/TagEkyc.CaptureAgent.Tests/TestResults/a3-round4-b1-owner-acceptance-red.trx	evidence_trx	4683	355070B8C4FCD211822CF9B256E74BE1DA5541DCE415EF875BAB5CB391D1771E
agent	tests/TagEkyc.CaptureAgent.Tests/TestResults/a3-round4-b2-config-timeout-shape-red.trx	evidence_trx	9651	A82E6033D394FB0A8AC67481B1EAB33FAAECDFD3FFA6C4631BFDA0B3CAE8C6A2
agent	tests/TagEkyc.CaptureAgent.Tests/TestResults/a3-round4-b2-not-before-refresh-red.trx	evidence_trx	4971	637F02983C2511D3EE0940F0B2BC2FC2C021D0BC5E04726352C1B4C7C1C3E767
agent	tests/TagEkyc.CaptureAgent.Tests/TestResults/a3-round4-b2-refresh-red.trx	evidence_trx	13737	5C8FEAAB2CBAAFE92C89AF763E29174BC662366DE54B95B85E28B3B2737325B8
agent	tests/TagEkyc.CaptureAgent.Tests/TestResults/a3-round4-b3-not-before-red.trx	evidence_trx	4635	E91FF481F366B88E7314DB3E972DCB50E09F6BC255701BEE5872DF52D5E702E2
agent	tests/TagEkyc.CaptureAgent.Tests/TestResults/a3-round4-b3-pre-gate-red.trx	evidence_trx	8061	0C7F77DFD23331B020ACB4211CB2BAFA37418E7549920B8C8541095639497F8E
agent	tests/TagEkyc.CaptureAgent.Tests/TestResults/a3-round4-retained-final-v2.trx	evidence_trx	74696	AC54C1F2D0ACE8FAE16D505681F72A8C30746CB77B44F6FC7DD92C120D0F48EC
agent	tests/TagEkyc.CaptureAgent.Tests/TestResults/a3-s02-agent-malformed-focused.trx	evidence_trx	10064	FB01F980FB60227654669FC01CB3E520C56009D09FED25D3F03CC0A9ED325B20
agent	tests/TagEkyc.CaptureAgent.Tests/Tip71AgentContractTests.cs	test_source	11825	079E9032C2FABD4748D07ADE2B5A4BDC8DF57CE6D9C7825586F18334A43752BD
agent	tests/TagEkyc.CaptureAgent.Tests/Tip73AgentContractTests.cs	test_source	15049	AB3D18C47AC2BDC25ECFDA744273007DC559AD7C9CC4AA6FF79C7A741886ED04
agent	tests/TagEkyc.CaptureAgent.Tests/Tip74CaptureAgentHostTests.cs	test_source	57688	BCDDA84A5B97C3048C4CCD606E45072C43DABCDE45CDE9D890FA8590869B769A
agent	tests/TagEkyc.CaptureAgent.Tests/Tip74HttpClientTests.cs	test_source	2081	8386970AD78CB0B93001E8E19CEC395F3ACE92AD85861E282989283CCA29AAA9
agent	tests/TagEkyc.CaptureAgent.Tests/Tip75WpfCaptureAppTests.cs	test_source	52587	BCB5C81FB318DAA778990B4AC34794570884F935421C30C363846AFC1791B154
agent	tests/TagEkyc.CaptureAgent.Tests/Tip85CaptureAgentPackagingTests.cs	test_source	11433	0E8A09C674FAE72CE3766B8D164202A485B4FCF412D2070FEA97D76F8FDA983A
agent	tests/TagEkyc.CaptureAgent.Tests/Tip88C1C6BA2CeremonyTests.cs	test_source	23445	2190C01F606C079E093BF0DE8BB1E74E57C3BAC486C81E71F3C755E635A512D7
agent	tests/TagEkyc.CaptureAgent.Tests/Tip88C1C6BA2CompositionTests.cs	test_source	29349	4795CEAB95F282E073560AE651DEB9D03D5774DD5B5481F2908A0EA69DB9ADD3
agent	tests/TagEkyc.CaptureAgent.Tests/Tip88C1C6BA2HandoffTests.cs	test_source	32493	EC4171E3F432BA5E17E7CF0EE92499B9CF83A9E1D8F7E1E99655616E9B5FC658
agent	tests/TagEkyc.CaptureAgent.Tests/Tip88C1C6BA2KeyCustodyTests.cs	test_source	34010	4628C148724A740F67C780C2BC76F10193FD0D4482C3497E68B2B6B1390863A3
agent	tests/TagEkyc.CaptureAgent.Tests/Tip88C1C6BA2WireTests.cs	test_source	35918	64AF452F7C1245BD83C2C8ACD19E771BDDFE2923FE54FA92997DB9DDDCDBB1D3
agent	tests/TagEkyc.CaptureAgent.Tests/Tip88C1C6BA3RawIngressTests.cs	test_source	17187	93F6D742740D45AB195207CBBA040F42AA45F116A4A8C41659AE1B39681B0583
agent	tests/TagEkyc.CaptureAgent.Tests/Tip88C1C6BA3RetainedOwnershipTests.cs	test_source	64620	EC25461C62E4C5CCF560962E42A9A52E9D1D9205CC4FE92A1DC44A7EB2C9A486
agent	tests/TagEkyc.CaptureAgent.Tests/Tip88C1C6BCaptureAgentTests.cs	test_source	8419	68CB79C702765CE2867F93170D38F0FA671C3B1A0DAC6E78035D50C723836C29
agent	tests/TagEkyc.CaptureAgent.Tests/packages.lock.json	configuration	50173	734A84F21BD045E91EF1FC4A40E6BF5E2CFD1D67ECBB8DE3C828ED669CFAB0E1
agent	tools/TagEkyc.CaptureAgent.Preflight/Program.cs	other_controlled	12927	ACE6B802ED5475C0AA2C27D70F37501CE2ADA2B814B944001E57D46B439148EC
agent	tools/TagEkyc.CaptureAgent.Preflight/TagEkyc.CaptureAgent.Preflight.csproj	project	621	1D3413E189AE6A7DD54BF8A6B46FA78E002E987B409F4D9A4880A9448681D8CC
agent	tools/TagEkyc.CaptureAgent.Preflight/packages.lock.json	configuration	4106	08C1D883F9108FD3D04C1DF72740AD7DB6B8C3580E6141BBE9F1E6039D9B7E20
agent	tools/TagEkyc.FaceMatchCalibration/Program.cs	other_controlled	59181	2FD0398A82A5D56D15640A7A62F718CF91156BAD080AEE4140FC4B2A609C837E
agent	tools/TagEkyc.FaceMatchCalibration/TagEkyc.FaceMatchCalibration.csproj	project	629	D0CC194B5CE55395AABB2EA667BFE8F6700842ECE89C4321229FA9124809B24F
agent	tools/TagEkyc.FaceMatchCalibration/packages.lock.json	configuration	3525	52BB0176AA9CC8F62B87AB069A1CE139D55998D0A071C29AF06CCB2118129EA4
agent	tools/TagEkyc.LiveCamDiag/Program.cs	other_controlled	32725	A0F2890DDBFA5F7DBC4B37773CA9E29BD9357132D64F2519A5E25524D9A634EF
agent	tools/TagEkyc.LiveCamDiag/TagEkyc.LiveCamDiag.csproj	project	779	7079863B1430F60884263344667CBB066C4F50B5A92882C714BA81618EEF9A6D
agent	tools/TagEkyc.LiveCamDiag/packages.lock.json	configuration	6608	0510E37F140CA070BD8C2652DABD9BDD58C652EAD840DB7D003E2B0634E83B58
server	.config/dotnet-tools.json	configuration	193	0ADB19E09C5052A517210180F029376A9040F5FCC880A303351C9980112EF189
server	.gdrive/config.example.json	configuration	368	FA0124C9386E7205591FC413AEFC7DCFDB49EE63C1424BDA1B86C1026390B3CE
server	.gitattributes	other_controlled	713	9CA4AA9533D539D725CDEFC031B754B2FADA5F0713635FD04D2CFDB64825FDFB
server	.gitignore	other_controlled	328	6604B96A3323CB068534F7D9141DC84914A6E1271F7C0D3C27D09FC264DEBABE
server	AGENTS.md	other_controlled	1599	D55525059D6136F0A66458196F3049A38B98E8BB50223E192838551A8FA03E52
server	README.md	other_controlled	1178	5C612C707622E79C3D5166A46E25679415F0FAD29996470B8A1E400A7307E728
server	TagEkyc.sln	project	15806	52E2D07F4759161A8B42ADE4CDB232AAEFF2BAF373278DF02B3DABF055405B13
server	TestResults/a1-r26-correction/arch-asbuilt-correction-final.trx	evidence_trx	222840	637EC6556FE71FDD4CA760A7D8700313EE0910FF7013416F468F204B870CD382
server	TestResults/a1-r26-correction/arch-asbuilt-correction.trx	evidence_trx	222840	F554827CD91FAA70E5A3324760C2639BBFD1B01352A45BADD9F898DB62BA72F7
server	TestResults/a1-r26-correction/evidence.json	configuration	29943	937FEA37C42CA85253BB4347B38F8349354291B82EC97CAD95D19D7D1C44558B
server	TestResults/a1-r26-correction/integration-full-asbuilt-correction.trx	evidence_trx	1613009	0B704051D2CB24FADC11C6A74ADC899F66DA88D5138AD9E3605897793DC0447C
server	TestResults/a1-r26-correction/proof-map.json	configuration	10288	0C42D04A2221CBB4832DC65448BAA95281B5705E3A2A5E55EDDEEB7E25996EFC
server	TestResults/a1-r26-correction/r26-normative-asbuilt-correction.trx	evidence_trx	95394	84C7C52A256CB9A7732DB5ED7B8B4090FD5E55064F7BB41D4FE84CA63781AC46
server	TestResults/a1-r26-correction/source-freeze-asbuilt-correction.json	configuration	115480	CD1E03D2C07045A1EE73F085F739B785C5CBC733FFEF90490283CAF5774A95A5
server	TestResults/a3-compatibility-focused-v1/a3-compatibility-focused-v1.trx	evidence_trx	9104	4B9FB565DCD9E63C71C2B33BEE2C0C7D5B1680D99873490A9A87F1E29B5EDB4B
server	TestResults/a3-final-focused-compatibility/a3-final-focused-compatibility.trx	evidence_trx	10605	18C3AF0974EA18E8EC244FA93AE2E0AE1A511C3A1B9D8D24724DC140DB1ADDB2
server	TestResults/a3-final/a3-final-integration-v2.trx	evidence_trx	2145004	16BD255E752DB905B0082B1BFAC7A89B5A1A3747CDD1488E7DF610CCDD801DF9
server	config/appsettings.example.json	configuration	480	6AC4515C8E92F1C607C4D05A83CCF0E07D864E85C63CBD518F1E4CCC54A73525
server	docker-compose.persistence-tests.yml	configuration	408	F7A2535C9DF3E593EEDEDF576F851184C5A6BD8F3337FE20C58D8AFC046BAD47
server	docs/00_AGENT_COORDINATION_BUS.md	authority_or_project_document	59649	C0D11A19E674E2A6028BFABD616AECA8C852D0294E00E73DE61E724CDE7EEF9C
server	docs/00_DOCS_GOVERNANCE.md	authority_or_project_document	5539	0F9F657F33DA0B1412C2F2E8B92D261FCE43BEB437287583CE5E96EBF7472CD3
server	docs/00_GDRIVE_FILE_INDEX.md	authority_or_project_document	122168	623A26DB88C3B177950561C2F16D9B2B028A6074A83C699C82BFF0560383C5C1
server	docs/00_README.md	authority_or_project_document	4364	3288FDAF2FD6579CCF995C96798CEC5BBD7844B57CB3496831911E9F8A8748DD
server	docs/00_REVIEW_AND_TIP_PLAYBOOK.md	authority_or_project_document	27906	1860A922E2CD4EF6DBAAF60C66AECEC7F754F1FB8AC9C7899EB43EAC9A5CD266
server	docs/00_product_brief_v0_1.md	authority_or_project_document	14632	25759993A53EBE76186E7991ADAEBCD1912BFC83384E9C16F97D24A2270B04CD
server	docs/adr/ekyc_neutrality_decision_v0_1.md	authority_or_project_document	4314	560E10508276751C02D09B049A0E7D8D4E0CB957CD0671625516E3FA8ED06C11
server	docs/contracts/golden_neutral_proof_vectors.json	configuration	4705	B3350517BA8557828285A3FC375DAC6D276A15C6C4F7F0B9B3A438CBAE477FE4
server	docs/contracts/golden_neutral_proof_vectors.md	authority_or_project_document	3538	0699821EFF8966C52444352F434BA2125EE5FC062F1089BBC196122DED344694
server	docs/d01_persistence_provider_decision_brief_v0_1.md	authority_or_project_document	13747	0AB3357D5B55E25C51A87CFF23587A09428E00C259685030DAD14B53F052C2B7
server	docs/decision_register_v0_1.md	authority_or_project_document	9392	E97A77C8A7861E872A7E31F229A21361B2C07611EFC25E225C828C45ECD49880
server	docs/deployment/hospital_trial/consent_and_dpia_draft.md	authority_or_project_document	9337	64D11178FB96C24ECF03E3BDBC3DF0B43EE8B801FD048B16882BF5934944FE28
server	docs/deployment/hospital_trial/postgres_backup_restore_drill.md	authority_or_project_document	2668	C1E87300A41B47989BE2638DBD30B364E42A6C60C57B874490FD0B6BEFE07204
server	docs/deployment/hospital_trial/postgres_migration_runbook.md	authority_or_project_document	20235	4E3C128C063E0A7B5C2CBA853F896D7211B042B89C705DC9C26A905137335CF3
server	docs/deployment/hospital_trial/postgres_restore_drill_record_template.md	authority_or_project_document	1080	1266672A580B64F690FE468EE30DC56DBE3B4AF2401066E25525F394C8B61EA3
server	docs/deployment/hospital_trial/tip_83a_p12_restore_drill_record.md	authority_or_project_document	778	2ABC02420A05904348FC66E1F1BCB05FC7EDE711207097B3987179EE6D16051B
server	docs/facematch_calibration_engine_adequacy_study_plan_v0_1.md	authority_or_project_document	17052	4EE4714616EC45293D896CF39A3B0B1422EC3ABFD5CF1D12B968C99959E82CF4
server	docs/facematch_calibration_phase1_consent_retention_policy_v0_1.md	authority_or_project_document	12409	330390C93825492AD5E9ECA8A28BE063022AE8F5C619C78BBDA95B14D017B520
server	docs/integration_channel_strategy_v0_1.md	authority_or_project_document	15656	AB0813A9D52B50F7234FEE85601D5323F59D41D62F3D13DD0CDEA32AD7DC5698
server	docs/lld_01_data_model_v0_1.md	authority_or_project_document	73873	1CFE60A3D6F6514144D0EA13E9C97FF3DB5846E2D335398DA9890067C00C4712
server	docs/lld_02_sequence_flows_v0_1.md	authority_or_project_document	17847	EE95A29DD425E790DF5571D7B6D1801FFC03E96CCD190DC7BBE69455049AAB84
server	docs/lld_03_api_contracts_v0_1.md	authority_or_project_document	30841	110292F440084B0BBE7F54D74CD889EA7DD6C1122453925256F42ACF3AD65511
server	docs/lld_04_engine_adapter_contracts_v0_1.md	authority_or_project_document	8124	D80C3C9F080999D91C6411C77CFD7BA10D2D6CC0566FBBBF5C17996A33DC9F6F
server	docs/p0_prod_crypto_decomposition_and_decision_brief_v0_1.md	authority_or_project_document	11583	EC9504C8C4D8676FC90545F2AC56AFA6A6FAA7E4AC19CF10FBC4FEB4F4D56A25
server	docs/phase1_scope_and_debt_registry_v0_1.md	authority_or_project_document	46589	36E8C7B3E4F2D96C2752D1B0D2BDB277EA5AA9242EDBF27603145ED5935E5B39
server	docs/process_improvements/PI-TAG-001_semantic_trace_and_review_convergence_pilot.md	authority_or_project_document	13386	3BA1571FB783A53891281B39AE70B2521E9DB3CEE919E87E03C5B5E2C7415BEC
server	docs/process_improvements/README.md	authority_or_project_document	1007	3EF194C8505F4BE06C8219C902FE80CF523C79BE6893247CA69B42FC592A656E
server	docs/review_packets/tagekyc_s1_docs_review_packet_v0_2.md	authority_or_project_document	18886	A096B55F6A4BCD31EECFF483A26E7F7F5CAB99B9BF4DAD85DC068BF76AAE3866
server	docs/review_packets/tagekyc_s1_post_reconciliation_review_packet_v0_1.md	authority_or_project_document	13928	61AA10B0947FF882E646C07C50E0394954F1734A3FDFFCF0CD2504E79EAD9D8B
server	docs/signflow_integration_contract_v0_1.md	authority_or_project_document	12681	9230E8AAB931E3ED955DDC31F67295D1BAAACBD976BCB4B6D136BEBE31DD29E4
server	docs/slice_persistence_charter_v0_1.md	authority_or_project_document	11743	8EBEA4352B8DF12690EC5738E0BAAADF07346217DA4F53702E29E3404B3E9E07
server	docs/slice_persistence_patch_v0_1.md	authority_or_project_document	6883	73691ED98CC6E5F6D4C6246D8895E90B57DB5A696B04BE4253E0595D12DCF1B4
server	docs/tag_ekyc_docs_baseline_closeout_v0_1_1.md	authority_or_project_document	3178	B766B7E1992163B84174489AD2CAEDD6060162BAEEE3072BB10ADDA37B48E05D
server	docs/tagekyc_hld_v0_1.md	authority_or_project_document	42218	4E4E3673DEBFBDD20D4441807065F3B85EDE16560FA79F4B1775B12210B73BCD
server	docs/tips/README.md	authority_or_project_document	255874	9DDE968B795CF12FC844941964F1613D28EACF6A31BB96196F412B4FFAC3B317
server	docs/tips/tip_01_project_skeleton/tip_01_brief_v0_1.md	authority_or_project_document	9183	71242D1FB66487C4BB34E3D99EF2849D659620D62D8632B4D39DBEB937E34DD6
server	docs/tips/tip_01_project_skeleton/tip_01_execution_report_v0_1.md	authority_or_project_document	9244	96E5316833C567F60AB2F2063ACCAB952A4C3FC1480D91130F0543104728BCA3
server	docs/tips/tip_01_project_skeleton/tip_01_review_v0_1.md	authority_or_project_document	3879	C3B7CC977FF2F56BC306609B876415E876D279F8063C1697CAC4FD0728ECF966
server	docs/tips/tip_02_s1_execution/tip_02_review_v0_3.md	authority_or_project_document	15215	F3C87841048120A0C8BE9F70207B564B2C58C604E0F281EF2BA55E75B8798E20
server	docs/tips/tip_02_s1_execution/tip_02_roadmap_v0_2.md	authority_or_project_document	22161	A918B936C323C6F55C7B10BA3AD5711F18987DC08CD15AC4E5F85965E26946FB
server	docs/tips/tip_02_s1_execution/tip_02a_confirmation_report_v0_1.md	authority_or_project_document	9066	7BD56FF42B3AA072767EC2822B92E00D7BB4AC1244FD174E2244B8704E25DE59
server	docs/tips/tip_03_core_domain_contracts/tip_03_closeout_v0_1.md	authority_or_project_document	1888	83DCB441067A4FB9855FEC7DA7CF335A850419B2305FA64487B8BAC426414720
server	docs/tips/tip_03_core_domain_contracts/tip_03_execution_report_v0_1.md	authority_or_project_document	5083	3A0AB1FB2FD7E8C56E88961C2A64512375E186BF10D8A9B45400FDD18B5B92BD
server	docs/tips/tip_03_core_domain_contracts/tip_03_kickoff_v0_2.md	authority_or_project_document	16200	00526E09C92E0AAE53E41004724082A09CCE94942F36C7D301779E59C04ABD7D
server	docs/tips/tip_03_core_domain_contracts/tip_03_review_v0_1.md	authority_or_project_document	2705	C85F96DC804A4C68CE1DBDA5BADDB475923AED3C9A0D57A0CE2969131078B712
server	docs/tips/tip_04_api_key_policy_session_lifecycle/tip_04_execution_report_v0_1.md	authority_or_project_document	7293	62A58735D6A21C3AEEB2700AE5D0DA7E3BAB6618B7F9E71D75E36F93FE4DACAD
server	docs/tips/tip_04_api_key_policy_session_lifecycle/tip_04_kickoff_v0_1.md	authority_or_project_document	34004	FF4054F4E8B1C2D3EAE888D44AAB8D8827D8BBE01CCFFE9BF1FB7B6465444288
server	docs/tips/tip_04_api_key_policy_session_lifecycle/tip_04_kickoff_v0_2.md	authority_or_project_document	37460	F3917504E5803820436746989A77214B35B70D05B6CA1227666CBC16F902F4FF
server	docs/tips/tip_04_api_key_policy_session_lifecycle/tip_04_kickoff_v0_3.md	authority_or_project_document	42138	2EB2AFF9DA5A9E543F2AD63F1B2852210E38AB8B888DE0E3E922856F6F465DE1
server	docs/tips/tip_05_capture_artifact_evidence_recording/tip_05_execution_report_v0_1.md	authority_or_project_document	13326	E8581DE4FF0D83191A3033D16E181B02489F1DF8B94D59E6FE29B7B23992113D
server	docs/tips/tip_05_capture_artifact_evidence_recording/tip_05_kickoff_v0_1.md	authority_or_project_document	40959	6A0183D765DD3100993B29FB8982DC3BCBC24618D6DD29B87008DF4962FD672A
server	docs/tips/tip_05_capture_artifact_evidence_recording/tip_05_kickoff_v0_2.md	authority_or_project_document	55123	EB3AE7A5870990230496C795D3B0222096BFCD8A56B63AD2B816331BA1A2E79A
server	docs/tips/tip_05_capture_artifact_evidence_recording/tip_05_kickoff_v0_3.md	authority_or_project_document	64162	4B2ED9CF9DA2E38D27E4F3514E405A7D6F7AC4BE2791F5D54DA9F4921D9B4717
server	docs/tips/tip_06_final_decision_evidence_package/tip_06_kickoff_v0_1.md	authority_or_project_document	217234	8557D49082EDDF1D27F2D131776DB80D2DD6759AFFA031AB2EB0259A31DB8AF2
server	docs/tips/tip_07_completion_notification/tip_07_planning_brief_v0_3.md	authority_or_project_document	21268	3FBDA9156A52A395EB2617A8FFA646780A76395C7034A9D6B1B501875817B954
server	docs/tips/tip_08_signflow_transaction_bound_profile/tip_08_kickoff_v0_4.md	authority_or_project_document	28907	C540C34FF3E5EB17B1E8322C6BC2A00343AA25607034D79AEAB9CFE22F4A7A43
server	docs/tips/tip_08_signflow_transaction_bound_profile/tip_08_planning_brief_v0_3.md	authority_or_project_document	20016	46370502B2D5A5D6C837A351810A36CFA78E50AE01F826166CF2B076B4CE336B
server	docs/tips/tip_09_s1_hardening_closeout/tip_09_closeout_v0_1.md	authority_or_project_document	21719	9375B67223CA582F3BDECE448A54F09C8E79974F7D157294B0D8EE701BD2590C
server	docs/tips/tip_10_production_readiness_planning_compass/tip_10_planning_brief_v0_1.md	authority_or_project_document	25207	5BC4D19078F238719E87ADEA6297D350DFE6E73DACBA6DB78B067EEC9F8C9CAF
server	docs/tips/tip_11_production_data_boundary_durable_state_foundation/tip_11_kickoff_option_b_v0_1.md	authority_or_project_document	30139	2F23E9E9EDC5973387B17446F1DF83F52619E3E5FAA148C27741D7DFA297DC90
server	docs/tips/tip_11_production_data_boundary_durable_state_foundation/tip_11_option_b_closeout_v0_1.md	authority_or_project_document	5015	454DFF265586C2A71470647593FB2534441AE70BAC2151495C0127BAC4024D93
server	docs/tips/tip_11_production_data_boundary_durable_state_foundation/tip_11_option_b_execution_report_v0_1.md	authority_or_project_document	3823	35E2240A702EA6CCB790CEDC6BA81CCB105A620F7466D0D4AC9E2EBB5EE54389
server	docs/tips/tip_11_production_data_boundary_durable_state_foundation/tip_11_planning_brief_v0_1.md	authority_or_project_document	13803	A916B6EDCCCC277EA64837DB3997D53666E0BF406E776D1FF36561D2E614E6FA
server	docs/tips/tip_12_actor_trust_caller_scopes_access_boundary/tip_12_planning_brief_v0_1.md	authority_or_project_document	27305	C98A6E692DE9FC94C397169C52A3035F69716C7EE6C07E91861E19171340D1F2
server	docs/tips/tip_13_application_authorization_boundary_foundation/tip_13_closeout_v0_1.md	authority_or_project_document	3349	2AE365A25DE8999332E9E32D6080528608A71C327CF6E63676C24FDEAFFEA9F2
server	docs/tips/tip_13_application_authorization_boundary_foundation/tip_13_kickoff_option_a_v0_1.md	authority_or_project_document	11991	92C022D87974F1449B71F02DA9047F57F06AB2E39E0C5C452805FDE5DC02C84A
server	docs/tips/tip_13_application_authorization_boundary_foundation/tip_13_option_a_execution_report_v0_1.md	authority_or_project_document	3804	0BFD34AA6D028E0A591D06016D5F1DD0CD0C98FAF2AE507AE9196D85F7FC4FD0
server	docs/tips/tip_14_post_tip_13_s2_debt_registry_convergence/tip_14_planning_brief_v0_1.md	authority_or_project_document	27433	FA6D7D41B2D88BFACBC13BD577758D04601D94318FB91BEE484686CF7022B09F
server	docs/tips/tip_15_production_auth_credential_lifecycle_boundary/tip_15_planning_brief_v0_1.md	authority_or_project_document	34477	DD4AA1861F365EECD03E31A53CDFEBD724BA97D320014746E03FEE3C4FCCB2E0
server	docs/tips/tip_16_durable_persistence_foundation/tip_16_planning_brief_v0_1.md	authority_or_project_document	30794	08BAA3E02CA3ECF1C0F946F36817E630E64F77CA7D6EB95BB3A5C79813B030AF
server	docs/tips/tip_17_provider_neutral_durable_metadata_repository_boundary/tip_17_closeout_v0_1.md	authority_or_project_document	4459	9F1D76694983DAD0B628ECBC905850FFF03088055976F70A2C3E9496A808663B
server	docs/tips/tip_17_provider_neutral_durable_metadata_repository_boundary/tip_17_kickoff_v0_1.md	authority_or_project_document	18423	AC6C084A83CC786E64E1B435E4B7E22977F32B149272300A39B72B898A66E783
server	docs/tips/tip_18_db_provider_posture_decision/tip_18_closeout_v0_1.md	authority_or_project_document	5494	4ADC2C439BA5EBD6DC7F5EF08A8501E13BDFCDCE9F58A60F1CEE06B90C38FD03
server	docs/tips/tip_18_db_provider_posture_decision/tip_18_planning_brief_v0_1.md	authority_or_project_document	13901	E96D5D0626C8CAE7C759677244D416CAD5CD438ADDDA15CDE235D576C19299A6
server	docs/tips/tip_19_transaction_audit_consistency_planning/tip_19_closeout_v0_1.md	authority_or_project_document	4926	1699886A51C68E2091D9FBE6EEFF081F4DEE199AA8C513CF8A2FA1B2F5519162
server	docs/tips/tip_19_transaction_audit_consistency_planning/tip_19_planning_brief_v0_1.md	authority_or_project_document	21322	C1C36913600A0737738D7C9BFD1E63CA073C45DF53C4A725EABA554784DEC820
server	docs/tips/tip_20_db_provider_evaluation_criteria_planning/tip_20_closeout_v0_1.md	authority_or_project_document	6008	75EDB57D2637AF83F41B9469D09C0B057415FA57557C091B7AF6E907C343C529
server	docs/tips/tip_20_db_provider_evaluation_criteria_planning/tip_20_planning_brief_v0_1.md	authority_or_project_document	14993	AF3DDE19E294999BB5AA6BAF59E5E3330D5691031BF77E9A20E1B09EE6FBBFFF
server	docs/tips/tip_21_provider_decision_path_planning/tip_21_closeout_v0_1.md	authority_or_project_document	6280	7DFB54F9E6201E8C6C7254AC3E12A8D082003B136A76768D960C169D313E6891
server	docs/tips/tip_21_provider_decision_path_planning/tip_21_planning_brief_v0_1.md	authority_or_project_document	13566	06E8D7215A428BE0FDCEDB6138DCA43E857BDD7211A0B5CB4ED6862E7F7DDB3D
server	docs/tips/tip_22_localdev_only_durable_metadata_adapter_planning/tip_22_closeout_v0_1.md	authority_or_project_document	9230	151E4AEF429376099D7BF3DBF08D6D2EA81BADF128C8D5C204E5B2BA1708201D
server	docs/tips/tip_22_localdev_only_durable_metadata_adapter_planning/tip_22_planning_brief_v0_1.md	authority_or_project_document	11372	B3C017F42657EBEF182280BFF798C69CB077E2183600DC744E3AC76B433683D4
server	docs/tips/tip_23_production_provider_decision_evidence_packet_planning/tip_23_closeout_v0_1.md	authority_or_project_document	12580	DB08FAEF23F49994D3F4FF82DF979C090DA08F0B0E1DF22950052D11AA0131A7
server	docs/tips/tip_23_production_provider_decision_evidence_packet_planning/tip_23_planning_brief_v0_1.md	authority_or_project_document	22298	53CB173AE8EAE9450CB7DB8FE76959AA579DFEA768D2E726BD0FAF4DB5C5CB06
server	docs/tips/tip_24_provider_decision_evidence_packet_assembly_planning/tip_24_closeout_v0_1.md	authority_or_project_document	18561	1DDF83F848D389EFBFF9505F3B89CE2B9DFF800488A99E09A35EB2C05FC89EE4
server	docs/tips/tip_24_provider_decision_evidence_packet_assembly_planning/tip_24_planning_brief_v0_1.md	authority_or_project_document	30361	B300EAFEF558C2F8A4C5D44A645ED064EA421A26E1567C81A3362DC39FB05281
server	docs/tips/tip_25_provider_neutral_evidence_packet_assembly/tip_25_evidence_packet_v0_1.md	authority_or_project_document	24051	7852BA378E2C0AA3B8C2421CDA9F2EF0271C31C2140D26812AFDE999FF4AC38B
server	docs/tips/tip_26_backup_recovery_requirements_planning/tip_26_closeout_v0_1.md	authority_or_project_document	13965	D1081B9E0B2982B003508C01DE424BD7C2C67E5BDC382D4503C60EC404EC2011
server	docs/tips/tip_26_backup_recovery_requirements_planning/tip_26_planning_brief_v0_1.md	authority_or_project_document	29443	C73176F0A8CD82F491D4F0A6DFF6C24BBCE0401073F39DABFC34246CF61AD951
server	docs/tips/tip_27_operational_ownership_incident_handling_planning/tip_27_closeout_v0_1.md	authority_or_project_document	22299	F70E22C691AF78FD924F09F62B1576509C50E53275A84019FCB213530E8A7CFC
server	docs/tips/tip_27_operational_ownership_incident_handling_planning/tip_27_planning_brief_v0_1.md	authority_or_project_document	44327	8BB2FDF80CE061C2C77261546A34E86656A5360EAD496E2103F27E55584FC19F
server	docs/tips/tip_28_configuration_environment_separation_planning/tip_28_closeout_v0_1.md	authority_or_project_document	24052	513CEDC82CFFF7664EF0A60DF302E01A2E159FCC76FF698A6C94DF7C85AE56E1
server	docs/tips/tip_28_configuration_environment_separation_planning/tip_28_planning_brief_v0_1.md	authority_or_project_document	39416	B9C050EA72B361750C3CF0675DC6A5A6208E6EAE76E4954D00516E331F42F857
server	docs/tips/tip_29_migration_reversibility_rollback_exit_planning/tip_29_closeout_v0_1.md	authority_or_project_document	24338	9531C09C384636B82F72F66DF62813635D834F2FE51C099688E85A18925DB010
server	docs/tips/tip_29_migration_reversibility_rollback_exit_planning/tip_29_planning_brief_v0_1.md	authority_or_project_document	49555	4B2D718AE9335A9A4F00615BAACD75A8D9AEDB46A021FCB02AEAAD422BC4662B
server	docs/tips/tip_30_rpo_rto_target_decision_planning/tip_30_closeout_v0_1.md	authority_or_project_document	21944	E186A5073FE951440DFFDD3917666F5CE3003166CB1755B3718AF6D0E240293D
server	docs/tips/tip_30_rpo_rto_target_decision_planning/tip_30_planning_brief_v0_1.md	authority_or_project_document	48233	5545E56BDF44F5AACF4B59391048CAEEB704BC2AFABEFEE2E0900F9143A2F317
server	docs/tips/tip_31_rpo_rto_target_class_decision/tip_31_closeout_v0_1.md	authority_or_project_document	18049	BB4372EDFE13F6DCBE5D428C022CD91C97CB3ABE20CA79EF3629A61E3AC66B03
server	docs/tips/tip_31_rpo_rto_target_class_decision/tip_31_decision_brief_v0_1.md	authority_or_project_document	27869	D9D65536D954BDFF3917758CBA60586A684FA6E8D074E08F9F93B074B67F1513
server	docs/tips/tip_32_provider_neutral_evidence_gate_recheck/tip_32_closeout_v0_1.md	authority_or_project_document	16821	A228E72C179B3FD46AA33CEABF3DF2CB500D22C247459ACBCF782CBD1FE53F22
server	docs/tips/tip_32_provider_neutral_evidence_gate_recheck/tip_32_precheck_brief_v0_1.md	authority_or_project_document	22848	A66E1FF7419A1C5134AA989EBDAF6C2A638C99C9420B80128FBBA1349E3EDD1E
server	docs/tips/tip_33_s2_final_closeout_s3_handoff/tip_33_s2_closeout_v0_1.md	authority_or_project_document	19198	DC125729B8DAFF914F86156CA67A38C4BC17D28BDCB7A897173F3F42C35AE815
server	docs/tips/tip_34_production_durable_metadata_provider_decision_planning/tip_34_closeout_v0_1.md	authority_or_project_document	17176	310CE52AB7CF2FCB5C5F5AA314B0A4CCE8F59B811E597830F7C277C1E38231A9
server	docs/tips/tip_34_production_durable_metadata_provider_decision_planning/tip_34_planning_brief_v0_1.md	authority_or_project_document	20106	82E7894B14A04D30A4D59E77AA74C55664D99EF31BD33C73866FB81654A77E03
server	docs/tips/tip_35_s2_branch_debt_traceability_artifact_gap_registration/tip_35_closeout_v0_1.md	authority_or_project_document	9186	60641F4840BB2F898FEAFFA6BB4651F7A0F4AC7510E321AD121E73FA486B41B8
server	docs/tips/tip_35_s2_branch_debt_traceability_artifact_gap_registration/tip_35_planning_brief_v0_1.md	authority_or_project_document	31791	E99D7F69CB4B5748C00A7E6906081EF5A12DBBE0CE1523F863DA83AC3F103400
server	docs/tips/tip_36_tip_analytical_summary_intent_ledger_governance/tip_36_closeout_v0_1.md	authority_or_project_document	11716	57187E4F744385689C5DA6A7E2E421502F8A715A54AC97CA596361797E6AFA7B
server	docs/tips/tip_36_tip_analytical_summary_intent_ledger_governance/tip_36_planning_brief_v0_1.md	authority_or_project_document	18105	454EE0AA61A844AFE9B400257721F65901E7DFE73531BA5D990874FAFA4A573B
server	docs/tips/tip_37_s3_provider_decision_evidence_scope_gov_art_gate_carry_forward/tip_37_closeout_v0_1.md	authority_or_project_document	13583	A9F79545ED7FCB45F64E8B0F731D345CAF7EE9899A38CDCFAF69B3F5E1122E0A
server	docs/tips/tip_37_s3_provider_decision_evidence_scope_gov_art_gate_carry_forward/tip_37_planning_brief_v0_1.md	authority_or_project_document	19883	1AE4DD6D7A328978871CD5ADA63729521439A22449A2113348DDC43942DCF70B
server	docs/tips/tip_38_provider_raw_payload_policy_planning/tip_38_closeout_v0_1.md	authority_or_project_document	13656	C59193F14226ADF00FB50899E6F893BE71546E2AB0C1F34E98EDB64EC4A1EF68
server	docs/tips/tip_38_provider_raw_payload_policy_planning/tip_38_planning_brief_v0_1.md	authority_or_project_document	31002	1206859D7DE1EEC82CB049CE5D04117BECB17CC070DA4ED32EFADE9A19447C98
server	docs/tips/tip_39_artifact_raw_evidence_storage_boundary_planning/tip_39_closeout_v0_1.md	authority_or_project_document	16924	627182B2254C40806A8FB9889EA281FD6BEC3BA6E76908B500414F8AAA8AA5F4
server	docs/tips/tip_39_artifact_raw_evidence_storage_boundary_planning/tip_39_planning_brief_v0_1.md	authority_or_project_document	29350	41449410A932494DD6FFFC260F8D90813FB8B9B52C17021D07614C2F5DB2D591
server	docs/tips/tip_40_durable_metadata_reference_resolution_planning/tip_40_closeout_v0_1.md	authority_or_project_document	18120	F2BF8791F16082362C0494CCAF3FAFB89BED042E7CDA2B213C621D26005EF898
server	docs/tips/tip_40_durable_metadata_reference_resolution_planning/tip_40_planning_brief_v0_1.md	authority_or_project_document	29152	C5156C24B317F0D335CB8D601F0E52A805527341F163E99F5AA355B0E9C27283
server	docs/tips/tip_41_metadata_artifact_orphan_handling_planning/tip_41_closeout_v0_1.md	authority_or_project_document	19061	7A12FC862C82EAA1B8D62F2C999EA8BA0A7A85A38A456499D43B7D551DE61072
server	docs/tips/tip_41_metadata_artifact_orphan_handling_planning/tip_41_planning_brief_v0_1.md	authority_or_project_document	34602	7B2DD53112F01F4E3491550D47123430A5CEBCD6210F51DAE4D3A401BBBAE35E
server	docs/tips/tip_42_evidence_package_object_completeness_planning/tip_42_closeout_v0_1.md	authority_or_project_document	20728	A87F802EC9074F4CC08B554B81F3ABA6F401FEBAF5A004606EBBED8750217606
server	docs/tips/tip_42_evidence_package_object_completeness_planning/tip_42_planning_brief_v0_1.md	authority_or_project_document	34258	6624C1DF81A1E9FD1951CC6CE8C4B391F719D7369B652332A992FEC36190CBB8
server	docs/tips/tip_43_artifact_retention_expiry_policy_planning/tip_43_closeout_v0_1.md	authority_or_project_document	20786	F3935F7A60384C890EB39735DFC759CC796E8F5C475897EAA64EBFA7309B7E2C
server	docs/tips/tip_43_artifact_retention_expiry_policy_planning/tip_43_planning_brief_v0_1.md	authority_or_project_document	31457	45655CD3954EE1C229E7FE75E4E543B4C8A18C2FCB8D1D86626078460F8DAD5E
server	docs/tips/tip_44_artifact_purge_disposal_workflow_planning/tip_44_closeout_v0_1.md	authority_or_project_document	20689	6F637D66DDDA026DBBBB9920179C87F1101F7EFA60A563265F843E243B7377B2
server	docs/tips/tip_44_artifact_purge_disposal_workflow_planning/tip_44_planning_brief_v0_1.md	authority_or_project_document	26511	97B7DE84714FDCE127999913FBF6C51E32644E8574FB418B50833A90520CAD37
server	docs/tips/tip_45_artifact_legal_hold_sync_planning/tip_45_closeout_v0_1.md	authority_or_project_document	17092	15C0BAE6828B5A2F7E87038CE93D6EAA56F3F7633C0105FF1E71DC819A8CFD2F
server	docs/tips/tip_45_artifact_legal_hold_sync_planning/tip_45_planning_brief_v0_1.md	authority_or_project_document	23691	54E485715389B919017573F988AFA30ED7FE2DCF86006B3B8A0C7CD56638A53A
server	docs/tips/tip_46_artifact_access_audit_security_planning/tip_46_closeout_v0_1.md	authority_or_project_document	18070	08644A1CA8D319EEA0B2361D2F93DFCAD2C6245722D8F68F8D59754720F5EEE5
server	docs/tips/tip_46_artifact_access_audit_security_planning/tip_46_planning_brief_v0_1.md	authority_or_project_document	24995	0B71E6CD513DB63F4CE79E075C8E83544C24B45BAA8F865549146FA2B36E7245
server	docs/tips/tip_47_gov_art_s3_evidence_gate_recheck_consolidation_planning/tip_47_closeout_v0_1.md	authority_or_project_document	17127	02140ADB3E1A3DB061784EE25B5310E8DB5CC0251B44586F19028C694D27584F
server	docs/tips/tip_47_gov_art_s3_evidence_gate_recheck_consolidation_planning/tip_47_planning_brief_v0_1.md	authority_or_project_document	25443	C088659F72DC7D74861538D52128E148A6FC39B8E8434B9AED42456F81496B61
server	docs/tips/tip_48_provider_neutral_artifact_evidence_hld_lld_consolidation_planning/tip_48_closeout_v0_1.md	authority_or_project_document	16045	AACA0B1B662D1CEB2CA9C40715138AE72761E8CF75FB2296FE526CB9CC50FEB7
server	docs/tips/tip_48_provider_neutral_artifact_evidence_hld_lld_consolidation_planning/tip_48_planning_brief_v0_1.md	authority_or_project_document	36273	45194C892E1DEB1946F19E370736FE52AF3AA14179FFC61221B1F219CF3BD55D
server	docs/tips/tip_49_provider_neutral_artifact_evidence_hld_lld_patch/tip_49_closeout_v0_1.md	authority_or_project_document	12256	7EA9DB4F70D847F35C5A9399A722FE3DCCC8906BDD25E2ADE2911EF30FCF22A7
server	docs/tips/tip_49_provider_neutral_artifact_evidence_hld_lld_patch/tip_49_planning_brief_v0_1.md	authority_or_project_document	19901	A2F60556DE24AD4BDCE3B864EE9FC68F9537B1EA170DE4F1C286CCA1DB17014A
server	docs/tips/tip_50_provider_neutral_evidence_authorization_packet_planning/tip_50_closeout_v0_1.md	authority_or_project_document	14330	658DAAF8F8EB8D0B0873D66F9AF595752C48315360B417B18A15612DBB347288
server	docs/tips/tip_50_provider_neutral_evidence_authorization_packet_planning/tip_50_planning_brief_v0_1.md	authority_or_project_document	30960	016C76C4C341875AA0F16128BBC225EA407388B15D77D1DB4C10A83A03D7B46B
server	docs/tips/tip_51_provider_evidence_authorization_packet_trial_planning/tip_51_closeout_v0_1.md	authority_or_project_document	14701	F2965702760BE4F87503F0F07A015DECA79C7694FCE84F7547B8001FC412FC56
server	docs/tips/tip_51_provider_evidence_authorization_packet_trial_planning/tip_51_planning_brief_v0_1.md	authority_or_project_document	27963	8E4256228C9B5C0A71D818B0512DD1BEA47913D00828D6A54A172A5F02586C06
server	docs/tips/tip_52_provider_neutral_storage_reference_runtime_slice_planning/tip_52_closeout_v0_1.md	authority_or_project_document	15264	09198EF41612498343FA2833F6EBA8E19D719F64D402DA54D5DDA27ADAA26826
server	docs/tips/tip_52_provider_neutral_storage_reference_runtime_slice_planning/tip_52_planning_brief_v0_1.md	authority_or_project_document	32403	0566EE9ABDECABAF629D925ED08625C9645A978F97253F1EF441AEE4B5BB36A8
server	docs/tips/tip_53_autonomous_slice_review_ladder_governance/tip_53_closeout_v0_1.md	authority_or_project_document	17571	08D10FBC7AFE6F78672B27A5B8BD566BD3B4FDEB15C8C1F3E5F1227145088806
server	docs/tips/tip_53_autonomous_slice_review_ladder_governance/tip_53_planning_brief_v0_1.md	authority_or_project_document	17667	1758692933756D5B756A2969EFF8D669C35613ECA2F6F94A0B55117B9553A5DD
server	docs/tips/tip_54_runtime_implementation_authorization_packet_planning/tip_54_closeout_v0_1.md	authority_or_project_document	18764	90D478F356B61FCB118CB65E3B52B8B441BB27538ACB1C6C0E8CC5EC2D1841BF
server	docs/tips/tip_54_runtime_implementation_authorization_packet_planning/tip_54_planning_brief_v0_1.md	authority_or_project_document	28054	42F4C0A730FF26D3072F2E4B69BCF84F24904E1B220906C460DF8E31AC29A439
server	docs/tips/tip_55_autonomous_provider_neutral_metadata_only_storage_reference_foundation/tip_55_closeout_v0_1.md	authority_or_project_document	17458	1DB8E7C7EEEDAD6450B4078825F487D5BB36CFC3B5109E968FB06F5006EFC8A9
server	docs/tips/tip_55_autonomous_provider_neutral_metadata_only_storage_reference_foundation/tip_55_planning_brief_v0_1.md	authority_or_project_document	21896	ABCFE18EFA0CD5A249B6B809D823C29F53D2F3D00F079E0C02251337973AE0F6
server	docs/tips/tip_56_provider_neutral_metadata_reference_query_semantics_planning/tip_56_closeout_v0_1.md	authority_or_project_document	17023	CF97A16A287773F2E4E23B8AE8D55C9F5F69F11D88CD9F839709FD040462C9EE
server	docs/tips/tip_56_provider_neutral_metadata_reference_query_semantics_planning/tip_56_planning_brief_v0_1.md	authority_or_project_document	27300	407CDD6F895FC3971D33BF65E9C83F128ECE3BF5588F50EBF04B5F7ECEC855C1
server	docs/tips/tip_57_autonomous_metadata_reference_query_semantics_implementation/tip_57_closeout_v0_1.md	authority_or_project_document	17307	435D6D4916117BC1BC0A1366989CA5331588CFF646198576C35055A9348F2727
server	docs/tips/tip_57_autonomous_metadata_reference_query_semantics_implementation/tip_57_planning_brief_v0_1.md	authority_or_project_document	22406	5A090DB292D2BC4A714C2DE46EFC3B7C7CCFA537A6FAA39ECDA94038BD7E4AE3
server	docs/tips/tip_58_metadata_reference_runtime_authorization_packet_planning/tip_58_closeout_v0_1.md	authority_or_project_document	15505	A3A30B59AF11C20E2A39762E7EA2EB6605BD606FF6865A4E2B90227066AE899A
server	docs/tips/tip_58_metadata_reference_runtime_authorization_packet_planning/tip_58_planning_brief_v0_1.md	authority_or_project_document	18510	ADD83FCF1DFED1633D59EBED869A70764FD3F2A5B964A5817B6BDF0FB2988181
server	docs/tips/tip_59_s3_bundle_grouping_group_a_implementation_authorization/tip_59_closeout_v0_1.md	authority_or_project_document	21972	CFA09E81FF2F78CDB35E086B2479CE59285C038697A92D18399C2AFD113F5E33
server	docs/tips/tip_59_s3_bundle_grouping_group_a_implementation_authorization/tip_59_planning_brief_v0_1.md	authority_or_project_document	36328	9529C0EC98C5E6561C4AF92EB0B9DCC9CBC048E6496792FE36C1FCA0A603070A
server	docs/tips/tip_60_group_a_localdev_metadata_reference_runtime_registry/tip_60_closeout_v0_1.md	authority_or_project_document	14867	947F03A7B033206B3BCB8DC9F0CFB004195F2744FCA6FA9141E971597969F5FB
server	docs/tips/tip_60_group_a_localdev_metadata_reference_runtime_registry/tip_60_planning_brief_v0_1.md	authority_or_project_document	11345	887B079AD8B5285777CDC8E4405407D62F19FB30F9E3EE42839F1A4C501D749C
server	docs/tips/tip_61_minimal_ekyc_technical_flow_gap_map_tip_62_authorization/tip_61_closeout_v0_1.md	authority_or_project_document	16237	9A78841239C0A31F18C54A6DB9C0054F409CED93D3C7CA996F1EB9F15054BB14
server	docs/tips/tip_61_minimal_ekyc_technical_flow_gap_map_tip_62_authorization/tip_61_planning_brief_v0_1.md	authority_or_project_document	21856	CDF059CA09E8325000E0E9157BB4E1106D60C5DBC51CF84E0D5E875ACB341151
server	docs/tips/tip_62_localdev_metadata_reference_flow_integration/tip_62_closeout_v0_1.md	authority_or_project_document	12438	46393595E2A59938E05FE244DEFBEFA664A24D76DA60FB5305517DAC9CCDB9B9
server	docs/tips/tip_62_localdev_metadata_reference_flow_integration/tip_62_planning_brief_v0_1.md	authority_or_project_document	10432	90BB5229FEE5CD9DF6E19A06141F5766E59FEBDE9C9D0B9B7179367ABF3F304C
server	docs/tips/tip_63_s1_lld_runtime_contract_consolidation/tip_63_closeout_v0_1.md	authority_or_project_document	8362	A00C4192B920199B5AE6DD1F89CC39AC42A1372EC64DE3FB3D3A7C1D65C166F1
server	docs/tips/tip_63_s1_lld_runtime_contract_consolidation/tip_63_kickoff_v0_1.md	authority_or_project_document	10879	79A921D05B546D0B2D5D19619D2F35AD783C2BA35F29C589574BE84DF63DCBD6
server	docs/tips/tip_63_s1_lld_runtime_contract_consolidation/tip_63_planning_brief_v0_1.md	authority_or_project_document	9350	5A99B160FF85F0F51B17BBACF1FCBE2CDBCF7865E22F59D479E974B357D004D5
server	docs/tips/tip_64_s1_evidence_integrity_consolidation/tip_64_closeout_v0_1.md	authority_or_project_document	9963	3C0BA29430D5F2F1319C9759A059A5498F8E893842B904F9A07B9423DACD614A
server	docs/tips/tip_64_s1_evidence_integrity_consolidation/tip_64_kickoff_v0_1.md	authority_or_project_document	14587	F3C2321C7EB85B6055D4ECB7A4A0AEDCBD90853004CF59FDAB46AF0EBCDBB854
server	docs/tips/tip_64_s1_evidence_integrity_consolidation/tip_64_planning_brief_v0_1.md	authority_or_project_document	10576	0AE02B9B417D8399E60A18569590F661850857509CE7D66AD8D3FA47176F7A1F
server	docs/tips/tip_65_rfc8785_jcs_canonicalization/tip_65_closeout_v0_1.md	authority_or_project_document	10844	7D9BE9F976529D857D9F7A0187AF63DD051B92E453B87F04AD53966C38D3310E
server	docs/tips/tip_65_rfc8785_jcs_canonicalization/tip_65_kickoff_v0_1.md	authority_or_project_document	16208	B7372EC122EBA66A9B127C5B81970C5208DA505420AFE88F3D545E58E5274285
server	docs/tips/tip_65_rfc8785_jcs_canonicalization/tip_65_planning_brief_v0_1.md	authority_or_project_document	11224	95F51999BF90934E63D0EED313E4E8A098978056D2F6C5098CAAB9DADD8DB61F
server	docs/tips/tip_66_evidence_package_signing/tip_66_closeout_v0_1.md	authority_or_project_document	13748	04C56E74F221C330FBC69648CF14BCC1743B46F4F8598444D91473C2B4A2EC1C
server	docs/tips/tip_66_evidence_package_signing/tip_66_kickoff_v0_1.md	authority_or_project_document	14501	6D7956D2DD3CE2BEFF34236A14CABBB9C365EC924329B775C3217F21E56E1AAD
server	docs/tips/tip_66_evidence_package_signing/tip_66_planning_brief_v0_1.md	authority_or_project_document	9360	9461ED1F6AAFCD7FDE08A90C3AE0BDC3A02CCC5E4A4D9B39BF0BEF3A60346376
server	docs/tips/tip_67a_ekyc_neutrality_opaque_challenge/tip_67a_closeout_v0_1.md	authority_or_project_document	12345	96BC1BF49A4A1A9880B8A47483BB74249EC0F184DB518CE697CD7FFB4FCDC3A4
server	docs/tips/tip_67a_ekyc_neutrality_opaque_challenge/tip_67a_kickoff_v0_1.md	authority_or_project_document	16762	AC71CCE1398B9571B7E63E6FBB0E2B1E8589E0C37D67E9A85648E12F31D97B60
server	docs/tips/tip_67a_ekyc_neutrality_opaque_challenge/tip_67a_planning_brief_v0_1.md	authority_or_project_document	7606	7EC47F0D775981D1C3F2B64AA173E6CF73A489420B64425EA37405F56E747A91
server	docs/tips/tip_67b_neutral_verifiable_proof/tip_67b_closeout_v0_1.md	authority_or_project_document	8053	58054E889BFE928806C7A5BD70E3C771DB2F0230B4AA658340A89CA85B64F67E
server	docs/tips/tip_67b_neutral_verifiable_proof/tip_67b_kickoff_v0_1.md	authority_or_project_document	18726	9E04C673DB20D4AA7296B424E0CBD6BB1E2D01D707435A8BC192DFE78AE78F15
server	docs/tips/tip_67b_neutral_verifiable_proof/tip_67b_planning_brief_v0_1.md	authority_or_project_document	12309	48E44379D261D506750FEB174BBAA5A03E17C611683E1DE5F75F6FE463A27253
server	docs/tips/tip_67g_golden_proof_vector/tip_67g_planning_brief.md	authority_or_project_document	17684	958D279E1447237911274EE3E9E55A2F18494C183814C91391FB76AA39E8FEA6
server	docs/tips/tip_68_prod_hsm_signing/tip_68_closeout_v0_1.md	authority_or_project_document	7190	200BF3B82BF32D5B7319E7EF31657AAEEB37A579F278FEBAD74EF5D947FF0F7F
server	docs/tips/tip_68_prod_hsm_signing/tip_68_kickoff_v0_1.md	authority_or_project_document	21589	4A8A09DDC0BAAA3C7BE73C18D7446A5BB227207A72E64CB4A82393DBDF95AFE3
server	docs/tips/tip_68_prod_hsm_signing/tip_68_planning_brief_v0_1.md	authority_or_project_document	21834	47E6468544A9CE6276C58F943E61AC488EA56B5BF5387584CEE19ECF63C09C31
server	docs/tips/tip_69_verification_engine_slice1/tip_69_planning_brief_v0_1.md	authority_or_project_document	21747	0A35763EED21DD059CC48193920ABC9D96461FB7A17EA016C43EFE5985EBB947
server	docs/tips/tip_70_face_match_evidence/tip_70_planning_brief_v0_1.md	authority_or_project_document	19054	744A7C9D59EB4A9DF58EA9D618B481421DEE36D88742FF021E5A865AE28F086C
server	docs/tips/tip_71_agent_side_facematch/tip_71_planning_brief_v0_1.md	authority_or_project_document	29422	23F8D0129EBC3FD38A1E5C1320A2657957A7CDDE4544FE807431F52168456EA9
server	docs/tips/tip_72_liveness_evidence/tip_72_planning_brief_v0_1.md	authority_or_project_document	16350	0122856DF5F6D17272E9A3460D82D3D682A4A98F17DC0BF94B3A8E5D21AF86E1
server	docs/tips/tip_73_agent_side_liveness/tip_73_planning_brief_v0_1.md	authority_or_project_document	33302	FBAECA4F3814D793E5F29FFFD5D76C474B96849C70CB0846AAFADE18B5C07544
server	docs/tips/tip_80s_append_idempotency_evidence_ledger/tip_80s_i_build_dispatch.md	authority_or_project_document	8644	02AE3671D18D3484EA99421718D8D30F6B819503A6711E642F155C150F9DCEE4
server	docs/tips/tip_80s_append_idempotency_evidence_ledger/tip_80s_l_build_dispatch.md	authority_or_project_document	6997	C8733B740BDE0CC39BEE76BF3D1F09E93CB204CFAD2E539A1FC1B8C346E97863
server	docs/tips/tip_80s_append_idempotency_evidence_ledger/tip_80s_planning_brief.md	authority_or_project_document	18201	295AA4E149D6F29DF1E3CF1894ABD6022B12EB9F71B225D7339448E7E0076B45
server	docs/tips/tip_82r_optional_raw_biometric_retention/tip_82r_planning_brief.md	authority_or_project_document	63555	73F8220D05E02209CA30325EB73EAC71F79C62F36670EA5C790C4B10454B670D
server	docs/tips/tip_82s_session_cancel_void/tip_82s_planning_brief.md	authority_or_project_document	15901	2E3DC7516D4E0B98E7299C0E9D22B9810ADF7313225640955C46C9B160A003F9
server	docs/tips/tip_83_production_infra/tip_83_planning_brief.md	authority_or_project_document	4277	48DA551E0D86472BEA5900C3449A52F313F86C519BBC1A1F60D87A909B9183EE
server	docs/tips/tip_83_production_infra/tip_83a_signing_key_jwks_brief.md	authority_or_project_document	10603	48BCD703F31AF38534819D8528193EFF42BEF89AD30E8D03865EF145887E4654
server	docs/tips/tip_83_production_infra/tip_83b_postgres_backup_brief.md	authority_or_project_document	16901	8DE869314FF357605B65E2F62EE1D7A8FEAF7127A4B07CE22B3F2713553480CD
server	docs/tips/tip_83_production_infra/tip_83e1_health_readiness_brief.md	authority_or_project_document	21093	46289B50527172477C7B24F5F8E547A9CA06C889D7C8E927EF13100286FCB099
server	docs/tips/tip_83_production_infra/tip_83e2_audit_durability_brief.md	authority_or_project_document	14211	0C1DF721D11E082BC55927C2D5BA7059800C7879D9CF61D58B68EB1BD10E0D85
server	docs/tips/tip_83_production_infra/tip_83e3_retention_config_brief.md	authority_or_project_document	15947	95191D2DEF95806D7B3221F479C3D2A5A0D3835B0F716F9FD884FDBC5EDBB378
server	docs/tips/tip_84_production_auth/tip_84_auth_posture_decision.md	authority_or_project_document	4713	55C89CDE025C851115456A7D7FD96F6B3796D23AEAD4DB09829ABC85270437D1
server	docs/tips/tip_84a_apikey_store_seam/tip_84a_planning_brief.md	authority_or_project_document	15188	9A43ED0B395585EFCA5D300F80E94133A8F9653E6B29A1EA5852D1F2A6A1E7CD
server	docs/tips/tip_84b_hashed_apikey_store/tip_84b_planning_brief.md	authority_or_project_document	25879	5B1242D14170940C8A4AF208986A708703619EB711872905072F323E82076D1E
server	docs/tips/tip_86_decision_threshold_config/tip_86_planning_brief.md	authority_or_project_document	15932	E4A39E0B0C7D2CDE544F1C7B4D9C9F6D4C0B4342E616353E8109EF2E364C56E4
server	docs/tips/tip_87_consumer_hash_egress/tip_87_planning_brief.md	authority_or_project_document	15206	17647F750E77BCB059789B8198DCB82941FED3E407BD781274D4C8053EBD124F
server	docs/tips/tip_88_raw_export_policy_spine/tip_88_planning_brief.md	authority_or_project_document	28300	540E88DB66E4395F7943CA81B025C0FC314578617C71E87B9FBC38E1DC24B03C
server	docs/tips/tip_88a_e2_policy_permit_ttl_field/tip_88a_e2_closeout.md	authority_or_project_document	5955	95E503E7C124E1FD7BAB126FF55E096D7811CBC3FA30BE28647A25D4417A3B12
server	docs/tips/tip_88a_e2_policy_permit_ttl_field/tip_88a_e2_planning_brief.md	authority_or_project_document	22651	51279D3B1FFD9EF99308D202BF1734C6CCD8E87E915428659FD0F203851E021A
server	docs/tips/tip_88a_raw_export_policy_catalog/tip_88a_closeout.md	authority_or_project_document	7881	1278DABBBEE17583330279C497BE09716648513DB1B8D2FE69E6095C52ECF3B4
server	docs/tips/tip_88a_raw_export_policy_catalog/tip_88a_planning_brief.md	authority_or_project_document	67882	ADD3AD2D8390AC29EE1DD1C56ECD83D6A38FBD1D32A6A4C89DBD9F6333919710
server	docs/tips/tip_88b1_raw_export_control_plane/tip_88b1_closeout.md	authority_or_project_document	9048	BFFD585ABDCCCB96D966111DBFD41AEC9C3517ECA8B41481D565641E79C1B037
server	docs/tips/tip_88b1_raw_export_control_plane/tip_88b1_planning_brief.md	authority_or_project_document	37267	C14D4389170E0213CAA9BE9180FD8B2CD208795272A2DC2456E90C77D28EA58D
server	docs/tips/tip_88b1e1_fulfillment_expiry_projection/tip_88b1e1_closeout.md	authority_or_project_document	3622	EF7411BD780E535F2ABC2A9FB8556F83CB78235A95E029B0284171C4D639C770
server	docs/tips/tip_88b1e1_fulfillment_expiry_projection/tip_88b1e1_planning_brief.md	authority_or_project_document	14797	4C7EFBC5D135F11C024BE32127E1D67B8B973FC2642C61DE352E7727F92F9504
server	docs/tips/tip_88b1e3_resolver_runtime_read_access/tip_88b1e3_build_dispatch.md	authority_or_project_document	25488	59E495996ADB100FD2D2F33297B0C35D331E47EEEBD4216670F4ED9F4001706A
server	docs/tips/tip_88b1e3_resolver_runtime_read_access/tip_88b1e3_closeout.md	authority_or_project_document	3623	47313FF00406E4C36C437621BF43CEF080F19F5D4AC8885E5E309959E435A2DD
server	docs/tips/tip_88b1e3_resolver_runtime_read_access/tip_88b1e3_planning_brief.md	authority_or_project_document	26780	E5AA5AF1735E1EB86FBABFCD91B62FFE4274388CEDE6F028D042349328580276
server	docs/tips/tip_88b1e3_resolver_runtime_read_access/tip_88b1e3_remediation_build_dispatch.md	authority_or_project_document	9429	DFB83F38063868A946FF7CDD8309857F8D41E3C24B16DC78596F3A9D33B1B3B7
server	docs/tips/tip_88b1e3_resolver_runtime_read_access/tip_88b1e3_remediation_plan_v3.md	authority_or_project_document	25228	771FED5071402399E8076D3C83A0C490E919D8296DEAE602D5CB7C06DE16F9C2
server	docs/tips/tip_88b2_subject_export_consent/tip_88b2_closeout.md	authority_or_project_document	21712	A43704F24309178338C5A03FF7AD5D9C41539754D1DD04CDF900938117728275
server	docs/tips/tip_88b2_subject_export_consent/tip_88b2_planning_brief.md	authority_or_project_document	29662	92A9F94CA3DD411C6C94DD74CC6E805B4F90D390AEFDE63117FFBF4061FBDD36
server	docs/tips/tip_88b3_raw_export_authorization_decision/tip_88b3_boundary.md	authority_or_project_document	8565	E7FCA0C450D130D5DBD9A945037A4CF792BDAA924D3D857737DFA5BDDE5343CB
server	docs/tips/tip_88b3_raw_export_authorization_decision/tip_88b3_planning_brief.md	authority_or_project_document	87289	158CAEE000336EE60158C296D8B10788E5C0C625E1A0EE08539252FED1E70B65
server	docs/tips/tip_88b4_permit_to_job_consumption_foundation/tip_88b4_closeout.md	authority_or_project_document	12323	18BD9A0E7E9A170126151FA66D5C31406833B8A1DAEFE4F520DCFD0EFD1E55B5
server	docs/tips/tip_88b4_permit_to_job_consumption_foundation/tip_88b4_implementation_build_brief.md	authority_or_project_document	82374	DD9A025903D1764B083F84361AD0790676153725849748C6C7A55588E2D59D5D
server	docs/tips/tip_88b4_permit_to_job_consumption_foundation/tip_88b4_planning_brief.md	authority_or_project_document	132594	A7F33D22233D23D1D8ACF4231000BCD2ED6224EBA4EF8E3CC267C73E4A2B8567
server	docs/tips/tip_88b_raw_export_enforcement_spine/tip_88b_planning_brief.md	authority_or_project_document	2085	B9F28A782C36031B476F1A93A7C516BEA75AD8CB7925C86D71A00F9ACE6568AE
server	docs/tips/tip_88c1_secure_raw_source_sealed_assembly/a3_assembly_allowed_delta_v1.tsv	authority_or_project_document	2019	9994AC765812D267AED8874725A22BDEC4E9B7E083F01A445002D7D69483CF17
server	docs/tips/tip_88c1_secure_raw_source_sealed_assembly/a3_assembly_baseline_manifest.tsv	authority_or_project_document	307153	E523206588471FA297A45EAFE50EE1A345CA73963DB114D6753FB2649494ADC7
server	docs/tips/tip_88c1_secure_raw_source_sealed_assembly/a3_assembly_baseline_manifest.tsv.sha256	authority_or_project_document	101	A19EA6C934051BBED6C6847827E3141EEF8391B08EAFE6CA4D97A94A845C971A
server	docs/tips/tip_88c1_secure_raw_source_sealed_assembly/a3_assembly_baseline_trx_inventory.tsv	authority_or_project_document	149829	312225C81ED6B5E28D8D436A183A39F6400E3F725598CD155982150C101EE19B
server	docs/tips/tip_88c1_secure_raw_source_sealed_assembly/a3_assembly_candidate_manifest.tsv	authority_or_project_document	308786	D24774FB47B3C46DBDF1902E51BCDCC8F738405494466254023482914C9B7D60
server	docs/tips/tip_88c1_secure_raw_source_sealed_assembly/a3_assembly_candidate_manifest.tsv.sha256	authority_or_project_document	102	935069BC4FDDD3AFFDA4CBC2F0990429887A3C7B64ECC508F018762D56FAE03E
server	docs/tips/tip_88c1_secure_raw_source_sealed_assembly/a3_assembly_candidate_trx_inventory.tsv	authority_or_project_document	150758	401983FDE8B639C0771DC9255B3FDAED8CDA7E5AC67101A7FBB6301F80A35A62
server	docs/tips/tip_88c1_secure_raw_source_sealed_assembly/a3_assembly_cluster_drift.tsv	authority_or_project_document	2872	253799EBB8425F8357576723E8AD10CA0BFE45F3A685AC106F10C6FF9719C960
server	docs/tips/tip_88c1_secure_raw_source_sealed_assembly/a3_assembly_cluster_execution_matrix_v1.md	authority_or_project_document	18549	30C0034423B390DABACB110DDCF7DE92921EF502E35E6555550EB24468CBB1D2
server	docs/tips/tip_88c1_secure_raw_source_sealed_assembly/a3_assembly_cluster_review_packet_v1.md	authority_or_project_document	8626	79793264C884244607ABFD3431495C136C8F1E9637C34A4381D7809FA6452A63
server	docs/tips/tip_88c1_secure_raw_source_sealed_assembly/a3_assembly_failed_run_census.tsv	authority_or_project_document	2110	79FB136BAEE9011F101E4C39C142A563F3A0827DCC39308232B89E38FE824D7B
server	docs/tips/tip_88c1_secure_raw_source_sealed_assembly/a3_assembly_manifest_compare.ps1	script	7488	33AAF1482263BFDDF3F753B3D05DD6FF8DE78CA8E2F539929828B97FD17E1067
server	docs/tips/tip_88c1_secure_raw_source_sealed_assembly/a3_assembly_trx_verify.ps1	script	5414	452B45510AB0398A1598C43F246D1A798C9571FE541689A56C1C1BD4F83A1EF8
server	docs/tips/tip_88c1_secure_raw_source_sealed_assembly/a3_broker_admission_allowed_delta_v1.tsv	authority_or_project_document	2413	16207C9639F2557A17331336C52154F21180F03ECD685B44FA5AB142E987F966
server	docs/tips/tip_88c1_secure_raw_source_sealed_assembly/a3_broker_admission_allowed_delta_v2.tsv	authority_or_project_document	3401	E8B591BF1316127DAF27D25A89C0B4FD2E42AF546F3BD15D056FF087097DA0A4
server	docs/tips/tip_88c1_secure_raw_source_sealed_assembly/a3_broker_admission_allowed_delta_v3.tsv	authority_or_project_document	3328	2FE7EB8F0D9DF586FAB0BE92BE00CC34E2F5BFBB95AE316AD607AC45375F780B
server	docs/tips/tip_88c1_secure_raw_source_sealed_assembly/a3_broker_admission_baseline_manifest.tsv	authority_or_project_document	308786	D24774FB47B3C46DBDF1902E51BCDCC8F738405494466254023482914C9B7D60
server	docs/tips/tip_88c1_secure_raw_source_sealed_assembly/a3_broker_admission_baseline_manifest.tsv.sha256	authority_or_project_document	108	F0815DAB8444C3D97DE6CB5AEE9F557BFFEAA8BEA03AEA3DBD176F380F515257
server	docs/tips/tip_88c1_secure_raw_source_sealed_assembly/a3_broker_admission_baseline_trx_inventory.tsv	authority_or_project_document	150758	401983FDE8B639C0771DC9255B3FDAED8CDA7E5AC67101A7FBB6301F80A35A62
server	docs/tips/tip_88c1_secure_raw_source_sealed_assembly/a3_broker_admission_candidate_manifest.tsv	authority_or_project_document	311391	76326F1CAD3ED039CF277E0B7EC7C50E286B982604DC8F0AB467AA6019DADF22
server	docs/tips/tip_88c1_secure_raw_source_sealed_assembly/a3_broker_admission_candidate_manifest.tsv.sha256	authority_or_project_document	109	A7E99E68CF37102A445080CBE9B973C98F763A03841BBF0C2865C4B35E7BFF5A
server	docs/tips/tip_88c1_secure_raw_source_sealed_assembly/a3_broker_admission_candidate_manifest_v2.tsv	authority_or_project_document	314856	5CC7FFE4D5E53EB83765DD7C213199A6AD0BCCE2C8D3FD9482726E2091DC166C
server	docs/tips/tip_88c1_secure_raw_source_sealed_assembly/a3_broker_admission_candidate_manifest_v2.tsv.sha256	authority_or_project_document	112	BFEEC071811BED5D4D377F31F9E219B4979ABD05614259750D396F4611E8380E
server	docs/tips/tip_88c1_secure_raw_source_sealed_assembly/a3_broker_admission_candidate_trx_inventory.tsv	authority_or_project_document	151134	996B56AB5DD56005636F0B8386D0B12203F945C4179EBEE88823839DA5F69E2D
server	docs/tips/tip_88c1_secure_raw_source_sealed_assembly/a3_broker_admission_candidate_trx_inventory_v2.tsv	authority_or_project_document	153105	CF19D11E2846AD03B00C466704B7130C3A25A5909BB4ECB40C22E35C4951071C
server	docs/tips/tip_88c1_secure_raw_source_sealed_assembly/a3_broker_admission_cluster_drift.tsv	authority_or_project_document	5811	95C81B3C300DE7BD6234C5C4703C0BD554C308139F3BB56BC36A9E6C6161152F
server	docs/tips/tip_88c1_secure_raw_source_sealed_assembly/a3_broker_admission_cluster_drift_v2.tsv	authority_or_project_document	5477	5680080FAEABB8A1F0D79DF333147C9774DCAE5A214BDAD836B8B20ACA0FBE3A
server	docs/tips/tip_88c1_secure_raw_source_sealed_assembly/a3_broker_admission_cluster_execution_matrix_v1.md	authority_or_project_document	2457	5DE7C997B039E441B1FA5E72A23941F6D1204D16881EB5A2EAB001AEA80D32BE
server	docs/tips/tip_88c1_secure_raw_source_sealed_assembly/a3_broker_admission_cluster_execution_matrix_v2.md	authority_or_project_document	3951	D240744A78A13812CA3365EC9114AD91A948C1138E5BE655DF7CB602CDA53F1F
server	docs/tips/tip_88c1_secure_raw_source_sealed_assembly/a3_broker_admission_cluster_review_packet_v1.md	authority_or_project_document	4622	CAD7196D02BE8E36420D52C7F14B5DCEBB59BE3637890DCEDBB9EC6FAD50191A
server	docs/tips/tip_88c1_secure_raw_source_sealed_assembly/a3_broker_admission_cluster_review_packet_v2.md	authority_or_project_document	7045	94D14C9E9440ABFC8A537249496CE7C69F9992CA12F99AE5B1EDCB4E34FA64F0
server	docs/tips/tip_88c1_secure_raw_source_sealed_assembly/a3_broker_admission_cluster_review_packet_v3.md	authority_or_project_document	2950	FF8502F8D65E45790E68C1D8A68E6FE87C9FE6297E720A5208D20D6D86184D1E
server	docs/tips/tip_88c1_secure_raw_source_sealed_assembly/a3_broker_admission_failed_run_census.tsv	authority_or_project_document	11024	0BE6326452BC2F4063A9ED6401FE20C2584093AEB90A73658927249C66BE4C32
server	docs/tips/tip_88c1_secure_raw_source_sealed_assembly/a3_broker_claim_baseline_manifest.tsv	authority_or_project_document	298362	E4B9E2958DD3A5949B53ECC665AEC1C98EB823EDBC7D57166B4350C4ED0F253A
server	docs/tips/tip_88c1_secure_raw_source_sealed_assembly/a3_broker_claim_baseline_manifest.tsv.sha256	authority_or_project_document	104	A105DB0093C67D6F0AEDB349176BA9DAE3952DDD7D236DEB884407B3C2DE6317
server	docs/tips/tip_88c1_secure_raw_source_sealed_assembly/a3_broker_claim_baseline_trx_inventory.tsv	authority_or_project_document	144766	57F15C60C6BFB9B12ADE6E1953222210DAD787EDD5C27F1AE0245598ECB4E1E3
server	docs/tips/tip_88c1_secure_raw_source_sealed_assembly/a3_broker_claim_cluster_candidate_manifest.tsv	authority_or_project_document	303845	EB9741C5EA68E4A275457A8582D64A3408BA42B16CDCDD6BC338AF74913DCEDC
server	docs/tips/tip_88c1_secure_raw_source_sealed_assembly/a3_broker_claim_cluster_candidate_manifest.tsv.sha256	authority_or_project_document	113	5D58DD5365C6B58BD0439896AC50C1B029DC2507CFA2D711A1B4AA8721D2AFE5
server	docs/tips/tip_88c1_secure_raw_source_sealed_assembly/a3_broker_claim_cluster_execution_matrix_v1.md	authority_or_project_document	14729	A8626CC056EFEACE22D3EBFDA67A40E7F8958FE69CC13C36E16B9043E95773BF
server	docs/tips/tip_88c1_secure_raw_source_sealed_assembly/a3_broker_claim_cluster_review_packet_v1.md	authority_or_project_document	10446	F158DEA4419C6F1BF4AA30133889AAD949A9946D3B9F44EBECF16917E797C68B
server	docs/tips/tip_88c1_secure_raw_source_sealed_assembly/a3_broker_claim_failed_run_census.tsv	authority_or_project_document	15450	0F38FBA272C14A9B6F7FDEAA40EBE910C30CFD61EB97C9FCB94D9528F98B5021
server	docs/tips/tip_88c1_secure_raw_source_sealed_assembly/a3_broker_claim_trx_inventory.tsv	authority_or_project_document	4519	36C1650A9E30985F889179D678359EEDF9E6912E6973EBD93FB610CB463CC680
server	docs/tips/tip_88c1_secure_raw_source_sealed_assembly/a3_broker_claim_trx_verify.ps1	script	5387	C9C51F5D4653AC9E618AB60E476FE08D64117BAAB8DDF0A9383DB99A8CFF43BB
server	docs/tips/tip_88c1_secure_raw_source_sealed_assembly/a3_continuous_batch_candidate_manifest.tsv	authority_or_project_document	273786	3982F3FFCA6DD5B5FFECF96FB73C03DE93B8ADBC08A8B8B347A06EB1E8773231
server	docs/tips/tip_88c1_secure_raw_source_sealed_assembly/a3_continuous_batch_candidate_manifest.tsv.sha256	authority_or_project_document	109	62E949C6E96D937209BEB92266E00FD6FA9B39E4E0C0709C3149342CA868981D
server	docs/tips/tip_88c1_secure_raw_source_sealed_assembly/a3_continuous_batch_r2r6_bp16_bp17_review_packet_v1.md	authority_or_project_document	7526	AEBD5DA2482423FDCCA55DFBC5AA080082E54EEA7460B8F85FF9A0BB2C384317
server	docs/tips/tip_88c1_secure_raw_source_sealed_assembly/a3_continuous_batch_r2r6_bp18_review_packet_v1.md	authority_or_project_document	3998	A7B800EB64F231F6327DB1080CCD019AD1AB461304331FE1BE2D2CAD22AFB35C
server	docs/tips/tip_88c1_secure_raw_source_sealed_assembly/a3_continuous_batch_r2r6_bp21_review_packet_v1.md	authority_or_project_document	4824	73C3B091ECDB0DEC9B4C94EAE484315DA03F18CBFC5D41F59AE27C57544928FC
server	docs/tips/tip_88c1_secure_raw_source_sealed_assembly/a3_continuous_batch_readiness_p10_review_packet_v1.md	authority_or_project_document	6655	EA0CAC050C7DE0DE39CB81F9A3A5BE00CF27590A2B5E810F15F75920678DEED7
server	docs/tips/tip_88c1_secure_raw_source_sealed_assembly/a3_continuous_batch_readiness_p10_review_packet_v2.md	authority_or_project_document	5879	4B94E6EBC5B76064DB03DD535FA95003134226D91500B04B046D00146347462C
server	docs/tips/tip_88c1_secure_raw_source_sealed_assembly/a3_e01_pilot_candidate_manifest.tsv	authority_or_project_document	270098	F7F3BA68D0C7EC898A80211C804BE8A3CFBE75F772D6F06A51A77B2873E3A4C0
server	docs/tips/tip_88c1_secure_raw_source_sealed_assembly/a3_e01_pilot_candidate_manifest.tsv.sha256	authority_or_project_document	102	C3D00D319AD6B2AEA39A08E60B52DDB3322F78D925D1FD7B21E1CF82E086BCD4
server	docs/tips/tip_88c1_secure_raw_source_sealed_assembly/a3_e01_pilot_review_packet_v1.md	authority_or_project_document	10928	CAA8CC35CC879798C178CB4787359B379003EB446CEAFDFACA7629DCFC50B83B
server	docs/tips/tip_88c1_secure_raw_source_sealed_assembly/a3_o19_positive_absence_authority_amendment.md	authority_or_project_document	1417	AABE7213E28C2B60E5705D501063D8EA9947FCEB3DD120D8A6D0F06AA820006E
server	docs/tips/tip_88c1_secure_raw_source_sealed_assembly/a3_preflight_baseline_manifest.tsv	authority_or_project_document	260661	94D6E060D8785FFC60172E5B6857224E71CD824523B707BA452E3C612D8A1E86
server	docs/tips/tip_88c1_secure_raw_source_sealed_assembly/a3_preflight_baseline_manifest.tsv.sha256	authority_or_project_document	101	DF6B470B4D61F3F588D40E0AD2CBCEC804C3155BECC1484A7D7B1E8DC86C9A3F
server	docs/tips/tip_88c1_secure_raw_source_sealed_assembly/a3_preflight_dispatch_v1_0_report.md	authority_or_project_document	10922	AD9555007677D77F85D53E94BF446F2516CDA6FDB1DDA4A6B9AA7CC68B41614C
server	docs/tips/tip_88c1_secure_raw_source_sealed_assembly/a3_preflight_dispatch_v1_0_report_v2.md	authority_or_project_document	9327	B3269E5C5C9D23243B70705488FADA11C775A23B9E05759E0466C2FE55CECC2C
server	docs/tips/tip_88c1_secure_raw_source_sealed_assembly/a3_preflight_manifest_verify.ps1	script	12124	6DCE5B7919733FC74AD146726392538E38472122026E88E8F8F627E602EFF7FC
server	docs/tips/tip_88c1_secure_raw_source_sealed_assembly/a3_preflight_open_matrix.tsv	authority_or_project_document	58580	598E84669001CE5A761DFD3A1496BF1F5FCDCA71D54F47D6D83F4EC35BF0D6C4
server	docs/tips/tip_88c1_secure_raw_source_sealed_assembly/a3_preflight_recorded_mutants.tsv	authority_or_project_document	7390	CE3B984F31F15042D4A435E5DF3E60B78F18DC8C211064520EDBD28588B47B70
server	docs/tips/tip_88c1_secure_raw_source_sealed_assembly/a3_preflight_referenced_trx_missing.tsv	authority_or_project_document	42	5F2504A3B244E34396C9F693EA9B773185D43DB0D939F90C2513682B0D139139
server	docs/tips/tip_88c1_secure_raw_source_sealed_assembly/a3_preflight_trx_reference_resolution.tsv	authority_or_project_document	109601	F5901FA3860124AD2CF6867B980BFA17AFA100AAF4928C1A28BD344AA64ACE06
server	docs/tips/tip_88c1_secure_raw_source_sealed_assembly/a3_r2r6_bp16_bp17_candidate_manifest.tsv	authority_or_project_document	278552	70BFE4AE860B84216402D68E94EADA445E8C07B0D05CE8D948E87F59E59A4076
server	docs/tips/tip_88c1_secure_raw_source_sealed_assembly/a3_r2r6_bp16_bp17_candidate_manifest.tsv.sha256	authority_or_project_document	107	28C635186B1072F776FE0B712A9BB187B71FE7BE60B11929F5DC34AECBFC9566
server	docs/tips/tip_88c1_secure_raw_source_sealed_assembly/a3_r2r6_bp18_candidate_manifest.tsv	authority_or_project_document	275094	1E91A0238084B9D3E1F213426A3BB7DC339F9990106ABEA8639DE64506F5207B
server	docs/tips/tip_88c1_secure_raw_source_sealed_assembly/a3_r2r6_bp18_candidate_manifest.tsv.sha256	authority_or_project_document	102	168F06893ACB4C23A807EA455CC9604A1FC83B184E3218A24FF13CE419806872
server	docs/tips/tip_88c1_secure_raw_source_sealed_assembly/a3_r2r6_bp21_candidate_manifest.tsv	authority_or_project_document	276386	D351C4D202D6D6E435422B1601630314F60BD4656A5F2629CCAF154DC0A06893
server	docs/tips/tip_88c1_secure_raw_source_sealed_assembly/a3_r2r6_bp21_candidate_manifest.tsv.sha256	authority_or_project_document	102	A5F6D53F8EA2CDE25D8807875A46E91F713FE4DF8942B7A7C8669AEA1CF4D158
server	docs/tips/tip_88c1_secure_raw_source_sealed_assembly/a3_r2r6_cluster_execution_matrix_v1.md	authority_or_project_document	69866	60F391900202FBD42B124865DA5A18ED5BEB7FA5D9386B3238D519C54CEA52F8
server	docs/tips/tip_88c1_secure_raw_source_sealed_assembly/a3_r2r6_cluster_final_candidate_manifest.tsv	authority_or_project_document	297166	4DBCB74FB003D9B6ED489EE2D1481528378D37068115FC96120EDD96C0899223
server	docs/tips/tip_88c1_secure_raw_source_sealed_assembly/a3_r2r6_cluster_final_candidate_manifest.tsv.sha256	authority_or_project_document	111	D8418392B9D9EFA3644BE5B2A259EA68E2DC3DE97AFC48E5D5D49B15891BE2FF
server	docs/tips/tip_88c1_secure_raw_source_sealed_assembly/a3_r2r6_cluster_interim_candidate_manifest.tsv	authority_or_project_document	283349	CB21C2A5DDE62D300BEB1DD24AAA21B0ED0A598B9692F914BE5900E031248580
server	docs/tips/tip_88c1_secure_raw_source_sealed_assembly/a3_r2r6_cluster_interim_candidate_manifest.tsv.sha256	authority_or_project_document	113	7F2B25AB01F7C3E82B660A1EF5950FC8CAD339CB9D8B12E4C2AFA35072928BC1
server	docs/tips/tip_88c1_secure_raw_source_sealed_assembly/a3_r2r6_cluster_interim_review_packet_v1.md	authority_or_project_document	14111	01C075DF458E0B2EE150B7DFD6D85C7E783FCF60D526207EE5711B78D6BC6110
server	docs/tips/tip_88c1_secure_raw_source_sealed_assembly/a3_r2r6_cluster_review_packet_v1.md	authority_or_project_document	15459	885F64DF80D1BAA3B94E4DFB9761253E3CD0B9551CA25C5A1D602A640CEE18EB
server	docs/tips/tip_88c1_secure_raw_source_sealed_assembly/a3_r2r6_failed_run_census.tsv	authority_or_project_document	35131	B0A6AB11B33F0E1B72534B4C8DDF099F093D59E3B3F4B87D80F825DE95441992
server	docs/tips/tip_88c1_secure_raw_source_sealed_assembly/a3_r2r6_failed_run_verify.ps1	script	8031	A6898637DBA1B6FCA45D194E9EECD8781F5F23F7204D3066E11BCF620F14050A
server	docs/tips/tip_88c1_secure_raw_source_sealed_assembly/a3_r2r6_trx_inventory.tsv	authority_or_project_document	19756	012DE84ECAE723CEEE6052713D2E06B5A2002D13AA800126A74E6EFDB369CCBA
server	docs/tips/tip_88c1_secure_raw_source_sealed_assembly/a3_readiness_successor_manifest.tsv	authority_or_project_document	271718	ED468189C5EFB473EBE2314CBDC776BEC941817C5D441DBEDC2AFD64472B6FA4
server	docs/tips/tip_88c1_secure_raw_source_sealed_assembly/a3_readiness_successor_manifest.tsv.sha256	authority_or_project_document	102	BBDE798ACE5998549DD0C3A7F15A818CDAD7F3F8EA64CA3F6266918211A9DCA3
server	docs/tips/tip_88c1_secure_raw_source_sealed_assembly/tip_88c1_a_as_built.md	authority_or_project_document	3723	6F7A6553590B493802B5DFC900717D513D7DBFB7866CB92ECEDD41F84A3595F7
server	docs/tips/tip_88c1_secure_raw_source_sealed_assembly/tip_88c1_b1_as_built.md	authority_or_project_document	4998	52123897DF58A49C583A4A1D19E198B166917A5B719461DFBED199F3110126D9
server	docs/tips/tip_88c1_secure_raw_source_sealed_assembly/tip_88c1_b2_auth_as_built.md	authority_or_project_document	5019	77E5F0B762A02D46BF4E2B9F303FD6C5F4D87F8B0FFD185B4B4490D3ACE7ECA6
server	docs/tips/tip_88c1_secure_raw_source_sealed_assembly/tip_88c1_b2_beta_as_built.md	authority_or_project_document	2109	F27A1E844065377913CECBCC6AA7BE01FDE7FBBCC4D5C772528D63FB8722CD08
server	docs/tips/tip_88c1_secure_raw_source_sealed_assembly/tip_88c1_b2_core_as_built.md	authority_or_project_document	8453	55843FA5A60B2706587584AB89A11C4B6D05E186F452B6460B26EFD3609D18E0
server	docs/tips/tip_88c1_secure_raw_source_sealed_assembly/tip_88c1_b2_dekkek_as_built.md	authority_or_project_document	2584	1DC2659896592C301E7632CB105C50763CA29CF071D3FF13A4C7119E9FABF617
server	docs/tips/tip_88c1_secure_raw_source_sealed_assembly/tip_88c1_b2_durable_custody_build_dispatch.md	authority_or_project_document	39486	57783A3BAA5CBA41446F4E4A448475E78BFCD3B24C813A48F7EC5828D8BFC09A
server	docs/tips/tip_88c1_secure_raw_source_sealed_assembly/tip_88c1_b2_durable_key_csprng_prereq.md	authority_or_project_document	3373	C42B8562588D83AED835F120CD878E49C2E67355E85D9697B414BD114C34AF37
server	docs/tips/tip_88c1_secure_raw_source_sealed_assembly/tip_88c1_b2_durable_key_custody_build_dispatch.md	authority_or_project_document	126710	3335612F2F39A86BE3F4FD074ECA2D943FF011BBBD7831E0429F104005FC8602
server	docs/tips/tip_88c1_secure_raw_source_sealed_assembly/tip_88c1_b2_durable_key_fixture_proof_as_built.md	authority_or_project_document	16330	8BC73AC4DF7280CE53BE5F6A4FF91AB369660A15D96923F8A3B6A1F2F28CC896
server	docs/tips/tip_88c1_secure_raw_source_sealed_assembly/tip_88c1_b2_durable_key_fixture_proof_build_dispatch.md	authority_or_project_document	35642	AEFFC7C8DB5FB3F459A60E396575C2330435CC9557E6A9B61D886D216D87859B
server	docs/tips/tip_88c1_secure_raw_source_sealed_assembly/tip_88c1_b2_durable_key_prod_as_built.md	authority_or_project_document	10019	AAF9E89A20C5BFF09C3A69DE7239BF677FE4665746AFB09AA732A69BCF1F89E7
server	docs/tips/tip_88c1_secure_raw_source_sealed_assembly/tip_88c1_b2_durable_key_prod_build_dispatch.md	authority_or_project_document	84928	0D4E5D6E59FF19421108A2BF0F5C659E53896B26473F1952C38BEC9AD6B1C359
server	docs/tips/tip_88c1_secure_raw_source_sealed_assembly/tip_88c1_b2_durable_key_prod_state_model.py	authority_or_project_document	28846	AFC56ED767D59F5D74AD86462779B93670F35000548356BCA978F9269351F4BB
server	docs/tips/tip_88c1_secure_raw_source_sealed_assembly/tip_88c1_b2_durable_object_custody_as_built.md	authority_or_project_document	56215	B9E8873F45F826DC8889B01A23E9393F81A12B75F587E87153BDE34F71536A6E
server	docs/tips/tip_88c1_secure_raw_source_sealed_assembly/tip_88c1_b2_durable_object_custody_build_dispatch.md	authority_or_project_document	73703	EFCA33CB6A17EE2FD4E07D22AB173162919A58B60F07BFC0222AB567E0126918
server	docs/tips/tip_88c1_secure_raw_source_sealed_assembly/tip_88c1_b2_durable_object_o03_mutation_correction_ratification_v0_1.md	authority_or_project_document	4623	169219EE5A2DBA8FA6F79F874E177D581E4A9D1813E0C6A5261BC787E58FD968
server	docs/tips/tip_88c1_secure_raw_source_sealed_assembly/tip_88c1_b2_durable_object_o03_mutation_correction_v0_1.md	authority_or_project_document	3119	A8AA373784EC87BB578E8D389653AB65C7B83A78DD93B03ACC51A10BFE800BE7
server	docs/tips/tip_88c1_secure_raw_source_sealed_assembly/tip_88c1_b2_durable_object_readiness_precedence_correction_ratification_v0_1.md	authority_or_project_document	3682	4CEBF53549AF70BF1A49888BFFA71C97A9A78FDD8C6285EDC70D6C2C97E3400B
server	docs/tips/tip_88c1_secure_raw_source_sealed_assembly/tip_88c1_b2_durable_object_readiness_precedence_correction_v0_1.md	authority_or_project_document	4506	B3C6D0433E5DAB9E89444ADC3AF285E771B50A437FA2501CB9C5C4DDC356DC5B
server	docs/tips/tip_88c1_secure_raw_source_sealed_assembly/tip_88c1_b2_durable_object_readiness_precedence_correction_v0_2.md	authority_or_project_document	5981	4AB2FBED6270829BE2AFD4FAD1D9347291C85B4365D01EFA7F7BFB68F01FC9B2
server	docs/tips/tip_88c1_secure_raw_source_sealed_assembly/tip_88c1_b2_profiles_as_built.md	authority_or_project_document	4544	48209AA51754F99668F95803903396E98EDE25A8D9FAC439EAADF3CBC3478EED
server	docs/tips/tip_88c1_secure_raw_source_sealed_assembly/tip_88c1_b2_r2_as_built.md	authority_or_project_document	39551	760403BCF6434119B83D9FD0DE104867D6A92998071CF53257DD1FCFE1EAF42D
server	docs/tips/tip_88c1_secure_raw_source_sealed_assembly/tip_88c1_b2_r2_build_dispatch.md	authority_or_project_document	49298	9A758E07D3283017AD84E489072F3EB7782EEFE526B1999DD14A53515633FFED
server	docs/tips/tip_88c1_secure_raw_source_sealed_assembly/tip_88c1_b2_r3_as_built.md	authority_or_project_document	15412	1F666C460A14CE78F8BE4AE575658979B4B6A538F13B604A4A3920AD5B6C0ED8
server	docs/tips/tip_88c1_secure_raw_source_sealed_assembly/tip_88c1_b2_r3_build_dispatch.md	authority_or_project_document	55578	5A426518A41E9A88F0C2A6D5FD2B5E7D30549FA81DDCEDAB8CA9284E9C8E0E8A
server	docs/tips/tip_88c1_secure_raw_source_sealed_assembly/tip_88c1_b2_r4_r6_source_finalization_as_built.md	authority_or_project_document	43592	E9B73A546C90AF6255AAC7BFEFA8F7216229D0F4E5E449EE4B2EAF1E06A40505
server	docs/tips/tip_88c1_secure_raw_source_sealed_assembly/tip_88c1_b2_r4_r6_source_finalization_build_dispatch.md	authority_or_project_document	65734	CA3A9B50898563AAB9FA9DA431F4A8A4FD9A82CD1127AF8F7DDE6A1DAE1A58C1
server	docs/tips/tip_88c1_secure_raw_source_sealed_assembly/tip_88c1_c1_resolver_assembly_as_built.md	authority_or_project_document	31596	DBC37C38C7111C9B08B49B03D9DD731906EB2F55871061D4B3F411EBC9ECEA1A
server	docs/tips/tip_88c1_secure_raw_source_sealed_assembly/tip_88c1_c1_resolver_assembly_build_dispatch.md	authority_or_project_document	43132	A05A597583FC706A61050EBDCC7B0CC5A406C2D2C3D49645F60FDC8B22B7557D
server	docs/tips/tip_88c1_secure_raw_source_sealed_assembly/tip_88c1_c1_resolver_assembly_review_ledger.md	authority_or_project_document	26122	EC1AE742FBAC0D7EEB9EB4E211969B1E94CC70E4FCEC5B589397871EA010F401
server	docs/tips/tip_88c1_secure_raw_source_sealed_assembly/tip_88c1_c1_resolver_assembly_scope_brief.md	authority_or_project_document	25676	403D79D549F19213166631A78BA99CA5D6A3C4D2F47656F339FEC8E8B6F161C3
server	docs/tips/tip_88c1_secure_raw_source_sealed_assembly/tip_88c1_c2_package_expiry_durability_correction_dispatch.md	authority_or_project_document	13566	13DB9734920A6D0B18CAD4F24983F8F4F32D2583C2CD633C15494D2A772C5978
server	docs/tips/tip_88c1_secure_raw_source_sealed_assembly/tip_88c1_c2_recipient_package_as_built.md	authority_or_project_document	17101	C36855C44C221A1744570E9943B1659F462DE50169BD61A3BF89DDEA997B95AA
server	docs/tips/tip_88c1_secure_raw_source_sealed_assembly/tip_88c1_c2_recipient_package_build_dispatch.md	authority_or_project_document	54281	0790D1A6828C3365178011F0E10A1B58757B4FE7E2214828C55A6D720B0BB64D
server	docs/tips/tip_88c1_secure_raw_source_sealed_assembly/tip_88c1_c2_recipient_package_review_ledger.md	authority_or_project_document	26113	C4721DD2EA5D2B1910E0B46914EB6DBD7FEA5E9C1CE39DFC2DD9080802423511
server	docs/tips/tip_88c1_secure_raw_source_sealed_assembly/tip_88c1_c2_recipient_package_scope_brief.md	authority_or_project_document	30774	B48AECEEEB2CEA2B71A6BA2951BEC7339195DA10AB72713AD0D834051FC56851
server	docs/tips/tip_88c1_secure_raw_source_sealed_assembly/tip_88c1_c3_authenticated_package_delivery_as_built.md	authority_or_project_document	36712	C204A40F5C9AD03C852CAD714606403730F3FCC5873DCD7C9D3087B330BF2D33
server	docs/tips/tip_88c1_secure_raw_source_sealed_assembly/tip_88c1_c3_authenticated_package_delivery_build_dispatch.md	authority_or_project_document	57569	AB415A0526D65307E0036A450374928BA81BEF53C4E8BACAA7D837997BB86988
server	docs/tips/tip_88c1_secure_raw_source_sealed_assembly/tip_88c1_c3_authenticated_package_delivery_review_ledger.md	authority_or_project_document	55469	E9A7556A28E093CFECBEF9034D28FB13AE12C4B7C679A87D7E9581D3E5240CFA
server	docs/tips/tip_88c1_secure_raw_source_sealed_assembly/tip_88c1_c3_authenticated_package_delivery_scope_brief.md	authority_or_project_document	49492	A07704EAE33A9FFCC189C365C9FB58EF19C3E7D29BD0F390F65080CCB7323D80
server	docs/tips/tip_88c1_secure_raw_source_sealed_assembly/tip_88c1_c4_authenticated_package_reference_distribution_as_built.md	authority_or_project_document	30225	045D5922B1C6166F2C0BA24C3DE62D1E49D05821BEA77D2CC7EFCFABBBAA5464
server	docs/tips/tip_88c1_secure_raw_source_sealed_assembly/tip_88c1_c4_authenticated_package_reference_distribution_build_dispatch.md	authority_or_project_document	46010	A3D6BE8F43699627570120A5BEC4108A093632D90B89DD4510B167F0A7671943
server	docs/tips/tip_88c1_secure_raw_source_sealed_assembly/tip_88c1_c4_authenticated_package_reference_distribution_review_ledger.md	authority_or_project_document	54567	9DAE198DAADAAC4E0639F21707D2BD515FEDC4722F104476AF7BD3D4C644AED9
server	docs/tips/tip_88c1_secure_raw_source_sealed_assembly/tip_88c1_c4_authenticated_package_reference_distribution_scope_brief.md	authority_or_project_document	34664	F59B9DB19585AD4C30D8AD0EA98DEEF8069A5AAB28E505D58203684AA9CEBA0E
server	docs/tips/tip_88c1_secure_raw_source_sealed_assembly/tip_88c1_c5_managed_recipient_enrollment_activation_readiness_as_built.md	authority_or_project_document	1598	64B7C3B3A5A1C8D6F232438A09173D302C83B72335CB44EE1ED4C98CF8C7001E
server	docs/tips/tip_88c1_secure_raw_source_sealed_assembly/tip_88c1_c5_managed_recipient_enrollment_activation_readiness_build_dispatch.md	authority_or_project_document	124791	6F4B34631E8D7C1C4C827EBE50E5B9AB2F2624701834617037A9DC1A67381482
server	docs/tips/tip_88c1_secure_raw_source_sealed_assembly/tip_88c1_c5_managed_recipient_enrollment_activation_readiness_review_ledger.md	authority_or_project_document	131469	6D5376E0A853BED437BA4C68A2B336FF162CE934F4070E2C35B72DEF3B5D1F6F
server	docs/tips/tip_88c1_secure_raw_source_sealed_assembly/tip_88c1_c5_managed_recipient_enrollment_activation_readiness_scope_brief.md	authority_or_project_document	45364	7EEB2D378AEE7A0F840D620846C6D6C71A6BB1AF3A71DC7FAD3528CFF1425DB5
server	docs/tips/tip_88c1_secure_raw_source_sealed_assembly/tip_88c1_c6a_implementation_review_packet.md	authority_or_project_document	4733	CCAC8B87BD85AB1C10EEB760CF5C1AC97FAEE5803B852DEB599250199CFCD990
server	docs/tips/tip_88c1_secure_raw_source_sealed_assembly/tip_88c1_c6a_production_authority_source_profile_activation_planning_brief.md	authority_or_project_document	17102	5CB8D4B2307D4316AC43A1E1A5CF2C55FC1C9B5D521242A2FC099C74B9C60B60
server	docs/tips/tip_88c1_secure_raw_source_sealed_assembly/tip_88c1_c6a_technical_implementation_dispatch.md	authority_or_project_document	26946	90373A24651B4A0C68FA889F84144E1EC538EB3F1F70E76282F017F944968A81
server	docs/tips/tip_88c1_secure_raw_source_sealed_assembly/tip_88c1_c6b_a1_as_built.md	authority_or_project_document	10604	37D4BBE0AB17000BE85E408DA4260C304B18270E6BD82674E9C2A2B511716D67
server	docs/tips/tip_88c1_secure_raw_source_sealed_assembly/tip_88c1_c6b_a1_crt1_exact_signed_bytes_contract_rri.md	authority_or_project_document	4770	EDA8703C3969F6A7043E496553FEC3E2B3AD72462C319EE10BE3491490489903
server	docs/tips/tip_88c1_secure_raw_source_sealed_assembly/tip_88c1_c6b_a1_crt1_exact_signed_bytes_contract_rri_r27_metadata_v1.md	authority_or_project_document	5345	6131ABABCAE0415AA899D6997E9A4375398CCAF0AD743F64E16517625D97A61A
server	docs/tips/tip_88c1_secure_raw_source_sealed_assembly/tip_88c1_c6b_a1_crt1_proof_owner_project_boundary_correction.md	authority_or_project_document	2173	A79601F3944DAD71F12FCEABEE6B6BE6E1DACAC88C4E134BECF44B3D5519FFB5
server	docs/tips/tip_88c1_secure_raw_source_sealed_assembly/tip_88c1_c6b_a1_expiry_on_denied_proof.md	authority_or_project_document	18457	5E324200F58B9D0710C5C201942612D2D8B262E1CAD156807FBCD90485591F8F
server	docs/tips/tip_88c1_secure_raw_source_sealed_assembly/tip_88c1_c6b_a1_identity_audit_mutation_proof.md	authority_or_project_document	22732	678078E228A299EBA5EA44B0012A891A0A7B45D2FB9F7A95B07574019C08625E
server	docs/tips/tip_88c1_secure_raw_source_sealed_assembly/tip_88c1_c6b_a1_literal_ddl_master.md	authority_or_project_document	81255	8FB6C4A608F99641915C44E291C142DFDB2282E93116BC7CD73DCF1FEF866CB1
server	docs/tips/tip_88c1_secure_raw_source_sealed_assembly/tip_88c1_c6b_a1_migration_execution_principal_rri_v0_1.md	authority_or_project_document	10728	410206E5BA902DD5CA23CEF8DD898DD2FFB90DE68D48D19BDC6FF6AC263B68C4
server	docs/tips/tip_88c1_secure_raw_source_sealed_assembly/tip_88c1_c6b_a1_migration_execution_principal_rri_v0_2.md	authority_or_project_document	15208	A0239B055A0C8A87C0838FAB623234F03BAE24EABD8F7F985EE00FD389D92DE5
server	docs/tips/tip_88c1_secure_raw_source_sealed_assembly/tip_88c1_c6b_a1_migration_execution_principal_rri_v0_3.md	authority_or_project_document	24321	94EB6D2004449F122B045A2C91A90ADD428CCA020329D710389433C2A6464B8F
server	docs/tips/tip_88c1_secure_raw_source_sealed_assembly/tip_88c1_c6b_a1_migration_principal_implementation_checkpoint_v0_1.md	authority_or_project_document	50465	ABAA2464D171EA274C27128B76F72BB8BFC048795113431C3BFEB98EDEFAA77F
server	docs/tips/tip_88c1_secure_raw_source_sealed_assembly/tip_88c1_c6b_a1_operation_master.md	authority_or_project_document	116500	172B1C9550C2DDB750CD251E4D2A2E272DE24998B581D23A0654BF76C37314CE
server	docs/tips/tip_88c1_secure_raw_source_sealed_assembly/tip_88c1_c6b_a1_operation_master_r27_metadata_v1.md	authority_or_project_document	149995	F05FF9DB91DCCAE935D022CE8518EBB9237F744DF1F0CBB1F03DDDC1BFBEF8C2
server	docs/tips/tip_88c1_secure_raw_source_sealed_assembly/tip_88c1_c6b_a1_postgresql16_mutation_suite.md	authority_or_project_document	16174	756E2420ED9E8C9480D4F469CC971BDFB847506B8733B602BA84A81663330E5B
server	docs/tips/tip_88c1_secure_raw_source_sealed_assembly/tip_88c1_c6b_a1_postgresql16_runtime_proof_companion.md	authority_or_project_document	16827	04A86A6C4F1C2002BAFDCA73CAE1CDF3ADE4BB546D23C14759D387015220BACE
server	docs/tips/tip_88c1_secure_raw_source_sealed_assembly/tip_88c1_c6b_a1_r01_r02_root_request_fingerprint_rri.md	authority_or_project_document	6705	509D3951F08830539150B35A88E2BAF709CB1E297831A45D841E8927CBE5A42B
server	docs/tips/tip_88c1_secure_raw_source_sealed_assembly/tip_88c1_c6b_a1_r27_metadata_amendment_report_v1.md	authority_or_project_document	10962	10F48BE331C121DDF79681E9A921B81A7BDB06FBA577E34F5588E60099ABABB4
server	docs/tips/tip_88c1_secure_raw_source_sealed_assembly/tip_88c1_c6b_a1_server_identity_control_dispatch.md	authority_or_project_document	72634	BB3B2AEED01753F563B5DC56720172DBD9EB1EA27EE88EEBA11F65038CCB2881
server	docs/tips/tip_88c1_secure_raw_source_sealed_assembly/tip_88c1_c6b_a1_server_identity_control_dispatch_r27_metadata_v1.md	authority_or_project_document	83454	9BC62E297098A2E06E20DF6B14786F7BDF0DC3008B7F652178119DC01FE2E661
server	docs/tips/tip_88c1_secure_raw_source_sealed_assembly/tip_88c1_c6b_a1_transition_sql_01_root_enrollment_lifecycle.md	authority_or_project_document	33640	F3E7176DFBDAD72E276F2962E5ED5BAC96483FB487017794DDAF7B99BA202DB6
server	docs/tips/tip_88c1_secure_raw_source_sealed_assembly/tip_88c1_c6b_a1_transition_sql_01_root_enrollment_lifecycle_r27_metadata_v1.md	authority_or_project_document	33980	13097C3650C8874501EDB9378CFDA009D72ABB422A093ABCA42EBA3E46D79102
server	docs/tips/tip_88c1_secure_raw_source_sealed_assembly/tip_88c1_c6b_a1_transition_sql_02_rotation_catalog.md	authority_or_project_document	35563	08A496EA890E8C026C13819DD53E82B7E5C41B03EE99B3A21A241B92C1CEBDB6
server	docs/tips/tip_88c1_secure_raw_source_sealed_assembly/tip_88c1_c6b_a1_transition_sql_02_rotation_catalog_r27_metadata_v1.md	authority_or_project_document	36002	BF6892BC320C2F7DE8FCD68EC6F1A9D48BFE0FBCA005978AA2604093492C0115
server	docs/tips/tip_88c1_secure_raw_source_sealed_assembly/tip_88c1_c6b_a1_transition_sql_03_capability_binding_readiness.md	authority_or_project_document	63822	5A88AC9FE8F03D3F16B20CE12FA54B367EB1E83AA768301376C0497C6A97F741
server	docs/tips/tip_88c1_secure_raw_source_sealed_assembly/tip_88c1_c6b_a1_transition_sql_03_capability_binding_readiness_r27_metadata_v1.md	authority_or_project_document	66154	771BA6AE1C63147B70C4DF3E22B267E5E87A1ED85F6ABF027EE3869121D20B7F
server	docs/tips/tip_88c1_secure_raw_source_sealed_assembly/tip_88c1_c6b_a1_transition_sql_04_auth_nonce_credential_revoke.md	authority_or_project_document	23404	8E53CF1F459F9C95E7A29C80693A4F82C1D359789AD12F0FDADD5CEBAD619F99
server	docs/tips/tip_88c1_secure_raw_source_sealed_assembly/tip_88c1_c6b_a1_transition_sql_04_auth_nonce_credential_revoke_r27_metadata_v1.md	authority_or_project_document	23747	8B5C9336255E623862699650F637F5D56D353A8C7FE030E4A03E88CAF622EE3C
server	docs/tips/tip_88c1_secure_raw_source_sealed_assembly/tip_88c1_c6b_a1_typed_gateway_and_r27_proof_boundary_rri.md	authority_or_project_document	5621	104D692AD6345372D1FF7CA2EC891A6F93760DD7F43A78A3DB9A8B5F24AA10D9
server	docs/tips/tip_88c1_secure_raw_source_sealed_assembly/tip_88c1_c6b_a1_typed_gateway_and_r27_proof_boundary_rri_v0_8.md	authority_or_project_document	50487	FEB18334B05E4DBD4E1BEFE62159AF77D7A86ED47C8A3B0FA8E1B9CEF439D946
server	docs/tips/tip_88c1_secure_raw_source_sealed_assembly/tip_88c1_c6b_a1_typed_gateway_and_r27_proof_boundary_rri_v0_9.md	authority_or_project_document	52228	92EBC14DF4CF7574F92BB9F06A7A3195281EDC6C4A8A12EA09AD0B2F5B08C273
server	docs/tips/tip_88c1_secure_raw_source_sealed_assembly/tip_88c1_c6b_a1_versioned_verifier_pepper_secretref_resolution_amendment.md	authority_or_project_document	23650	6CB725C1217DDDA5E59CD65393FCC62953F36FA7C003B71460B1DAD09377F09A
server	docs/tips/tip_88c1_secure_raw_source_sealed_assembly/tip_88c1_c6b_a1_versioned_verifier_pepper_source_rri.md	authority_or_project_document	40407	FFECB648A0FA5F654C0765CC0927E38C95BD9489920F49A88E491E15B8E470F0
server	docs/tips/tip_88c1_secure_raw_source_sealed_assembly/tip_88c1_c6b_a2_as_built.md	authority_or_project_document	23878	E3C36842588CB698B626E917D65453A3FB9CFC4CD5FB29AE5DDC38952E2E938D
server	docs/tips/tip_88c1_secure_raw_source_sealed_assembly/tip_88c1_c6b_a2_as_built_v0_2.md	authority_or_project_document	26109	2B28F43F0B95C28202901DAA5B437D38BF3007ED1EF59CE9E77FB8B4DEE09E97
server	docs/tips/tip_88c1_secure_raw_source_sealed_assembly/tip_88c1_c6b_a2_dispatch_review_v0_2.md	authority_or_project_document	15862	11DD2415A58C42FA6475102AB8319BA58C681A7130B9407CB52EF47308B51436
server	docs/tips/tip_88c1_secure_raw_source_sealed_assembly/tip_88c1_c6b_a2_windows_agent_profile_dispatch.md	authority_or_project_document	2076	CDD5C16CE1AC60E1F73D573E4EFA42AF65C42117890A2299057DFFEFE9248EC3
server	docs/tips/tip_88c1_secure_raw_source_sealed_assembly/tip_88c1_c6b_a2_windows_agent_profile_dispatch_v0_2.md	authority_or_project_document	47562	5AEABE0DD328962BB92890FD095B27D5460C28B5E3A0432459315E343A748615
server	docs/tips/tip_88c1_secure_raw_source_sealed_assembly/tip_88c1_c6b_a2_windows_agent_profile_dispatch_v0_3.md	authority_or_project_document	56413	439B9B2714BB87C400C1F78772966651424E65CC763464E121686CCF0E65D8DA
server	docs/tips/tip_88c1_secure_raw_source_sealed_assembly/tip_88c1_c6b_a2_windows_agent_profile_dispatch_v0_4.md	authority_or_project_document	59444	93D06034E8A69F2F13B9CA8BFB4F407E4C7AE6E71FA8AB8B6A435E23E5861C8D
server	docs/tips/tip_88c1_secure_raw_source_sealed_assembly/tip_88c1_c6b_a3_agent_result_contract_v0_5.md	authority_or_project_document	27936	1749DEE69B9DD177BF99BAC64FB29C8BF7E95282EFCC86B5CAEF44301B79189D
server	docs/tips/tip_88c1_secure_raw_source_sealed_assembly/tip_88c1_c6b_a3_agent_result_contract_v0_6.md	authority_or_project_document	37841	D97F33F688F88CAF21F0B8C7EE9384A31D1F11C5C6142804A34530D9056C9B74
server	docs/tips/tip_88c1_secure_raw_source_sealed_assembly/tip_88c1_c6b_a3_as_built_v0_1.md	authority_or_project_document	6836	355F796AA3F84A220849E53B02F66835A00F72BFD417A02D71ED011C3F3DE8F0
server	docs/tips/tip_88c1_secure_raw_source_sealed_assembly/tip_88c1_c6b_a3_broker_composition_dispatch.md	authority_or_project_document	1842	C4AADFFB1689685294D39CE44A7897582492D761E65D1C010A1912A3C748EF5F
server	docs/tips/tip_88c1_secure_raw_source_sealed_assembly/tip_88c1_c6b_a3_broker_composition_dispatch_v0_2.md	authority_or_project_document	27489	6A2FD46B024C28ED1E5D5D164387B8FCCE2F437FDF9A6ADCD4695E4EA8CD4C7D
server	docs/tips/tip_88c1_secure_raw_source_sealed_assembly/tip_88c1_c6b_a3_broker_composition_dispatch_v0_3.md	authority_or_project_document	50860	F18885D92750139F0A1C5D3F375020772A20E1CA6CAB8CDF41548C5E21AFFD7D
server	docs/tips/tip_88c1_secure_raw_source_sealed_assembly/tip_88c1_c6b_a3_broker_composition_dispatch_v0_4.md	authority_or_project_document	55438	17C7E47D891454894172DC807CD97D744B48FEE77EEE28A8227DF80CAE27C611
server	docs/tips/tip_88c1_secure_raw_source_sealed_assembly/tip_88c1_c6b_a3_broker_composition_dispatch_v0_5.md	authority_or_project_document	36917	9A0254769139577D78F0FD6374D1E052ECE4B3D500BFAD5FBB7337531F7FD38F
server	docs/tips/tip_88c1_secure_raw_source_sealed_assembly/tip_88c1_c6b_a3_broker_composition_dispatch_v0_6.md	authority_or_project_document	39495	3918F738293747CDB35835044182C7D464D93B5E57294915B76B7B8CF48D3813
server	docs/tips/tip_88c1_secure_raw_source_sealed_assembly/tip_88c1_c6b_a3_broker_pipeline_contract_v0_5.md	authority_or_project_document	84714	7CAD0F8DC1BF2E84F859B0C555FFED1884C6FD14AE2BBE0BFF070AE934C12C48
server	docs/tips/tip_88c1_secure_raw_source_sealed_assembly/tip_88c1_c6b_a3_e01_contract_v0_5.md	authority_or_project_document	42623	53CB0A0FB0F3638D5123C1F11B7CA2B76AB19E96363DEFFD789164FF457F2DAA
server	docs/tips/tip_88c1_secure_raw_source_sealed_assembly/tip_88c1_c6b_a3_implementation_ledger.md	authority_or_project_document	219484	072D0C9D6F47CB3897678C234FE59775792106E018FCF7F3F0BBE19758EBB08B
server	docs/tips/tip_88c1_secure_raw_source_sealed_assembly/tip_88c1_c6b_a3_intermediate_implementation_review_packet_v0_1.md	authority_or_project_document	21223	C76975CF81C298756F7716F10F64BAFC0AEC0BAFE608CCE03DFD113B9A77CCF0
server	docs/tips/tip_88c1_secure_raw_source_sealed_assembly/tip_88c1_c6b_a3_mutation_inventory_v0_5.md	authority_or_project_document	26069	94E27FAC32BB55EFD6E3195F25064AC27F350483D20805BDAD081D9CF0D4B910
server	docs/tips/tip_88c1_secure_raw_source_sealed_assembly/tip_88c1_c6b_a3_mutation_inventory_v0_6.md	authority_or_project_document	28474	E2B4EB58C1D0CE0C71BDE1033B4E103C458E45F255BA60C967144D5010FF325D
server	docs/tips/tip_88c1_secure_raw_source_sealed_assembly/tip_88c1_c6b_a3_proof_reconciliation_v0_2.md	reconciliation_ledger	201693	0CB7712454A26DA2501BAC976D32D2F76EF9CDF16BD9B59D328366DCC068863C
server	docs/tips/tip_88c1_secure_raw_source_sealed_assembly/tip_88c1_c6b_a3_retention_checkpoint_contract_v0_5.md	authority_or_project_document	56871	601DA50B691C026FB4E285E96CFBCA08B22A3D53E36E189CB604D7B6FBF6D491
server	docs/tips/tip_88c1_secure_raw_source_sealed_assembly/tip_88c1_c6b_a3_retention_checkpoint_contract_v0_6.md	authority_or_project_document	63217	EC42987AA5F7A8FEA3642C60C23A80D57033645870E4D98DE7B62728E41CB21D
server	docs/tips/tip_88c1_secure_raw_source_sealed_assembly/tip_88c1_c6b_a3_review_ledger_v0_2.md	authority_or_project_document	3705	0C91FF7210D4139DA03736CC9F180A308E7A556B1291B34771AD7F4E621DC398
server	docs/tips/tip_88c1_secure_raw_source_sealed_assembly/tip_88c1_c6b_a3_review_ledger_v0_3.md	authority_or_project_document	4026	71AD4802E78915CEB3336DB3CDA884344228A0D4CFB7114F985F0F254F832A6E
server	docs/tips/tip_88c1_secure_raw_source_sealed_assembly/tip_88c1_c6b_a3_review_ledger_v0_4.md	authority_or_project_document	3848	4C8871BD8D21E421AE39DF7DFB821C0E618337FD64C20C0BB28FBECDEDCA68A3
server	docs/tips/tip_88c1_secure_raw_source_sealed_assembly/tip_88c1_c6b_a3_review_ledger_v0_5.md	authority_or_project_document	17829	9302B4E9E133D89C9B21C909B34F792F9374EAA57538DCC9A534B874D62608CE
server	docs/tips/tip_88c1_secure_raw_source_sealed_assembly/tip_88c1_c6b_a3_review_ledger_v0_6.md	authority_or_project_document	11477	B90061FB3AED129A8CC3D7D9375613A1BDF051EBD57AAB364129AA9311C16050
server	docs/tips/tip_88c1_secure_raw_source_sealed_assembly/tip_88c1_c6b_a4_deployment_cutover_dispatch.md	authority_or_project_document	2133	A64CAF63A50CB3AB8A5BEA15DB5952859E54D36E2E9589242549625D217AB524
server	docs/tips/tip_88c1_secure_raw_source_sealed_assembly/tip_88c1_c6b_a5_integration_ratification_packet.md	authority_or_project_document	854	5EBA2EFB3682882AC7AD9B57CAC56122BFF85CB6B1EF69134D4DC1F199EC36FD
server	docs/tips/tip_88c1_secure_raw_source_sealed_assembly/tip_88c1_c6b_capture_runtime_identity_enrollment_planning_brief.md	authority_or_project_document	115960	DACA8141CC68E03AAB9D858C547DBC4FAB7A542E6CAD0F66AB43E37116B0F0D6
server	docs/tips/tip_88c1_secure_raw_source_sealed_assembly/tip_88c1_c6b_capture_runtime_identity_enrollment_technical_implementation_dispatch.md	authority_or_project_document	62894	F41C24BD0BD58F6B070EFE17BB69E7F89823F37B94F48A339870CD19D67825FD
server	docs/tips/tip_88c1_secure_raw_source_sealed_assembly/tip_88c1_c6b_capture_runtime_identity_enrollment_technical_implementation_dispatch_r27_metadata_v1.md	authority_or_project_document	63515	661F67153E06734483C809C3667577107F7E0B49A70BF6E5EA45C17B8F5E2062
server	docs/tips/tip_88c1_secure_raw_source_sealed_assembly/tip_88c1_c6b_captureagent_raw_ingress_integration_planning_brief.md	authority_or_project_document	60056	D7487BCC040101412A45B0AC58CCB3BE126298913A761E3030F227EA63736425
server	docs/tips/tip_88c1_secure_raw_source_sealed_assembly/tip_88c1_c6b_technical_implementation_dispatch.md	authority_or_project_document	83259	248A9D3AA966FF643245CB67C46455D82B13BE59577E621355324FE67F7292F6
server	docs/tips/tip_88c1_secure_raw_source_sealed_assembly/tip_88c1_feasibility_spike.md	authority_or_project_document	17989	481E4F4E2F0587B158931E58BBE9D97AD43CBDEA9001C2B5CC551F3F979E8D55
server	docs/tips/tip_88c1_secure_raw_source_sealed_assembly/tip_88c1_gov_art_authorization_packet_ratification_v0_1.md	authority_or_project_document	5428	91067B705788133E0177DD988F89A06F189555BDCF2E076C98D22EB9099D485F
server	docs/tips/tip_88c1_secure_raw_source_sealed_assembly/tip_88c1_gov_art_authorization_packet_ratification_v0_2.md	authority_or_project_document	7374	90DBF841A4367C1FA7B9D72C9D1CB3EF3A7123949C99630F425C146AC9C6C9F6
server	docs/tips/tip_88c1_secure_raw_source_sealed_assembly/tip_88c1_gov_art_authorization_packet_ratification_v0_3.md	authority_or_project_document	8014	17422B760C93BFDF7179629377883327D5BC98EE4722796C7C59C82C283E6860
server	docs/tips/tip_88c1_secure_raw_source_sealed_assembly/tip_88c1_gov_art_authorization_packet_ratification_v0_4.md	authority_or_project_document	7577	1B2618CC2582843737C7A0ED4FF2CE393312E6B70A20C8C9B5BC724AD214D399
server	docs/tips/tip_88c1_secure_raw_source_sealed_assembly/tip_88c1_gov_art_authorization_packet_ratification_v0_5.md	authority_or_project_document	3831	AC6AE7EE3CDBE0F60613B35A78F9C02CD685E1165177240BD5398F310EC51D8F
server	docs/tips/tip_88c1_secure_raw_source_sealed_assembly/tip_88c1_gov_art_authorization_packet_ratification_v0_6.md	authority_or_project_document	3829	362D2E88DAA584A6851B076943BD33DD66BC5AA40F71C17144641F87A395064A
server	docs/tips/tip_88c1_secure_raw_source_sealed_assembly/tip_88c1_gov_art_authorization_packet_ratification_v0_7.md	authority_or_project_document	4455	F70E6155488B0F6AE6F1ADB1CDB4AD888283E000B792685274873C1988FF23C8
server	docs/tips/tip_88c1_secure_raw_source_sealed_assembly/tip_88c1_gov_art_authorization_packet_v0_1.md	authority_or_project_document	25294	2967117F082B0F19BF3F8E6B4B7D291F7BFD648C8964CA5502E5400BA52ACA60
server	docs/tips/tip_88c1_secure_raw_source_sealed_assembly/tip_88c1_gov_art_authorization_packet_v0_2.md	authority_or_project_document	31628	10C703AC30B5B2E75CCF3B351252E59FEC023A1D3515DDB878ACBCAB4D9C71BB
server	docs/tips/tip_88c1_secure_raw_source_sealed_assembly/tip_88c1_gov_art_authorization_packet_v0_3.md	authority_or_project_document	56371	56E52E5AAE7ABEC18EE3D93168256B2815B6D2DCA789AACB4CC4105D043E3EF5
server	docs/tips/tip_88c1_secure_raw_source_sealed_assembly/tip_88c1_gov_art_authorization_packet_v0_4.md	authority_or_project_document	75224	B37D2537793B3D4347D3FB2D8016FC0E6CCF93237CD91F8872A32F6F067A55E5
server	docs/tips/tip_88c1_secure_raw_source_sealed_assembly/tip_88c1_gov_art_authorization_packet_v0_5.md	authority_or_project_document	87265	83D785002949600010FE1ABEC1E15B5AA0BE79B6984627957C46D17AA14D620E
server	docs/tips/tip_88c1_secure_raw_source_sealed_assembly/tip_88c1_key1_as_built.md	authority_or_project_document	4214	88BECBAAD9C269BA37F56D234A1CA20D4329C339150C16AB8A5134777EEAC36C
server	docs/tips/tip_88c1_secure_raw_source_sealed_assembly/tip_88c1_key2_as_built.md	authority_or_project_document	4751	D512B578A8120F509667EA148B4E097C2A97687703D9A8B7B3895453FF4B48A0
server	docs/tips/tip_88c1_secure_raw_source_sealed_assembly/tip_88c1_planning_brief.md	authority_or_project_document	432650	D7C985A6D7696D9D68723EA5162C438A60D3363F5C3A18654D3EFF53C53D46AC
server	docs/verification_engine_liveness_strategy_decision_brief_v0_1.md	authority_or_project_document	32473	57D5AABB2F6132EF122CFE3A670D0BEA630D101507254E823CE060D10E98063D
server	src/TagEkyc.Adapters/AdapterBoundaryPlaceholder.cs	product_source	431	1ECB55CE1DC0F36E581FAE4829902080E6403B6EFD5BB8DC31B6BEEF2935F5FD
server	src/TagEkyc.Adapters/AssemblyMarker.cs	product_source	68	B525B714985D704A725A2AB1BF52E29FF355D801B19D12342F9383F389CF143A
server	src/TagEkyc.Adapters/README.md	other_controlled	179	ED391DE91EEE74831A93170FE0F90B4EB9DDB6FB433962008522E2D2DE706BD4
server	src/TagEkyc.Adapters/TagEkyc.Adapters.csproj	project	482	E5AD93447812A4EB9F453A6ABF3C9990E8CF2D632DB96DC685B90AC4A1A0EC18
server	src/TagEkyc.Api/ApiKeyStoreProductionReadinessHostedService.cs	product_source	561	720142E54FDAD29B50D1D9189779E9AEBDA09869A416BE570BB5F7F2598B41A6
server	src/TagEkyc.Api/AssemblyMarker.cs	product_source	63	551007017CF00B97DBA9A92C1380FC3B620100D37342A7E0EBFD4F1B99C6FF81
server	src/TagEkyc.Api/CaptureAgentConfigurationEndpoints.cs	product_source	1766	532F4196BE430DCDF877F263D6DB37890E399353DE835D579A63F893616B47A8
server	src/TagEkyc.Api/CaptureAgentConfigurationProvider.cs	product_source	3144	831D6032AA4C25105924501D808F5CD3E67498D7F97CAC32157BC6747EBF8A88
server	src/TagEkyc.Api/CaptureRuntimeEndpoints.cs	product_source	33889	B6DF0DB351DD3428E6474E0C0DE05F832F6C840B90C79BA5660F6690E95557EB
server	src/TagEkyc.Api/CaptureRuntimeExecutionEndpoints.cs	product_source	13101	101874EDB76EE3C62F6F794866486A896F23DE03BBA43A9FA741D7938C5EE3D4
server	src/TagEkyc.Api/CaptureRuntimeRotationEndpoints.cs	product_source	2221	E728E7052175A7AA53521B90C5F883325EF2DC41F7EC4130E5792A65D9E260D3
server	src/TagEkyc.Api/CaptureRuntimeRouteRegistration.cs	product_source	1207	EF545A53CC132BD4F5D3A7A2770BF11C93C01698B32BA7F98E6AE43FB406FE2E
server	src/TagEkyc.Api/EvidenceSignerStartupValidationHostedService.cs	product_source	665	75AB0E60EC340E4FC2024F9C5CC8DFED160AC2599D0411F88555DB907AB401D9
server	src/TagEkyc.Api/IApiKeyAuthenticator.cs	product_source	349	72A7E14658FFC4F3990D87CA590CD2A19084FC012C3D0813A2351A12750F9CF4
server	src/TagEkyc.Api/LocalDev/LocalDevApiKeyAuthenticator.cs	product_source	734	1BBB32988AB92BFB32C9027E49EE5E4C4EA7B6382395DA073D756574BB630287
server	src/TagEkyc.Api/PostgresProductionReadinessHostedService.cs	product_source	562	60254F4CECC3A2DFF1A7230B70D0D0791DD927A6275997D5F0AA1C04AFBB71FA
server	src/TagEkyc.Api/Program.cs	product_source	30642	FD5610C1981BA0AB33C18E586AD691AA2106795A9A6FB9838C95BB97CF91CF40
server	src/TagEkyc.Api/Properties/launchSettings.json	configuration	1149	CBE7AF45CC350A450505BACA3E21F8EB5F6342EFA4F548BF3F3C80D7E9B2F2B1
server	src/TagEkyc.Api/RawExportSourceIngressEndpoints.cs	product_source	14712	A06FB062C9A1607645B9B8E706782195372DC6401E18B671F31F7540611ADA3F
server	src/TagEkyc.Api/RawExportSourceIngressServiceRegistration.cs	product_source	4358	D61D21B836027EA5149CEDFF25BD9A220E9CF1C31F1E6261B2150DDBCF945AAF
server	src/TagEkyc.Api/RawSourceConsentEndpoints.cs	product_source	5167	F47FBFC4F1DC02B375944C34AD49BCE2A718A7157FEAD87E168D8166B6D422B3
server	src/TagEkyc.Api/ReadinessEndpoint.cs	product_source	17487	60208B2D8EC80D789109E6B00DB9676387B018B983A2D786DA561DB527A8FE41
server	src/TagEkyc.Api/RecipientManagementEndpoints.cs	product_source	8740	8FE3F857BA3F0DE8FA00EA493D96F0719634C789E095DB8DF760357845E20539
server	src/TagEkyc.Api/RecipientPackageDeliveryEndpoints.cs	product_source	6904	1B802354FA7EFBA5F5FD395F7F1C00F1393E7EA11042A5D9EA3BE3F63C3ADA8B
server	src/TagEkyc.Api/RecipientPackageReferenceEndpoints.cs	product_source	1970	9093318AC2413C16636CF91D7891B3BA7D87957C31B46944D6C146A0666E3EA9
server	src/TagEkyc.Api/TagEkyc.Api.csproj	project	499	8469508FC0D1F4C544416037870D25AD1104D2CC10EEEACC5F9836ED7A0D9BBB
server	src/TagEkyc.Api/TagEkyc.Api.http	other_controlled	135	D7C164E60A1363FD60AED3903A2DD2E855F4EC16DCF9F275BBC650A1B736160C
server	src/TagEkyc.Api/VerificationSessionEndpoints.cs	product_source	11377	614FB697E93B7F0A2486A4C351FE1090A15264B8447ACCB0AACED470919C762B
server	src/TagEkyc.Api/appsettings.Development.json	configuration	127	73F95F9E0CEB205FC1C4DC50C07697FCFA29D7087868C2AEF1D504CB38C771EC
server	src/TagEkyc.Api/appsettings.json	configuration	634	D632974962E6D3EE4E9163F6BFB256B0B91513294A71D5BDA3969D0AAB0D94D9
server	src/TagEkyc.Application/AssemblyMarker.cs	product_source	71	D2D7F33D519D099F0830E027DBB1AE660E32A1452252270C1EE2E121FA2122BE
server	src/TagEkyc.Application/AuthenticatedClientContext.cs	product_source	523	4F4971FAA92BCDC556B1F4329F7BC9AB7C53F6214FCAD2188ABF13DC5C346401
server	src/TagEkyc.Application/CaptureRuntime/CaptureRuntimeAppendApplicationService.cs	product_source	7550	E50F903BBAA7F377FE558FB036CB2BF39F53F85DEB60FFFD3DC3B1935A5CF3E9
server	src/TagEkyc.Application/CaptureRuntime/CaptureRuntimeControlApplicationService.cs	product_source	5984	487D16F9D64A2CB83B1B7BB7B8C9F78BD94C6B6BE4D2F9D138B0EE4B538286C5
server	src/TagEkyc.Application/CaptureRuntime/CaptureRuntimeEnrollmentApplicationService.cs	product_source	7250	3BD10F17C38B4CD0AB572DC50599B926180FBDE5E347E7CE0107827EE2129FA1
server	src/TagEkyc.Application/CaptureRuntime/CaptureRuntimeExecutionApplicationService.cs	product_source	13876	4865BE9F58C9DA999CA633B3243B0FDC4B8EF69FF9F63228E6D421324C83FC62
server	src/TagEkyc.Application/CaptureRuntime/CaptureRuntimeManagementApplicationService.cs	product_source	19428	7C81BF8E9A8DF7000E0C664835638FCAF4BBF6E72984AFC3E146C33FD28F52F2
server	src/TagEkyc.Application/CaptureRuntime/CaptureRuntimeRotationApplicationService.cs	product_source	8032	5D3626D5D5FB272ABBBEC123C808C57894BD812F6F0241872D364F6B4D59F08D
server	src/TagEkyc.Application/CaptureRuntime/CaptureRuntimeStartup.cs	product_source	2989	8AA6A6AEA6F5517FE67B38D29D48F2596C1AC81630FF5F9E69812EE545186CDE
server	src/TagEkyc.Application/CaptureRuntime/CaptureRuntimeVerifierCryptography.cs	product_source	12204	145B3919D213617AB06D38769A334DB833618E0CA8ECF6BAE44F3EF4A4F207F8
server	src/TagEkyc.Application/CaptureRuntime/RawSourceConsentApplicationService.cs	product_source	5466	696C3082749B5035991A4C81977496AF2F4F4E872C1347E3A04B514B1F79799A
server	src/TagEkyc.Application/CaptureRuntime/RawSourceRetentionProfile.cs	product_source	1472	0A45F7CB76E13001FF415ABF98B2A371E17A986FEAAC89324BF6A5603F4B0D4F
server	src/TagEkyc.Application/IApplicationBoundary.cs	product_source	74	1E0149299BD8549C6397A4308FC715A17DAEBC02B3062B3078BBF63D4F659FA3
server	src/TagEkyc.Application/LocalDev/LocalDevApiKeyStore.cs	product_source	7219	FD844EF3014A9F53994C60AD527E845983A14CBE6D0FFB2A9D7BA74CBA430359
server	src/TagEkyc.Application/LocalDev/LocalDevApiKeyValidator.cs	product_source	2402	C9E03F9383CA2991F589ECBA178E2E877231D96DBE7D5D58DE23BC56AC26E9F8
server	src/TagEkyc.Application/LocalDev/LocalDevInMemoryMetadataReferenceRegistry.cs	product_source	1701	C8B18A54FE21833FE8C489AA958153F1F0830C8B8ECAACEF3480AE5A92529CD7
server	src/TagEkyc.Application/LocalDev/LocalDevInMemoryRepositories.cs	product_source	20509	B43E52F120A8B2E969242B29F587E955176B188705EF4D87CB1E470EBD967E45
server	src/TagEkyc.Application/LocalDev/LocalDevRuntimePolicySource.cs	product_source	3575	8C19D7529343B8A27D6DAB73A0E7A0E19C27E97E33019CBB27B4D844B7608475
server	src/TagEkyc.Application/Ports/ApiKeyStorePorts.cs	product_source	613	7769EF1CAD0AE1CCE228C66A1CF510BBBB8C937D0D925C7F1F46B68969586678
server	src/TagEkyc.Application/Ports/ApplicationServicePorts.cs	product_source	3204	5E847930317180B88104CFC7A503C924962E8B1A252B8C67CD460235FE3130BB
server	src/TagEkyc.Application/Ports/CaptureRuntimePorts.cs	product_source	20382	F224C41E3F4511906C54EDAAF40EDBE14FF8AF05E7F61C67903B73A6862F0DF5
server	src/TagEkyc.Application/Ports/DurableMetadataRepositoryPorts.cs	product_source	2877	B9CD6B461609FCD75A8452DA1441862D70D9C7E74F9A6A6EA97F1D95CB17AB03
server	src/TagEkyc.Application/Ports/EvidenceSignerPorts.cs	product_source	1915	8DBD3D53D0CC7C410F674AA84A3126C9249AC5AA9E3CD58D08440F3B91218566
server	src/TagEkyc.Application/Ports/MetadataReferencePorts.cs	product_source	1517	294E94CF778A716F9345624889FF0539A53FDF5FED0DFBE75E7384B734F79C35
server	src/TagEkyc.Application/Ports/RawExportSourceIngressPorts.cs	product_source	1549	F63CB0521220DEFE50B96E24C7F2F70387F83835DF50344277D5BC456EE286CA
server	src/TagEkyc.Application/Ports/RawIngressBrokerPorts.cs	product_source	552	F6BE1EE2BD684E968B761254A07A71CB339B0B6F184083960A20C6F373B67622
server	src/TagEkyc.Application/Ports/RawSourceRetentionPorts.cs	product_source	1758	FBB42F099B29C915C9EF69FB885A7B66243ADAB40DEC659C41371392E5CA45BE
server	src/TagEkyc.Application/Ports/RecipientManagementPorts.cs	product_source	8411	271AD6A23C63ACF6923D1D1C3E4246A21049202280610924335B885896F36555
server	src/TagEkyc.Application/Ports/RecipientPackageDeliveryPorts.cs	product_source	3296	E3F87534550807DB1A634FC5221A16B4091C328DBFA0266647EE9D3B4D8D2898
server	src/TagEkyc.Application/Ports/RecipientPackageReferencePorts.cs	product_source	846	2118C1F9AD538D69BEE7A346F556F7683B8F3790505A91E3D4CA22F4679077F6
server	src/TagEkyc.Application/Ports/RepositoryPorts.cs	product_source	15320	B0AE3FC8A7AC3EF2D180973733C6725D91BC475DCABAAA685AEFC491ED238C21
server	src/TagEkyc.Application/Ports/VerificationEnginePorts.cs	product_source	1476	BFCB70DE0B634B4D40C96136BD41FE1F3BEB678709053725D83C238042949DDC
server	src/TagEkyc.Application/RawExport/CaptureRuntimeRawIngressAdmissionService.cs	product_source	7064	87F6741623601E1B6150F7DB025BEC5A37A6D0ADC1650063838CD3BA14D55A63
server	src/TagEkyc.Application/RawExport/RawExportCaptureAcceptancePolicy.cs	product_source	1072	E65930DE89B94BBB4B1DE4ECC9C8B435B03194E1107497B56301AA8F1025DC4D
server	src/TagEkyc.Application/RawExport/RawExportSourceIngressApplicationService.cs	product_source	3405	C996F31D4ADBBE7F33225879807741622CB67DDDD8305E5498C8C6CCC8357195
server	src/TagEkyc.Application/RawExport/RecipientManagementApplicationService.cs	product_source	10050	A21742E8128DF7754A384449A3C3DFBC53B164152CF2B9A59BD7B7ED8F636792
server	src/TagEkyc.Application/RawExport/RecipientPackageDeliveryApplicationService.cs	product_source	5269	1A5EF013B848565C784443005A4C7601F345A9D58E4FE0F7545C6F30DCE82E15
server	src/TagEkyc.Application/RawExport/RecipientPackageReferenceApplicationService.cs	product_source	1424	B4689DE3F906F803B3580A7CB0D7920B9791ED9A20B7CC7BCB48897AD3FF74C9
server	src/TagEkyc.Application/SessionBoundaryPlaceholder.cs	product_source	465	4213FF0DACC0A39D17A7079C5E4679530F4CB494F146008ED60C312EB8BBE9D3
server	src/TagEkyc.Application/TagEkyc.Application.csproj	project	397	4F23C1710B8AE0E7F83BAC7CC8E2469360D8AF39AF199D690616D36C0B48BD6E
server	src/TagEkyc.Application/VerificationSessions/ApplicationAuthorization.cs	product_source	4582	0D0652B86B5A3F17FE72259A9BA1E3B7773E6109F5AD18B72DB07D63CB76E2B8
server	src/TagEkyc.Application/VerificationSessions/AuthorityNeutralVerificationEvidence.cs	product_source	11764	D9A91ABBE011BD5361D2D1A2793D1E5433A038E11B76B7DDF2C0435FFA71447B
server	src/TagEkyc.Application/VerificationSessions/DecisionThresholdOptions.cs	product_source	401	D2F33D08FD714A16FD7098A41AB8600837BE2E7E0E0FE244E4F6EFB7A2921D22
server	src/TagEkyc.Application/VerificationSessions/EvidenceCanonicalization.cs	product_source	10035	E9B09A5424868F71ECE257F109D4A1A3A1D6739B917255864DA0DC3102C231FD
server	src/TagEkyc.Application/VerificationSessions/EvidenceSelection.cs	product_source	1871	54DE389FD14087B813EB53DE06568A3F79AECEED9A55426B8A6F28E4740B8147
server	src/TagEkyc.Application/VerificationSessions/LocalDevClientPolicy.cs	product_source	837	F0F166586A218E74429543190C4D4B78BEE7C74EE1D43275D62365801FA7E539
server	src/TagEkyc.Application/VerificationSessions/SessionOperationResult.cs	product_source	902	F1E809FE69DB344F3FEB8FB44B7E1C7FB9590745EC1BBDFD9163C0D6FCB07EAA
server	src/TagEkyc.Application/VerificationSessions/VerificationCompletionApplicationService.cs	product_source	49638	DE977823D8B56534FC5B1F37BF9B8405A27CABBB0A3D4A5276F85CF751B3DB6F
server	src/TagEkyc.Application/VerificationSessions/VerificationEvidenceApplicationService.cs	product_source	83553	9313155659C4E4F1E90E327878384FCD8F1F89456298DE75F2E79029AD99AF8C
server	src/TagEkyc.Application/VerificationSessions/VerificationSessionApplicationService.cs	product_source	20028	022B98D4875C4225D7AA69E85C79BA861D8C1097DBFE26B041CDD12BC1FFC2FB
server	src/TagEkyc.Contracts/AssemblyMarker.cs	product_source	69	956A2105A8C9CAFB0AF3DBA17CEC90E57335043406B5399D09644E5600CEEE78
server	src/TagEkyc.Contracts/BusinessConsumer/BusinessConsumerContracts.cs	product_source	10702	1FA7E3EAA7BE25673340731B7E9FD400D667C1AD27FC113BDD8685F64F38E2E0
server	src/TagEkyc.Contracts/CaptureAgent/CaptureAgentContracts.cs	product_source	971	36EDA8B3CCEBCD3EB8A345B6BF516F441BBE026D88FFF0113D28AE9C153B09E4
server	src/TagEkyc.Contracts/CaptureRuntime/CaptureRuntimeAuthenticationContracts.cs	product_source	1410	8C6C99AE5AFD1AC1F1661B7DAE9FDC99D62BCF714C492242F8C677F9CBA41E57
server	src/TagEkyc.Contracts/CaptureRuntime/CaptureRuntimeControlContracts.cs	product_source	1336	552159353A8AD877C6E006A541CC5EDFF80E5ABF77BAEA1C9E06633137AB624E
server	src/TagEkyc.Contracts/CaptureRuntime/CaptureRuntimeEnrollmentContracts.cs	product_source	572	249EFD66768F216D1848562D6A21EE06D786136A1693C1441607FE411A9D3135
server	src/TagEkyc.Contracts/CaptureRuntime/CaptureRuntimeExecutionContracts.cs	product_source	4709	17492C715D73D9944A6C216D503ED85393D71B3168BCF3F7D5A9EDA2702AE0C6
server	src/TagEkyc.Contracts/CaptureRuntime/CaptureRuntimeManagementContracts.cs	product_source	3727	BA3CD94888CE59E6A65483CE93233FD40ACEF93980713CF1F10D7FC21586EFFE
server	src/TagEkyc.Contracts/CaptureRuntime/RawSourceConsentContracts.cs	product_source	1557	287A8BDF29951ADBB9FF93FB7D69616B2A71DE9F60C394EE52DF7E7629935E67
server	src/TagEkyc.Contracts/Common/ContractEnums.cs	product_source	2625	13844C7B37D41555E38ADE5DEE0C7EBAA1A7FB5D4EC693EC4C27909B670F00B7
server	src/TagEkyc.Contracts/InternalAudit/Manifest/ManifestContracts.cs	product_source	1179	F468DB2C1CD241224B2F74C04D4A94128E33698E833C41A52F6B7D5E0A9AEB4B
server	src/TagEkyc.Contracts/RawExport/AttemptAeadOperationContracts.cs	product_source	2086	32F225939341B11163938FEB32DD2C5E55CBFC9C5A68DCD6CE1BC68343DF6D97
server	src/TagEkyc.Contracts/RawExport/AttemptKeyContracts.cs	product_source	1489	3C22757A976C2093902D8FB12399A597B7921BD430A97EF949A2A222AAF1FEC4
server	src/TagEkyc.Contracts/RawExport/AttemptKeyReservationContracts.cs	product_source	811	BE6E2B19774ED713A2B11FE4577DBF854671067F3E7C61A46EB037ED4F262665
server	src/TagEkyc.Contracts/RawExport/ContentCommitmentContracts.cs	product_source	3176	AFF21204DC6CEE0245511EEAABB1F96042B242C184283D3536F17A27D22676B8
server	src/TagEkyc.Contracts/RawExport/RawExportAssemblyContracts.cs	product_source	3916	169207F925066342BDD938347F88AE5CD7E6DA1FD5B9ED5B4FD5CBB7598C34AB
server	src/TagEkyc.Contracts/RawExport/RawExportSourceClaimComparisonContracts.cs	product_source	1554	E7F96A3151056D78DDF00FBED3BE6AB4EBECB13318F3C4E3C6DCC89C68E082D0
server	src/TagEkyc.Contracts/RawExport/RawExportSourceIngressContracts.cs	product_source	3774	7A0ABE0F8D66543FBB29C13B75B471D3513E76C2EABF03A34EE8A3E4B7255497
server	src/TagEkyc.Contracts/RawExport/RawIngressBrokerContracts.cs	product_source	1042	BB1727320224B26B57DDAC756E06B2DD80DE3CC2A0D442DC26A1167B9D1694A8
server	src/TagEkyc.Contracts/RawExport/RecipientManagementContracts.cs	product_source	3843	34AE01EBD0BD813FF60F8D878F702D0023CA064AD754BB014E04189028912732
server	src/TagEkyc.Contracts/RawExport/RecipientPackageDeliveryContracts.cs	product_source	1682	175EEB3571C376CCE713E9E41590813E317EAF3F7C6E9E07F8835DD76413F5F3
server	src/TagEkyc.Contracts/RawExport/RecipientPackageReferenceContracts.cs	product_source	680	9B329F69E0896C7242C6BE63D688D48CDD8CD8FB9F964F34E1D87FA462249582
server	src/TagEkyc.Contracts/RawExport/SubjectRefTokenContracts.cs	product_source	3225	2CDBAC507CA7E8906B8168D995730574F8310D66BC950DE45A404506C55AEA47
server	src/TagEkyc.Contracts/SessionStatusPlaceholder.cs	product_source	169	3A39BB303F88D8A10CA2487E740F441246B2AED4AA3BF24BF919EC0CB0B4F729
server	src/TagEkyc.Contracts/SignFlowProfile/SignFlowProfileContracts.cs	product_source	759	AB435A64266FA9B9E85B5CB31E030E31992516D007E6D50BFAF44899F48C430B
server	src/TagEkyc.Contracts/TagEkyc.Contracts.csproj	project	218	E151F959964EB450A5B86B72765E3F9C505645FA9516EAE485743D2B43911C8E
server	src/TagEkyc.Contracts/TrustedAdapter/TrustedAdapterContracts.cs	product_source	5080	923CDF0E0204EFFC1A44FC9CC906DDB5D12A8BBD9290A76FD760906B93EC9012
server	src/TagEkyc.Domain/ActorReference.cs	product_source	608	B405A6DDD6CAAFE9D00444265CAEA17425C4488A57F6B58A59D80BF00E7A6164
server	src/TagEkyc.Domain/ApiKeyMetadata.cs	product_source	280	4A3C08FA4C71EA0D9474E0B152010B7AEDD2DE27F69C1E18D8ADE211BB333732
server	src/TagEkyc.Domain/ApiKeyStatus.cs	product_source	106	BE9272D0C381CF90D4399B74BAE1A13EB263B7578750A180804EC6F572AA398A
server	src/TagEkyc.Domain/AssemblyMarker.cs	product_source	66	A5DCFE1F6B8EDF16DFDAE283C3FC0DCDA7A0119212AD94B1CDA95C1163CA6E9F
server	src/TagEkyc.Domain/AssuranceLevel.cs	product_source	132	5C5A870385F6FA53CAA9DBBA73D1A95D232E930F42A73B1C5BAD8B333FBC1C7D
server	src/TagEkyc.Domain/AuditEvent.cs	product_source	340	58DEB07DC5028BFDB4FE7F08AEB8454E93D6A95BD6C09965327F14B5FA6929F0
server	src/TagEkyc.Domain/CaptureArtifact.cs	product_source	494	E3494BFF82B6E524663A315FBDAE4CFDA201A1808A71C4AD7273D0A3992A6E97
server	src/TagEkyc.Domain/CaptureArtifactQualityState.cs	product_source	198	85C76B2985974A1F79DA6383B1CD798F912785994D570F886506F5486E70787B
server	src/TagEkyc.Domain/CaptureArtifactType.cs	product_source	246	8AD8E68832B4FCCC1AC43FB1C8571381EBE2FEB08F4FC4024B2308B8CAB24AE1
server	src/TagEkyc.Domain/CaptureSource.cs	product_source	188	848B51059CE942BE8E189F4D1F88938ED7BF662304F5EBB774F579A8EF4A2C9B
server	src/TagEkyc.Domain/ClientApplication.cs	product_source	314	9E530FC1F4C03D13C52712049CF4167A393971C99D4B2EEC2E3734B270056F46
server	src/TagEkyc.Domain/ClientApplicationStatus.cs	product_source	101	A3ACEDC2D0CE629A708662FACD6BFFA69A5E939BDEBCC3994265623DED71F9AF
server	src/TagEkyc.Domain/CredentialRef.cs	product_source	977	5960A94ABF86B854D145BFA23C663662C6DF15A6E9D2CC3832E7938CB7C559C0
server	src/TagEkyc.Domain/CredentialStatus.cs	product_source	188	99A954FFC69B8022E90ED5765FB658B5DD042AEDEBDD49C6F9E1FBF4A413F7D8
server	src/TagEkyc.Domain/CredentialType.cs	product_source	227	84B872037AFB51921DDB61688E26EA01764FF6E1DEF7540A8290F700160AD9F7
server	src/TagEkyc.Domain/DataBoundaryMetadata.cs	product_source	2336	B122557459D976A6915BBAAC84B990B17276AFAA6FE8484A82699715FBA2997B
server	src/TagEkyc.Domain/DecisionReproducibilityBoundary.cs	product_source	839	E68C325221A5425B9AAD7C3922219A8387034DA9AC3E8CDC9F1A65487F63600D
server	src/TagEkyc.Domain/DeletionEligibility.cs	product_source	120	61819DF8AB82DD5F1BAFB901BC629F204754E87C4D3CF6DC44FBA72192D69507
server	src/TagEkyc.Domain/EvidencePackage.cs	product_source	445	FE68BEABFE0110D0B1FA8496D33EC728BA39ACC791A817466402D5FDBB21E6BF
server	src/TagEkyc.Domain/EvidenceResult.cs	product_source	590	AD5E43FA31C7F583E7DFD65F1B01A7A02B174C026AD59A89A9857184DB7C816C
server	src/TagEkyc.Domain/EvidenceResultType.cs	product_source	212	183203D91E4E080E086478788CA0B89E9AD6C160533C3EAE2E4E66356FC72735
server	src/TagEkyc.Domain/EvidenceSignatureEnvelope.cs	product_source	359	9D1F3D1F40253A3A033CD12E9ECDE8BC682C8D98A982F1021B40CFF452C54451
server	src/TagEkyc.Domain/HashRef.cs	product_source	558	80FD478D835CCBB5E4651DB00FF44C3A7C10448A62D19053C6EC5F3161B054F8
server	src/TagEkyc.Domain/LegalHoldStatus.cs	product_source	89	7BCA97508ED72FD15D2C46C59C198D438E0DB958A2140C307F595AB008891A1B
server	src/TagEkyc.Domain/MetadataReferenceId.cs	product_source	1000	DEAFF78C224392DC9BDFF618C5CBA1873103601875FFDA9EF8DC9BAECDCEF29D
server	src/TagEkyc.Domain/MetadataReferenceState.cs	product_source	1694	19C2B26F41096DED7F909531E116F137AEAC2562E46E2AA9D129D6770AA57FCA
server	src/TagEkyc.Domain/PolicySnapshotId.cs	product_source	535	2AFB27F1F6C26BC6EB4304D86674228CA840C274930EDBC6D615BA7A545BF35E
server	src/TagEkyc.Domain/PrincipalId.cs	product_source	382	B6837A76A59EB4661D3458D6C76EEBFF88C57E0F7303507C7CFD944B8FDEC382
server	src/TagEkyc.Domain/PurgeBlockReason.cs	product_source	141	B5FC8D18545956B006908CE1E09C203906538E5B0DCB8020717297FFAB513AA9
server	src/TagEkyc.Domain/RawExportAuthorization.cs	product_source	7052	20038E5F7D3219B7DDD9A96F7DA8520B7AABD59E2AE42ED929FD6CD042620894
server	src/TagEkyc.Domain/RawExportControlPlane.cs	product_source	2054	55F19154BFAA4071FE1FE6C63945C93CB9FCD9AE9048321F71BD6573A8E6EE25
server	src/TagEkyc.Domain/RawExportJob.cs	product_source	5382	F4B7CC15084009F45AD041FE690B7151371500E85C5DDEB11ED394C4500C9C2F
server	src/TagEkyc.Domain/RawExportPolicyCatalog.cs	product_source	2492	E6854EC635F53260569E2E560A11984FEC9CA60135DFBB581BD677C7062E8DC8
server	src/TagEkyc.Domain/RawExportSubjectConsent.cs	product_source	2412	AA8B44162FC287EEAF668819A81E13773DD5D046F772EB169FBDCD57B73CCEA7
server	src/TagEkyc.Domain/RequiredCheck.cs	product_source	237	8ED2939A8D281135903FE5C19F93C2EE7D9FAEA831CFDCA31078A963CCBB5E7F
server	src/TagEkyc.Domain/RequiredCheckPolicy.cs	product_source	641	01BA6367BCEFB2763ED0701DF672F79CD9F75B9145E39D6791FEF4347ADEF077
server	src/TagEkyc.Domain/RequiredCheckSetPolicyIdentity.cs	product_source	737	AC337A2998FC878FBEADC00C323EDCD772E78E7AA279A1DE020DDB5E0170F414
server	src/TagEkyc.Domain/RequiredCheckType.cs	product_source	209	C92E7DB8662619859382C7953B30C4BBFD74230C7DAFBFCFA0864D3271F489B8
server	src/TagEkyc.Domain/RetentionClass.cs	product_source	112	A0A18D52D01B62DA9981D79D2F36FD8C0EE0BB05FABF5EDAC219D5C70932CFBC
server	src/TagEkyc.Domain/ScopeGrantSetId.cs	product_source	402	9BA9B9931F67400DE3212DAA4B47741FCEF2EA29C23A1AAE51F58DE44C242133
server	src/TagEkyc.Domain/SignaturePlaceholderStatus.cs	product_source	117	75757D264CCAB20A9F6CE904186CDA239116000311693EDF767C5B9DF0E47D0C
server	src/TagEkyc.Domain/TagEkyc.Domain.csproj	project	218	E151F959964EB450A5B86B72765E3F9C505645FA9516EAE485743D2B43911C8E
server	src/TagEkyc.Domain/VaultRef.cs	product_source	376	16B005C90B1337D55DB5A9D06A187E36722CCD5CE0A5BD74D087052BD05374B5
server	src/TagEkyc.Domain/VerificationDecision.cs	product_source	432	3EEF880A3FD79B893F31BAB9DEFD00D521FC5F3A8D7D70F32669BE8BEC2688AA
server	src/TagEkyc.Domain/VerificationProfile.cs	product_source	127	63D3D1CD65E266E182DB2D6D8EB8945F7B706062426C3BB12955231DE3FEEB92
server	src/TagEkyc.Domain/VerificationResult.cs	product_source	247	1694019CE9AA9AC342F41FF98DA67A692BE24E9D7C77A184258DE25C88BD0AA0
server	src/TagEkyc.Domain/VerificationSession.cs	product_source	7193	7EBC063A92B8C42E0C9E4DAF311962E8030A39089060BC938B8C7DCBA8B63B90
server	src/TagEkyc.Domain/VerificationSessionState.cs	product_source	212	5E7C88C48AE7F9FAEDDBEABFF5B97C0FEA2A0400980E26BBF088724666335AD5
server	src/TagEkyc.Infrastructure/AssemblyMarker.cs	product_source	74	D7541EEB81BE25DF02B51D545D461D88F4B9FED38479A290E9C9789CED446531
server	src/TagEkyc.Infrastructure/Auth/ApiKeyHasher.cs	product_source	469	4F1F1A90CA66279A0FCF63C0B90CDD4260BF42AA79A3FCC84AF7A44B5D555D6A
server	src/TagEkyc.Infrastructure/Auth/ApiKeyProvisioningService.cs	product_source	6824	540A810A10A9099BCD333243BC056228B5AE6AFA95773D87C07FBDFD3552A7D1
server	src/TagEkyc.Infrastructure/Auth/ApiKeyStoreOptions.cs	product_source	805	82E4EE0B48A8DF67AC17C701CB4A99587F7229B55268F2FB24280533BCD453B0
server	src/TagEkyc.Infrastructure/Auth/ApiKeyStorePepperResolver.cs	product_source	1315	3D6C1DBA12B9950AAAC42061A38F5526DB89EDA56767AB1F43AB1AEA6894DD4E
server	src/TagEkyc.Infrastructure/Auth/ApiKeyStoreProductionReadinessValidator.cs	product_source	882	8B329645FC942EF543E70248D63391926414394954AF0931517AC87ECF608AD7
server	src/TagEkyc.Infrastructure/Auth/CaptureRuntimeRequestAuthenticator.cs	product_source	15513	FDA563DCCD7414B9704A168660FA1887E1309CC175D1AE384E037D6128EC18AC
server	src/TagEkyc.Infrastructure/Auth/ManagedApiKeyParser.cs	product_source	1526	B83B4E0F1BFAC2FA39EA6B638614FD4C51E26E5B8B3EEDCBAFACE402287B11B2
server	src/TagEkyc.Infrastructure/Auth/PlatformOperatorCredentialAuthenticator.cs	product_source	5029	B0B2BDCF9DE23914BB7027519C1AC40877A788432BAD6B22B97110ED16086228
server	src/TagEkyc.Infrastructure/Auth/PostgresHashedApiKeyStore.cs	product_source	5069	C5CCFDC3EAE030392EB239218991069ADA64CC3A40CFDF8777D049FA30FFEC6A
server	src/TagEkyc.Infrastructure/CaptureRuntime/CaptureRuntimeAppendAuthority.cs	product_source	3229	6966534F2EF435AB1906A6EFFD886AAD3C65746BC3585E9EC33D731CA6313CCF
server	src/TagEkyc.Infrastructure/CaptureRuntime/CaptureRuntimeControlPersistenceBoundary.cs	product_source	15374	88C2B5C0273625CD09A022EA1E36F692B63CEB6FC07FC61F9B80453E103063E1
server	src/TagEkyc.Infrastructure/CaptureRuntime/CaptureRuntimeDatabaseOptions.cs	product_source	423	AAC77AA443B557F66F7477A186C1331EA81A4260779A6F3917C81D0AFE617C68
server	src/TagEkyc.Infrastructure/CaptureRuntime/CaptureRuntimeDatabaseOptionsValidator.cs	product_source	4253	DDD7854690C659A5F13849B53A6BCAEE70B0A1D9903AA0CDAC9514C8BE800B2B
server	src/TagEkyc.Infrastructure/CaptureRuntime/CaptureRuntimeDbContextFactory.cs	product_source	821	750053A6086AC03F628F898A68742F12B67C159738F3298A1559DB8DA74DA23A
server	src/TagEkyc.Infrastructure/CaptureRuntime/CaptureRuntimeEnrollmentPersistenceBoundary.cs	product_source	7570	105BED69F7B5B6D7B1ACEB7A4F7D07621B1904A825C99BF01CA906DAAA83CF44
server	src/TagEkyc.Infrastructure/CaptureRuntime/CaptureRuntimeExecutionPersistenceBoundary.cs	product_source	13597	279CA55E5BD8C1CA2936D1780F9279556E508885514C7BE3CA32FB5BD7AADB4F
server	src/TagEkyc.Infrastructure/CaptureRuntime/CaptureRuntimeManagementPersistenceBoundary.cs	product_source	47150	DA54E033C7FF64F436854807F029AF423F242BBC6304E6BB51451C6C538F1E5D
server	src/TagEkyc.Infrastructure/CaptureRuntime/CaptureRuntimeOperatorDbContextFactory.cs	product_source	847	FFF8C40807641D12F5972F7D78B42066E9A622FEDBD482A764BE4CDFD356C6FB
server	src/TagEkyc.Infrastructure/CaptureRuntime/CaptureRuntimeRotationPersistenceBoundary.cs	product_source	7435	5A928FC3144394BD22BEF67947C13A71F7C578E2F6B9FDC31E62D3662F4D3AB1
server	src/TagEkyc.Infrastructure/CaptureRuntime/CaptureRuntimeStartupCatalogue.cs	product_source	13384	043E85E554E38F758D66915EECF6E5E1D009A9778FC498B71790FEF50912083F
server	src/TagEkyc.Infrastructure/CaptureRuntime/CaptureRuntimeStartupDependencyReader.cs	product_source	9335	5CDD8716D55C2EB0C140AEAC8C658767217B96C7E2D8F5007B0996FEC3F69779
server	src/TagEkyc.Infrastructure/CaptureRuntime/CaptureRuntimeVerifierPepperOptions.cs	product_source	473	FE50BBD00ED11CF4816CE26F5741BCCBE933A4ACC25E741F1D3EAA3F4D056C6F
server	src/TagEkyc.Infrastructure/CaptureRuntime/CaptureRuntimeVerifierPepperProvider.cs	product_source	10898	697B47C3DCF5182F66C38AF8E2EAC60CAE57F0034CCDE875792E90551A219B28
server	src/TagEkyc.Infrastructure/CaptureRuntime/ICaptureRuntimeDbContextFactory.cs	product_source	238	AD4E9FC821F31609709A01EA2875C6B6E3203E8924D4DB5ACE228A819B582E46
server	src/TagEkyc.Infrastructure/CaptureRuntime/ICaptureRuntimeOperatorDbContextFactory.cs	product_source	246	97F79ED9D206705F4564D16080C9B6D7729F21CEA8A9B066C1B8F45A7A552E41
server	src/TagEkyc.Infrastructure/InfrastructureBoundaryPlaceholder.cs	product_source	441	122D51BA84BE53E10C94F16A1FD26FC88E52AE7B950BC01FA2EBF7E20035A2F1
server	src/TagEkyc.Infrastructure/Persistence/Configurations/CaptureRuntimeEntityConfigurations.cs	product_source	55082	8FFF412BC2E1E377CB72A02B655BA3204A9C66F0D51274A5C3D2239CCFF51EAF
server	src/TagEkyc.Infrastructure/Persistence/Configurations/RawExportAssemblyIdentityConfig.cs	product_source	2372	AD3980F8A37646714F68F38E39081A5B2445F406D700A137A2D47675D939D578
server	src/TagEkyc.Infrastructure/Persistence/Configurations/RawExportAssemblyItemConfig.cs	product_source	1638	E8D51EA2E12B6C224ED101A4B8AFC67E1B4E1F087C840A48E70FE2197460A9B1
server	src/TagEkyc.Infrastructure/Persistence/Configurations/RawExportAssemblyPreparationDispositionConfig.cs	product_source	3405	B1162C2CA23BD901277818495EA69A4A4307EBF140D66E4E20312C1389B42920
server	src/TagEkyc.Infrastructure/Persistence/Configurations/RawExportAttemptKeyPreparationEventConfig.cs	product_source	10059	3B878D38607455AB389535E1B76250FE1897D989374763E19CEF20E1BAEFF7E5
server	src/TagEkyc.Infrastructure/Persistence/Configurations/RawExportAttemptKeyReservationConfig.cs	product_source	10705	150FB4F05D5F9FF96367B23CF9A0CE422EA62C4F92BEBE8788652A4C4FEB3C62
server	src/TagEkyc.Infrastructure/Persistence/Configurations/RawExportFixtureKekWrapJournalConfig.cs	product_source	3248	A3DF6F8E09AA914786B7DE44C9A025F6E6D18009C9F6D0F8C2BDC28421A6880E
server	src/TagEkyc.Infrastructure/Persistence/Configurations/RawExportJobSourceBindingConfig.cs	product_source	3345	7D37723F5E6EBC88B99B5C93244D1DFB443A74FDADA63C786E189F2C5F1206E4
server	src/TagEkyc.Infrastructure/Persistence/Configurations/RawExportKeyProviderOperationConfig.cs	product_source	7897	089D1738EEC0B03BD15B0E9069747138D7EE8C64C37BFCF94217D01F79A4CAA3
server	src/TagEkyc.Infrastructure/Persistence/Configurations/RawExportManagedRecipientCredentialConfig.cs	product_source	3002	5425FA87A4AE50D8A32375F4EC8CB2AE981DF576491FFCB5257E3BA82B4E31DD
server	src/TagEkyc.Infrastructure/Persistence/Configurations/RawExportManagedRecipientIdentityConfig.cs	product_source	1259	94EC0DDDCAA4829186668E5277D5ABDA0564A4CA4B180C86486A0ED87084A246
server	src/TagEkyc.Infrastructure/Persistence/Configurations/RawExportManagedRecipientPolicyConfig.cs	product_source	1448	C752420D9D53E0B78A33F4D2BD7327A215094655B6CD3BA4B48899FCE583C8E4
server	src/TagEkyc.Infrastructure/Persistence/Configurations/RawExportProvisionalObjectConfig.cs	product_source	8935	755239A372D22621FC0FECF97B598DECCFDE3EFB1F410A9278FACD42421EFB3B
server	src/TagEkyc.Infrastructure/Persistence/Configurations/RawExportProvisionalObjectEventConfig.cs	product_source	2295	A4E5CF6B9E9D18F8D12F660825BA106D6D98A3BE31B87BB943A2C3C4B5347276
server	src/TagEkyc.Infrastructure/Persistence/Configurations/RawExportRecipientKeyRegistrationConfig.cs	product_source	2260	3438D183BD37EF3F5224FB1185B8333B4D547056C56C36CC4EE0AD01DE7C211B
server	src/TagEkyc.Infrastructure/Persistence/Configurations/RawExportRecipientManagementEventConfig.cs	product_source	3326	2567E9E4FB3FC0388083FAA0D0B73D270C9B82BAAFBD8A31ECA4D5C14415D299
server	src/TagEkyc.Infrastructure/Persistence/Configurations/RawExportRecipientManagementOperationConfig.cs	product_source	5378	10F943BDCD1CAAB31C120C4FCF6D3745F0253ED9F8628FCAE15FBD03351EA573
server	src/TagEkyc.Infrastructure/Persistence/Configurations/RawExportRecipientPackageDeliveryConfig.cs	product_source	9755	E5FF0CD36DE9CF090A56E6CE239A2E3FFBFEAF0776EBBB1BD7655CEBDBD3AECF
server	src/TagEkyc.Infrastructure/Persistence/Configurations/RawExportRecipientPackageDeliveryEventConfig.cs	product_source	2176	8F2C2A2F78220C846F2993EFE8D6A40EF7D6933B24FF4B428C7FDD630F91EA56
server	src/TagEkyc.Infrastructure/Persistence/Configurations/RawExportRecipientPackageEventConfig.cs	product_source	1740	6562A5AEE48850C288FFD51A52A6813D409AC97A15F9C355A6BAB7884664EA48
server	src/TagEkyc.Infrastructure/Persistence/Configurations/RawExportRecipientPackagePreparationConfig.cs	product_source	6935	B21F031D492D4BED4F3D63F829B057AA213D4741F653A7476354BF19026212E9
server	src/TagEkyc.Infrastructure/Persistence/Configurations/RawExportSourceCleanupItemConfig.cs	product_source	3047	A170E5938DC553D7A3E7804955C575CDDD4F4681983517275A447FDC29A5A4A0
server	src/TagEkyc.Infrastructure/Persistence/Configurations/RawExportSourcePublicationConfig.cs	product_source	7057	A743C6F68A71E824CB2BD7C64992467790C37258A4DE38791DCFAE7054689EDA
server	src/TagEkyc.Infrastructure/Persistence/DomainRowMapper.cs	product_source	18441	98F1A56093E65F38F643121690D39FA6F9BB8BE135B86DB1EC41B7B42B72CE9D
server	src/TagEkyc.Infrastructure/Persistence/EfAppendBusinessTransaction.cs	product_source	1642	0BE5058EA8D7799EB9AEDE419077FA328419F14CBC923490E96C4222C7E69D07
server	src/TagEkyc.Infrastructure/Persistence/EfAppendIdempotencyBoundary.cs	product_source	10033	071480B63BB207934DD89CBDD8D791606FFF790B860171855E7BD7A9E20F0679
server	src/TagEkyc.Infrastructure/Persistence/EfAuditEventRepository.cs	product_source	933	6CCDF8A2C395F1A38DA1A09729588B135288A72C7AF8B34798A2E618B0B1DB3C
server	src/TagEkyc.Infrastructure/Persistence/EfCaptureArtifactRepository.cs	product_source	958	EDB9D711C6517644821C44D6411BE10F773FFB9CED448A57DD102F9DE7FA690A
server	src/TagEkyc.Infrastructure/Persistence/EfEvidenceManifestRepository.cs	product_source	899	B9485FAF88BC1AB01AB617C24A8C07DEAB870E0C8B189AFDD802BBBCEFE59E18
server	src/TagEkyc.Infrastructure/Persistence/EfEvidencePackageRepository.cs	product_source	1323	83272107E8EEB1EE0297747E2BC59B283042E25FB189264FA2B67C62DCF4BCC5
server	src/TagEkyc.Infrastructure/Persistence/EfEvidenceResultRepository.cs	product_source	964	E3167555B5A83BBB18A174C19A55F87D8B43182301BCB07D651F41D7F2A32334
server	src/TagEkyc.Infrastructure/Persistence/EfPersistenceFaultInjector.cs	product_source	666	123A4AA3C0F644E2D51CAE14B086D9062DF2BC9DCFFD4932C3E251225C0C43D2
server	src/TagEkyc.Infrastructure/Persistence/EfRawExportAuthorizationProjectionReader.cs	product_source	15491	CB98CEA1F08E36B5B0A21903AF9A3D512D4B07A218A46041A0A9D369271D1444
server	src/TagEkyc.Infrastructure/Persistence/EfRawExportAuthorizationRepository.cs	product_source	36492	21B79DA50F586444061970C074157800488F1DCD0FEB4EE5DA5D4D7084DC2DC6
server	src/TagEkyc.Infrastructure/Persistence/EfRawExportCaptureAcceptanceWriter.cs	product_source	3001	96F430CA78D6BFE0B09B17059F109BF6F1ED434848C9422199E98D1627E1D02A
server	src/TagEkyc.Infrastructure/Persistence/EfRawExportControlPlaneRepository.cs	product_source	14269	E243F8631915F54BCF9443D72042F6CAD27717AC1736FAA321F3DD8F5F69ECE2
server	src/TagEkyc.Infrastructure/Persistence/EfRawExportJobRepository.cs	product_source	49525	61D04E177EF62C5FD72349DAC4B94D5DA749F4337FFE86978E3015761D1BE798
server	src/TagEkyc.Infrastructure/Persistence/EfRawExportPolicyRepository.cs	product_source	16271	38036738F9882FDD10D7A0C6D75CAAFFF5991470E17E906C6BDC1513B56B86C6
server	src/TagEkyc.Infrastructure/Persistence/EfRawExportSubjectConsentRepository.cs	product_source	13292	EF5D0E625499359B4825C224AFDA685DBDBA6B3869742135F277974CD103D576
server	src/TagEkyc.Infrastructure/Persistence/EfVerificationDecisionRepository.cs	product_source	1356	555FFD86669CE20776D95CF856F017B40784E58987BF7FE71098DF41645EEF88
server	src/TagEkyc.Infrastructure/Persistence/EfVerificationFinalizationBoundary.cs	product_source	13028	67C803EDB17E023C1A828CD699E5684DE110F2B5BCFD4EE15A7729A5D32425E0
server	src/TagEkyc.Infrastructure/Persistence/EfVerificationSessionRepository.cs	product_source	1753	3140D307C95502DA2000FF80B8B857D5D35D7E12C66F8DC3D41C7B669D772274
server	src/TagEkyc.Infrastructure/Persistence/Entities/ApiKeyRow.cs	product_source	964	5AED6CEDE08E305A4437E7CF6302A67606B6696463A2F272753E638A470FBC15
server	src/TagEkyc.Infrastructure/Persistence/Entities/AppendIdempotencyRecordRow.cs	product_source	501	AD3C0326F851B8F95CA1F6FF2C6C1EF03F5EE75CDB915A7C27215BB4087E3BD8
server	src/TagEkyc.Infrastructure/Persistence/Entities/AuditEventRow.cs	product_source	672	0756DD9F066BD74B85525B1D3D0D9492DEDFB8FDF0DBE732C6539953DCEDE45A
server	src/TagEkyc.Infrastructure/Persistence/Entities/CaptureArtifactRow.cs	product_source	862	CDA3DE57ACB0743FC62CEC6332D2505915240D71C252B82B96480274CCEC441E
server	src/TagEkyc.Infrastructure/Persistence/Entities/CaptureRuntimeEntities.cs	product_source	19281	3E7666C34304014A48B8A663660553798A5385566996EECE0DA0BD4AA28EA1A9
server	src/TagEkyc.Infrastructure/Persistence/Entities/EvidenceManifestRow.cs	product_source	1249	40A058A06E65AAC4E93795324085CB82F0697800DB306DC2B835BE62E68B351C
server	src/TagEkyc.Infrastructure/Persistence/Entities/EvidencePackageRow.cs	product_source	786	8DE9C25713B56117E47F1005CB0BAA77EB6642BB63CFDC3C97934EB3600D25BA
server	src/TagEkyc.Infrastructure/Persistence/Entities/EvidenceResultRow.cs	product_source	1026	A526F8705E327948FB1322CCA21A016F2800F889EAEE118A62C58DE10C685978
server	src/TagEkyc.Infrastructure/Persistence/Entities/RawExportAssemblyIdentityRow.cs	product_source	1661	91F319CCD213A20E5CC741CDA22458BDDFB33F2D5A1D16DDCF39C63F4D94F17A
server	src/TagEkyc.Infrastructure/Persistence/Entities/RawExportAssemblyItemRow.cs	product_source	777	5AB10941D3FFD5383E0703C79CB84EACDA3DE31B515B1429A8CCC76AEB205E29
server	src/TagEkyc.Infrastructure/Persistence/Entities/RawExportAssemblyPreparationDispositionRow.cs	product_source	1047	0D7E836C96235F3240CF1A49BF0B7B1254D312AC7FF2D6D9702A5FA44BD33574
server	src/TagEkyc.Infrastructure/Persistence/Entities/RawExportAttemptKeyPreparationEventRow.cs	product_source	1594	554781C55B9CFFA071E1B0F07FAEA92FE40CF57074A0D8EA3BB78BF3DA0558B4
server	src/TagEkyc.Infrastructure/Persistence/Entities/RawExportAttemptKeyReservationRow.cs	product_source	1950	EFC8B0C99A6B2E5EE930CE749BFB70202AD6EE6770E909C3D51AC79FFF49FC3B
server	src/TagEkyc.Infrastructure/Persistence/Entities/RawExportAuthoritySnapshotRow.cs	product_source	2210	7459EBC267E22408ACF4159D4C034545E90C98554B1995E7B5ED4A3CA765C90F
server	src/TagEkyc.Infrastructure/Persistence/Entities/RawExportAuthorizationDecisionRow.cs	product_source	2106	F8310890821CFF2C249222F66FD5A787B5E70996BD84A9B05425C1EA1CF53D0E
server	src/TagEkyc.Infrastructure/Persistence/Entities/RawExportAuthorizationIdempotencyRow.cs	product_source	484	E70F83414E2BC01690D554E42D2AC9C8482EF488560775A93959A111D6D352FA
server	src/TagEkyc.Infrastructure/Persistence/Entities/RawExportAuthorizationPermitRow.cs	product_source	634	5F584431F82A650693BDF1FE42D14269C96F882EC600BD2A5ED8D8FB866E9730
server	src/TagEkyc.Infrastructure/Persistence/Entities/RawExportCaptureAcceptanceEventRow.cs	product_source	728	33CEE38A16554440074E8994B3B1AB1FBA42270B8A74CEA3F6CCBBEAB7FE22BF
server	src/TagEkyc.Infrastructure/Persistence/Entities/RawExportControlAuthorityRow.cs	product_source	678	259F2EC7834D4CD66B0FFDEFB2977632294C4453CCFACB47560F7B944063B185
server	src/TagEkyc.Infrastructure/Persistence/Entities/RawExportDecisionClassRow.cs	product_source	288	5E8C9DC983AA6AE77D69B65DB23218A30459B9A1EE4A0B303C297E8569504B3D
server	src/TagEkyc.Infrastructure/Persistence/Entities/RawExportDecisionEligibilityCauseRow.cs	product_source	242	A52CED5AC170277B83BF295D0EF123DA70D8EA284A4D0519D9FF7F1A4841797B
server	src/TagEkyc.Infrastructure/Persistence/Entities/RawExportDecisionFulfillmentRefRow.cs	product_source	496	ED264DFF14FF12A71EBACC7DB6E44826AED6E4A7BD2942D8C810247B2B4E2147
server	src/TagEkyc.Infrastructure/Persistence/Entities/RawExportFixtureKekWrapJournalRow.cs	product_source	900	5AB3E11F93425BFBA0C4AF3D38E9324F2B3A7F4DC3BD98FC7AF23C8958A45D58
server	src/TagEkyc.Infrastructure/Persistence/Entities/RawExportFulfillmentRow.cs	product_source	883	E4D60C45E282622D38BE1146A61C961396DB2599E9683627394DEECDD3039E42
server	src/TagEkyc.Infrastructure/Persistence/Entities/RawExportGrantRow.cs	product_source	543	BDCDCA5CC089BDF7FAFA16822E6CBA4B02DDBAC95241C6FD1D8171F689A7E89B
server	src/TagEkyc.Infrastructure/Persistence/Entities/RawExportJobAttemptRow.cs	product_source	476	5F1C55F8102A44DB14C2F049206C7814FF561F3B2B2782087351081EDA1BD2B2
server	src/TagEkyc.Infrastructure/Persistence/Entities/RawExportJobClassRow.cs	product_source	231	842CB5D17B212F9BD6939B293A281F0576FB8F29F9E7CA81B651D704CB8F3A37
server	src/TagEkyc.Infrastructure/Persistence/Entities/RawExportJobIdentityRow.cs	product_source	1074	AB55D32983A6F1403B12F1B12B9A65F304D4884BA0A273665DCED4694EA96999
server	src/TagEkyc.Infrastructure/Persistence/Entities/RawExportJobOperationalHeadRow.cs	product_source	488	9B2E4A9B0F0460D3FBA0507F0795897848832BD0614B9DAE93B79003774B0E7D
server	src/TagEkyc.Infrastructure/Persistence/Entities/RawExportJobSourceBindingRow.cs	product_source	2272	5A3684F7E8E806DF6E79BA45B414025CF366774DFC1D63F19FABE95BD0EF94E7
server	src/TagEkyc.Infrastructure/Persistence/Entities/RawExportJobTransitionRow.cs	product_source	688	3311DAB2794275347436BD423C90E3842D8E0E5069540CD31B052DF2AE4FABBC
server	src/TagEkyc.Infrastructure/Persistence/Entities/RawExportKeyProviderOperationRow.cs	product_source	1345	03B3A9323B4B4C8DFAFB0D2C6990D23AD0BA3C12A1DACF6C6B1F32A12E212E54
server	src/TagEkyc.Infrastructure/Persistence/Entities/RawExportManagedRecipientCredentialRow.cs	product_source	605	ACB505279088AA45CBDC2ADC554EBF6935CE5F7A5FA7BD1FA0EB95FFE19CA7EE
server	src/TagEkyc.Infrastructure/Persistence/Entities/RawExportManagedRecipientIdentityRow.cs	product_source	417	B7289DB0DCBF41214763F0D57BE7C094FEC34C0DAC82AB0064E3280A1FCC69BB
server	src/TagEkyc.Infrastructure/Persistence/Entities/RawExportManagedRecipientPolicyRow.cs	product_source	500	EE8EC4EE483C072EED3EE64E17F83332D88F812D82B5BF793C2D07FB486A05A9
server	src/TagEkyc.Infrastructure/Persistence/Entities/RawExportPermitClassRow.cs	product_source	224	649B39F670D9FCECDB3DC97DED438DE09891D38A2E0153A1729B89E39BA86095
server	src/TagEkyc.Infrastructure/Persistence/Entities/RawExportPolicyAllowedClassRow.cs	product_source	303	C488ED937D9B14BE12A193B35AAB827300AF69235E84D896C5766234878AF2A5
server	src/TagEkyc.Infrastructure/Persistence/Entities/RawExportPolicyClosureRow.cs	product_source	433	1AE82A75CF1B93026706DE92751E4D86800DBF98A7CFE5CA88980A7D5C0C779A
server	src/TagEkyc.Infrastructure/Persistence/Entities/RawExportPolicyLifecycleRow.cs	product_source	458	F73DDFF86D7715A21DB4C0B07BF65E3B0A06D2CC00C061882B7FDFF0C2BE79E1
server	src/TagEkyc.Infrastructure/Persistence/Entities/RawExportPolicyRequirementRow.cs	product_source	309	B20B16D417152B314FEBF1B1AD84DE7A20A7B9FBC26F833D52F78BBA3983BFC1
server	src/TagEkyc.Infrastructure/Persistence/Entities/RawExportPolicyVersionRow.cs	product_source	1217	08CED651A3538D32B5888A2117F5BEB2D125C1F49BCCAE5D2D7A2A3BA0DB1503
server	src/TagEkyc.Infrastructure/Persistence/Entities/RawExportProvisionalObjectEventRow.cs	product_source	604	E3BF02F3C2510ACC09D6B6FBCAF08C0BDEC0F52BAB0F929E820C4DCA4B586059
server	src/TagEkyc.Infrastructure/Persistence/Entities/RawExportProvisionalObjectRow.cs	product_source	1864	087D7D9DE0469E913BAD226EFB466FAF5E1DEA8E669A7E43A07717D026027A9F
server	src/TagEkyc.Infrastructure/Persistence/Entities/RawExportRecipientKeyRegistrationRow.cs	product_source	826	4255F716C615A0C92378461DCB059246BEF4755B7716A8F363E58D74F51DC152
server	src/TagEkyc.Infrastructure/Persistence/Entities/RawExportRecipientManagementEventRow.cs	product_source	1044	DE5F14D7D43F5AC9C40DF67F160720E1BBBD83BF0138688942C2D58CE6CD3F5F
server	src/TagEkyc.Infrastructure/Persistence/Entities/RawExportRecipientManagementOperationRow.cs	product_source	1203	372E8631A70F852374B5FF90B04472459041BEF9ED4F2DB965319F06753FE66C
server	src/TagEkyc.Infrastructure/Persistence/Entities/RawExportRecipientPackageDeliveryEventRow.cs	product_source	732	81D840FB51CE52B11FE45F00750695C612E645913E7A85DBA6F6FCF6433EA48F
server	src/TagEkyc.Infrastructure/Persistence/Entities/RawExportRecipientPackageDeliveryRow.cs	product_source	2451	FAFF3AC460B16C415F238B2E2E7FEFE352484E5F6CCAF704414A4C595A0CB126
server	src/TagEkyc.Infrastructure/Persistence/Entities/RawExportRecipientPackageEventRow.cs	product_source	418	FA051DEA379F887A32A285D382FDFD4CDF21773D9F1526D0FFE77E79888BCBBE
server	src/TagEkyc.Infrastructure/Persistence/Entities/RawExportRecipientPackagePreparationRow.cs	product_source	2771	AAFEAA6DED7D4140B7F02F290EB0BFA1B3ACB7CD8DC89219CE8DCD60D156B62E
server	src/TagEkyc.Infrastructure/Persistence/Entities/RawExportRequirementRuleRow.cs	product_source	473	767CF6F44A76B0BB0064B531B0C4A336D8610989F089D24BBDA0E965124817C2
server	src/TagEkyc.Infrastructure/Persistence/Entities/RawExportRequirementRuleSetRow.cs	product_source	397	B7176969A5CDE465CEABA25DF723FD639FE892B5A22EA65BA2B8CD541E03C5CF
server	src/TagEkyc.Infrastructure/Persistence/Entities/RawExportSessionCaptureSelectionRow.cs	product_source	331	5A45BF4D7C6BB6D6BB80CA8B6D9107712AA344DE53994DC1B447641CC7E72449
server	src/TagEkyc.Infrastructure/Persistence/Entities/RawExportSourceCleanupItemRow.cs	product_source	720	9BB8CAF532DDA50E15AB8D8B0904F8B526EB723EEA319E5B4613195883B7EFF3
server	src/TagEkyc.Infrastructure/Persistence/Entities/RawExportSourceEncryptionAttemptRow.cs	product_source	2295	AD0C0A0F0DD7967CD39EC774BCC74048440E4C65F42E64B31A57058825638B19
server	src/TagEkyc.Infrastructure/Persistence/Entities/RawExportSourceHeadRow.cs	product_source	354	66D7EB2B5672211AA83AEF8B4472AAAF51AA687226E7934C321D9C6DEFFFB154
server	src/TagEkyc.Infrastructure/Persistence/Entities/RawExportSourceIngressClaimAliasRow.cs	product_source	1465	16ECB13D635ACF981F02E9774639B67380F7F70F379ED2A285C8E5B002215BD8
server	src/TagEkyc.Infrastructure/Persistence/Entities/RawExportSourceIngressClaimRow.cs	product_source	1087	667F1D1C2FAB049785BEE4ACCD67090CAC1F1AD78562087649763BBE30FA27D6
server	src/TagEkyc.Infrastructure/Persistence/Entities/RawExportSourcePublicationRow.cs	product_source	1705	1331A0ED64ECE431B73C607A56833CB0ABD47E0909ED3898763FD8EBEB1EAC7F
server	src/TagEkyc.Infrastructure/Persistence/Entities/RawExportSourceReservationRow.cs	product_source	2021	666BB10CD73CDADF59D4F3F47C3DD281DC12C47434BBB22BDA77DDE74B7EA440
server	src/TagEkyc.Infrastructure/Persistence/Entities/RawExportSubjectConsentAuthorityRow.cs	product_source	738	FE284432FA97D3CB7E31C326D04DD09E0B32ACC072DEE9C0F5936B2BA78043E7
server	src/TagEkyc.Infrastructure/Persistence/Entities/RawExportSubjectConsentClassRow.cs	product_source	274	4A15ABB61AA3552508A9FE2A010F8D492EFDB445666822FF408AD872C27A626F
server	src/TagEkyc.Infrastructure/Persistence/Entities/RawExportSubjectConsentEventRow.cs	product_source	1231	9A54AEB54C4EBF85234C06780972F2E1E61C8ABAAF037443F59EAB5D3CAD7556
server	src/TagEkyc.Infrastructure/Persistence/Entities/RawSourceRetentionEntities.cs	product_source	3178	95EA613B8063A55B8D065AB11777815EE629AC2588BC6FE8B7B1C6A5BE9B6F6A
server	src/TagEkyc.Infrastructure/Persistence/Entities/VerificationDecisionRow.cs	product_source	643	167296834D24A7F2AC0F196AD62891A05882A04F5ACA5BB20BA5BC85008307A8
server	src/TagEkyc.Infrastructure/Persistence/Entities/VerificationSessionRow.cs	product_source	1675	1F4CD6A8AA56B3D90C1E548EDF4948C65CCF91C46F69C96E5EF0741AFCF561E4
server	src/TagEkyc.Infrastructure/Persistence/Migrations/20260621075836_InitialPostgresPersistence.Designer.cs	sql_or_migration	23704	077D8CFD4F021B6F9C89704CFDCCBE7F9092C4F79549B74704372F6A7C9475DF
server	src/TagEkyc.Infrastructure/Persistence/Migrations/20260621075836_InitialPostgresPersistence.cs	sql_or_migration	22436	BD59CE701B27CBC840140C900F084289F02761759C28333E80A18CCA36D6BC9C
server	src/TagEkyc.Infrastructure/Persistence/Migrations/20260622033429_Tip65EvidenceHashMetadata.Designer.cs	sql_or_migration	24548	E19455360FA43283B6A3A747AD5B228A09AD4EF8DC73C79F0EFDCCCE32BC4CD5
server	src/TagEkyc.Infrastructure/Persistence/Migrations/20260622033429_Tip65EvidenceHashMetadata.cs	sql_or_migration	2516	2B8249AE0E831EB5B1533B3BF610F4EB3D6F24F4D3D534D19EEE6E7A997C20DE
server	src/TagEkyc.Infrastructure/Persistence/Migrations/20260622141420_Tip66EvidencePackageSigning.Designer.cs	sql_or_migration	25468	BB65C8D9BA5BC261FB0C1FFBFB258A2D610194FD98AEACE062A53FDB50D3D14B
server	src/TagEkyc.Infrastructure/Persistence/Migrations/20260622141420_Tip66EvidencePackageSigning.cs	sql_or_migration	3149	5DDEA920A158BA21988C1DB8FD9698E8E10C04CA04330DE70498C30ED56D2E49
server	src/TagEkyc.Infrastructure/Persistence/Migrations/20260623120000_Tip67BNeutralProofPublicKeyMaterial.cs	sql_or_migration	1535	50EDCA021BD475CF93CB76DCF97B1865B72206784194C01CF7545491923142D4
server	src/TagEkyc.Infrastructure/Persistence/Migrations/20260706144217_Tip80SAppendIdempotency.Designer.cs	sql_or_migration	27874	9A44016BF81F88C2C4AF1B46759E740B7E0DE01C5564BCDB018FA599E633FDE5
server	src/TagEkyc.Infrastructure/Persistence/Migrations/20260706144217_Tip80SAppendIdempotency.cs	sql_or_migration	2835	C331F5499C79781D231823295870372B0D7A924E089B6A679766CD10C7D74C0B
server	src/TagEkyc.Infrastructure/Persistence/Migrations/20260709003221_Tip84BApiKeyStore.Designer.cs	sql_or_migration	31150	B97FDF7015526FA22F7D091D6D71ACC1055892CB51E78A265BEE210AE0D0CE54
server	src/TagEkyc.Infrastructure/Persistence/Migrations/20260709003221_Tip84BApiKeyStore.cs	sql_or_migration	3119	3738845CB8FEE8D1A74B7C532EB716F642426411E7EC8AA56F1EB9068C09B31D
server	src/TagEkyc.Infrastructure/Persistence/Migrations/20260711132410_Tip88ARawExportPolicyCatalog.Designer.cs	sql_or_migration	45993	F9844893F3FAAE8D1C3DC893228F7F4992DECA2F2CBC484E4881871A6E87FA2E
server	src/TagEkyc.Infrastructure/Persistence/Migrations/20260711132410_Tip88ARawExportPolicyCatalog.cs	sql_or_migration	31338	F2C59EE20334413FE6B384B95F70FD51FE3CD4224A848AC2DA0FDC243A1A957D
server	src/TagEkyc.Infrastructure/Persistence/Migrations/20260712133151_Tip88B1RawExportControlPlane.Designer.cs	sql_or_migration	58589	9C97E2015BFAFE29368E5C1BCCBB8CBE47C474A8D95A7315DA0CD2EB261FB940
server	src/TagEkyc.Infrastructure/Persistence/Migrations/20260712133151_Tip88B1RawExportControlPlane.cs	sql_or_migration	48110	88855117C544A0F754BC7773A6442D3DE96127DFED4B139462873EFAFF8A0493
server	src/TagEkyc.Infrastructure/Persistence/Migrations/20260720022629_Tip88B2SubjectExportConsent.Designer.cs	sql_or_migration	68512	1EC0C524130DEB27672F7B70A9181B3F29DA6FEBB5326DB3816E1625147DA064
server	src/TagEkyc.Infrastructure/Persistence/Migrations/20260720022629_Tip88B2SubjectExportConsent.cs	sql_or_migration	61206	AF5B90EA6A7A4956CCD88F8EB4FDACC34CCBFCF5FCBAA66D3221F08490CFA243
server	src/TagEkyc.Infrastructure/Persistence/Migrations/20260721070118_Tip88AE2PolicyPermitTtlField.Designer.cs	sql_or_migration	68588	185429981F53B85625B67377B85DF3191F6DB75628B118F5A43CD6D1842AAA64
server	src/TagEkyc.Infrastructure/Persistence/Migrations/20260721070118_Tip88AE2PolicyPermitTtlField.cs	sql_or_migration	12483	1355445AEAC5A1102DE40415329CDA4B8C3871A0C0A0BB0B686945B0A68B4CE2
server	src/TagEkyc.Infrastructure/Persistence/Migrations/20260722084729_Tip88B31RawExportAuthorizationSchema.Designer.cs	sql_or_migration	91520	5344FB0B735F547B7022EBD2BAB8453C267871479ACA07287609C2AEF67A284E
server	src/TagEkyc.Infrastructure/Persistence/Migrations/20260722084729_Tip88B31RawExportAuthorizationSchema.cs	sql_or_migration	36452	B6E151511CB0DED2C28FCC2304943C28DADCF16D11315C57DDC935A0A3F4AF13
server	src/TagEkyc.Infrastructure/Persistence/Migrations/20260722163505_Tip88B32RawExportAuthorizationIdempotencyFunctions.Designer.cs	sql_or_migration	91486	6427DEE540929DA72DE339CAE92C507092857C818DA1BEDE1FC1686037835409
server	src/TagEkyc.Infrastructure/Persistence/Migrations/20260722163505_Tip88B32RawExportAuthorizationIdempotencyFunctions.cs	sql_or_migration	6431	FE1691D3892841416DD6032517ABEB35F981E2E75BBE2C03A9F10CFA4D2AFB81
server	src/TagEkyc.Infrastructure/Persistence/Migrations/20260723052003_Tip88B33RawExportAuthorizationPersistFunction.Designer.cs	sql_or_migration	91476	194D3BC38955111EDF497B8A78EC8B84145EA3752F05D8DF85970059523A5701
server	src/TagEkyc.Infrastructure/Persistence/Migrations/20260723052003_Tip88B33RawExportAuthorizationPersistFunction.cs	sql_or_migration	62331	CF2AB526EC35CB3074C09AF3E18D2A82E0A76310AF59121632CBF13A3AF65527
server	src/TagEkyc.Infrastructure/Persistence/Migrations/20260724015546_Tip88B1E3ResolverReadBoundary.Designer.cs	sql_or_migration	91444	BF9E25702AF812B1AFB627301E9A9EA26B23BC1F9F18483A9EE3A326DDA08E0E
server	src/TagEkyc.Infrastructure/Persistence/Migrations/20260724015546_Tip88B1E3ResolverReadBoundary.cs	sql_or_migration	37954	D4A24EC2AD5F42ED457899C44DD635AEE4115DD4EB9C3BCD0F7DAD6D3F2A24ED
server	src/TagEkyc.Infrastructure/Persistence/Migrations/20260726145547_Tip88B4RawExportJobFoundation.Designer.cs	sql_or_migration	110519	8D11878AABA9870AE97967EB0C6517219F8B69DDB94C9CE743DC73A9BD625FA7
server	src/TagEkyc.Infrastructure/Persistence/Migrations/20260726145547_Tip88B4RawExportJobFoundation.cs	sql_or_migration	72082	79E288B87C39145B996501A716AE29283034CA7D501E40EA0AD6B4C750C304F7
server	src/TagEkyc.Infrastructure/Persistence/Migrations/20260730090000_Tip88C1ACaptureAcceptanceSurface.Designer.cs	sql_or_migration	115762	345094E8E2771F714E5ABA29BF413B9CE0EEA837984519B073B209019658D0B5
server	src/TagEkyc.Infrastructure/Persistence/Migrations/20260730090000_Tip88C1ACaptureAcceptanceSurface.cs	sql_or_migration	18357	0C6F5E58706FE414018234B7048D7F48C116A4408A0DD9FDED0E72961C60F66C
server	src/TagEkyc.Infrastructure/Persistence/Migrations/20260730214000_Tip88C1B1IngressClaimIdempotencySkeleton.Designer.cs	sql_or_migration	126891	28EDB5F55E7254F4E891904982DBE295B83DCAC505A45BD934D3A55A9287560B
server	src/TagEkyc.Infrastructure/Persistence/Migrations/20260730214000_Tip88C1B1IngressClaimIdempotencySkeleton.cs	sql_or_migration	57884	4F23C4B90B5472A1F7FBB18A10503DA335FDFF4936BC1928D2FC5A2AE26F805F
server	src/TagEkyc.Infrastructure/Persistence/Migrations/20260731045718_Tip88C1B2AuthoritySnapshotLifecycle.Designer.cs	sql_or_migration	138599	CBC5AEAD06050A5F0B0D4CE7F844F1C3D58E556B146844A48212AF66CBABF965
server	src/TagEkyc.Infrastructure/Persistence/Migrations/20260731045718_Tip88C1B2AuthoritySnapshotLifecycle.cs	sql_or_migration	41056	DB0902CBEE0E5AAC6B67A7D64678F968FBE849948EACEDD3FF1EA965A21D39F7
server	src/TagEkyc.Infrastructure/Persistence/Migrations/20260731082733_Tip88C1B2CoreNewCandidate.Designer.cs	sql_or_migration	154926	9D9A6D96398E8D669696DFCCC95D270FD4CED4D9E2711175D8F2E773E0F0DC16
server	src/TagEkyc.Infrastructure/Persistence/Migrations/20260731082733_Tip88C1B2CoreNewCandidate.cs	sql_or_migration	83461	747A4394D65B7DE2DC26208BCBD6EE63229A3C70D9C972A7A491E9D2802ED868
server	src/TagEkyc.Infrastructure/Persistence/Migrations/20260731130919_Tip88C1B2BetaExistingCandidates.Designer.cs	sql_or_migration	154938	5999C37B0FFECE3C4B276E6D7BFB11C9922321982BAAFC42B452957533F998E5
server	src/TagEkyc.Infrastructure/Persistence/Migrations/20260731130919_Tip88C1B2BetaExistingCandidates.cs	sql_or_migration	83455	CB131F4FC8E79B7CD989378E185BF10D960FEA4CCEADD5EBA6384212E0FD13F3
server	src/TagEkyc.Infrastructure/Persistence/Migrations/20260802105416_Tip88C1B2DurableKeyProd.Designer.cs	sql_or_migration	193593	61BA22897D4C7C5F8573073583EABAE7A4281053712979AFBAAD355715285444
server	src/TagEkyc.Infrastructure/Persistence/Migrations/20260802105416_Tip88C1B2DurableKeyProd.cs	sql_or_migration	141589	34ACF5CDE28ECDC181EAB1E500B7688516FC1079B159B5371322F78108150277
server	src/TagEkyc.Infrastructure/Persistence/Migrations/20260803151824_Tip88C1B2DurableKeyFixtureProof.Designer.cs	sql_or_migration	197686	D5F04C71E90840A8BAE50760CA33CD638C4BD4F0297A9B82CAAE1EC7A009CDDA
server	src/TagEkyc.Infrastructure/Persistence/Migrations/20260803151824_Tip88C1B2DurableKeyFixtureProof.cs	sql_or_migration	27146	D19F2F062D97847F510E7B181E2C6FEF35D3204699832326DFCBC458AFC9B19D
server	src/TagEkyc.Infrastructure/Persistence/Migrations/20260804120000_Tip88C1B2DurableObjectCustody.Designer.cs	sql_or_migration	214578	31E72F9C292878C80C303CE3E008FC5DE48220ADEB18B9B569E077DF9743CB60
server	src/TagEkyc.Infrastructure/Persistence/Migrations/20260804120000_Tip88C1B2DurableObjectCustody.cs	sql_or_migration	97473	24EB721704EC78C1B925A2E761B2ADF1FF157A3BE1BED957094C30582077AD99
server	src/TagEkyc.Infrastructure/Persistence/Migrations/20260807120000_Tip88C1B2R2DurableCustodyEncryption.Designer.cs	sql_or_migration	214700	57E00509BB81A669D3F3D06CC48606FC1C99E0791AE6C4002F8BC889E7AB658E
server	src/TagEkyc.Infrastructure/Persistence/Migrations/20260807120000_Tip88C1B2R2DurableCustodyEncryption.cs	sql_or_migration	26185	78A55EAAE3A043D14CCCA8BAEF846B59A418426AEF2CF99FE84DB367A4BF6BD7
server	src/TagEkyc.Infrastructure/Persistence/Migrations/20260810120000_Tip88C1B2R3VerifiedCiphertextStaging.Designer.cs	sql_or_migration	218232	879DAFAA1E6FAD1753BFCABC227E13B8EF501AF1B9C4C98076D3F6003600F096
server	src/TagEkyc.Infrastructure/Persistence/Migrations/20260810120000_Tip88C1B2R3VerifiedCiphertextStaging.cs	sql_or_migration	36694	B0FB2841AEC86FE70847DAAFC42065403E99826550C02C7E9A512E2C78A10D96
server	src/TagEkyc.Infrastructure/Persistence/Migrations/20260812120000_Tip88C1B2R4R6SourceFinalization.Designer.cs	sql_or_migration	232323	A58C96ECC8674AA7EF920A62E8BA6E58540273F577DA61D87EC339D1247B047F
server	src/TagEkyc.Infrastructure/Persistence/Migrations/20260812120000_Tip88C1B2R4R6SourceFinalization.cs	sql_or_migration	73761	06BF054E6333F40CFF5BBD6AEC88FE3819FD3C0146F2AE2DD5C87A307E9684CB
server	src/TagEkyc.Infrastructure/Persistence/Migrations/20260815120000_Tip88C1C1ResolverAssembly.Designer.cs	sql_or_migration	258614	7D768DCE9A93B5D530E51F93D8BCE77E9F99EB8EDE5FFBCB00B151B54717A04D
server	src/TagEkyc.Infrastructure/Persistence/Migrations/20260815120000_Tip88C1C1ResolverAssembly.cs	sql_or_migration	99549	125EC8B98ED3F95B2504DA59A548C32814A61C497391E29138D4288A8FC5FBEF
server	src/TagEkyc.Infrastructure/Persistence/Migrations/20260818120000_Tip88C1C2RecipientPackage.Designer.cs	sql_or_migration	278093	4300C92314A6E5C2114FB4463D869113C1D0D96077DC6A3DE56D189DAB73E61F
server	src/TagEkyc.Infrastructure/Persistence/Migrations/20260818120000_Tip88C1C2RecipientPackage.cs	sql_or_migration	59068	874F11A017588CF015D5523FD135E41BC142DF426FE1D230E50C620801CD1303
server	src/TagEkyc.Infrastructure/Persistence/Migrations/20260819120000_Tip88C1C3AuthenticatedPackageDelivery.Designer.cs	sql_or_migration	292548	8499E0F1F89B6D8EBB7890AEA60E7E471FCF3F19499E761CDE54630D32C10FA4
server	src/TagEkyc.Infrastructure/Persistence/Migrations/20260819120000_Tip88C1C3AuthenticatedPackageDelivery.cs	sql_or_migration	92184	93444EE69B3442F72C8052FD8A9894FAB1248761199947E7D966F6934782A9AD
server	src/TagEkyc.Infrastructure/Persistence/Migrations/20260819180000_Tip88C1C4PackageReferenceDistribution.Designer.cs	sql_or_migration	292889	A1B6C7981D6F61E0322EEFA7FEF07AD60579C6BC0EBA93AB34D3090D33E3F58C
server	src/TagEkyc.Infrastructure/Persistence/Migrations/20260819180000_Tip88C1C4PackageReferenceDistribution.cs	sql_or_migration	5911	0CDD0B352403A04814579EB57BA0224A23E094A2E30D4F85A646F58C8D020844
server	src/TagEkyc.Infrastructure/Persistence/Migrations/20260823120000_Tip88C1C5ManagedRecipientEnrollment.Designer.cs	sql_or_migration	319379	4CA55D92B4B5D5523377E2F95D2B792EC97EC30ED14FAFF8DBBC892DAFA2E82A
server	src/TagEkyc.Infrastructure/Persistence/Migrations/20260823120000_Tip88C1C5ManagedRecipientEnrollment.cs	sql_or_migration	106969	24FD88599766011451C1E6BA757D8DF9AFC75B4F4B1CC5FC93D193224A3006F8
server	src/TagEkyc.Infrastructure/Persistence/Migrations/20260904154848_Tip88C1C6AProductionAuthorityDeliveryBarrier.Designer.cs	sql_or_migration	319401	8F4A59A11A2E27FAB59A0200405EE4772B705F83D8E89DEE2AA2A2B2565CFB68
server	src/TagEkyc.Infrastructure/Persistence/Migrations/20260904154848_Tip88C1C6AProductionAuthorityDeliveryBarrier.cs	sql_or_migration	34245	3D4D0106E5CBD568CF3053CA1BFBB529B55070CE975D9561E9F466F9D863F7CF
server	src/TagEkyc.Infrastructure/Persistence/Migrations/20260906055502_Tip88C1C6BIngressSqlComposition.Designer.cs	sql_or_migration	319375	3003785955C73AD04C3AD85A86B94BA068870D8A83E873363BF760B3A24E1C7A
server	src/TagEkyc.Infrastructure/Persistence/Migrations/20260906055502_Tip88C1C6BIngressSqlComposition.cs	sql_or_migration	54359	5AC54FCB6F6F5AA7C5799F239E48B535A626E81706CAE4DECD345984DE942126
server	src/TagEkyc.Infrastructure/Persistence/Migrations/20260908120000_Tip88C1C6BA1Foundation.Designer.cs	sql_or_migration	390004	906877AD9E494B64977CDF267177D924F5AF209A2249C880AB747A4035FFFFBA
server	src/TagEkyc.Infrastructure/Persistence/Migrations/20260908120000_Tip88C1C6BA1Foundation.cs	sql_or_migration	224217	BC1EDE3F7F45145F86E117791AA41C00F78450D9CFA0CAB4FCD53F0554D89635
server	src/TagEkyc.Infrastructure/Persistence/Migrations/20260913120000_Tip88C1C6BA3RetainedIngressComposition.Designer.cs	sql_or_migration	399639	DE03FBE2D529A95196C0F76A2871A1AC7C91B8D071F3B622EE54A8A187180105
server	src/TagEkyc.Infrastructure/Persistence/Migrations/20260913120000_Tip88C1C6BA3RetainedIngressComposition.cs	sql_or_migration	632263	34199F72C5261A6E70ADB35C226D9AE8BB78353CCA3469274FE82DE6DFA942A3
server	src/TagEkyc.Infrastructure/Persistence/Migrations/TagEkycDbContextModelSnapshot.cs	sql_or_migration	406973	5C87733D64F4BDAFA54BA5221333A01AC3A0505549EE7E226C257B52DAA4295A
server	src/TagEkyc.Infrastructure/Persistence/PersistenceJson.cs	product_source	489	FC05BB973C84714391EF9BEBCEEB3A62DF3C6AF4831AE1B71A0DD43EAD9E84C7
server	src/TagEkyc.Infrastructure/Persistence/PostgresProductionReadinessValidator.cs	product_source	3872	546E18A2014AE3ED42E360F253A00418CC094044451199B0AAEBAE3FDE92476E
server	src/TagEkyc.Infrastructure/Persistence/RawExportAuthoritySnapshotReadinessValidator.cs	product_source	2272	7395F6DAE7B54302B271905B9105BC6C30301B2FA0AA1C05655C7DD42C624C3C
server	src/TagEkyc.Infrastructure/Persistence/RawExportAuthorizationReadinessValidator.cs	product_source	6336	02312F6E60FB604E05651A1E9C286C3FDCFFAFAC251C7DDFBBCD6C938169BF46
server	src/TagEkyc.Infrastructure/Persistence/RawExportConsentScopeCodec.cs	product_source	2241	C9146BED545834648F7A80D319D2569CCE81BC29845563CBA4A5600E7F339FCD
server	src/TagEkyc.Infrastructure/Persistence/RawExportControlPlaneReadinessValidator.cs	product_source	45189	AE4408D7B2BF46A3EAFA9F1801D59C37BF3B5950662EBCA73ED1109D147762C7
server	src/TagEkyc.Infrastructure/Persistence/RawExportJobReadinessValidator.cs	product_source	12753	1A371D5AC023683FF1D430A9A20B61A7E5FB8B65B9D586D72C18CB4331871B36
server	src/TagEkyc.Infrastructure/Persistence/RawExportRuntimePrivilegeValidator.cs	product_source	2262	0B9A10FCADA5D901466C8E551AA603A374A15F645A9DA7836EE63DFF9FE42A57
server	src/TagEkyc.Infrastructure/Persistence/RawExportSubjectConsentReadinessValidator.cs	product_source	7439	6BF8A54CFE37830C49E7390B1EA1792319095E45BC4EF58EA5A20804ED594886
server	src/TagEkyc.Infrastructure/Persistence/RawSourceRetentionEntityConfigurations.cs	product_source	7536	CAE7C7ABD69AE7A5D3F7D67C57130026F11473CB7FA3462C73E6709C77C20FC9
server	src/TagEkyc.Infrastructure/Persistence/RawSourceRetentionGateway.cs	product_source	6894	BA6B660EBD4F0227D7560E890199839254F5967734EE2C07145D40706A17B3FD
server	src/TagEkyc.Infrastructure/Persistence/RawSourceRetentionReadinessValidator.cs	product_source	4794	8E877EE415D4CF07550634344A8C3FA4E4F923B15F15B7FA12F725EAE2E60D47
server	src/TagEkyc.Infrastructure/Persistence/TagEkycDbContext.cs	product_source	110128	681652F2E63BBB6DA7088FFFBDA4652F8E9C83A71754FF29B13E42B71D574514
server	src/TagEkyc.Infrastructure/Persistence/TagEkycDesignTimeDbContextFactory.cs	product_source	800	BC366CA0A7E93124795A78B313D61C821A36AD0DAE3E590FF5FEC45D1FBFF16A
server	src/TagEkyc.Infrastructure/Persistence/TagEkycPersistenceOptions.cs	product_source	533	51A920EE82D206F8ECE93FFE96E0C6562E75AFF370CF465A97631D4FCECCC3F9
server	src/TagEkyc.Infrastructure/Persistence/TagEkycPersistenceServiceCollectionExtensions.cs	product_source	3209	3036D2D77286AA9DCCA4D01EB99EAA6D3E4A9D9BB8096C04F876CABCC4576D7C
server	src/TagEkyc.Infrastructure/Properties/AssemblyInfo.cs	product_source	151	8FF50830A6DCA0FCB7C9446A0DC8C9B310F1F27DD38D77733589737CCA85A00D
server	src/TagEkyc.Infrastructure/ProtectedValues/ConfigurationProtectedValueProvider.cs	product_source	2734	11EE7B14D34CE003978A089D2B932881FAF51B716F304923403A98152CC9C6F4
server	src/TagEkyc.Infrastructure/ProtectedValues/FixtureContentCommitmentCatalog.cs	product_source	1644	3629F155754C3E2B7016506A43D2B25045D7DCD5A5F194379860474D48A92B8E
server	src/TagEkyc.Infrastructure/ProtectedValues/FixtureSubjectTokenCatalog.cs	product_source	1395	A906C0010B2E0B0456757EB99477C1EE89A2F697027E8052558397212B047131
server	src/TagEkyc.Infrastructure/ProtectedValues/ProtectedValueContracts.cs	product_source	12862	2F3BD16CB32326BAC4EEEA2DB8F6673E664101DB917186CC010173FFF33D8AE7
server	src/TagEkyc.Infrastructure/ProtectedValues/ProtectedValueMaterialLease.cs	product_source	1758	FAEDE75089D33B339BB2807599B236A7037ECC8F010747A1907386E530BE3DD8
server	src/TagEkyc.Infrastructure/ProtectedValues/ProtectedValueProviderRegistry.cs	product_source	4742	01BD8E4BE73C12AD351F88E2D0E4E186882011627F08628A49AFD2FBFCCD3BCA
server	src/TagEkyc.Infrastructure/ProtectedValues/ProtectedValueResolver.cs	product_source	6945	2AAF0EBD8E991995221FE03C247C9BE9537823B9324387EE8A58804B08610F7A
server	src/TagEkyc.Infrastructure/ProtectedValues/RecipientPackageReferenceCursorKeyCatalog.cs	product_source	1152	63F8D0B2259728441CC091417EF623F80AC418E106BE07F22D183CE3269315FF
server	src/TagEkyc.Infrastructure/README.md	other_controlled	185	44D47BBD493A73C8201BB00596D8532CA4F180DACE5A3A441E0E8A614E0465BF
server	src/TagEkyc.Infrastructure/RawExport/AttemptAeadOperationService.cs	product_source	6616	D2812E1C7FD6960EBDADFD7567B0F02CBAE93AF4281657D5A98924580F4EE09E
server	src/TagEkyc.Infrastructure/RawExport/AttemptDekLease.cs	product_source	1359	A243A83280ECE8843D193A646F9A888607C12C2CEC2D9E3EFD9FC0C60A1AF4CB
server	src/TagEkyc.Infrastructure/RawExport/AttemptKeyReadinessValidator.cs	product_source	2035	2AD003EF85A52CBDC1C0C0C8E47BE3E2A594FF45A5E6E129E9616B88B646A556
server	src/TagEkyc.Infrastructure/RawExport/AttemptKeyRecoveryContextReader.cs	product_source	1575	56929FF4CF4CA0BB4AAB128C8346D27B80331A640F97189BBE5AF7FC1B391214
server	src/TagEkyc.Infrastructure/RawExport/AttemptKeyServiceCollectionExtensions.cs	product_source	1117	920489DC94834F9D6B9261F31BDFCEFA1D543A19677E710246D1A7D3BC542790
server	src/TagEkyc.Infrastructure/RawExport/C1HashCanonical.cs	product_source	7340	90952A72FFCA170B824CFAF6ABAF42632A257C5B4A0090D5465BA0DFE8E18A0C
server	src/TagEkyc.Infrastructure/RawExport/CaptureRuntimeCustodyProviderScopes.cs	product_source	15743	79D05AAC96ADB716494C736DEA2AA311EA9E21B568712D16FA2E5207F7783070
server	src/TagEkyc.Infrastructure/RawExport/CaptureRuntimeRawIngressComposition.cs	product_source	25730	4923D50B21EBC1537DCDAC427C03293FDF1EEEF4836994FEC79B535E5C1F2508
server	src/TagEkyc.Infrastructure/RawExport/CaptureRuntimeSourceContinuationWorker.cs	product_source	2420	3B8D503837FFA0252D0EDACB2C71F3E6C1029EC88A322271B3E5F0A8DC4280B9
server	src/TagEkyc.Infrastructure/RawExport/CaptureRuntimeSourcePipeline.cs	product_source	85635	399F7D61E2E5C4789D58842F4F7E7CF84E789FE5E84399CCF951D02F881036F2
server	src/TagEkyc.Infrastructure/RawExport/ConfiguredRawExportCaptureAcceptancePolicyProvider.cs	product_source	2281	D5310A4079A53E5939C018521391013BB02E0AB56B2D90D0505854D4A766F4A9
server	src/TagEkyc.Infrastructure/RawExport/ContentCommitmentServiceCollectionExtensions.cs	product_source	1599	6648387D2D48F810A89A0EBEFF9220A9D2266592B0A256EA86A59491B7AE907D
server	src/TagEkyc.Infrastructure/RawExport/CsprngReadinessValidator.cs	product_source	3929	73D430099E8289C468A212CC505638799D19FB3127369243B251635CF6241DF5
server	src/TagEkyc.Infrastructure/RawExport/CustodyProfileProvider.cs	product_source	3025	E69C8DB733782B673A5816F2CDFC77855D08020DA7B9B6620F12822A8536EB3F
server	src/TagEkyc.Infrastructure/RawExport/CustodyProfileReadinessValidator.cs	product_source	4884	53C324DFBF3D81FB68BD84B99CBF15A2B9F1B1677905618C08DCC1B9C52B16AC
server	src/TagEkyc.Infrastructure/RawExport/CustodyProfileServiceCollectionExtensions.cs	product_source	918	1DF5989C1A9CF2C5BD4F1CBAE2E3156488F8AB5F2A58FB576F4D8B3EF93270D7
server	src/TagEkyc.Infrastructure/RawExport/CustodyRoleReadinessValidator.cs	product_source	3986	AB273C0C1AE032119861EA119C439A5DD83902E408BBEF7BBBC1803BB64DF407
server	src/TagEkyc.Infrastructure/RawExport/DurableKeyCustodyOptions.cs	product_source	5289	7BB372519719B43F2BDD9DB5A957B545CA4AD1010F3D19E5C0398DBF022012E7
server	src/TagEkyc.Infrastructure/RawExport/DurableKeyCustodyServiceCollectionExtensions.cs	product_source	2078	5024202DE94772302BC1ABCBFC8E598FE7BBECF5E9A912D1A948F7F859C358A4
server	src/TagEkyc.Infrastructure/RawExport/DurableKeyProviderReadinessValidator.cs	product_source	2866	2A498126180680D5BA23FC7DDCCA5C15394803B1E9D8AE1573231CDE7ECD8070
server	src/TagEkyc.Infrastructure/RawExport/DurableKeyTopologyOptions.cs	product_source	793	0A9C95F0BD08E4BFD558829FFA417568C566CF5161A4E3582121D87BBDBFEB0C
server	src/TagEkyc.Infrastructure/RawExport/FixtureAttemptKeyProvider.cs	product_source	7087	F378BBD2B0D7E5588A3D317B51724A9349EEBA7CCBBAC6F13F0758D3F9617D63
server	src/TagEkyc.Infrastructure/RawExport/FixtureDurableKekOperationProvider.cs	product_source	18628	66C40C0C3998D9729F625D5E2F21719E08AF48A4CE8A05F43CD623AB86954F2A
server	src/TagEkyc.Infrastructure/RawExport/InProcessContentCommitmentService.cs	product_source	2320	8DE178407CA8FA9D72937AEF890993D45FACFCDB646B548A479C6170AECB27CD
server	src/TagEkyc.Infrastructure/RawExport/InProcessSubjectRefTokenService.cs	product_source	2299	C93E4C8E2FA94191F3FE746738DBBEEB82F6C395BCA6968819B7ABF3040F7D91
server	src/TagEkyc.Infrastructure/RawExport/KekOperationContracts.cs	product_source	2526	67D7823BAE7B7C2EA5DBB17432B3F9E40E4CFF18EEEB5EA2E3696D527A928360
server	src/TagEkyc.Infrastructure/RawExport/KekProvisioningRecoveryOperation.cs	product_source	1593	BD4F7AE57B14AD53BF87E8096F0837FFD161D772169494FAA215C18AE033C68C
server	src/TagEkyc.Infrastructure/RawExport/KeyReservationReadinessValidator.cs	product_source	5076	F085EC91E7F505B6C83D637F099FC5F2E5B95B0524A8929280A1649A8C5581A9
server	src/TagEkyc.Infrastructure/RawExport/PostgresAttemptKeyReservationProvider.cs	product_source	4005	B54BCBE5EE1402DE5D2B35DBB53D7593AF0E063363CE877B6654BF32B8E33836
server	src/TagEkyc.Infrastructure/RawExport/PostgresKeyProviderOperationMap.cs	product_source	2311	979963C30483A33979BEDF87EFADE621D6DB46822E3F13A593A8099E655AEBE7
server	src/TagEkyc.Infrastructure/RawExport/ProvisionalObjectCustodyContracts.cs	product_source	2598	8815604ACC33CDD309DBEB941898C39FEC51D4ECC67AE43239FC40779D5B77BE
server	src/TagEkyc.Infrastructure/RawExport/ProvisionalObjectCustodyOptions.cs	product_source	6375	C4D0E73F290A4049E362F04AB39583B9BB0558516ADA168020754041000198C3
server	src/TagEkyc.Infrastructure/RawExport/ProvisionalObjectCustodyReadinessValidator.cs	product_source	15603	9E43F7A6DF82A4B2FEC87CB4EC46EA30F0F5E4C12A315FBDDAD8449102ADB444
server	src/TagEkyc.Infrastructure/RawExport/ProvisionalObjectCustodyRepository.cs	product_source	6461	6E22CE2994D1C4A156498B6BC8A62F0298EEDED06BDC3A30BCF69EE20CDAD45A
server	src/TagEkyc.Infrastructure/RawExport/ProvisionalObjectCustodyServiceCollectionExtensions.cs	product_source	2035	14AF64BADB507396D1705ADB4E29653D8C2B0521A41857F00A7F0CBC2B0A46A2
server	src/TagEkyc.Infrastructure/RawExport/RawExportAssemblyAuthenticationService.cs	product_source	2127	02C0090A00A1EA8D87FE0F6ECCB6F1BC536C8B7EE691F92D3CBC7753D17727A1
server	src/TagEkyc.Infrastructure/RawExport/RawExportAssemblyCodec.cs	product_source	14073	2FF09BCE1B3E57DE086397FA6E4C613A286C2D371385DD08EC46A28A1FCB7402
server	src/TagEkyc.Infrastructure/RawExport/RawExportAssemblyOptions.cs	product_source	1110	98C75B71A22FD3EF808FCAD07B6C0A5528C0DA97691286C6A5D729477DC413D1
server	src/TagEkyc.Infrastructure/RawExport/RawExportAssemblyOrchestrator.cs	product_source	19254	5DD6CD25AA92E924CAC0C9955E1F088DE572779F917CBE1F083101158F66573E
server	src/TagEkyc.Infrastructure/RawExport/RawExportAssemblyRepository.cs	product_source	21900	6293A0DC480C3825E081D15DA6EF1FB253A20C007919D4A4DE85673FAEAEC687
server	src/TagEkyc.Infrastructure/RawExport/RawExportAssemblyServiceCollectionExtensions.cs	product_source	9685	C312103918ACFFC64A81720CA1919C88CB6F317116A004F6B5A9A9E4F39DB774
server	src/TagEkyc.Infrastructure/RawExport/RawExportAssemblySourceResolver.cs	product_source	5514	6E03A2487FD1D9B0BDA27DC74649379E8D8CFD06743FD10548E69D019F707FCA
server	src/TagEkyc.Infrastructure/RawExport/RawExportAuthorizationFingerprintCodec.cs	product_source	3838	5B1893766538924EA32CC4B3D904897C7DD153B80D59B58A919CAE7D83EB3705
server	src/TagEkyc.Infrastructure/RawExport/RawExportCaptureAcceptanceResolver.cs	product_source	1806	A894E73D3108C5057FB9A3638AADDF9D9EBD365507D68F0805452C7B00FF6380
server	src/TagEkyc.Infrastructure/RawExport/RawExportFramedSourceVerificationService.cs	product_source	15007	48F712D677E230C93B49C9EEB8FF80FE0CB841D501A4F88FCFDC0ECE90481FD1
server	src/TagEkyc.Infrastructure/RawExport/RawExportIngressCapacity.cs	product_source	2005	394B2829A5B86D16BCA55629595A14D802556609E4D229F13335F3D20F2DF806
server	src/TagEkyc.Infrastructure/RawExport/RawExportJobFingerprintCodec.cs	product_source	3082	E944573BE48B41B53FB1A9681586D2AAA5007FC41E098C04E0F9D6C537F30721
server	src/TagEkyc.Infrastructure/RawExport/RawExportJobLeaseOptions.cs	product_source	725	13E240F721E9944B428D9FD405F6BA8E4527863AFC2B18A9FE114F9AC4D725DB
server	src/TagEkyc.Infrastructure/RawExport/RawExportPermitTtlOptions.cs	product_source	1813	63FD8A43B5A47F58381BB6F520AC816D071E0F052A65F4E121206D92E3381CA9
server	src/TagEkyc.Infrastructure/RawExport/RawExportR2CompletionVerifier.cs	product_source	7409	58AF7E6639382DDF292F080C6E32868F26B83F78ABB86BEF74538391FD4E62A6
server	src/TagEkyc.Infrastructure/RawExport/RawExportR2Contracts.cs	product_source	5992	BE96DD542BAF35ED5A48567D6A215131F1F565F5822612C4355309395C13F0AB
server	src/TagEkyc.Infrastructure/RawExport/RawExportR2EncryptionOrchestrator.cs	product_source	14186	0214B47B29B605BBBDC2615EE4BB20E089BF8AD538A0E2007A6A446360B5C1E9
server	src/TagEkyc.Infrastructure/RawExport/RawExportR2FrameCodec.cs	product_source	18505	E8DAD1649ACF9D57F654F8D5EFA7874D777D276EA1B00604A983C0016D9BCC2C
server	src/TagEkyc.Infrastructure/RawExport/RawExportR2FramedCiphertextStream.cs	product_source	20377	F272254B5032F27A688D37D20B29755C4AD514B96CEF606BE23C56C63C55EB49
server	src/TagEkyc.Infrastructure/RawExport/RawExportR2Repository.cs	product_source	17118	5D5E7BA06C1FD498BB82E8BAEFEBACCE0AEE21680C4B9265D3CB9FDEA0413C14
server	src/TagEkyc.Infrastructure/RawExport/RawExportR2TerminalIntentRecorder.cs	product_source	12225	7121AA6875AFD02BF8AADFD07DC8540B0E467552450281EC53AA09681BA34A0F
server	src/TagEkyc.Infrastructure/RawExport/RawExportR3Contracts.cs	product_source	1318	6204932A2998764FEDB32B33CCEB084DA2D5111DD523DE67E11F957A18B5B7E6
server	src/TagEkyc.Infrastructure/RawExport/RawExportR3Repository.cs	product_source	5994	2BF887219886A044080239F99C6CE14DAEF0938BD66B72369D571675F4C27F49
server	src/TagEkyc.Infrastructure/RawExport/RawExportR3StagedCiphertextFingerprintCodec.cs	product_source	2690	1260AFA9F24BE0FAB11EECE67A08BA79FFF07188BDFA0908E5878A08799659F9
server	src/TagEkyc.Infrastructure/RawExport/RawExportR3StagingService.cs	product_source	1953	5D047CF6A4C468DBCE44940E5BC002F7436DEDA6B2D22C041D3B5F5688B2F6BF
server	src/TagEkyc.Infrastructure/RawExport/RawExportSourceClaimComparisonBroker.cs	product_source	18449	51D33C0240F33A1E760F4E08BC49B220823258C3E829F8DAF1587A1179D7D7B6
server	src/TagEkyc.Infrastructure/RawExport/RawExportSourceClaimComparisonServiceCollectionExtensions.cs	product_source	934	D2FB25D56E31B83C9369F8FA3C3A70BE5DFB83D61DAEC59E5BC45D9B1F52353D
server	src/TagEkyc.Infrastructure/RawExport/RawExportSourceFinalizationContracts.cs	product_source	5738	F723CC51D9FECB2E0CA31891DCCE2028715195F2DDF7FA719240252B78F665B6
server	src/TagEkyc.Infrastructure/RawExport/RawExportSourceFinalizationEvidenceCodec.cs	product_source	3027	F00E6E6C80E6ADB6E7AD2B1E7BDE962EF03006052E25A101958E2DFEFE5DC92F
server	src/TagEkyc.Infrastructure/RawExport/RawExportSourceFinalizationRepository.cs	product_source	17555	6C08AA8C8132893C5E72E12AAEE49652A50D33675E07BC0EEA08306E27547D3D
server	src/TagEkyc.Infrastructure/RawExport/RawExportSourceFinalizationServices.cs	product_source	17587	52E12C058CB4294359E2DA7F2836A316E7587D5D07F51C21E8196F508AF15B0B
server	src/TagEkyc.Infrastructure/RawExport/RawIngressBrokerHttpClient.cs	product_source	18370	B30A3172E37EC817C89FCC6879DFD62F26962689B808C462BE753CEC3212B9CA
server	src/TagEkyc.Infrastructure/RawExport/RawIngressBrokerOptions.cs	product_source	5649	4DE7BEBDA00DEB8A2657BDBF0A6D6F601D5FC71143E4170F9830867B6AC49496
server	src/TagEkyc.Infrastructure/RawExport/RawIngressBrokerTransactionFacade.cs	product_source	15985	8ADCA9B698B0E738B641BE281686669C2E79F47CFC191EE3C30249AFE2CB5C09
server	src/TagEkyc.Infrastructure/RawExport/RawSourceRetentionContinuationContracts.cs	product_source	1300	85D22CB7FF8910F6342152DCA10D91E441A29146AFB72159ED78EB834523C2D6
server	src/TagEkyc.Infrastructure/RawExport/RawSourceRetentionContinuationRepository.cs	product_source	6300	70B866797488E7959F01C6A96BF7D9468332DCE508B1439E54D6BDFA52E66DA5
server	src/TagEkyc.Infrastructure/RawExport/RawSourceRetentionProfileValidator.cs	product_source	3451	E619A34366EECCD16181A0A18D2777ED7770F467D854A784813527A10F99B7CC
server	src/TagEkyc.Infrastructure/RawExport/RecipientManagementCodec.cs	product_source	5374	7AABFEA15E75707BEACB939C40498CA2B30D7ABB81A4E7649997C6DA6762B979
server	src/TagEkyc.Infrastructure/RawExport/RecipientManagementConnectionFactory.cs	product_source	3433	B1F6D430B3ABA230B74B94188A773FA18B20D6FD09CF4127430409B1BF1EA990
server	src/TagEkyc.Infrastructure/RawExport/RecipientManagementContracts.cs	product_source	1461	E1CF3C4A31ACAE2A5D6EA110E8A98529B2DB0EE0BC5EF5CCA56707623540EF21
server	src/TagEkyc.Infrastructure/RawExport/RecipientManagementReadinessValidator.cs	product_source	9725	48370FEF9BADFD027E9764EEA8FCF07869FEB87E8FA9A75D32A3CF72E0109A99
server	src/TagEkyc.Infrastructure/RawExport/RecipientManagementRepository.cs	product_source	26608	3D97BF10C52826D08302DB2D2A7F252B0513958CCE572C6150563D6C064129E5
server	src/TagEkyc.Infrastructure/RawExport/RecipientManagementServiceCollectionExtensions.cs	product_source	6982	1F3BD4E9D46D0F18FC884F6833AF8C7E3A0FADCA9378633FDFAE51EDD122C685
server	src/TagEkyc.Infrastructure/RawExport/RecipientPackageCodec.cs	product_source	17611	590CAB88131D7B9E61B9A9C5CC0338ECFE5CA3E408217D6705E4A6A83F61ABC8
server	src/TagEkyc.Infrastructure/RawExport/RecipientPackageContracts.cs	product_source	7187	F3882BFCCA3309610F0D46A151131569BF06DC642F30C2A5342D142CDD50B7F5
server	src/TagEkyc.Infrastructure/RawExport/RecipientPackageCryptoService.cs	product_source	11673	8A6F60057A90A389F4A2A780B073856BA4A681010B47DF5F23F1B1D0D3E79922
server	src/TagEkyc.Infrastructure/RawExport/RecipientPackageDeliveryCodec.cs	product_source	10165	92677C8A4BFA9B7831C81892C73C045EEDBE287175E6CB2D3CB26B62F0A3A44A
server	src/TagEkyc.Infrastructure/RawExport/RecipientPackageDeliveryConnectionFactory.cs	product_source	708	BB49AA429D95881C837B485ABFCB0A44F53F72E3B000347179354689E193DC66
server	src/TagEkyc.Infrastructure/RawExport/RecipientPackageDeliveryContracts.cs	product_source	3512	42218C833659EECD1EA71A217A122A4559E5BC3F6E8441CCB4858D13F54B7C78
server	src/TagEkyc.Infrastructure/RawExport/RecipientPackageDeliveryCoordinator.cs	product_source	14578	5CE1F904321D20BE7FE0D1C21C8B8936851B8708764961A8AE209901868E74DB
server	src/TagEkyc.Infrastructure/RawExport/RecipientPackageDeliveryObjectClientFactory.cs	product_source	1170	4E0F6E98FD26AC7DC177100971A73B4A796FDCFBDA0BA1D371E88C546044BDA4
server	src/TagEkyc.Infrastructure/RawExport/RecipientPackageDeliveryOptions.cs	product_source	3066	322257A3C701159688A0D35A611645E28B913503B010EA0772CD1C0ECA40476C
server	src/TagEkyc.Infrastructure/RawExport/RecipientPackageDeliveryReadinessValidator.cs	product_source	10523	A264121BCFB23A06ED44C25CF787D698CAF4DA9BA704B165E7DE7AA038EAA2D1
server	src/TagEkyc.Infrastructure/RawExport/RecipientPackageDeliveryReconciler.cs	product_source	1233	32B7151E259FD80423BD7C8D3BEC3618CD38918FF3B0D1702944F96B4CBD5B8E
server	src/TagEkyc.Infrastructure/RawExport/RecipientPackageDeliveryRepository.cs	product_source	6525	3652ABC50AA4C088290E30FA29C487FCAD281A4362272ECCDB3984B453999FB9
server	src/TagEkyc.Infrastructure/RawExport/RecipientPackageDeliveryServiceCollectionExtensions.cs	product_source	3511	96851F238AC984CA89FE3324736B1CF96A516F28434D1D1DB79EFCEA474C9066
server	src/TagEkyc.Infrastructure/RawExport/RecipientPackageDeliverySpoolPool.cs	product_source	1077	DD90766F7B3C8EC9206A11466EF8D05839E1682EA572858F535F1FD666559AC7
server	src/TagEkyc.Infrastructure/RawExport/RecipientPackageEncryptedSpool.cs	product_source	6298	F0E77785CA6EA91BF904F715FA789AD8B9E9EC708B4496AC12D7A16333B84034
server	src/TagEkyc.Infrastructure/RawExport/RecipientPackageObjectClientFactory.cs	product_source	1648	7A1AF7C02F4EC91CB3A5BEC4E31F00A0A2BE7FEFDABA4F023B6D1B326EBA7E03
server	src/TagEkyc.Infrastructure/RawExport/RecipientPackageOptions.cs	product_source	6022	F0BE59B691CD2E8F0C04F4AB1B6AFF7EE82BE9449870A033940B4045CD11DCE3
server	src/TagEkyc.Infrastructure/RawExport/RecipientPackageReadinessValidator.cs	product_source	10943	2399E5035823BF28F755F57C91727F19EB5D2AA333B296A6593E8A457EBF6747
server	src/TagEkyc.Infrastructure/RawExport/RecipientPackageReferenceConnectionFactory.cs	product_source	797	F1EED10AF1B221EA9ABFFE275B085504A387B1FF5543FE2C38AA4299A661690E
server	src/TagEkyc.Infrastructure/RawExport/RecipientPackageReferenceContracts.cs	product_source	892	BC88DFC582C4E457C564F570DB671E8C4145E2D2A890E322B8FA88E0496DD4CA
server	src/TagEkyc.Infrastructure/RawExport/RecipientPackageReferenceCursorCodec.cs	product_source	7830	732E3E58DB1FE043A0EB9956DC2CC382C1C0E339E029E4058B806E1993672A58
server	src/TagEkyc.Infrastructure/RawExport/RecipientPackageReferenceCursorKeyService.cs	product_source	2755	7C82DE984A1E6550C6181B90531D5EE5EB38E5888493E191ED32B3323D65CFF3
server	src/TagEkyc.Infrastructure/RawExport/RecipientPackageReferenceOptions.cs	product_source	4788	3F82ED69FFC7A8546A0783CCA6DA0E605A7007842B2A5BDCCE6A04B4A52327A3
server	src/TagEkyc.Infrastructure/RawExport/RecipientPackageReferenceReadinessValidator.cs	product_source	8687	C95EC5EA7C055E2A77D7720294139DAFDFFBD5FC60CD570B83CECB902A785C99
server	src/TagEkyc.Infrastructure/RawExport/RecipientPackageReferenceRepository.cs	product_source	1558	9D8617CC0D7620A29C9EE386ED46059DE66E89BBA10D565DC1F04D719A1FBEA6
server	src/TagEkyc.Infrastructure/RawExport/RecipientPackageReferenceServiceCollectionExtensions.cs	product_source	9803	6C0DB903E5B8C295B91B7191571DDFAE1A37FE097659382C902541BE3326CAC8
server	src/TagEkyc.Infrastructure/RawExport/RecipientPackageRepository.cs	product_source	12906	BEA775D344B53274546BFC4AB8A0B96D493D4901390D5CAF681F1614BDAF97F1
server	src/TagEkyc.Infrastructure/RawExport/RecipientPackageServiceCollectionExtensions.cs	product_source	32282	83D5F304081C6847B3DE6C61AEB183ABAAC275493C83D1B9BFC03680EB017BF0
server	src/TagEkyc.Infrastructure/RawExport/RecipientPublicKeyProfileValidator.cs	product_source	1699	DB836178BAF7957DE1E0A20549F2551686612EDC646FC4D7435A8FDB901DACB7
server	src/TagEkyc.Infrastructure/RawExport/RetainedSourceClaimPreflight.cs	product_source	5627	82B4116FF7243EF0AC7C01588429A8C03638CA977A30041C6480035531814B62
server	src/TagEkyc.Infrastructure/RawExport/S3CompatibleProvisionalObjectProvider.cs	product_source	22791	96137B71D3B13BE99BCAB32BF0EBDDA4574EC0553352D38F0823A3FC7A36BBEB
server	src/TagEkyc.Infrastructure/RawExport/S3CompatibleRecipientPackageDeliveryReader.cs	product_source	3642	0912703066FF78324EEB6EA98C6CD0289BAED6B9FB52C5CA6B7F2D2D9BFEB1CC
server	src/TagEkyc.Infrastructure/RawExport/S3CompatibleRecipientPackageProvider.cs	product_source	12334	0F5D1CA658CA62D6B2B261FDC3FEEABE438ABEF8839F9FAA6634E5407321502D
server	src/TagEkyc.Infrastructure/RawExport/SubjectRefTokenServiceCollectionExtensions.cs	product_source	1849	AFFB550CD7876B19F18212F64EDBF44FE0D544987875C665F02F793C23D52934
server	src/TagEkyc.Infrastructure/Retention/RetentionOptions.cs	product_source	273	AF0C083F8DE6EF534F942C1BFDBBED0924FB345447B8A693B4063D33ECECE14A
server	src/TagEkyc.Infrastructure/Secrets/SecretRefResolver.cs	product_source	2901	24F12F9734BAD9FE7F3AC63105BF13A2583404E735C284BF57B178648F5F146F
server	src/TagEkyc.Infrastructure/Signing/Es256JwksProvider.cs	product_source	7162	7A734A1F6F098F19AF834668E9DA0BD7DCADF7094DBC0EF80E5E15A11762145E
server	src/TagEkyc.Infrastructure/Signing/Es256JwsEvidenceSignatureBuilder.cs	product_source	5128	67EAE6511907860409F23E0FD4717582449E67B3C49F3DEFC638F0268306E073
server	src/TagEkyc.Infrastructure/Signing/EvidenceSigningOptions.cs	product_source	864	5641ADD57F63E6EFF673F36290E7192CF263F5B3CDD9CB803B1BC09A3668F250
server	src/TagEkyc.Infrastructure/Signing/LocalDevEs256JwsEvidenceSigner.cs	product_source	6101	57887FDCF065B56CFA985E2C19C4F18093375A5F35A0A95F3C28544BB021CE67
server	src/TagEkyc.Infrastructure/Signing/LocalDevEs256JwsEvidenceSignerOptions.cs	product_source	301	952B6D8105AC45CC0BD8246751B245150AFD9CB7E595D4E29621DF7714733197
server	src/TagEkyc.Infrastructure/Signing/Pkcs11Es256JwsEvidenceSigner.cs	product_source	16615	BCEE77CD719CF3BCF8F04CFC2B77F09019549852A6CFAC2C662DF33DE448ACBB
server	src/TagEkyc.Infrastructure/Signing/Pkcs11Es256JwsEvidenceSignerOptions.cs	product_source	825	01F8B314F2523A1CC8AE76B64D7BBB2774C9CC5A21843AA180EEC6B7C8826095
server	src/TagEkyc.Infrastructure/Signing/ProductionTrialP12Es256JwsEvidenceSigner.cs	product_source	8311	A58CAB3C58914BABF758FDD48B83813B7D9F8B9C68F2BCAAB8CF631595B29118
server	src/TagEkyc.Infrastructure/TagEkyc.Infrastructure.csproj	project	1327	8E1CCCE71C157BDD6308CDA7CC6B07C7C1DE42CBD7C6AE5E7C716EDC20472930
server	src/TagEkyc.RawIngressBroker/Program.cs	product_source	2159	116FF1396B39CA0B8B4D92802D4979EEC4FA1D334CD533F9E691E51C013E483F
server	src/TagEkyc.RawIngressBroker/TagEkyc.RawIngressBroker.csproj	project	494	0FAD4364039F886ECEA24273CCA0BE887753142EBDF4CE49BBD424436C11F6F8
server	src/TagEkyc.SignFlow/AssemblyMarker.cs	product_source	68	C1E6E3BBE5C8C49CF93AA140FB88D4AEDB84711AAA15C76C013E8F428AE526EE
server	src/TagEkyc.SignFlow/SigningAuthorizationBindingPlaceholder.cs	product_source	503	62B5D370F2FEE66B2908AD10F32BD1D6E15DE0BE431C7E0742F5949AC5548804
server	src/TagEkyc.SignFlow/TagEkyc.SignFlow.csproj	project	322	D7F94A8D16941AFE24B08AFCA124B51F338E7963C4B69D1A967BBBAE8258B7A1
server	tests/TagEkyc.ArchTests/A1CatalogueJoinProof.cs	test_source	9067	CF8CF6B9A667E2499650D54C7B8D8F981E799A02293CEF1A4D44AA43535D1C66
server	tests/TagEkyc.ArchTests/DockerTestResourceLifecycleTests.cs	test_source	3110	DD85F95DF1573AC22FC7490EC37C958398A74D782235E8438E949F389A871835
server	tests/TagEkyc.ArchTests/PersistenceBoundaryTests.cs	test_source	1396	5FD00185F76B083F96BA3735DCAD7891980FD6666FDF29C67D1C8AAB00649617
server	tests/TagEkyc.ArchTests/ProjectDependencyTests.cs	test_source	1611	97AD55D5EDC911BC2ECF2B756B7039D3E779A4CDA626EB73B35EF7E138DA01A7
server	tests/TagEkyc.ArchTests/TagEkyc.ArchTests.csproj	project	1307	517DF52877BFB376CB023A0123E36DE35F28A323982D7DBE77B457B2388AEC2F
server	tests/TagEkyc.ArchTests/TestResults/a3-broker-final-arch.trx	evidence_trx	222840	AE295BC624DCA2F9E214CD2A989312DD353D028E2CF1AAAD1C49FC88698913B2
server	tests/TagEkyc.ArchTests/TestResults/a3-broker-history-final-arch.trx	evidence_trx	222840	D550053223FB17AD050E601B60670073F06A75E514A255DA985B37544F74EADF
server	tests/TagEkyc.ArchTests/TestResults/a3-ef-registration-arch.trx	evidence_trx	225141	02C710B8ABAF2E6E015902CECBCB34F0D42BC77774E8A2FC10CE7284F47C96E9
server	tests/TagEkyc.ArchTests/TestResults/a3-host-arch-focused.trx	evidence_trx	3009	5912E71E5DAC7D6DD09D16C6DD4359278B9AE398223C52B9187EFE3FD668D4B7
server	tests/TagEkyc.ArchTests/TestResults/a3-preflight-arch.trx	evidence_trx	222840	3BB0646E3CE73A5C5A693FCB9443284AD2586D283659DF4FFC5CBEBFF204E361
server	tests/TagEkyc.ArchTests/TestResults/a3-private-http-final-arch.trx	evidence_trx	225592	0EA0853C06CFEF61D3B054E9F2DC8D18A9AF8BA4AAB6A4F04EF49AFAD9B908A7
server	tests/TagEkyc.ArchTests/TestResults/a3-r2-projection-arch.trx	evidence_trx	222840	47B675E98D4596D3476A143B8465628EAC88C80AA675FD8B5835DD6FE5E06E71
server	tests/TagEkyc.ArchTests/TestResults/a3-readiness-p24-bounds-final-joined.trx	evidence_trx	4418	7B6EC266AC8022FEB2F67E88ADF5128539E548FEBE041FB27B8951166FC23795
server	tests/TagEkyc.ArchTests/TestResults/a3-readiness-p24-existing-bounds-joined.trx	evidence_trx	4418	C65A68A861853A811A1855BB07C441E4FE0D1D8DB5832957C7F7A408BC24E084
server	tests/TagEkyc.ArchTests/TestResults/a3-snapshot-rebind-arch-final.trx	evidence_trx	222840	A3404497ADB9E0079134C0C39F87B641E2878CF795633482B4F054FF2FB22655
server	tests/TagEkyc.ArchTests/TestResults/a3-snapshot-rebind-arch.trx	evidence_trx	222840	7C9FC47467E9E6C4F208615722065A1598C8B0392269C56684C103B2C0AC3E20
server	tests/TagEkyc.ArchTests/TestResults/tip88c1-a3-broker-qualification-arch.trx	evidence_trx	225592	C669179210D4FFA763CC587D6DBDF5ADAF74CAE1C76B38A62C08C3F5C748198A
server	tests/TagEkyc.ArchTests/TestResults/tip88c1-a3-broker-qualification-final-arch.trx	evidence_trx	225592	5AF6AFFBD7A518D1946532AF71550DC360C697ABDE0EB67A96928F539020DC1A
server	tests/TagEkyc.ArchTests/TestResults/tip88c1-a3-input-v4-final-arch.trx	evidence_trx	225592	917FCC733244A894CE0EC7C89DB0D93D34A9B4C76E4523E93AB06AA9731F349B
server	tests/TagEkyc.ArchTests/TestResults/tip88c1-a3-no-provider-v3-final-arch.trx	evidence_trx	225592	72820E9E69FB04421C7341B46FCD485B619D6471E562A7A5A6E06F9F2EBA1132
server	tests/TagEkyc.ArchTests/TestResults/tip88c1-a3-nps-final-arch.trx	evidence_trx	225592	5F33E731CD8B68747D72A352880083FCECCEEE6B35A77E8737E396452E2D8B69
server	tests/TagEkyc.ArchTests/TestResults/tip88c1-a3-nps-final-v4-arch.trx	evidence_trx	225592	61C9F2B2F0F054B75B95771452DB7C092B8FB2819342F382B86A9CFE4E1D54B1
server	tests/TagEkyc.ArchTests/TestResults/tip88c1-a3-re01-final-arch.trx	evidence_trx	225592	DF572B077BEA4EE6CF3AEF25F50CF54066A689EF49CD7D74C7F2C99CFCC91089
server	tests/TagEkyc.ArchTests/TestResults/tip88c1-a3-recorder-cp-v4-arch.trx	evidence_trx	225592	13A822754E63D17E7AB547F3D86D3B980F5BA671C1705657CD13E11F2CBE5287
server	tests/TagEkyc.ArchTests/TestResults/tip88c1-a3-scopes-continuity-arch.trx	evidence_trx	225592	720AC4482EEABC58F8920A73CA71822C0CB84A8C65D7ABD77929A5988A418EEC
server	tests/TagEkyc.ArchTests/TestResults/tip88c1-a3-scopes-final-arch.trx	evidence_trx	225592	A4AFABEFA1C097A60DBAF0E129360B38897D8506552C6228A1C531615F3B9AF2
server	tests/TagEkyc.ArchTests/TestResults/tip88c1-a3-scopes-v5-final-arch.trx	evidence_trx	225592	670BA6BCE611E3A9C136572239846561DDB7CEAB2AF3DF3CA1F04F38F34EE17B
server	tests/TagEkyc.ArchTests/TestResults/tip88c1-a3-ti-final-arch.trx	evidence_trx	225592	B6E9299EDFB0A84236579004AC7C0AC42B16D1BF3E2CB7E504294A5F8BA6A286
server	tests/TagEkyc.ArchTests/TestResults/tip88c1-a3-worker-v4-final-arch.trx	evidence_trx	225592	698ED5B287C6C02E41EB7DC49EAC53B0338BE0EB1588C7574B83EC786F7069BF
server	tests/TagEkyc.ArchTests/Tip03BoundaryTests.cs	test_source	2909	474A7D2273EB0F9F8E2ADFD79FACF3EC46EC0BB91FAA0434D79A592C00469B22
server	tests/TagEkyc.ArchTests/Tip04BoundaryTests.cs	test_source	1933	931A47FF98648B24965B40DAF40E6A7A0E4AE8474171192AEA4CCFAEDE3FA9FF
server	tests/TagEkyc.ArchTests/Tip06BoundaryTests.cs	test_source	2690	F6D5885374C6D78D3E58665989992D686BB488F28EFF37BDDDB9994528B613FE
server	tests/TagEkyc.ArchTests/Tip11BoundaryTests.cs	test_source	1996	8FACE62A4D287E4772A90C4EE40FDC03799810CA78F23B15B84699CBB492947C
server	tests/TagEkyc.ArchTests/Tip13AuthorizationBoundaryTests.cs	test_source	524	70AB7531445B81E9FA6DE9421DC17DD64B7FE745894E598858475A33EB989AB7
server	tests/TagEkyc.ArchTests/Tip17DurableMetadataBoundaryTests.cs	test_source	3189	0265189890752F927AF09D73DAC4F25AFDF3C152F62622140CF0755683FB0CAF
server	tests/TagEkyc.ArchTests/Tip55MetadataReferenceBoundaryTests.cs	test_source	3361	D06E745FC032DB395F48CD3C3852B93373F77F7E84B84864F24CCC840E007B1F
server	tests/TagEkyc.ArchTests/Tip57MetadataReferenceQuerySemanticsBoundaryTests.cs	test_source	3480	87C3BAF549EDA0ED5CD9CDEAD8D9E77FD029037EDC8ACB433734F74824752001
server	tests/TagEkyc.ArchTests/Tip60LocalDevMetadataReferenceRegistryBoundaryTests.cs	test_source	6503	CDA181BC3870785FA616B05F19F3C233BF39BB6A48A92E78A73B718ED4ACED5D
server	tests/TagEkyc.ArchTests/Tip72LivenessBoundaryTests.cs	test_source	1523	1BCF0C704DF0E5A86FF7E07944BCCF7F17B72B580B7B67146E43A3B060EE4D76
server	tests/TagEkyc.ArchTests/Tip83E2AuditDurabilityBoundaryTests.cs	test_source	4487	C13BB121C9FA8C61DE972CB4517C2EF1EE3E302CE2BB2ACAA66B9E84393930F0
server	tests/TagEkyc.ArchTests/Tip88APolicyCatalogBoundaryTests.cs	test_source	2042	275BC028E3A6E3EE6BC80857AD2363DC4DA141688E202693E57BDC9B4BA2C624
server	tests/TagEkyc.ArchTests/Tip88B1ControlPlaneBoundaryTests.cs	test_source	2769	157A5D34F15502D9A66A1F194260F7CB77C2DDD738DFF24DFCA24297139BB057
server	tests/TagEkyc.ArchTests/Tip88B34AuthorizationBoundaryTests.cs	test_source	2625	CC8E8BF7F77921AB0BD36AD576B37C6B57948FE6B99E14758888E08E95B39442
server	tests/TagEkyc.ArchTests/Tip88B4RawExportJobBoundaryTests.cs	test_source	15513	ED737C2AC8E47FC227575E5FAA0DC8BE744EDA0671600534FE259E7ED6EDCEB0
server	tests/TagEkyc.ArchTests/Tip88C1AAcceptanceSurfaceArchitectureTests.cs	test_source	2053	AAE0DBAEA8295C2BF864E5B00B47F421F97BA99EB2FA8CB0557484CF4D48E337
server	tests/TagEkyc.ArchTests/Tip88C1B1IngressClaimArchitectureTests.cs	test_source	2867	7BC39A255E91FB7F85F1E2DD563434CD39047E2288E95FEBDC1AA6B3160C589C
server	tests/TagEkyc.ArchTests/Tip88C1B2AttemptKeyProviderTests.cs	test_source	8389	F87EAD6EA112B75C96C1982577734AC420EB46603D0CFAAF29F98AB697492B7D
server	tests/TagEkyc.ArchTests/Tip88C1B2CoreArchitectureTests.cs	test_source	3815	BD34DE40A558FF976B2B43E0BB3201C6F053AB93B5B507B161620BB6E1D28CAD
server	tests/TagEkyc.ArchTests/Tip88C1B2CustodyProfileTests.cs	test_source	9848	C1B434F5720416076014F8BB876A0AB64695B79C7B43FB07E6CBFB8A8912518C
server	tests/TagEkyc.ArchTests/Tip88C1B2DurableKeyFixtureProofArchTests.cs	test_source	3063	92B6CD6A48584E7164F2CE600A945F36501EF55BFA6EEA983A7E9EBFC9A2C011
server	tests/TagEkyc.ArchTests/Tip88C1B2DurableKeyProdArchTests.cs	test_source	9208	3EEAD82CC2E2E1D3906BFA723F8D4788CE3252EAC14AF37CD25BFB172EEC6AA3
server	tests/TagEkyc.ArchTests/Tip88C1B2DurableObjectCustodyArchTests.cs	test_source	12926	AAE59A3FA7D5EC0AF129DE79B67BFD99463D7F8D5F037347B42804E74F0576CC
server	tests/TagEkyc.ArchTests/Tip88C1B2R2DurableCustodyEncryptionArchTests.cs	test_source	12778	FD6CF2DB0493A7AA835DFD8CFF564639163F72990476C7019C20DE67695EEA7E
server	tests/TagEkyc.ArchTests/Tip88C1B2R3VerifiedCiphertextStagingArchTests.cs	test_source	4149	DB444B6F55B0EA8858A78D45C25E7E9AD1F4260E96CECCE11971D6D0B85D0CCA
server	tests/TagEkyc.ArchTests/Tip88C1B2SourceFinalizationArchTests.cs	test_source	6749	B3B081A9338B20B38D7B3DFD56B54EB16D81FD8458B25D432F0D1BA23FD36740
server	tests/TagEkyc.ArchTests/Tip88C1C1ResolverAssemblyArchTests.cs	test_source	3823	25E8901F9FBE60B00668FE05E894E10DF76F74DFFF3E540E50DE5E4AE9267B84
server	tests/TagEkyc.ArchTests/Tip88C1C2RecipientPackageArchTests.cs	test_source	14135	B47A5AE5C8488EB55832AE9848F1E22CDF0B9E0A8DAD5E072D793C9C6F9CE85C
server	tests/TagEkyc.ArchTests/Tip88C1C3RecipientPackageDeliveryArchTests.cs	test_source	975	C55F7C62DBEA5D489734AC9B710D27F13789FC68BEA8F5B551243C68D446309B
server	tests/TagEkyc.ArchTests/Tip88C1C4RecipientPackageReferenceArchTests.cs	test_source	4235	417DBB8E8453C4188EE5FE28CB2A43289BDF9C6D70012ADA617EF9417C5330E9
server	tests/TagEkyc.ArchTests/Tip88C1C5RecipientManagementArchTests.cs	test_source	6908	698E364D866FAD248FC971CDB62C594C297B3B2210FC8F58BE487D38595A5EF9
server	tests/TagEkyc.ArchTests/Tip88C1C6BA1ArchitectureTests.cs	test_source	19815	D9E13128E303D4D7E8D9B93B45DA015FEE71657D3C11124DA238FA9DB552F482
server	tests/TagEkyc.ArchTests/Tip88C1C6BA1DispatchCatalogueTests.cs	test_source	734	A12D58DC24815239F42C371B4EFC1B2B52FC7BF83BD01ACD5735795A6D605270
server	tests/TagEkyc.ArchTests/Tip88C1C6BA3CompositionArchTests.cs	test_source	4032	ABA5759FAC00C92EB215D899AE5C30882729BCA1116B63DB00FE29105BA56663
server	tests/TagEkyc.ArchTests/Tip88C1Key1ContentCommitmentTests.cs	test_source	12784	A8E8A4C3A2AEE2DFA091203E6BC02A74DD7C3140AC82C77693DF2F6F7A623FD8
server	tests/TagEkyc.ArchTests/Tip88C1Key2SubjectRefTokenTests.cs	test_source	15701	1EAE61665DACA1F4EFF8D023082E2B24ADABAD992915C0B93CB3521F24BF531F
server	tests/TagEkyc.ContractTests/ContractPlaceholderTests.cs	test_source	931	1755537FC5AEBE28C86A8C51302377C4F67E35F3C96A69D734D9A76DFAD5379D
server	tests/TagEkyc.ContractTests/ProjectionBoundaryTests.cs	test_source	9682	CA11CB4E26E7202535EAC4DBE051B7745C07B9E749E017DEB4E3712387B64AB6
server	tests/TagEkyc.ContractTests/TagEkyc.ContractTests.csproj	project	873	A4C0D85FB37A0FC6A513C491D16D1CAB61F1ED76FD6E4C56DF5AD572A7BF251E
server	tests/TagEkyc.ContractTests/Tip88C1C5RecipientManagementContractTests.cs	test_source	5991	1D695562176BDD4D9E4FD6CBB293D3988D8580F2B191A83502E38A5D270E99E4
server	tests/TagEkyc.IntegrationTests/A1SyntheticDbFailureInterceptor.cs	test_source	1506	483A63F88EB52E1149C45D3B49C97D0BDCF5B6EB0BC877E95CEA8D71D94BAFCE
server	tests/TagEkyc.IntegrationTests/DurableObjectMinioFixture.cs	test_source	31724	EA8948FFC509880CF5BCFE1EE5CBAA75B6FA140FFF8EDB4D6F26129DA3213382
server	tests/TagEkyc.IntegrationTests/HistoricalPreparedWebApplicationFactory.cs	test_source	4862	D9B7C770A35DBA15398FE1D27651F5EFF6C14730EF60F4AE851BCB511138371A
server	tests/TagEkyc.IntegrationTests/IsolatedMigrationPostgres.cs	test_source	4237	49E03979D81D31343E06FCEA02FB51E0CEDAB6B721756E2C7CB5B43077F15542
server	tests/TagEkyc.IntegrationTests/PostgresPersistenceFixture.cs	test_source	17903	3335955BF9318678DD775C685DAB80B894CAABF159FC842537D966E372C3C9CA
server	tests/TagEkyc.IntegrationTests/PostgresPersistenceSliceTests.cs	test_source	47018	0032F57F60A0BC001F1505557C2AABDAF3BB2A51758D4456860007CF90742DCE
server	tests/TagEkyc.IntegrationTests/TagEkyc.IntegrationTests.csproj	project	3438	DA015FFBACD9F6909F6C9953136A096EAD149EBEE1CC86203E773453936F8FCF
server	tests/TagEkyc.IntegrationTests/TestResults/3AVNN_LEARNPC_2026-09-15_13_31_40.trx	evidence_trx	10617	9BB41CDC66922FE7F8B2504DAE98F4C6D70EBD886087C9DD6B90C0631DDEC014
server	tests/TagEkyc.IntegrationTests/TestResults/A3TerminalObjectCleanup/terminal-object-restored-v2.trx	evidence_trx	55399	B23CE24F2EB1335574BB258B330BE298A6AF6B4FDD01A399D9F4E1B20081DCA5
server	tests/TagEkyc.IntegrationTests/TestResults/A3TerminalResource/terminal-resource-class-green.trx	evidence_trx	332662	A849746B73248D6B8E1CE72812D1B4AA7791B0F1F07C51D9A99AB8A8903F6B1A
server	tests/TagEkyc.IntegrationTests/TestResults/a3-assembly-component-baseline.trx	evidence_trx	8846	97B9D9501090AAEC8D1AD4B7EAA2636772AB1C23A410679E11FAE15962CE6160
server	tests/TagEkyc.IntegrationTests/TestResults/a3-assembly-final-restored-joined.trx	evidence_trx	8846	4DD9EDDE23BAEB336A4690FEBBAE8FACFA179CE793F0579A6EF5219461333C59
server	tests/TagEkyc.IntegrationTests/TestResults/a3-assembly-g1-second-barrier-red.trx	evidence_trx	6349	9FC439D660948FC6E2EB55B363E1E425F5CF2352B83EE24C8F7FB6167FADC718
server	tests/TagEkyc.IntegrationTests/TestResults/a3-assembly-g2-shared-unavailable-red.trx	evidence_trx	8723	4219403DFA105725E80E88B612C949914AF38C811E0CB40162F2F52F6709E001
server	tests/TagEkyc.IntegrationTests/TestResults/a3-assembly-g3-fingerprint-red.trx	evidence_trx	5178	416A05C56EA53E7997EA5E4CD81DDBA613B9D458E6EA3AF43456C7DFAA1AB8ED
server	tests/TagEkyc.IntegrationTests/TestResults/a3-assembly-g3-fingerprint-replay-red-v2.trx	evidence_trx	5192	5C0F1184FF1DB7211BFB637FDE5B31A4ED1B87373AB8996ADF26CC2B1487AE8D
server	tests/TagEkyc.IntegrationTests/TestResults/a3-b2-hook-removed-mutation.trx	evidence_trx	17691	BA711FD733FD687BE204EC720ECCA9C2984E54019728064D42BFF9C91114104B
server	tests/TagEkyc.IntegrationTests/TestResults/a3-bound-reader-lock-control.trx	evidence_trx	7540	4C1A91144752A469D231DC33DA764FDEE73895D52E1003F84C500F55CDBE9828
server	tests/TagEkyc.IntegrationTests/TestResults/a3-bound-reader-order-red.trx	evidence_trx	14357	DE3413D5BAEE5A9AF30FB6232605F9571C0C05AB0653BED85713B1C9D17444F3
server	tests/TagEkyc.IntegrationTests/TestResults/a3-bound-reader-restored-full.trx	evidence_trx	133648	E14AFBCC0D73CCB1DBA899112C7499FE6855F9DC875BECE2D80915535555B660
server	tests/TagEkyc.IntegrationTests/TestResults/a3-bound-reader-third.trx	evidence_trx	6079	D51B122374019191C75625342B5560F82B535749351C0148D9584A1E3D37240A
server	tests/TagEkyc.IntegrationTests/TestResults/a3-bp14-activated-negative-focused.trx	evidence_trx	3128	9B34B4FEF4C916220420A6080AA820604A8BC2D07109FBB35D48330CA8D0EF31
server	tests/TagEkyc.IntegrationTests/TestResults/a3-bp14-joined-focused.trx	evidence_trx	4614	7A5D82C9BEFB84F35E504E64D5B9F3E645CC90710EA39AB951714ED51E9A8A06
server	tests/TagEkyc.IntegrationTests/TestResults/a3-broker-admission-baseline.trx	evidence_trx	1911	94D82533DCC23588D21E76DE0EF5BECC668BBD4564BA2B1A4B10FA72D7224B2D
server	tests/TagEkyc.IntegrationTests/TestResults/a3-broker-admission-binding-red.trx	evidence_trx	11681	6F3BEE4E281D5C57EF745BDA3B2924531F59437AEF908C83C5C41660E9842372
server	tests/TagEkyc.IntegrationTests/TestResults/a3-broker-admission-current-source-ratified-sentinel-v2.trx	evidence_trx	30158	9C7A002E2FCB11F22B0816432D212E7512704DB3ECFC3AAA027EE38DFC1B1D37
server	tests/TagEkyc.IntegrationTests/TestResults/a3-broker-admission-current-source-ratified-sentinel.trx	evidence_trx	11969	2D80A881D1F786AFBD6825B391FB72464DC1C8A56223781DCF12B22F096542FF
server	tests/TagEkyc.IntegrationTests/TestResults/a3-broker-admission-ratified-sentinel.trx	evidence_trx	30158	0AF30DA75DA0DA9E1961250F99888D8BF64F157983AC74EE35694F65B6C916C6
server	tests/TagEkyc.IntegrationTests/TestResults/a3-broker-admission-retention-red.trx	evidence_trx	11717	18F6F538C3EFDF5C44710CEE683635B39E9C9CC835BACE8B00B23862BC14A093
server	tests/TagEkyc.IntegrationTests/TestResults/a3-broker-admission-server-baseline.trx	evidence_trx	6395	DB48CADB3356C082E0183B2854A625C2BCD20446238021E9F8E2ACB6DE86DC2E
server	tests/TagEkyc.IntegrationTests/TestResults/a3-broker-admission-server-final-restored.trx	evidence_trx	6395	685EE9F800F9E3659FBFA2091857BD09D5EC7E77281F2E540A95BB91636E843A
server	tests/TagEkyc.IntegrationTests/TestResults/a3-broker-admission-v2-binding-final-source-red.trx	evidence_trx	19362	316417D7FBF61EDC72B50936CC46669008E461776126AA11EFFAC71EA50AB712
server	tests/TagEkyc.IntegrationTests/TestResults/a3-broker-admission-v2-binding-red.trx	evidence_trx	19358	52A3D50109DCB584802AC57F6A2CA9692312D238F25D69EB8A3C6C96167C0531
server	tests/TagEkyc.IntegrationTests/TestResults/a3-broker-admission-v2-final-source-baseline.trx	evidence_trx	8800	5AFDABFB05F6AF9231F2619EECEEC126159BF5192BE35CCD660D45930DC4A0B7
server	tests/TagEkyc.IntegrationTests/TestResults/a3-broker-admission-v2-foreign-artifact-final-source-red.trx	evidence_trx	18866	AADCE3B718D2688446ADEC692302904B7CF1562BCD816004822DB33193EFAE09
server	tests/TagEkyc.IntegrationTests/TestResults/a3-broker-admission-v2-foreign-artifact-guard-red-v2.trx	evidence_trx	19170	18B086B520892BB4463AB37A6250D390974931AA5865A97B718E7E1F05BF9058
server	tests/TagEkyc.IntegrationTests/TestResults/a3-broker-admission-v2-foreign-artifact-guard-red.trx	evidence_trx	24462	FB0DB2DEFD376E01AD4B29ACF30D9197390BF0C443DD16A9E0A9CD0BDC5BCD67
server	tests/TagEkyc.IntegrationTests/TestResults/a3-broker-admission-v2-retention-final-source-red.trx	evidence_trx	14124	0DEC3D57F440C0730210B7ACBF7AD89F27860C999F9B7602A539CB52FC7DF01D
server	tests/TagEkyc.IntegrationTests/TestResults/a3-broker-admission-v2-retention-red.trx	evidence_trx	14122	38E3DBE2E9D418AC2FE877B304FE1BCCD4155B9CF6A5E5E1BD382E545A6DA662
server	tests/TagEkyc.IntegrationTests/TestResults/a3-broker-admission-v2-server-baseline-v2.trx	evidence_trx	13627	A70D3BBF95EA888FBD1D9F80B969777F55227276E7F71DE3CDDDC9CD9D52112A
server	tests/TagEkyc.IntegrationTests/TestResults/a3-broker-admission-v2-server-baseline.trx	evidence_trx	11602	C12AE5AA1584110B200643F6C9A324BEFE600F825C6C7024AEF2CD6D32452398
server	tests/TagEkyc.IntegrationTests/TestResults/a3-broker-admission-v2-server-final-restored.trx	evidence_trx	8800	E57994AA3143DE85F08444BA382BB397AB1CC437D46FA174603AE8820291CD59
server	tests/TagEkyc.IntegrationTests/TestResults/a3-broker-claim-family-b1-final-positive.trx	evidence_trx	28995	FEAD13D083FE23FA6BC11C3B48513905A945D8473C043115AB35A801B5EBD820
server	tests/TagEkyc.IntegrationTests/TestResults/a3-broker-claim-family-b1-observed.trx	evidence_trx	28995	311E30095B7ED033C5AFCD8E0AB7652A23607113BFBFB680ED843B58A59213EE
server	tests/TagEkyc.IntegrationTests/TestResults/a3-broker-claim-family-b1-positive-controls.trx	evidence_trx	24084	CB56D0FA56AAF434961678B34E9881BCFF1551C8A04BD618CC1EA5669987A560
server	tests/TagEkyc.IntegrationTests/TestResults/a3-broker-claim-family-baseline.trx	evidence_trx	30249	BF45EB9EB706F5D5C4166242221A3C3447A763C6121190546E77C453EBAA38D1
server	tests/TagEkyc.IntegrationTests/TestResults/a3-broker-claim-family-positive-controls-v2.trx	evidence_trx	28525	32AD552176974A81EB3EEE661BFE7F451C7D3DB996526365D7085518D8B032AC
server	tests/TagEkyc.IntegrationTests/TestResults/a3-broker-claim-family-positive-controls-v3.trx	evidence_trx	23306	1884B4C7AC0CC1771A2A1D097AD0FCF8DA8916C8168A0F3429A713CE4DE9A34F
server	tests/TagEkyc.IntegrationTests/TestResults/a3-broker-claim-family-positive-controls-v4.trx	evidence_trx	31088	EF2882D73E9EFD5955FD6FBA9BCAE65276AB54244BCF9F2741DB05CFCC39D23E
server	tests/TagEkyc.IntegrationTests/TestResults/a3-broker-claim-family-positive-controls.trx	evidence_trx	28521	0E6FE742C40F7D910A20C204056AD5E565D7D308BC9E7A0EA1D4D4CD04CD5800
server	tests/TagEkyc.IntegrationTests/TestResults/a3-broker-claim-family-restored-baseline.trx	evidence_trx	28535	4D6B904E349D23AA4211071E5E5E93CF7CBF77F929809019061EF57C118F41D3
server	tests/TagEkyc.IntegrationTests/TestResults/a3-broker-claim-final-restored-joined-gate.trx	evidence_trx	30158	298F9410DB0D168235F1004EC64DAF482BE1C575A13E958C6278603CBB80C5F0
server	tests/TagEkyc.IntegrationTests/TestResults/a3-broker-claim-joined-restored-gate.trx	evidence_trx	25962	1BD6FAE10F341C38750FEA4B23BC6BEC7D469DFA56A5E8373EE08B76990A002E
server	tests/TagEkyc.IntegrationTests/TestResults/a3-broker-claim-p10-retry-time-final-source-red.trx	evidence_trx	20831	26812E7F98F28017ABB521367756ACDC03EE650F7963EF02C8413FABA74FD286
server	tests/TagEkyc.IntegrationTests/TestResults/a3-broker-claim-p10-retry-time-red.trx	evidence_trx	20831	D4BE10ABDD04CCAEA7C319A58583F0FD45BE1F674735C7AF852C9371C10CD616
server	tests/TagEkyc.IntegrationTests/TestResults/a3-broker-claim-p15-tombstone-final-source-red.trx	evidence_trx	20917	4B005CCCAAC0221A9196F02724DFB8D3E9601FCCAA09099C42A2423251D7EEFE
server	tests/TagEkyc.IntegrationTests/TestResults/a3-broker-claim-p15-tombstone-red.trx	evidence_trx	20917	7F3F9EDD05A83D7B9FCB3B97C22EB3BF17960D2A89D59675D140DACBB0D314B5
server	tests/TagEkyc.IntegrationTests/TestResults/a3-broker-claim-p16-state-gate-final-source-red.trx	evidence_trx	21775	E70DD3603184CC70A3A270FBE69094568311B46528DB1DD9C3992285258ABE24
server	tests/TagEkyc.IntegrationTests/TestResults/a3-broker-claim-p16-state-gate-red.trx	evidence_trx	21775	DDC84D5D808B288184F91A5D0826310028D4473CA5AA0B512439FA2398C3DB0C
server	tests/TagEkyc.IntegrationTests/TestResults/a3-broker-claim-process-kill-matrix-positive-v2.trx	evidence_trx	10000	140ED3D5C8C646542D0012177344842DAEAAD51D7EBF8DAE6B9D17D2EF95151C
server	tests/TagEkyc.IntegrationTests/TestResults/a3-broker-claim-process-kill-matrix-positive-v3.trx	evidence_trx	10977	2825010049CBB37A8138B9DF3667E10A97E21C74F78267CECDCA46FF07CAB63A
server	tests/TagEkyc.IntegrationTests/TestResults/a3-broker-claim-process-kill-matrix-positive-v4.trx	evidence_trx	9134	83C1E2B9EE31EF1BEA3111498EE7156D8548755CE8C33AA52AFF39790AA17367
server	tests/TagEkyc.IntegrationTests/TestResults/a3-broker-claim-process-kill-matrix-positive-v5.trx	evidence_trx	5821	1F8C1933E91BE000A39385BBEE6B9B05028D66D3BE915109B8B86A66FCD37C7C
server	tests/TagEkyc.IntegrationTests/TestResults/a3-broker-claim-process-kill-matrix-positive.trx	evidence_trx	9497	5916D46A7B34453009179F8A5838578BC49E5C6D6CEE0D66A43BC6AC1BABA22A
server	tests/TagEkyc.IntegrationTests/TestResults/a3-broker-claim-six-outcome-final-source-positive-v2.trx	evidence_trx	15615	7DDF83A5F8B239D71C8A4439AA238EAC7075DE98DC6791D8BF75E17C37267536
server	tests/TagEkyc.IntegrationTests/TestResults/a3-broker-claim-six-outcome-final-source-positive.trx	evidence_trx	21779	A670F0D6F5B80EB52E8243EA161A81855D03EBCFE31EACD91B3EA9F5F39C709E
server	tests/TagEkyc.IntegrationTests/TestResults/a3-broker-claim-six-outcome-positive.trx	evidence_trx	15615	C0B39E685700C5D6E104FE9A90AD41546E2B6CB450386EAE07C7DE6507458FA0
server	tests/TagEkyc.IntegrationTests/TestResults/a3-broker-history-aware-focused.trx	evidence_trx	23910	109EEF731C38C7DAD3BF38012693C8BD41FC9ED37F2805DF045BA836AA766A94
server	tests/TagEkyc.IntegrationTests/TestResults/a3-broker-history-mutation-commit-bb.trx	evidence_trx	43556	E91E16E63099A5478A1E31D9461A8D5E515B3AAECE44340708A13537FA2209D8
server	tests/TagEkyc.IntegrationTests/TestResults/a3-broker-history-mutation-latest-selector.trx	evidence_trx	14725	B2251B636D61D93D94B0AD0E4E562BFF605A4F50A60A0FB8919D6AA98E59F60D
server	tests/TagEkyc.IntegrationTests/TestResults/a3-broker-history-mutation-old-sql-bounds.trx	evidence_trx	11231	06797AAE0BF9DD13DE13AAE5386E2787E430C29F2BDF05F7C2ACFA3440A84204
server	tests/TagEkyc.IntegrationTests/TestResults/a3-broker-history-mutation-separate-br.trx	evidence_trx	42792	61F93791CFFAF4230FC1811B8429DFBC4B933575183D73A8E12446FCC7659168
server	tests/TagEkyc.IntegrationTests/TestResults/a3-broker-history-restored-regression-174.trx	evidence_trx	263624	6B81CC961AFF084ACD3ABA3BAEDEAFB99F18FD5FEBE5C83B1B76C575AB7D079F
server	tests/TagEkyc.IntegrationTests/TestResults/a3-broker-mutation-commit-bb.trx	evidence_trx	43556	7BD81EA92750F0720074FD21EDB7973F261BCF3FD8BF1ADF43A1EE6DF614DF07
server	tests/TagEkyc.IntegrationTests/TestResults/a3-broker-mutation-latest-selector.trx	evidence_trx	14725	319C136F979AE122C7FECA1B1E50577BB30308F76CDBA5CD385623261BE4255F
server	tests/TagEkyc.IntegrationTests/TestResults/a3-broker-mutation-old-sql-bounds.trx	evidence_trx	11231	35DDDE315DC74871F392E9DD768267EA361CBDC1FC708DAC65705FACC2062537
server	tests/TagEkyc.IntegrationTests/TestResults/a3-broker-mutation-separate-br.trx	evidence_trx	42792	3999F600CC48AC5D2053360004618854DF999A1494403CDB6725FFD12C0FCD7C
server	tests/TagEkyc.IntegrationTests/TestResults/a3-broker-p10-current-baseline-green.trx	evidence_trx	3107	D3D74C971E2A8C412CB9D3C79C60BCDD5DCA05516D227762AE3CECD5C665215C
server	tests/TagEkyc.IntegrationTests/TestResults/a3-broker-p10-persisted-retry-red.trx	evidence_trx	7220	EA6A97360B6D0E32F3E0F15839DEAB9F74A200B2E6EDC1C4059EE79F0CF87DDD
server	tests/TagEkyc.IntegrationTests/TestResults/a3-broker-p10-persisted-retry-restored-green.trx	evidence_trx	3107	CA98BFC8F02FE865C7324CAD9EA2FBAFFD0F2879B6F512749E273424EE454FD8
server	tests/TagEkyc.IntegrationTests/TestResults/a3-broker-restored-regression-174.trx	evidence_trx	296553	234588B6260D90006A8148097FC8D551E0C282CA509C4B208E86C82E57529660
server	tests/TagEkyc.IntegrationTests/TestResults/a3-broker-same-b-and-migration.trx	evidence_trx	54294	5D09C1FB1F6EB06DEE0CC5951EB6B46B03E722AD7D31F0FAD8B83A6AC30F8D46
server	tests/TagEkyc.IntegrationTests/TestResults/a3-broker-same-b-migration-restored.trx	evidence_trx	32696	A5BFD88ECF0269B0F8AA4583167293C02B15730F8764DC38B1933EF16EF3E67F
server	tests/TagEkyc.IntegrationTests/TestResults/a3-cp11-all-restored.trx	evidence_trx	51442	90207CE6A1B3AD72C1A5E3B5E79EB7AFD02A0695974572D0B266BFE12E0DF28E
server	tests/TagEkyc.IntegrationTests/TestResults/a3-cp11-lock-clock-mutation.trx	evidence_trx	21023	1D86B2714CB840A9365E30962AAAE05110953A2C89A6B820E9196B72DEB0AB7D
server	tests/TagEkyc.IntegrationTests/TestResults/a3-crossborder-clock-second.trx	evidence_trx	10919	D473D11D6FA4C1CC872CE76931B8D5801E8C9CADD6D803BF096E6B409802AC22
server	tests/TagEkyc.IntegrationTests/TestResults/a3-crossborder-prefix-red-rerun.trx	evidence_trx	29148	4FA69126BDF3AC36AF4D7D8DA7EDCF74767EB5FFD2B6AB9CEDA4C491409374DF
server	tests/TagEkyc.IntegrationTests/TestResults/a3-crossborder-restored-full.trx	evidence_trx	129173	C1D1F16F2B8B676DDD63EF84E8716C8EC91615AFF6E67FD346FE8E31EFCCD228
server	tests/TagEkyc.IntegrationTests/TestResults/a3-e01-checkpoint-head-repin-red.trx	evidence_trx	23537	1D0831058894F47745A1CDC110379CABBA83C0384A7F6EB8C80B2FEE2FDD2E00
server	tests/TagEkyc.IntegrationTests/TestResults/a3-e01-completion-boundary-join.trx	evidence_trx	3095	62225A39FFA89CFFA3E01D2C1BFB5B960359429B023BD6DA851ED2901286C314
server	tests/TagEkyc.IntegrationTests/TestResults/a3-e01-cp11-b2-restored.trx	evidence_trx	62189	8E06CE70D49BB42AF7F332EE87D2F873AD41E1264B9F46FF2AB4F0E6C2ACE44E
server	tests/TagEkyc.IntegrationTests/TestResults/a3-e01-ddl-acl-red.trx	evidence_trx	7575	2F4E08AF55D03068EA917D11FE8211DB7945BB2BD1823B620BE3A1807FB2B93B
server	tests/TagEkyc.IntegrationTests/TestResults/a3-e01-ddl-acl-restored-green.trx	evidence_trx	3080	F7B02896D568DBA891CFB32B9D5B68D89042DA9694CE77CE330C3B2605CAEEF5
server	tests/TagEkyc.IntegrationTests/TestResults/a3-e01-ddl-actor-red.trx	evidence_trx	7575	6B2CD56D69B9A3F0E9AA53C4C0A3224E92A2AB7BA90D92047EE36C9842F66079
server	tests/TagEkyc.IntegrationTests/TestResults/a3-e01-ddl-actor-restored-green.trx	evidence_trx	3080	13F60819D86D925F6183E47A5291F1B2C6324E6407CAA8278D1447614021333C
server	tests/TagEkyc.IntegrationTests/TestResults/a3-e01-ddl-binding-graph-red.trx	evidence_trx	7575	869F0012DDFBE0BDCA918F4545B1D44DA787544D791F62F828F869EF63FDF0ED
server	tests/TagEkyc.IntegrationTests/TestResults/a3-e01-ddl-binding-graph-restored-green.trx	evidence_trx	3080	76DA6C6AA93A85DD6DD58D583FE96FE98A8D965802EE66DAD2E5E2083917DFB9
server	tests/TagEkyc.IntegrationTests/TestResults/a3-e01-ddl-classes-green-v1.trx	evidence_trx	11185	3905D4C60C0892270366B0C2B55E013433323CAB43CF2E5782F9C4193EFD0CFD
server	tests/TagEkyc.IntegrationTests/TestResults/a3-e01-ddl-classes-red.trx	evidence_trx	7575	818E8E97F59DF5B59B229856464B13CEC20714229192736CEAE7EA0252444414
server	tests/TagEkyc.IntegrationTests/TestResults/a3-e01-ddl-classes-restored-green.trx	evidence_trx	3080	0E0D0B8C62A8A6A6486171D42991BE8E0B363A6DCD8005AC83838D09BA2025ED
server	tests/TagEkyc.IntegrationTests/TestResults/a3-e01-ddl-graph-green-v2.trx	evidence_trx	7885	A9C88ADF31CD3DB0818B525AE6D4AAD9D378A7820A402D0890925EC8D40C5EB6
server	tests/TagEkyc.IntegrationTests/TestResults/a3-e01-export-checkpoint-head-red.trx	evidence_trx	17023	AE056683594D3ACCC0AC859C09EBE6E60FE42F132CB581AECCC86800353110B1
server	tests/TagEkyc.IntegrationTests/TestResults/a3-e01-export-checkpoint-head-restored-green.trx	evidence_trx	7709	C237FF89D420633AEA64FDCEFA6000418C0800158DF8547DEFBC843844919780
server	tests/TagEkyc.IntegrationTests/TestResults/a3-e01-export-head-same-mutant-red.trx	evidence_trx	17047	41FE00D22086A60C00EDE2C87F0C28FC2805E079F48A207D08BD70DB8DCEF52A
server	tests/TagEkyc.IntegrationTests/TestResults/a3-e01-issue-clock-green-v1.trx	evidence_trx	11840	D543BEE6045D45FC08C64CEC4A99877604989D15216876F2746B5CA0D147FFF1
server	tests/TagEkyc.IntegrationTests/TestResults/a3-e01-issue-clock-red.trx	evidence_trx	15748	BA35C2E3511D377876616619CACD074F60EDDF68E86E5FDA4816079B91B0E687
server	tests/TagEkyc.IntegrationTests/TestResults/a3-e01-issue-clock-repin-red.trx	evidence_trx	15748	5A2E165FB01F271D871501996C5AB26B58CC4046343016A7103AFFBB3A76BD54
server	tests/TagEkyc.IntegrationTests/TestResults/a3-e01-issue-clock-restored-green.trx	evidence_trx	4677	634CE06CC0C548F7D894FC5B4164712648374B84CD4583209E33BBAAD79DC683
server	tests/TagEkyc.IntegrationTests/TestResults/a3-e01-issue-withdraw-lock-red.trx	evidence_trx	9831	31D79309656A9DC9EBF1BE9B6E1F74B1C82DD6054B87817E0F68A70FB79453D8
server	tests/TagEkyc.IntegrationTests/TestResults/a3-e01-issue-withdraw-lock-repin-red.trx	evidence_trx	11349	D0B9ED41DDE62940AA0C5736CAC7BAF83A75E188783626E1EF4135C383A82CB4
server	tests/TagEkyc.IntegrationTests/TestResults/a3-e01-issue-withdraw-r1-focused-v2.trx	evidence_trx	4659	4EC5FB3C5DC7FDDE6591F05238B17548CDE53145FAB50D8953A780125154B392
server	tests/TagEkyc.IntegrationTests/TestResults/a3-e01-issue-withdraw-restored-green.trx	evidence_trx	4659	B2969EA955BEC406A53C1177DEE6D259652A9B2F464F6C47F86FB5910574C237
server	tests/TagEkyc.IntegrationTests/TestResults/a3-e01-pilot-baseline.trx	evidence_trx	36052	B5E8FB98A8B6ABBFD19F4059244F4126D40F7298DB4D8467D4A4734FECF2F6AE
server	tests/TagEkyc.IntegrationTests/TestResults/a3-e01-pilot-targeted-current.trx	evidence_trx	79798	7EBC50966A72EB6B6E01A41998B1DDA02D9683EB69A6CD80A4D3A421FD711D25
server	tests/TagEkyc.IntegrationTests/TestResults/a3-e01-pilot-targeted-final.trx	evidence_trx	78295	6AD126FC5A36744754E6EF0EEB422AC82D0FB212D13129C4C81FD352BBA98DE6
server	tests/TagEkyc.IntegrationTests/TestResults/a3-e01-r1-retained-current-bypass-red.trx	evidence_trx	10953	47CA5D1D6BC1B6619674B76C2EFA0C862742C4279B7A76052B8CF1D4CEB70717
server	tests/TagEkyc.IntegrationTests/TestResults/a3-e01-r1-retained-current-restored-green.trx	evidence_trx	4659	87D30B97BCFDA143E1B72DBCDE1BDA7AF481608B5D3816E14FFDE65ECC9A065E
server	tests/TagEkyc.IntegrationTests/TestResults/a3-e01-record-cas-red.trx	evidence_trx	7780	3AB0599A8BBC44DB1DF2686F3D0102AF0A8A2AE4508EFA6422B20BE7B0FBE59B
server	tests/TagEkyc.IntegrationTests/TestResults/a3-e01-record-cas-repin-red.trx	evidence_trx	7780	8B0358792E20E12C423A49E27B2534B75EC79299756DCD7BAC9FD6FC35F5DD5A
server	tests/TagEkyc.IntegrationTests/TestResults/a3-e01-record-cas-restored-green.trx	evidence_trx	3035	1A517B714D518D96A8FA007CA924F1C24377C943A93C1ED6D08CFCBAD593F2AC
server	tests/TagEkyc.IntegrationTests/TestResults/a3-e01-record-clock-repin-red.trx	evidence_trx	15106	DC532E92648D7134BA89A7E692647061E2CCE650B33CE0B22E27D147094CD8CD
server	tests/TagEkyc.IntegrationTests/TestResults/a3-e01-record-clock-restored-green.trx	evidence_trx	4587	4B1BB4FA328AE5614AFB0B30B73AE0B9E142F5BFAFA42393CD202D222040E363
server	tests/TagEkyc.IntegrationTests/TestResults/a3-e01-record-clock-transaction-time-red.trx	evidence_trx	15106	465C9E6DDED0AE78C1F7334EE685EF4B90FA8897EAD193B16BA9BA5F613AE85E
server	tests/TagEkyc.IntegrationTests/TestResults/a3-e01-reviewed-restored.trx	evidence_trx	20896	D4B17BECF39567D1F00EE70460299FEC6909B04C3A848D0FFBC29B3DC2ECBBBD
server	tests/TagEkyc.IntegrationTests/TestResults/a3-e01-reviewed.trx	evidence_trx	21895	B07CEC76E2C97EC5B1CA78A8AC3D04A4A32160ECE4C0B54D0DDD5BE5B377F804
server	tests/TagEkyc.IntegrationTests/TestResults/a3-e01-revocation-authority-repin-red.trx	evidence_trx	8022	296F147945E35157DB4D9506FE86FAB127FDFC6E1D38283085A4F166AFD3A978
server	tests/TagEkyc.IntegrationTests/TestResults/a3-e01-revocation-business-red.trx	evidence_trx	8022	9043E0344536BD12A6F40D64747ABFFF5F8591CB7F37243A7920D868D7B20E3B
server	tests/TagEkyc.IntegrationTests/TestResults/a3-e01-revocation-lock-red.trx	evidence_trx	7938	7AAE1BBACA85CF59FEDFC6CBC1FE930B62F28AFC7CA4AA08B1CDD82157C29E7A
server	tests/TagEkyc.IntegrationTests/TestResults/a3-e01-revocation-restored-green.trx	evidence_trx	3071	521AC4236EAB90717C07E2748188EF17F2D04E4600A21A0D304D9AD3B17A5DD4
server	tests/TagEkyc.IntegrationTests/TestResults/a3-e01-subject-before-fix.trx	evidence_trx	24587	0F21B878D5FE448F866214E204B2D728CACE2C51F0917536C8709C1B834B8A30
server	tests/TagEkyc.IntegrationTests/TestResults/a3-e01-successor-consent-sentinel.trx	evidence_trx	53931	13ED5AF4601BF1AB8D6E1705EFB825AA69023615FB1FBF0F115FAF480F8FB9E0
server	tests/TagEkyc.IntegrationTests/TestResults/a3-e01-successor-final-joined-gate.trx	evidence_trx	66039	87CC2C2060DC4F9E62C4A6E7DB34D12935303C7A4147A4D7336E69517F0BDAFA
server	tests/TagEkyc.IntegrationTests/TestResults/a3-e01-successor-final-restored-sentinel.trx	evidence_trx	53931	37F4419F832D535B22BA7426B618552151E1592191031901B5E9D2CE4FB1CE73
server	tests/TagEkyc.IntegrationTests/TestResults/a3-e01-two-class-completion-focused.trx	evidence_trx	3128	47AC38D12FE9CDF2F00DBDDDAA73F655A5F60F4352AD985CD7C8C017699056B5
server	tests/TagEkyc.IntegrationTests/TestResults/a3-e01-two-classes-repin-red.trx	evidence_trx	14595	32E071F4DE3B656DF547B7CAB8FBA1C2375405822441FE8FEFC90FA4B107C5B5
server	tests/TagEkyc.IntegrationTests/TestResults/a3-e01-two-classes-restored-green.trx	evidence_trx	4699	EABE3444E88AEACE95C00840E041E760BFABC25437FEDA82C86FA0CF66ACEBB8
server	tests/TagEkyc.IntegrationTests/TestResults/a3-e01-two-classes-sql-red.trx	evidence_trx	14595	69243809D01418D9EB45B122B1DFFE2C370C595D76E3295DC6D0000C4AAD4F7E
server	tests/TagEkyc.IntegrationTests/TestResults/a3-e01-update-restored-green.trx	evidence_trx	3071	AEEC2691BD1768CD5658B0291F0BC4BDC3789CD75CC2FE77E43E26A3B4D44F02
server	tests/TagEkyc.IntegrationTests/TestResults/a3-e01-update-revision-red.trx	evidence_trx	6020	539015D009937902F4422FC02B2A0AB64C4635E69746C05D0A1FDDE72EFC19C6
server	tests/TagEkyc.IntegrationTests/TestResults/a3-e01-update-revision-repin-red.trx	evidence_trx	6020	A76101D9E0CD47D45D1A719466A42D0D0756B44AFA866A01E450AF28B6EB5D50
server	tests/TagEkyc.IntegrationTests/TestResults/a3-e01-updated-checkpoint-head-red.trx	evidence_trx	23537	45A3DCC139D7028B75D81ABF7FABDC09BEDF403CA22E81EF30AB48C06A0F4247
server	tests/TagEkyc.IntegrationTests/TestResults/a3-e01-updated-checkpoint-restored-green.trx	evidence_trx	7649	ECA8E36351F96EC88C1104A09D69625DC9F0BE2D8166F6D81B079DA420D1F099
server	tests/TagEkyc.IntegrationTests/TestResults/a3-e01-updated-export-checkpoints-focused.trx	evidence_trx	33844	905880E8CB082C07FD47BE9945E1E0BD6DDBD76D6FE4EE2F891E9855CE59FE43
server	tests/TagEkyc.IntegrationTests/TestResults/a3-ef-discovery-red.trx	evidence_trx	4938	2D0F95B6FCB38582515A634F32412B7668F244B3081EE9D7598B09C424C4BF2D
server	tests/TagEkyc.IntegrationTests/TestResults/a3-ef-index-catalogue-red.trx	evidence_trx	6346	96153DC71A89A03CA1114DA12FD1B8AF42BD99D1CAE70DA1FB09FD28B7F29AB8
server	tests/TagEkyc.IntegrationTests/TestResults/a3-ef-model-positive.trx	evidence_trx	10411	EDA39C80F5BF8A4DD48F3A059898126120878933152CF483E993C91C80FA972D
server	tests/TagEkyc.IntegrationTests/TestResults/a3-ef-registration-final.trx	evidence_trx	168691	31D1B8641A4C8CB2D44CB1AA93DCA7983355BF7E8AAC8C70B441E622B0ACD6DD
server	tests/TagEkyc.IntegrationTests/TestResults/a3-ef-registration-first.trx	evidence_trx	167251	F917C91FD7E05EBD5BC3A894D2C5FB84F2A0314B8CFBBDB0D42AC259ED829CB6
server	tests/TagEkyc.IntegrationTests/TestResults/a3-host-activated-diagnostic-v2.trx	evidence_trx	9295	59340F03A583C74F86E89DF384D8C8376C2E29023EBDC7BEFD0E645C0F4875E6
server	tests/TagEkyc.IntegrationTests/TestResults/a3-host-activated-diagnostic.trx	evidence_trx	14959	F95BE28D827E7658664FF707D2869B9572E439507E3A11CF8AD3392DE89DCA98
server	tests/TagEkyc.IntegrationTests/TestResults/a3-host-graph-final-v2.trx	evidence_trx	7541	8B5B9CDE622FE4D0B88FD08074C5545AF6622B2A2A1FFDF99B0EBA0CACC06BEC
server	tests/TagEkyc.IntegrationTests/TestResults/a3-host-graph-registration-red.trx	evidence_trx	5603	BF27791C575D93C8AF1D5416F567E0DC4161A8C1DD6396BBCA37CEA5DF6FAFF6
server	tests/TagEkyc.IntegrationTests/TestResults/a3-p01-auth-prebody-focused.trx	evidence_trx	20312	5D7A29BD3CE19554ACDB1F057D8272013CA2001D4B26E6BC38DFD5D5D8B35EEE
server	tests/TagEkyc.IntegrationTests/TestResults/a3-p06-r2-excess-focused.trx	evidence_trx	4593	4B0EDA394A4010B88F08D73D53569799D26916092F42757119DED43812F7364B
server	tests/TagEkyc.IntegrationTests/TestResults/a3-p07-boundary-baseline-red.trx	evidence_trx	10530	E66F8B0926D87D9C7C30306A59B998A8222D20A7DDF4D51A0775130F240F7AEA
server	tests/TagEkyc.IntegrationTests/TestResults/a3-p07-boundary-corrected-green.trx	evidence_trx	7696	DBF0D5273974B7174EF71C0E1DE15E0632142ADDFB57B5BD71F8FFB64E7D2826
server	tests/TagEkyc.IntegrationTests/TestResults/a3-p07-boundary-restored-green.trx	evidence_trx	7696	82F0795DE4C7A45FA026E498F120599FED3D53EE351F7B3FEAAFD59BA4D8B9D7
server	tests/TagEkyc.IntegrationTests/TestResults/a3-p07-strict-comparator-mutant-red.trx	evidence_trx	10530	F2BCB9B4679F9A39610E5863B0858EDA9C730DEF28276FF420DE957E3CA6EE1C
server	tests/TagEkyc.IntegrationTests/TestResults/a3-p08-capacity-final-focused.trx	evidence_trx	4508	7FAFBDAA338781AA9682924FE0C26424FFF64DB675B158A9D2D4E92C05CC22A9
server	tests/TagEkyc.IntegrationTests/TestResults/a3-p08-capacity-guard-red.trx	evidence_trx	4992	EA41B0F7FAB60E9C928679270F361881CA81CF040C7EBEF46696A6074E62E8AA
server	tests/TagEkyc.IntegrationTests/TestResults/a3-p08-capacity-restored-green.trx	evidence_trx	4472	19ED0749435A120802756004CD98EA113B5ED47543047ED345477F73673DFE48
server	tests/TagEkyc.IntegrationTests/TestResults/a3-p09-final-restored-green.trx	evidence_trx	131543	2C962A3B3CAAF1B9F6223F9A925207240D3A119A9EA131EAC1347BF155205A73
server	tests/TagEkyc.IntegrationTests/TestResults/a3-p09-mutant-restored-green-v2.trx	evidence_trx	10487	E236DA18148DFE82E5E4A879895BBD31B5A26B127DCF62F901E5403EB7523232
server	tests/TagEkyc.IntegrationTests/TestResults/a3-p09-mutant-targeted-red-v2.trx	evidence_trx	26904	4F4FE8D0025F794E7A158D35F8E62B2043F0EFB5474ABABDAD016B16E2472CD4
server	tests/TagEkyc.IntegrationTests/TestResults/a3-p09-projection-mutant-red.trx	evidence_trx	47471	309D17B070A0271BC68244F546948149444877223EA00F805AC242D9740863B3
server	tests/TagEkyc.IntegrationTests/TestResults/a3-p09-real-broker-facade-focused.trx	evidence_trx	10487	60270CB7C46B4652942DEC45136DEC1FCE6853D537B592943B4158FBA40D2A3A
server	tests/TagEkyc.IntegrationTests/TestResults/a3-p09-restored-environment-check.trx	evidence_trx	26904	3D5429BC7E0ED79E1AA91B9B46E1A6F9FD9B1E67B19958B68B4F08340F8E2235
server	tests/TagEkyc.IntegrationTests/TestResults/a3-p10-real-evaluation-focused.trx	evidence_trx	3107	4A0CF720B6BD02C79898175DC53BEA763EB68A5B6809700F459C18519A880004
server	tests/TagEkyc.IntegrationTests/TestResults/a3-p15-tombstone-residue-focused-v2.trx	evidence_trx	10487	A960E756C63A3C490FC79B57623FEFA010F81172CD2533548D3F1F019A8AEB24
server	tests/TagEkyc.IntegrationTests/TestResults/a3-p15-tombstone-residue-focused.trx	evidence_trx	47471	DBD4FDC19C5FD8BA12D1A0361BEB049CDC5CE6C9B47E6029B4D3867102C28602
server	tests/TagEkyc.IntegrationTests/TestResults/a3-p15-tombstone-sql-red.trx	evidence_trx	22869	FF4D963CB216AE1279503E12B827A55AAEA807D76FF27C285A4B93D49984FC5E
server	tests/TagEkyc.IntegrationTests/TestResults/a3-p15-tombstone-sql-restored.trx	evidence_trx	10487	793F650D8A448D48C8B43CA1384CF4538BEBACD78C01F5073EC38A8272C459F4
server	tests/TagEkyc.IntegrationTests/TestResults/a3-p16-prelease-bypass-red.trx	evidence_trx	3107	281E40626949B460954F82F1E8779EA1F9D614D2E0BE7577BA8BF3D0E8DAF139
server	tests/TagEkyc.IntegrationTests/TestResults/a3-p16-prelease-final.trx	evidence_trx	3107	26E869FACD167167063A8ACE7F7E7E51CD67D6801A6A95B34752F2E619777F6F
server	tests/TagEkyc.IntegrationTests/TestResults/a3-p16-prelease-guard-red.trx	evidence_trx	5925	A9648F2698217597259391E4027BCAFE3B0D6F86522466131DCB6873DFD03B84
server	tests/TagEkyc.IntegrationTests/TestResults/a3-p16-prelease-restored.trx	evidence_trx	3107	ADE2CEA0339CDB73A42C4671C7464B522B96682113A94682971F80D70615A532
server	tests/TagEkyc.IntegrationTests/TestResults/a3-p16-state-gate-red-v2.trx	evidence_trx	12247	D0ECF78F2C25E70D78F5E5C97841FE868ADE804A91272D5655393287F88E306B
server	tests/TagEkyc.IntegrationTests/TestResults/a3-p16-state-gate-red.trx	evidence_trx	5703	1855810D9AD6AD07C5E362AAC0DBCC6DB4F5B2E07A6B6653D73CF19735ED6D91
server	tests/TagEkyc.IntegrationTests/TestResults/a3-p16-state-gate-restored.trx	evidence_trx	3107	1BC16EA150026FABB872F96257C7E9837064D852F33EEDA0D8EC93CA5FF15949
server	tests/TagEkyc.IntegrationTests/TestResults/a3-p25-expanded-restored.trx	evidence_trx	3095	62711401166A8FA7BD97AA28C6CB6555081A7458163ED1BDD9336E0222A3CDE6
server	tests/TagEkyc.IntegrationTests/TestResults/a3-p25-invalid-capacity-expanded-green.trx	evidence_trx	3095	9497C2AC1FAE9C949882957917C3AA3181330449D361070227D6184E56C26279
server	tests/TagEkyc.IntegrationTests/TestResults/a3-p25-invalid-parser-red.trx	evidence_trx	7418	7965C7ADF22E8B71007F4B885598E57AB0C367CF495057C2C3F648AD4FE71F1B
server	tests/TagEkyc.IntegrationTests/TestResults/a3-p25-owner-window-red.trx	evidence_trx	7418	1207710BCD61C33782B3FD0FBD374B51537EA854EE75827A692D7DE255AB318D
server	tests/TagEkyc.IntegrationTests/TestResults/a3-p25-program-capacity-focused.trx	evidence_trx	4577	A3E81F24A895F5D63EAFA1B3D7257CA9E77382E8F02A41B9B37D4D07002DF35F
server	tests/TagEkyc.IntegrationTests/TestResults/a3-p25-relational-baseline-red.trx	evidence_trx	7418	7310E63DEF03381F2C94A45C4980D836D1AA533E7AAB5AA21D91B560760DC1F2
server	tests/TagEkyc.IntegrationTests/TestResults/a3-p25-relational-corrected-green.trx	evidence_trx	3095	2DEC99281E14C8E6335820558D6CFA6C8993C2516378EA2308FF0D25667CF733
server	tests/TagEkyc.IntegrationTests/TestResults/a3-p25-restored-focused.trx	evidence_trx	4577	AA7D7614B5096A90E68FB3E2126606A151905B555B3E7501540D2EA99B26090B
server	tests/TagEkyc.IntegrationTests/TestResults/a3-p25-zero-guard-red.trx	evidence_trx	6597	377B7C62A2B270CD27A267587F7C40DF441FB40F312362D2A2939728CDA030DA
server	tests/TagEkyc.IntegrationTests/TestResults/a3-p26-host-guard-red.trx	evidence_trx	4916	AE6902B2B97EB82BBA3C1F73A4505623BFECADA1034B256A999FDEAEE8258925
server	tests/TagEkyc.IntegrationTests/TestResults/a3-p26-host-restored-focused.trx	evidence_trx	4457	40CE82F6EC0DA0839D9E3BEA78B69C4D81E49430FB6CC14D36C5AA5C4BF832DD
server	tests/TagEkyc.IntegrationTests/TestResults/a3-p26-peer-guard-red.trx	evidence_trx	4916	CA1EBF28AF7742CB70CB2637EA196E1B53CD32CCD9E50C562198812911523286
server	tests/TagEkyc.IntegrationTests/TestResults/a3-p3-broker-claims-focused.trx	evidence_trx	6043	8A19D58E92557314C6379DF09AC122F9C5366C7129A131423202DDC2BDC4F941
server	tests/TagEkyc.IntegrationTests/TestResults/a3-p3-broker-claims-restored.trx	evidence_trx	6043	0F8AAC71095DB3CB94A0AA0F708549ED9AF2F931A0D9CAC60BC6B059FE126930
server	tests/TagEkyc.IntegrationTests/TestResults/a3-p3-mapper-focused.trx	evidence_trx	4433	EF243068DFCFBA3FFAECD557A4595EE4E295232088A9AB3065F2A3DE26DA737B
server	tests/TagEkyc.IntegrationTests/TestResults/a3-p3-o11-projection-red.trx	evidence_trx	25068	0370E520B0D7904D414FE58C1D20152FFD3BAA8B1AF381F460400AFE9417FBDF
server	tests/TagEkyc.IntegrationTests/TestResults/a3-p3-o11-projection-restored.trx	evidence_trx	10487	05DD9976B6BE2887BA23B5F72A31AA7F0215D6C0120E8D6EEEE5CA5618101D9D
server	tests/TagEkyc.IntegrationTests/TestResults/a3-p3-outcome-shape-red.trx	evidence_trx	13834	1F82262DB4AC6410910B68B7E05A3A15C24FFACFE6DE36E084C925029DF9A3F4
server	tests/TagEkyc.IntegrationTests/TestResults/a3-p3-real-projection-focused.trx	evidence_trx	10487	BFCF875E0D293E654234CEEB6F4022888DEE36276CC0CA453C029651A8F79F09
server	tests/TagEkyc.IntegrationTests/TestResults/a3-preflight-legacy-baseline.trx	evidence_trx	24730	9460193DDA3B6586B905AB791C633DF2C46443AE3697166A462899853C945499
server	tests/TagEkyc.IntegrationTests/TestResults/a3-preflight-v2-envelope-red.trx	evidence_trx	22301	D12AE05F13A9A900965E45BFF2C30CAA8022EBC78060E1B531BC1F8E7F92183A
server	tests/TagEkyc.IntegrationTests/TestResults/a3-preflight-v2-final.trx	evidence_trx	174003	84057D2465AA0A836452AF71BC743F4D14E5DB29C68460954E4842CE17E62666
server	tests/TagEkyc.IntegrationTests/TestResults/a3-preflight-v2-selector-red.trx	evidence_trx	21269	02D1009A1E6D5FB8CD6EC129254C8277143B23EF05955D986932F1283A2CE9F7
server	tests/TagEkyc.IntegrationTests/TestResults/a3-private-http-duplicate-red.trx	evidence_trx	14725	D8C62255402197742914C0DA2F2659ACADFC39E9B2A1677FD4B1772503345FBF
server	tests/TagEkyc.IntegrationTests/TestResults/a3-private-http-initial.trx	evidence_trx	11423	5C13AC8D545BED2A523B236FE40A6391279FA2D0D599160858D0DC642A894520
server	tests/TagEkyc.IntegrationTests/TestResults/a3-private-http-mutations-restored.trx	evidence_trx	11423	DE23B3666F20398E7352AC9B981C6E3AE62DBA2AE34EF389104B12BF82F2420D
server	tests/TagEkyc.IntegrationTests/TestResults/a3-private-http-peer-red.trx	evidence_trx	13298	600A165EB69D5F053D0A16CFB21844883F85919C43A2E8083F3AD60FB21B5C95
server	tests/TagEkyc.IntegrationTests/TestResults/a3-private-http-phase-red.trx	evidence_trx	14993	6D7EF2F2C8C87A8F196B69776EECFED0B523C3889700F17EFA31E45565F5E228
server	tests/TagEkyc.IntegrationTests/TestResults/a3-private-http-postgres-initial.trx	evidence_trx	43133	162EE9C702679227283B3353E5D9ECBE98189A19221FD9D42F88147D3252F110
server	tests/TagEkyc.IntegrationTests/TestResults/a3-private-http-postgres-restored.trx	evidence_trx	38105	29B17B915AA44A96D6C6220EA2D6F18D54BDFBD5966154378412209454C749E4
server	tests/TagEkyc.IntegrationTests/TestResults/a3-private-http-regression.trx	evidence_trx	277819	FB11B9972085B5F3FADDD36D820B1E99BF4953E0B7FC3D6C017E09DF817ECA8F
server	tests/TagEkyc.IntegrationTests/TestResults/a3-r1-r5-races-first.trx	evidence_trx	13881	63B2462CACE89855C424252ACE5741BC285DEEBC21DDFA28F6128EEFF6F0E9A5
server	tests/TagEkyc.IntegrationTests/TestResults/a3-r1-r5-restored-full.trx	evidence_trx	119879	42D38A05C2F51739F1E3DC5BFE6606006A9853B4879EE0C72AB668B2E00D8A73
server	tests/TagEkyc.IntegrationTests/TestResults/a3-r1-r5-shared-lock-red.trx	evidence_trx	60473	1093925A0BFE9FC5D375170E09D3AF3D0B5636CC44503DD209C2828F2CE0CDD9
server	tests/TagEkyc.IntegrationTests/TestResults/a3-r1-replay-fixed.trx	evidence_trx	12238	37DF5DB616D5D4BE097563F7EC7792B351911415B514C7FE95A8DD9AFB2AFB2F
server	tests/TagEkyc.IntegrationTests/TestResults/a3-r1-replay-red.trx	evidence_trx	13726	31C1FC1CCE52A8B6F8918D2B1F138657A8CCA11969C9D8E76B7985AD933D129E
server	tests/TagEkyc.IntegrationTests/TestResults/a3-r2-projection-r3-class.trx	evidence_trx	22721	263EF8F77D42FB5BED21A47BBB7B65DE6F4960C3FFCD7904685B2AF7F4BDB3D4
server	tests/TagEkyc.IntegrationTests/TestResults/a3-r2-projection-r301.trx	evidence_trx	3101	EBAB0F9E7C0AAACE46D4F1B96D74284264C5AC61CF89C76DDB5AAA1BE89CDA97
server	tests/TagEkyc.IntegrationTests/TestResults/a3-r2-projection-regression-169.trx	evidence_trx	256267	2703B94EC16E9AE33A48FB4ABD65E17D94E153B7411AC479509BBF798671617B
server	tests/TagEkyc.IntegrationTests/TestResults/a3-r2r6-bp11-early-available-red.trx	evidence_trx	10722	774144B17E62E0AB4B3A65848354F57BDC041B08F3F2048E6E9DEDA985A281B2
server	tests/TagEkyc.IntegrationTests/TestResults/a3-r2r6-bp11-http-r5-baseline.trx	evidence_trx	3047	4E255399E054E4C4E44BF4217DD05B6C125BBE0A7799CCE1C6609FD900B49111
server	tests/TagEkyc.IntegrationTests/TestResults/a3-r2r6-bp11-http-r5-restored.trx	evidence_trx	3047	8673F3C841A3D4992F0D2892D3DB3C57F66BC5620170BEE42C3A0859DFC6551F
server	tests/TagEkyc.IntegrationTests/TestResults/a3-r2r6-bp11-kestrel-final-source-red.trx	evidence_trx	11147	57DE71AAFE6C362BA9E9498A8F23B530F3FDBD0DEF5AD2A83AC7BC3D238984C0
server	tests/TagEkyc.IntegrationTests/TestResults/a3-r2r6-bp11-kestrel-r5-baseline.trx	evidence_trx	3472	54DCF90E13B4EDB81AE6C520414C7EE668619801B976BD287C9A6B6578851ED1
server	tests/TagEkyc.IntegrationTests/TestResults/a3-r2r6-bp11-kestrel-r5-red.trx	evidence_trx	11147	8CE3324D0ACA2102913BB41BE32338F99F57A54EF98D1A87A60D50097E9D1674
server	tests/TagEkyc.IntegrationTests/TestResults/a3-r2r6-bp11-kestrel-r5-restored.trx	evidence_trx	3472	4AE37013F70A2E64D71A740D25BE1D0CEFEC72806B1B06F48E5F2197050ADA3C
server	tests/TagEkyc.IntegrationTests/TestResults/a3-r2r6-bp11-p17-kestrel-baseline.trx	evidence_trx	12133	F4F9676290C52CD007505758EDFBEF73CB1DBF31F6ECB4A5EC6DDCE9F1B90B0E
server	tests/TagEkyc.IntegrationTests/TestResults/a3-r2r6-bp11-p17-kestrel-final-baseline.trx	evidence_trx	3472	F4519594F07AEE7453A70BD1DC51DE9CCA197E4E56BEA90512387DC22E5D234B
server	tests/TagEkyc.IntegrationTests/TestResults/a3-r2r6-bp11-p17-kestrel-final-restored.trx	evidence_trx	3472	9E1CCC04F55284DC836FF70DF30B4949B64DF6AE4DFD1DC13A063967A3184441
server	tests/TagEkyc.IntegrationTests/TestResults/a3-r2r6-bp11-p17-kestrel-server-read-baseline.trx	evidence_trx	3472	B73FA93EF44263A6FDB9FD2EA9BEE6B78892E8A9CC98A35ABC60CE2074BE7E30
server	tests/TagEkyc.IntegrationTests/TestResults/a3-r2r6-bp16-bp17-final-joined.trx	evidence_trx	8950	4F8E69AEC3032F5C0E8489EB3FB34F5302EC0A2741A88045A680939CA853B037
server	tests/TagEkyc.IntegrationTests/TestResults/a3-r2r6-bp16-bp17-ratified-sentinel.trx	evidence_trx	10445	1A134C64DA761D8444E283AB33E39DDD739181E402289DEBC37300DBC36FC9B5
server	tests/TagEkyc.IntegrationTests/TestResults/a3-r2r6-bp16-consumer-final-source-red.trx	evidence_trx	7501	90D030F61BF771C0F921BB23DA50BB3D28EB1737BCDFBA648AE3112E80D6F399
server	tests/TagEkyc.IntegrationTests/TestResults/a3-r2r6-bp16-consumer-red.trx	evidence_trx	7501	01FA1B5CD2D6BF0FE734376F1A8B8D99B74719E5E9CBBF78A7E3AD96CC13A497
server	tests/TagEkyc.IntegrationTests/TestResults/a3-r2r6-bp16-durable-verifier-baseline-v2.trx	evidence_trx	3059	B9BBD8B13C02DC03B0BE4FE914204D5D6BC5FE90D2B3E1C635A3D291FCE039C1
server	tests/TagEkyc.IntegrationTests/TestResults/a3-r2r6-bp16-processkill-cut0-restored.trx	evidence_trx	3132	701D5ED81FBA7ABF7B44CA57F917FFF5B618D2B52624C25F869175CF84E8E420
server	tests/TagEkyc.IntegrationTests/TestResults/a3-r2r6-bp16-selector-red.trx	evidence_trx	7533	CB5E2579A4E3FA37FD0673530C43D242E225061E9EEFB560F8329595BB5AB177
server	tests/TagEkyc.IntegrationTests/TestResults/a3-r2r6-bp16-verifier-restored-joined.trx	evidence_trx	4571	FBFE988F7B631FCEED73C4566D2E1F7D37510858AABEA7FB3D09E3CFA3C13E35
server	tests/TagEkyc.IntegrationTests/TestResults/a3-r2r6-bp17-ciphertext-baseline-v2.trx	evidence_trx	4497	9502CDC703EEEED6D3F1B42C32FACF2778BB005980706D2C7F897B989699C7A0
server	tests/TagEkyc.IntegrationTests/TestResults/a3-r2r6-bp17-ciphertext-baseline.trx	evidence_trx	14173	255C6D30D0614A683B143D1B3453F720CEBA8D86B854D5F2582D29CB2931B8F9
server	tests/TagEkyc.IntegrationTests/TestResults/a3-r2r6-bp17-ciphertext-cause-red.trx	evidence_trx	10024	E9510C017188B4B080895B7D0D8177ED6D3BAF7E399BC145F4D0FEAFA9AF7516
server	tests/TagEkyc.IntegrationTests/TestResults/a3-r2r6-bp18-bp21-final-joined.trx	evidence_trx	10445	9320941C3616CF69ACF41DB0DEE8D7E4C6140C32395138EDC3D4118B278B25F8
server	tests/TagEkyc.IntegrationTests/TestResults/a3-r2r6-bp21-four-evidence-final-source-red.trx	evidence_trx	37419	393D382B439CA26F55D4E5D0DF6D8AB1530819C0D61DF1FE236F397A6A7001F2
server	tests/TagEkyc.IntegrationTests/TestResults/a3-r2r6-bp21-four-evidence-red.trx	evidence_trx	37419	F568A3A384ED36753A8630808C29684CFE0B26540D6E611667D64BA6C1E784A6
server	tests/TagEkyc.IntegrationTests/TestResults/a3-r2r6-cluster-baseline-focused.trx	evidence_trx	16797	1FBA96EE7155F4D56D6F78590CBF48B6FC13BA11CCE68F93B624AFCF3F7AC375
server	tests/TagEkyc.IntegrationTests/TestResults/a3-r2r6-cluster-restored-joined-final-candidate.trx	evidence_trx	50859	57ACAFEA0BB576F25761250984EC4D5CA4755C1CA93E96531F1BCAC9E6B130BA
server	tests/TagEkyc.IntegrationTests/TestResults/a3-r2r6-cluster-restored-joined.trx	evidence_trx	19941	867A92F335CBE3BB002797FB96A0B33CE5057CA16061436B4052A0ECD87F1C9D
server	tests/TagEkyc.IntegrationTests/TestResults/a3-r2r6-down-guard-audit.trx	evidence_trx	3068	B7A6DB3F9942E90FC27144BFD9196019E6D750D918D0A4D3DAA35F6A9B11EFA9
server	tests/TagEkyc.IntegrationTests/TestResults/a3-r2r6-eight-scenario-phase-a-joined.trx	evidence_trx	21065	F30FC6C2F009D35B76A9EB6CC15F16554A5C6B129A7EE51D25DD4E8E468D761D
server	tests/TagEkyc.IntegrationTests/TestResults/a3-r2r6-gh-agent-replay-read-red.trx	evidence_trx	17440	9B50285D203843F317B70CA48ADAA039030E56541E54C837D790CC027389D9C2
server	tests/TagEkyc.IntegrationTests/TestResults/a3-r2r6-gp-agent-committed-red-v2.trx	evidence_trx	18297	379638B98B5BED58B6588A11FEC0A8604D39772136EB5064D0F8923DE929F0FA
server	tests/TagEkyc.IntegrationTests/TestResults/a3-r2r6-gp-agent-r5-red.trx	evidence_trx	4101	F77BA2BFBFE5E3C9AFA75B4AF4752380A8EEFA3EBFFAA05CE833FEF625954C34
server	tests/TagEkyc.IntegrationTests/TestResults/a3-r2r6-http-replay-baseline.trx	evidence_trx	4769	E4E26092B84D08EAC2EA23E5BEEB1364801FF561031046CE657AE7040C0A79EC
server	tests/TagEkyc.IntegrationTests/TestResults/a3-r2r6-nine-scenario-candidate-baseline.trx	evidence_trx	23909	6C51FA77E62B370199E11A1B203BF181C6050B39F15A6E44A799D54597FA95C5
server	tests/TagEkyc.IntegrationTests/TestResults/a3-r2r6-nps-evidence-baseline-v2.trx	evidence_trx	7583	0295FD5FE24AC4E1B62676ABA425C2D31B94159CA31AC814FC5CEB535827E45E
server	tests/TagEkyc.IntegrationTests/TestResults/a3-r2r6-nps-evidence-baseline.trx	evidence_trx	13182	36DCA0C3CD77B9DAA816FA86B24AF67DF09BEBA91F2DB4B947DCA1FD3960338E
server	tests/TagEkyc.IntegrationTests/TestResults/a3-r2r6-nps-evidence-disjunction-red.trx	evidence_trx	13075	2B1B2F0FA0437020AC8FE6CED26DAFE817664261E0437DDDD046C2044E83F81F
server	tests/TagEkyc.IntegrationTests/TestResults/a3-r2r6-o19-diagnostic.trx	evidence_trx	13363	6647063E8EF135E4FE583AF1C17871EDC2CCAC261AE4CBA4C5EDA1EF599BE41C
server	tests/TagEkyc.IntegrationTests/TestResults/a3-r2r6-o19-hash-diagnostic.trx	evidence_trx	4057	0C16C1BC7566F068885F6EDE07EC3C2AA81ED79EC70212FF42F62BA765071F6B
server	tests/TagEkyc.IntegrationTests/TestResults/a3-r2r6-o19-negative-family-baseline-v2.trx	evidence_trx	6596	60F2349F0F77147D4F96B50C83E7F51BB8B36F5D52DF4AA509ECEFE63A911DAA
server	tests/TagEkyc.IntegrationTests/TestResults/a3-r2r6-o19-negative-family-baseline-v3.trx	evidence_trx	3152	102C17482BC8119D941FF0D369F3C73FA7A885A2FAEC8108551A5DFAF3B0A990
server	tests/TagEkyc.IntegrationTests/TestResults/a3-r2r6-o19-negative-family-baseline.trx	evidence_trx	6514	B29276F41B5D815683B2A322C057CE582D6DCF99D4FE97C47CC807D2CBC18D56
server	tests/TagEkyc.IntegrationTests/TestResults/a3-r2r6-o19-notarmed-baseline-v2.trx	evidence_trx	3083	793F1AB541F8B0FF252E6EA63345DE7AD9D27A63698068C4E641009E64F0E294
server	tests/TagEkyc.IntegrationTests/TestResults/a3-r2r6-o19-notarmed-baseline.trx	evidence_trx	7280	0874C19781B2150F9DECCFD6FA5B3EB3F5D4C321F8ABD6F778BE26287F9100F2
server	tests/TagEkyc.IntegrationTests/TestResults/a3-r2r6-o19-notarmed-guard-red.trx	evidence_trx	7346	A49881CEF1A3315F07613753317AD940E9226CF7064869D33B53A1D6B533D1E8
server	tests/TagEkyc.IntegrationTests/TestResults/a3-r2r6-o19-ratified-sentinels.trx	evidence_trx	16797	B1B92174A37FB6B7B89DDCA74D941BD8EE29BA17A961EF58762BF59595EB5BDE
server	tests/TagEkyc.IntegrationTests/TestResults/a3-r2r6-o19-restored-joined.trx	evidence_trx	12553	8907756FB7A201A2360D313757C4FD317A1B6CA5957A6B8064BFAA1889C9A910
server	tests/TagEkyc.IntegrationTests/TestResults/a3-r2r6-o19-wrong-cause-baseline.trx	evidence_trx	3098	4D6C73E90DDEFCD83ADB785E85209AB76AB8E74AB5308701A39F129C4D0D6697
server	tests/TagEkyc.IntegrationTests/TestResults/a3-r2r6-o19-wrong-cause-guard-red.trx	evidence_trx	9019	EC40D37DBD218ADB1DEDA46F8FD4137642C1E98EF2F767F0C0EACDFF7F5058A8
server	tests/TagEkyc.IntegrationTests/TestResults/a3-r2r6-p17-agent-kestrel-diagnostic-v2.trx	evidence_trx	11146	684D66E2A94988F07E126E553D43C68D2ECB8FD71FBD826A2C80B5DAAD331E60
server	tests/TagEkyc.IntegrationTests/TestResults/a3-r2r6-p17-agent-kestrel-diagnostic-v3.trx	evidence_trx	16034	F1722EAA062D47332438AFCC67D23E3DCA88804E9DCA8CA18C9D9F2C35DBD007
server	tests/TagEkyc.IntegrationTests/TestResults/a3-r2r6-p17-agent-kestrel-diagnostic-v4.trx	evidence_trx	16034	5527A12332152DB3A7DB29014936BD53E7F70EFAAD9E41E0F0776ED114925BE4
server	tests/TagEkyc.IntegrationTests/TestResults/a3-r2r6-p17-agent-kestrel-diagnostic-v5.trx	evidence_trx	16034	B2591ABE20BF1606E435264F28C9474A93A58B769FE3288C269ED2319B8B8F05
server	tests/TagEkyc.IntegrationTests/TestResults/a3-r2r6-p17-agent-kestrel-diagnostic-v6.trx	evidence_trx	16034	9EC1D7946FE992A237E95C843928B89132AFA31DEFE23C2F5FEAC8BE57553076
server	tests/TagEkyc.IntegrationTests/TestResults/a3-r2r6-p17-kestrel-server-read-red.trx	evidence_trx	12133	1B4F7542DE5CD4FE7B70B234C1322550750D06EE6A80BA4B22F6C20FEA115A39
server	tests/TagEkyc.IntegrationTests/TestResults/a3-r2r6-phase-c-positive-v2.trx	evidence_trx	21868	6BB13E847861F924002DC6A4377934C2A6283B74787C10450063EA4950259C5D
server	tests/TagEkyc.IntegrationTests/TestResults/a3-r2r6-phase-c-positive.trx	evidence_trx	22138	726067569F394CDB57C993C0723B29D4582D3B473C92214395B90B0C5D745DB3
server	tests/TagEkyc.IntegrationTests/TestResults/a3-r2r6-positive-absence-correction-check.trx	evidence_trx	16288	DD9A632EFA2F1ECBCE26A5D8B332D275767EA4CFE41A23EA8D0FBE0A5C6F8598
server	tests/TagEkyc.IntegrationTests/TestResults/a3-r2r6-positive-absence-correction-v2.trx	evidence_trx	8179	C704FEDDBED572E1CAA1F5C7099F7E4B6DD9273D0B520518D4BE7BE817888B91
server	tests/TagEkyc.IntegrationTests/TestResults/a3-r2r6-positive-absence-shared-baseline.trx	evidence_trx	12553	98546CF6B995EE00A4F74E9B2DF78684288DEAC1E6C0F17A5B76C3E15F23E5E3
server	tests/TagEkyc.IntegrationTests/TestResults/a3-r2r6-re01-mechanism-phase-a-joined.trx	evidence_trx	10430	E33BC4BF9F67F8C8057EBF89B89C15BB0E86D8E5397A791DE6CF7B0B4FD64CFC
server	tests/TagEkyc.IntegrationTests/TestResults/a3-r2r6-replay-body-read-final-source-red.trx	evidence_trx	21545	9DC6A612A2B8255930A1FFD07EF64F8CBC6B99158075871C36020BF925125FFA
server	tests/TagEkyc.IntegrationTests/TestResults/a3-r2r6-replay-body-read-red.trx	evidence_trx	21545	6AA65D2787B2C6580065CCD42590558AF53DDE79996B714B050977C721E0A32E
server	tests/TagEkyc.IntegrationTests/TestResults/a3-r2r6-response-loss-diagnostic.trx	evidence_trx	1946	90DC775A2943C35DE00BAFC4794BE0E517869BAB15EB10F357A86B595786CBFC
server	tests/TagEkyc.IntegrationTests/TestResults/a3-r2r6-seven-scenario-phase-a-joined.trx	evidence_trx	18285	278A7D598318FA93C12E51A0A7E4CE512C6DFCACF8A068C0A4A9889067E7B469
server	tests/TagEkyc.IntegrationTests/TestResults/a3-r2r6-shared-tls-devcert-diagnostic.trx	evidence_trx	3750	E0409EA219D1B844AA5B79E449AE6709DD5F6EF96102842C4D915AC26BA37171
server	tests/TagEkyc.IntegrationTests/TestResults/a3-r2r6-shared-tls-diagnostic-v2.trx	evidence_trx	9733	6D225B82A00B5813F7E81FCCC6A1F95B85C7C97B8A077FBB36FB3ACCBB68F551
server	tests/TagEkyc.IntegrationTests/TestResults/a3-r2r6-shared-tls-final-positive.trx	evidence_trx	3750	E908D45FFA78D9402A83C6DD3C2FE5D43334FE1FF88B8054D29E307D959D0CE2
server	tests/TagEkyc.IntegrationTests/TestResults/a3-r2r6-shared-tls-positive-control.trx	evidence_trx	9733	59E8C37A5966754F4F220FA5B1C7BF3B04BECEFAED0BB8160FB8AA751997ECBA
server	tests/TagEkyc.IntegrationTests/TestResults/a3-r2r6-terminal-unknown-object-correction-check.trx	evidence_trx	11077	71CC15FEAB0F8926C7EF8A8787D5A95E1CFFEFA486AC31D0E63D012B4C96FE2D
server	tests/TagEkyc.IntegrationTests/TestResults/a3-r2r6-terminal-unknown-object-diagnostic-v2.trx	evidence_trx	11101	33292656E359529017FDDEDC79FB62242731E0478808144360C79F356CB13EA8
server	tests/TagEkyc.IntegrationTests/TestResults/a3-r2r6-th1-agent-r5-phase-a.trx	evidence_trx	4101	2642950383728D39294B06757F3984771C415C020BA00BD3EA03EE13D5C47E70
server	tests/TagEkyc.IntegrationTests/TestResults/a3-r2r6-th10-stage-catalogue-phase-a.trx	evidence_trx	3071	6E8867D753660A64D588A603509B5FA3062F1EF5537A29AB2A08F93A6F606627
server	tests/TagEkyc.IntegrationTests/TestResults/a3-r2r6-th3-cancel-at-committed-phase-a-v2.trx	evidence_trx	3955	414EE636905ABB302C811511AF02D978B16B851620C36C9B418535C28828DFEE
server	tests/TagEkyc.IntegrationTests/TestResults/a3-r2r6-th3-cancel-at-committed-phase-a-v3.trx	evidence_trx	3955	B25F1B960A11247D9F408E54D117995BC43B3021316A9EE9020BCC7DCF571FD9
server	tests/TagEkyc.IntegrationTests/TestResults/a3-r2r6-th3-cancel-at-committed-phase-a.trx	evidence_trx	14788	A36088D24FB43E1F60C601B6227079934F6BAFCB0047C3D88AE89A9D1FF23ABE
server	tests/TagEkyc.IntegrationTests/TestResults/a3-r2r6-th4-th9-retry-phase-a.trx	evidence_trx	4005	F3BF7D6DED08B54456710EBA23D0A47FD2F627806C99663B7478BB9386E58D51
server	tests/TagEkyc.IntegrationTests/TestResults/a3-r2r6-th6-o20-replay-http-phase-a.trx	evidence_trx	4005	7592508B35331F09E1141CD5434BCCAD43CB1125AEE34798B59EEE9FB44AAD96
server	tests/TagEkyc.IntegrationTests/TestResults/a3-r2r6-th6-tampered-ciphertext-http-phase-a.trx	evidence_trx	4005	9950247F5E9C921DEA30311F9BAF4085896D12EE0ACD2C52C9FADDD18A008E3C
server	tests/TagEkyc.IntegrationTests/TestResults/a3-r2r6-th7-entry-gate-diagnostic.trx	evidence_trx	31589	0B30A78D1525CA7FFD5966F2C1A97D74D85079855D31CC6198882A5D672F357C
server	tests/TagEkyc.IntegrationTests/TestResults/a3-r2r6-th7-extended-horizon-diagnostic.trx	evidence_trx	15356	F07B67A2EA85EB9FDC0228E57795D05EA0B5182BB1AA518656C0336384B664AE
server	tests/TagEkyc.IntegrationTests/TestResults/a3-r2r6-th7-long-margin-diagnostic.trx	evidence_trx	15356	1ED5B1EF3758CB8521CC206ECDD2FD3BA97E3D27D4F361AF66C0A0C4CBBEA905
server	tests/TagEkyc.IntegrationTests/TestResults/a3-r2r6-th7-publication-insert-diagnostic.trx	evidence_trx	15298	4422402E4378028089203FBBA5FEEC74BC89C72FFF87E2CF19597D43F36A87AD
server	tests/TagEkyc.IntegrationTests/TestResults/a3-r2r6-th7-quay-entry-gate-diagnostic.trx	evidence_trx	10528	5C025344D58C11732C2FA845FDE82D7CC24E5AEFFD1F25AF068EF2AA827788E7
server	tests/TagEkyc.IntegrationTests/TestResults/a3-r2r6-th7-quay-fixture-sentinels.trx	evidence_trx	4559	6D32C1CACEF160CBFE491653827EB820D9A61C02ADBE786B05CF8BCC9E8B806D
server	tests/TagEkyc.IntegrationTests/TestResults/a3-r2r6-th7-quay-hardened-focused.trx	evidence_trx	10525	C492B3FFDF404DBD75B953AA65A487699752F7E6D817F2E44A2FB2D889873902
server	tests/TagEkyc.IntegrationTests/TestResults/a3-r2r6-th7-quay-restored-four-scenario.trx	evidence_trx	10525	149F985C270F6A97A4C70F95836F21FA8B2DEB97165C984B6E85400B3272CD32
server	tests/TagEkyc.IntegrationTests/TestResults/a3-r2r6-th7-restored-three-scenario.trx	evidence_trx	8179	95478F946C1368A40F40BCF005639EC0DCD029630484651F8A22F12E3A02C887
server	tests/TagEkyc.IntegrationTests/TestResults/a3-r2r6-th7-same-source-diagnostic.trx	evidence_trx	17098	9F905A0455A0CFBDAAA7233BB7D0F763E2916F192FBDE597F5F25893F8A949D7
server	tests/TagEkyc.IntegrationTests/TestResults/a3-r2r6-th7-skip-cleanup-red.trx	evidence_trx	13403	44DC0101C3EA6A647E6D4B04F1B44F559A5D93B8E99ED326FC730C1E969FE175
server	tests/TagEkyc.IntegrationTests/TestResults/a3-r2r6-th8-agent-reentry-phase-a.trx	evidence_trx	4055	FD18901D97C98AD07C5025E370F6343039773A2855159D3DE18BDCB74C2DE8B5
server	tests/TagEkyc.IntegrationTests/TestResults/a3-r2r6-th8-successor-r2r5-phase-a-v2.trx	evidence_trx	3128	3163A770FDFD3F4D3801FFFCBF9160868BEF93E3F3CC11DDFC9DB46FAB2AF2F6
server	tests/TagEkyc.IntegrationTests/TestResults/a3-r2r6-th8-successor-r2r5-phase-a.trx	evidence_trx	6417	CEA397C9948635CBB9673201F4A3B9CF0F0C10F403923C5194156D791CFC6E1A
server	tests/TagEkyc.IntegrationTests/TestResults/a3-r2r6-th9-encryption-failure-phase-a-v2.trx	evidence_trx	3903	54DA7B0C9BEF999BAA12A22223C69321FF3FDDFD372E09640F1F54160BDFD6D9
server	tests/TagEkyc.IntegrationTests/TestResults/a3-r2r6-th9-encryption-failure-phase-a.trx	evidence_trx	23048	48DA3D6523010243D26189205D89120E0E6B608B7F8467E6C282B59053FA274E
server	tests/TagEkyc.IntegrationTests/TestResults/a3-r2r6-th9-encryption-failure-wire-phase-a-v2.trx	evidence_trx	3903	48E0615873918153E779651A4E9952F4DCBF5B6D6A2D834C7E7B9F766FEB218E
server	tests/TagEkyc.IntegrationTests/TestResults/a3-r2r6-th9-encryption-reconciliation-phase-a.trx	evidence_trx	3903	C776E04AA40DD3AD6775E396DFF34DE310B935640C49D39A26E06C12A2D9FB35
server	tests/TagEkyc.IntegrationTests/TestResults/a3-r2r6-ti-r3-baseline.trx	evidence_trx	4487	CC0F57D0670EF0D19BC5CAB8DCDDE55C35D6A0AE22A11915760E043A921DB1E7
server	tests/TagEkyc.IntegrationTests/TestResults/a3-r2r6-ti-r3-final-baseline.trx	evidence_trx	4487	D777B76D1C7B35A81C3B126392F14DF5841068CC2F2713A021DBA10BE186AFE3
server	tests/TagEkyc.IntegrationTests/TestResults/a3-r2r6-ti-r3-final-guard-red.trx	evidence_trx	16651	A33808B13806F78A4E622B4EAA9CD818B88BA648C164701C66E4590A29DB953A
server	tests/TagEkyc.IntegrationTests/TestResults/a3-r2r6-ti-r3-final-restored-joined-v2.trx	evidence_trx	9100	E5BECA0E20A12FA4EA3BCD57471D0A17E61FD798105325D3CBD6749806DCDCE4
server	tests/TagEkyc.IntegrationTests/TestResults/a3-r2r6-ti-r3-final-restored-joined.trx	evidence_trx	39975	EECA94235DF240FC7693F259B694E9466687F28D1295CE92E2467BC3E82C5914
server	tests/TagEkyc.IntegrationTests/TestResults/a3-r2r6-ti-r3-guard-red.trx	evidence_trx	16651	F4C78DB0462FC34302D8C67F297156FA5637F8B7CE2BF5A0D078F2EB6E66CD20
server	tests/TagEkyc.IntegrationTests/TestResults/a3-r2r6-ti-r3-restored-green.trx	evidence_trx	4487	C50ACCE8027BCD6FC47A5F63C19D10334C1EDEB051393B4996D9D01D8B973054
server	tests/TagEkyc.IntegrationTests/TestResults/a3-r2r6-transport-candidate-focused.trx	evidence_trx	8046	706416B6485477095B02B7FD61FBEB19D37D7DE7CFC5233709EB94F8CC8ED211
server	tests/TagEkyc.IntegrationTests/TestResults/a3-r2r6-transport-candidate-joined-baseline.trx	evidence_trx	14724	924B8779600C0D4C23BBC0E7077BD125EFB0FBAB15DB460DECB55970E401DBC2
server	tests/TagEkyc.IntegrationTests/TestResults/a3-r2r6-transport-three-scenario-diagnostic.trx	evidence_trx	8179	E8511F9712D8A3B70DB72FECE6B159122F08CDF43058F14F73BA791FAABCA414
server	tests/TagEkyc.IntegrationTests/TestResults/a3-readiness-fixture-corrected-final-joined.trx	evidence_trx	10502	5B8BF02887A199D4BEBA8C320CDD5EDAA256D232C9B4578F952584003D14EB35
server	tests/TagEkyc.IntegrationTests/TestResults/a3-readiness-fixture-corrected-focused-green.trx	evidence_trx	4571	6C2EF71DC87DDE28BC95CA40B5199BC497BFD39A67E95E04C23D6DBAF15375BB
server	tests/TagEkyc.IntegrationTests/TestResults/a3-readiness-fixture-p24-timebounds-red.trx	evidence_trx	6625	62EEE0A65233FA8BBD85969B1322481FEB79856E826D8055E3631CBB563840F0
server	tests/TagEkyc.IntegrationTests/TestResults/a3-readiness-fixture-p25-upper-red.trx	evidence_trx	7418	ECB11F6F2C58FD4C1DF6317696B5B97F6258208D3DF4FDC50BF833BB9B6E3433
server	tests/TagEkyc.IntegrationTests/TestResults/a3-readiness-p24-activated-baseline-red.trx	evidence_trx	6625	813288DDB4901555874FD2B7D9F900D6A38C46DF26B1BE1E87E10BE8908EBF51
server	tests/TagEkyc.IntegrationTests/TestResults/a3-readiness-p24-p25-host-joined-green.trx	evidence_trx	10502	E99132C23A5AA18B875514B90BC7D22CBFEF8FFEC09ADD232A82EFD37788A2AB
server	tests/TagEkyc.IntegrationTests/TestResults/a3-readiness-p24-p25-restored-focused.trx	evidence_trx	4571	C8E761895A0A1FC27B37943E77A78CB57409C549024C697ABC2480B866ED18C6
server	tests/TagEkyc.IntegrationTests/TestResults/a3-readiness-p24-timebounds-guard-red.trx	evidence_trx	6625	F5BDC4E983BCC7558137DADAF0EC05025E21079900EFF625DDD96EB1D3AF7A3E
server	tests/TagEkyc.IntegrationTests/TestResults/a3-readiness-p25-p26-final-joined.trx	evidence_trx	12111	9D6E1BB67B8144E16ADCAD2FDCD7A81C2C830D47955E46DCDC007CC72199021B
server	tests/TagEkyc.IntegrationTests/TestResults/a3-readiness-p25-p26-restored-joined.trx	evidence_trx	5927	3E25737CDB4B8A4CFC1E48710EF5F5FA6DD4F3775C9D7251C4070EA7F2434620
server	tests/TagEkyc.IntegrationTests/TestResults/a3-readiness-p25-upper-baseline-red.trx	evidence_trx	7418	9C906801F995419465BFA85AFE0117B2E35FBCF19C5C7E3D9F1472726A44D657
server	tests/TagEkyc.IntegrationTests/TestResults/a3-readiness-p25-upper-corrected-green.trx	evidence_trx	3095	910C27B2FBE9D0EE5F95AB3A8252624D5DCB5ADD73D748E6D3DCEF22A720EB76
server	tests/TagEkyc.IntegrationTests/TestResults/a3-retained-stage-second.trx	evidence_trx	10799	C5F8433F5F5925C3E688B1870109E960A7773938AD95E2C25537992E25736F9F
server	tests/TagEkyc.IntegrationTests/TestResults/a3-round2-r25-crossrepo-optin-v2.trx	evidence_trx	3113	D0118954B49150ADA03C256278600D98CAAA2D39DD9101D416E9C7F33892A16C
server	tests/TagEkyc.IntegrationTests/TestResults/a3-round4-r25-crossrepo-final-v2.trx	evidence_trx	3113	7909F519D4409F26BECB70AF2EF66094973F6F76F0C789812D3CCE8BAD344F38
server	tests/TagEkyc.IntegrationTests/TestResults/a3-round6-s02-excluded-const-only-green.trx	evidence_trx	3011	91F28BC15DE74BB8DB8EDBFE15EA0CAF4BDAC29F3618C4CF611C6B1506B10E99
server	tests/TagEkyc.IntegrationTests/TestResults/a3-round6-s02-excluded-const-only-red.trx	evidence_trx	4367	0C9118F39F948C252B58DAA7D1B30A69A12E832B44D459505AC994AB9A2CE573
server	tests/TagEkyc.IntegrationTests/TestResults/a3-round6-s02-excluded-enum-const-green.trx	evidence_trx	3011	1173900709AAAF34AFE1E2B3D969A4993004B7934B69511A055CC163A0A9232F
server	tests/TagEkyc.IntegrationTests/TestResults/a3-round6-s02-excluded-enum-const-red.trx	evidence_trx	4367	E850D0F4DCA8CAFEA15E11AF7EE5A5E6C73403EBB5968046C7C9A1BF1BB5BC25
server	tests/TagEkyc.IntegrationTests/TestResults/a3-round6-s02-final-state-green.trx	evidence_trx	3011	414A07E292F8B8F32357C969F5EC74B01DA59F2AB46702CBEF2E549B423BE367
server	tests/TagEkyc.IntegrationTests/TestResults/a3-round6-s02-omission-green.trx	evidence_trx	3011	A3C2AACAEEF560523AC7E82756B8E4740E72EB55EA065F34ADDE29389FA9AC55
server	tests/TagEkyc.IntegrationTests/TestResults/a3-round6-s02-omission-red.trx	evidence_trx	4367	7D7A6EC58E1B413D8B75FD9A746C6FEB3C814E18B7AC20FE169DA7A762DFCCD2
server	tests/TagEkyc.IntegrationTests/TestResults/a3-round7-s02-excluded-value-green.trx	evidence_trx	3011	3490F68DD198326D7F464C163CB67D9B8D31B7280BC5121DE3AAEBC023676934
server	tests/TagEkyc.IntegrationTests/TestResults/a3-round7-s02-excluded-value-red.trx	evidence_trx	5815	27BB06D4F33A73C7622461524AE799E16D30B0A1E0F0D898D8788C91041F42E7
server	tests/TagEkyc.IntegrationTests/TestResults/a3-round7-s02-http-status-green.trx	evidence_trx	3011	E692C0D4A7E4EEFB2A7248E9D01831BC1E4139123DDEE180247C46201BDFB2FA
server	tests/TagEkyc.IntegrationTests/TestResults/a3-round7-s02-http-status-red.trx	evidence_trx	4371	FE164EC79B5A54AD6210185A478B0AC30EF1139942F937BDF7D87E9EAC2F72D4
server	tests/TagEkyc.IntegrationTests/TestResults/a3-s02-agent-extra-field-red.trx	evidence_trx	5809	A046C6A7486D752B37953A8E2354526BB1F98CB7CB7877E4A9B1CD5017D8E7E5
server	tests/TagEkyc.IntegrationTests/TestResults/a3-s02-all14-focused-v3.trx	evidence_trx	23858	0DA7255E514A40C6135E4C6FE1074801A904041A6BEFF2672A4A2E1AE0061AB1
server	tests/TagEkyc.IntegrationTests/TestResults/a3-s02-all14-focused.trx	evidence_trx	1909	93D29C02299F8CEC11712CC23BEA91FD7F82F248D024B3EB364EB60FDC21275A
server	tests/TagEkyc.IntegrationTests/TestResults/a3-s02-all14-joined-final-v2.trx	evidence_trx	99176	D2C7A8618D4B998C7ABEBF7394000084DDB6CCD32F73C30F822BB8254ED6974B
server	tests/TagEkyc.IntegrationTests/TestResults/a3-s02-all14-o23-red.trx	evidence_trx	25999	DD2013FB54B84FE8DAB2C57F69D66AD009FBB327FB515772F6C16A86B08B1348
server	tests/TagEkyc.IntegrationTests/TestResults/a3-s02-all21-malformed-agent-focused.trx	evidence_trx	37319	EFECC14EBF51AF375D4D696A192A1D5A867378DB6E67E99B4617F14F11F39248
server	tests/TagEkyc.IntegrationTests/TestResults/a3-s02-all21-omission-red.trx	evidence_trx	5663	C5B67C92B691B9A7FDBB5B86A609762F21A6EAA65CE7AF8E4A25083CC54409AD
server	tests/TagEkyc.IntegrationTests/TestResults/a3-s02-owner-mapper-code-red.trx	evidence_trx	4789	93134CE74608D10D41F33E243B860D86F215E0954AA4472D6A15A0D159F3BA47
server	tests/TagEkyc.IntegrationTests/TestResults/a3-s02-owner-mapper-duplicate-red.trx	evidence_trx	5177	BAAB9EC029C3960F44CC44C1B4658CFA528F4B473D7E1B5DF50B5248D1B26700
server	tests/TagEkyc.IntegrationTests/TestResults/a3-s02-owner-mapper-final-v2.trx	evidence_trx	3011	AABB841785938F79A39BE2F86FFDD52D448B0D7292BFE342BBF169F6B59B3BC7
server	tests/TagEkyc.IntegrationTests/TestResults/a3-s02-owner-mapper-restored-green.trx	evidence_trx	3011	A7E5ECB88ECC2C80F31283D42A3F6DB227093628BE0A231EF53F1C438F7F8857
server	tests/TagEkyc.IntegrationTests/TestResults/a3-s02-owner-mapper-v3.trx	evidence_trx	3011	B62B8EAF482F1D56F88809AE45B84BC858E1FC5DD7978D1D2F26A546831D0D1D
server	tests/TagEkyc.IntegrationTests/TestResults/a3-s02-server-agent-all21-focused.trx	evidence_trx	37004	6C5765649054988CF5515A4B1986AD9A7582503296E24170B2CC88CDC65E9B4A
server	tests/TagEkyc.IntegrationTests/TestResults/a3-s02-server-agent-ledger-final-restored.trx	evidence_trx	41255	EA4F6760F4630BC11B2C15AFEB67DE15B474A3CD2A14A3CB8A64ADDE1BCBBD68
server	tests/TagEkyc.IntegrationTests/TestResults/a3-s02-server-agent-shape-final.trx	evidence_trx	76946	00A0C3047D51C7C544CF9FD329F6FC6B8A53E38380D6D15BF75903D985E3DCC5
server	tests/TagEkyc.IntegrationTests/TestResults/a3-s02-server-agent-status-red.trx	evidence_trx	6272	3DF44D646211788789B94CB076E5CADE21CB5483FD16161CE28FFAE52CF57532
server	tests/TagEkyc.IntegrationTests/TestResults/a3-s02-server-shape-guard-green.trx	evidence_trx	3047	7FB01482543C2D8C9EC04B61C0723F9E78766312C05CE904D8279A35512309A9
server	tests/TagEkyc.IntegrationTests/TestResults/a3-s02-server-shape-guard-red.trx	evidence_trx	5200	197F6D236094E2C09EB62C563548319C4967EFCB24141C23B941911AAB66A644
server	tests/TagEkyc.IntegrationTests/TestResults/a3-s02-shape-and-ledger-final.trx	evidence_trx	4433	F6DF18EBF6CF7A5A61F2A19B39DB59452FE625D00E47EAF9651F65ACEFA91E19
server	tests/TagEkyc.IntegrationTests/TestResults/a3-snapshot-acl-mutation.trx	evidence_trx	11962	B59E3D2605FBE69D920A6F8CCDACFD24B852E59F5144378ABA446811E3025488
server	tests/TagEkyc.IntegrationTests/TestResults/a3-snapshot-clock-mutation.trx	evidence_trx	54776	4903D9D796E6A22751BD1366BA642247F50E9D8C4BEF8F9801811A74C0D80839
server	tests/TagEkyc.IntegrationTests/TestResults/a3-snapshot-guarded-roundtrip.trx	evidence_trx	8971	A1A49F7F13E9C9CB848012F10E7D09EC5CF3BBF42E59C2289248E80272457192
server	tests/TagEkyc.IntegrationTests/TestResults/a3-snapshot-head-mutation.trx	evidence_trx	13825	139339E5D3D8E7F300CB0876E6842631BE60E2594FB30980C4B9418CC1B8994C
server	tests/TagEkyc.IntegrationTests/TestResults/a3-snapshot-prefix-mutation.trx	evidence_trx	16774	E3E612248CF4CC6AD0A1356C07045706C72C70DF7D6B367C352DA8FF54C957DE
server	tests/TagEkyc.IntegrationTests/TestResults/a3-snapshot-rebind-e01-final.trx	evidence_trx	36052	46154C257B6AD53D956495D6B2790ADC563AC27E711F9A95F9C4D79ED4716B1A
server	tests/TagEkyc.IntegrationTests/TestResults/a3-snapshot-rebind-regression.trx	evidence_trx	278967	0E654322B91D0EFCA3625BEFAB7B7652C54E78F84E9F9EA01450EA26F4E23BFB
server	tests/TagEkyc.IntegrationTests/TestResults/a3-snapshot-rebind-three.trx	evidence_trx	6104	20FF5A0AE76F5154D7794EF8DE9F515B7D690D32AF2A1A2326EA240CBBBED3F3
server	tests/TagEkyc.IntegrationTests/TestResults/a3-snapshot-rebind-withdrawal-restored.trx	evidence_trx	4675	05DD5594FC49AADC7D0D8B8494EFE4AA650C670A8DED757E0E605C50F2DC77F3
server	tests/TagEkyc.IntegrationTests/TestResults/a3-snapshot-v2-restored.trx	evidence_trx	89325	BA1676F2AD830551D38A368034D105214F13D28CAFB9202024DB339FF9B747AB
server	tests/TagEkyc.IntegrationTests/TestResults/a3-stage-legacy.trx	evidence_trx	3122	CABA71C76D6AA2A72E6E22302F8D152F40277F53F8EC359BDBC2DA220DA275B3
server	tests/TagEkyc.IntegrationTests/TestResults/a3-stage-v2-current.trx	evidence_trx	90822	0B69E3CADF90C3D6AF9A3C42DE5DFBFA68DC46F604BAED35FFF0D22481BFFCFE
server	tests/TagEkyc.IntegrationTests/TestResults/tip88c1-a3-broker-qualification-dml-red.trx	evidence_trx	55154	10EDAD6E4C3A488A4763DB3056157668015B4D6ACCF844E2F8C1C4EA4304F4C7
server	tests/TagEkyc.IntegrationTests/TestResults/tip88c1-a3-broker-qualification-final-census-red.trx	evidence_trx	51455	B06E8B408D94C79CAEA22B0A2B43130D4E4143DDD00FC1B6DE14FE4AE1EC01F4
server	tests/TagEkyc.IntegrationTests/TestResults/tip88c1-a3-broker-qualification-final-dml-red.trx	evidence_trx	62735	6CAFF89FF5A5EF5B72BDB4397A18ED4EA8F15E432ECA98D82AD41E74DF755E99
server	tests/TagEkyc.IntegrationTests/TestResults/tip88c1-a3-broker-qualification-final-functions-red.trx	evidence_trx	93237	40D1CD33E5294CD2436D39A9A7686FAC701EFD15DD2C897A73CE16A8C1B7B6C4
server	tests/TagEkyc.IntegrationTests/TestResults/tip88c1-a3-broker-qualification-final-green.trx	evidence_trx	42391	52C1B65E9903283453C3390824DD873D47F270915C282E81B78E51001B23141C
server	tests/TagEkyc.IntegrationTests/TestResults/tip88c1-a3-broker-qualification-final-provider-red.trx	evidence_trx	47497	C15DC1CAE33DEAE02D3DA6C9763CC762584070EFB0D5F9666B1AF2F4542078E5
server	tests/TagEkyc.IntegrationTests/TestResults/tip88c1-a3-broker-qualification-final-regression.trx	evidence_trx	318582	D4773E4522AE876EA228E5B4DF7A66828C5D4EF9324D106DDAE0AE6755BE7A2F
server	tests/TagEkyc.IntegrationTests/TestResults/tip88c1-a3-broker-qualification-functions-red.trx	evidence_trx	65309	4EBC70CDD1C00048766BDFBFE0339A8D2B81067093CB345907812D925BCE68C5
server	tests/TagEkyc.IntegrationTests/TestResults/tip88c1-a3-broker-qualification-provider-red.trx	evidence_trx	39916	986D410704717604AAC3A811F2D17A068C928E0D20DD1931125937E093E4ED25
server	tests/TagEkyc.IntegrationTests/TestResults/tip88c1-a3-broker-qualification-regression.trx	evidence_trx	311001	30A2EB537782023A7E74CC728BA8B524E4307EA911C544669C56B63025B1A843
server	tests/TagEkyc.IntegrationTests/TestResults/tip88c1-a3-broker-qualification-v3.trx	evidence_trx	34810	F0265570925BF23E7B603F0E8ACE60C6E6AFEA2190C51A9469998C0EEEAF26C4
server	tests/TagEkyc.IntegrationTests/TestResults/tip88c1-a3-continuation-disposition-defect-red.trx	evidence_trx	9193	1242F590BCCF51D3F0E2BAE3FFAEABB53CA29C247F71DFF5960B07BB6E3A1951
server	tests/TagEkyc.IntegrationTests/TestResults/tip88c1-a3-continuation-expanded-v2.trx	evidence_trx	28899	5624DD526718B205B8DD653E3EBBF43C464815595FBBF92D992EB400E3471378
server	tests/TagEkyc.IntegrationTests/TestResults/tip88c1-a3-continuation-expanded.trx	evidence_trx	52019	60A6FFBAC487D49014E67ECD17C3433BF61BD4D1ADC5496D32FBA411D017301C
server	tests/TagEkyc.IntegrationTests/TestResults/tip88c1-a3-continuation-initial.trx	evidence_trx	13340	5B63AF173E32EC4C54EFC24CEDED9BC67DF2FFED6C929FB1028F91F93A74602D
server	tests/TagEkyc.IntegrationTests/TestResults/tip88c1-a3-continuation-migration.trx	evidence_trx	11884	773B9FED354556A8959F56D98872A7CAF9A5A53DAF1FC2D23DB5C112FD773B20
server	tests/TagEkyc.IntegrationTests/TestResults/tip88c1-a3-cp-core-red.trx	evidence_trx	9554	1E64B5E8A495F09E42A7EC88C9A4BA74C770DB901E2B108F4CCA6C3F29D4EA34
server	tests/TagEkyc.IntegrationTests/TestResults/tip88c1-a3-cp-intent-red.trx	evidence_trx	13457	712D493B00CA50B0C1BFDB42F0A4E74BCC132C73E9A5247B2BF6735472D9E89E
server	tests/TagEkyc.IntegrationTests/TestResults/tip88c1-a3-cp-key-red.trx	evidence_trx	6228	30F577CACB29A507BFF4B16CA9B548DB65EBAE2734B5E02303357A4F74A7E736
server	tests/TagEkyc.IntegrationTests/TestResults/tip88c1-a3-cp-pending-red.trx	evidence_trx	6871	7B9DC0F07A1AAD170F2D296325CD424EE5265C528A143D3468FCD5A97A5A72D7
server	tests/TagEkyc.IntegrationTests/TestResults/tip88c1-a3-cp-scan-red.trx	evidence_trx	16056	51A366A7C3B309F5AEE199443E35A1E66E56B2FDF95A363DC061F40A3EC8E72D
server	tests/TagEkyc.IntegrationTests/TestResults/tip88c1-a3-cp-v3-global-count-red.trx	evidence_trx	8167	804750CFB2EBAF012CC4F515D878300DA983BD6C62D96224A0B96F83741AFB67
server	tests/TagEkyc.IntegrationTests/TestResults/tip88c1-a3-cp-v3-isolation-green.trx	evidence_trx	4765	F44DF63567769FCFA6E396056603DDBCEA08E17A32ED380FBB2C7492DFCBC4C7
server	tests/TagEkyc.IntegrationTests/TestResults/tip88c1-a3-cp-v3-isolation-restored.trx	evidence_trx	4765	86830BDF8267D584F4FF846053E0A2FDC5338A983D078B9499449C55D9E8D2D6
server	tests/TagEkyc.IntegrationTests/TestResults/tip88c1-a3-input-authority-fallback-red.trx	evidence_trx	15035	0CCEF129133687402D01EDCA013129CA2D5E628210C31FD969A4CC3C06F7F2A2
server	tests/TagEkyc.IntegrationTests/TestResults/tip88c1-a3-input-authority-tag-red.trx	evidence_trx	17726	04003ACBF063394043175555EEB649C8F5DEB4849FCBF257DCCDC6CF420BB43E
server	tests/TagEkyc.IntegrationTests/TestResults/tip88c1-a3-input-await-red.trx	evidence_trx	9112	939F14A4E8E8D690ADC4730EA5611DDA6F27CB161B2C25397CD8D17B6B498C10
server	tests/TagEkyc.IntegrationTests/TestResults/tip88c1-a3-input-counter-red.trx	evidence_trx	42022	C9BE457AB7B56326A56F7CAF3F47CC8CDE2341076FBFCB5CEACEC151F5905760
server	tests/TagEkyc.IntegrationTests/TestResults/tip88c1-a3-input-early-complete-red.trx	evidence_trx	11944	580FC9D96910CE876BD73BB7603474D8AF27D5BF940A2478F54418CD77000254
server	tests/TagEkyc.IntegrationTests/TestResults/tip88c1-a3-input-latch-red.trx	evidence_trx	128243	5B6488E5052B8E3676281672927633F5C505A1BE089B3DFB0A64A382314BB6EC
server	tests/TagEkyc.IntegrationTests/TestResults/tip88c1-a3-input-legacy-codec-restored.trx	evidence_trx	10694	FF8DADB851ABB64E03CDC2858247D8D42D47EDC0D87662EAB464662E871CF3E3
server	tests/TagEkyc.IntegrationTests/TestResults/tip88c1-a3-input-legacy-codec.trx	evidence_trx	14102	63039007C363818CD0F3D315744142CD1D133F7FFFF132BEDB3F00C0C78E1305
server	tests/TagEkyc.IntegrationTests/TestResults/tip88c1-a3-input-overwrite-red.trx	evidence_trx	113548	E6CAA339CF3F28A9864F94A62F0BB7CEEC5737B1F09EA38F65F2CCE9C74EB418
server	tests/TagEkyc.IntegrationTests/TestResults/tip88c1-a3-input-pre-mutation-green.trx	evidence_trx	34742	4A4D62EE669CBF1F2A5BB24FDA054AD085C3F24BF1695522263F0BC35B71427F
server	tests/TagEkyc.IntegrationTests/TestResults/tip88c1-a3-input-reader-roundtrip.trx	evidence_trx	3065	0B2D4BEAB2A32631046C66BECA64F26C2086AC5DF5ABDE8766C71A25525348E8
server	tests/TagEkyc.IntegrationTests/TestResults/tip88c1-a3-input-restored-green.trx	evidence_trx	46727	CB06076A9517E36F0D43EE61E6516E99CD75E98B1987CD1F9AE44332F44980AE
server	tests/TagEkyc.IntegrationTests/TestResults/tip88c1-a3-input-v1-green.trx	evidence_trx	147167	2EB94A3352B06EC3756D9F7D3594F9C60B7C9A7A5DA6ECCBFB07AA64F6949E75
server	tests/TagEkyc.IntegrationTests/TestResults/tip88c1-a3-input-v2-green.trx	evidence_trx	20792	0EDE3DFCE72005DEBCAD8052847642A7A5940F09EE8C519A3DD6747DC1E41F90
server	tests/TagEkyc.IntegrationTests/TestResults/tip88c1-a3-input-v4-await-red.trx	evidence_trx	8748	CD1778DD93C4B1A97BBD10288B12CC2D6B3EE335F6A72ADB901062E067B1D7AF
server	tests/TagEkyc.IntegrationTests/TestResults/tip88c1-a3-input-v4-final-regression.trx	evidence_trx	409475	444DE7B5AAF1782595214566604BDDEBEEC46FA1F728630BA19BF0C7FF0A9C95
server	tests/TagEkyc.IntegrationTests/TestResults/tip88c1-a3-input-v4-hardening-green.trx	evidence_trx	10506	0EA21226E72119308D5651950E6D8960A0C24A901569996025256B696B58C2E3
server	tests/TagEkyc.IntegrationTests/TestResults/tip88c1-a3-input-v4-latch-red.trx	evidence_trx	103231	B7EB38BF906AE925E2C39C99648348B661C4EF7A5D567E9B015B0796BCA5993B
server	tests/TagEkyc.IntegrationTests/TestResults/tip88c1-a3-input-writer-green.trx	evidence_trx	32953	C14151819D82E249404C776213FB768F03A574CD20071C0673558CFB7E92CD64
server	tests/TagEkyc.IntegrationTests/TestResults/tip88c1-a3-input-writer-observation-red.trx	evidence_trx	28483	1ABBCC40078DBC9411107E8A49F3E604D9AAA305ACBB836A60743BF395BDFC75
server	tests/TagEkyc.IntegrationTests/TestResults/tip88c1-a3-no-provider-commit-red.trx	evidence_trx	8355	360A189910BAE49945ADEB851A79FD0694A7F30A5E0F0F959AB05C8A0615F1D7
server	tests/TagEkyc.IntegrationTests/TestResults/tip88c1-a3-no-provider-shape-guards-red.trx	evidence_trx	18934	A5CD33950E7F0A66BFD37D24920964601F7B589C6F4F02CE4C9B1B832313E0BB
server	tests/TagEkyc.IntegrationTests/TestResults/tip88c1-a3-no-provider-v2-boundaries.trx	evidence_trx	24698	089F5FA40E9F7F587B73005AF8C7F29D9866CF13763C6FEA7034239D9D32A591
server	tests/TagEkyc.IntegrationTests/TestResults/tip88c1-a3-no-provider-v3-final-regression.trx	evidence_trx	500403	65BF17A82A2E444571FB7D773F932B9EC610DD0B283E16A951D0B3CBAC070F3D
server	tests/TagEkyc.IntegrationTests/TestResults/tip88c1-a3-no-provider-worker-dispatch-red.trx	evidence_trx	9057	424195A12BC13210309A8C07464B64AB64608766D021DDA98B6958DD88C009FA
server	tests/TagEkyc.IntegrationTests/TestResults/tip88c1-a3-nps-absence-red.trx	evidence_trx	9207	D7ED9B387BC5D37FB2975ED12DB4424BA409B2E4285C1DD54EC9340F24D18ACE
server	tests/TagEkyc.IntegrationTests/TestResults/tip88c1-a3-nps-absence-retry-red.trx	evidence_trx	6170	468394EB84C0FAC6BEFA98ECF13EB57523F679195F06D20BBFD0F8B5D9445CDB
server	tests/TagEkyc.IntegrationTests/TestResults/tip88c1-a3-nps-acl-red.trx	evidence_trx	5875	E05829DE95837AC1109B2038CD84BEB808D7BC27A21A06BBBFA3772CF072C76C
server	tests/TagEkyc.IntegrationTests/TestResults/tip88c1-a3-nps-actor-order-green.trx	evidence_trx	10919	6A0A8F65C9D00ACEB21417F0F76E82B3315B0CC36EC2EE8AB832CA863FC68369
server	tests/TagEkyc.IntegrationTests/TestResults/tip88c1-a3-nps-clock-red.trx	evidence_trx	7465	56413A64E858495C2D776AF2674DE97AA429CD14DB8F78BA62F87F3F7CB2F88D
server	tests/TagEkyc.IntegrationTests/TestResults/tip88c1-a3-nps-final-regression.trx	evidence_trx	450976	79F9EE25C35C87A2D2E193F58AF7BA0FB4D3A820A0AD0F1663D3AD427D8A9DA4
server	tests/TagEkyc.IntegrationTests/TestResults/tip88c1-a3-nps-final-v4-regression.trx	evidence_trx	330150	797B6B1D9B1DF8368E34F251DF01562D62460E2D6358326CEFB32BF6488C9421
server	tests/TagEkyc.IntegrationTests/TestResults/tip88c1-a3-nps-focused-green.trx	evidence_trx	21982	388E873B5173D2E6D1C658066CA9B718720EE8257B044BA1B9854C0E0DEC11DD
server	tests/TagEkyc.IntegrationTests/TestResults/tip88c1-a3-nps-initial.trx	evidence_trx	12000	3D2D08C6A9E0597C07D87C4138AFA2BCD77E94F9278E842033779BFFB0EDFDC0
server	tests/TagEkyc.IntegrationTests/TestResults/tip88c1-a3-nps-prefix-exact-red.trx	evidence_trx	18774	AF11DDF23849DB280FE8060AD4B3BB057278AEE2D186F7A9ECF2EACD22BA6E14
server	tests/TagEkyc.IntegrationTests/TestResults/tip88c1-a3-nps-prefix-red.trx	evidence_trx	20944	D46C8D9AACF3226BCAFDC8798F56E95C6F802C81F98610ED7A32C1833C2A62C7
server	tests/TagEkyc.IntegrationTests/TestResults/tip88c1-a3-nps-r2-boundary-regression.trx	evidence_trx	4706	7FCC865D020029D9D0620FE4D54D3ED9C46FF82D32AA2CDF6909A32D88D104F4
server	tests/TagEkyc.IntegrationTests/TestResults/tip88c1-a3-nps-race-diagnostic.trx	evidence_trx	24084	DEEDEC00DBA8178124E4FE37C69B04FB97D430D4144FF21F646C5EC062181054
server	tests/TagEkyc.IntegrationTests/TestResults/tip88c1-a3-re01-final-regression.trx	evidence_trx	337452	96775D5FBA7B4B22F7358E756E31D1F02C27FF94D5B0C7D4B2FAB129D3D4CC5B
server	tests/TagEkyc.IntegrationTests/TestResults/tip88c1-a3-re01-green.trx	evidence_trx	8927	E74872F4C33328B063E81721224172DE2DBF6D0156DE505CF3F623BDE72B2F42
server	tests/TagEkyc.IntegrationTests/TestResults/tip88c1-a3-re01-initial.trx	evidence_trx	74213	346044C977C27E874B84A629E27B15B4673C6AAEBD661648A3E16B138EE808F1
server	tests/TagEkyc.IntegrationTests/TestResults/tip88c1-a3-re01-live-key-red.trx	evidence_trx	9918	4C7410DB11014D840AB22D008759F1F277609297FDE6B8F1B4CC44E64F28809D
server	tests/TagEkyc.IntegrationTests/TestResults/tip88c1-a3-re01-old-branch-red.trx	evidence_trx	18936	9879E28657368E9DA6923017078A4EDF7F641DDEA65800F5055D34916A54A639
server	tests/TagEkyc.IntegrationTests/TestResults/tip88c1-a3-re01-old-lease-red.trx	evidence_trx	6226	C5EE3ABB2A841AD582F10CB07479115E887F4AB7C260FDDC9597D764754539D4
server	tests/TagEkyc.IntegrationTests/TestResults/tip88c1-a3-re01-v3.trx	evidence_trx	55220	18A8C8C2ED264A9DB23DAD746CE4F9940F7CDB3FBA42A4D57C58296916DE2BF8
server	tests/TagEkyc.IntegrationTests/TestResults/tip88c1-a3-recorder-actor-red.trx	evidence_trx	7330	32B35FFB87D15E2093F07A7203898478C5FA3CDDD178312339CD4C40C35878A4
server	tests/TagEkyc.IntegrationTests/TestResults/tip88c1-a3-recorder-commit-red.trx	evidence_trx	6541	45DDAFBCFAB8D58C915D31AED8485DF533BA2EFF461B8D5B659C82F9E0411563
server	tests/TagEkyc.IntegrationTests/TestResults/tip88c1-a3-recorder-cp-final-regression.trx	evidence_trx	374742	FA2F2EA07DBBED6F85698736D35587C92F18F11424F57970270E4380288F4E6E
server	tests/TagEkyc.IntegrationTests/TestResults/tip88c1-a3-recorder-cp-restored-green.trx	evidence_trx	51757	8DABA5A63A8BC867A279B627A715E6BDA0F8A9BE32D4B09EADA713AB3BA686ED
server	tests/TagEkyc.IntegrationTests/TestResults/tip88c1-a3-recorder-cp-v4-final-regression.trx	evidence_trx	376361	E93C8E041F39FEC355A0E244ADDE57C2143BD6E659EDEA6CAC3373C4CFEA0F24
server	tests/TagEkyc.IntegrationTests/TestResults/tip88c1-a3-recorder-disposition-restored.trx	evidence_trx	11933	C1FCB6AC0D05FD87DD28051CA89EE1FA5514D726117A85F81AB46E50D066A969
server	tests/TagEkyc.IntegrationTests/TestResults/tip88c1-a3-recorder-initial.trx	evidence_trx	8915	3806389394A45BFFF67C587603C076476B7BD6CBA627EF3733F41B0EEF844482
server	tests/TagEkyc.IntegrationTests/TestResults/tip88c1-a3-recorder-request-red.trx	evidence_trx	7231	3402ED0C6497E91D778308BE7F25A610C4E0BA92674753A54E8EB0C2284F34AE
server	tests/TagEkyc.IntegrationTests/TestResults/tip88c1-a3-scopes-ambient-red.trx	evidence_trx	27839	2467BF70ABD330D9A87854734EBC9774DDE6C06EF0ACE285027FC1409EA5FA52
server	tests/TagEkyc.IntegrationTests/TestResults/tip88c1-a3-scopes-combined-credential-red.trx	evidence_trx	23582	4B8602A8DC73AA66A443C68226F490CE28E2B1E1337C4B163FCD51109A5DD548
server	tests/TagEkyc.IntegrationTests/TestResults/tip88c1-a3-scopes-cross-role-red.trx	evidence_trx	26696	CC0B1D237FB0E225FCC2A2FE7C594FBBED75412538C36B9F89D73141402D6FE0
server	tests/TagEkyc.IntegrationTests/TestResults/tip88c1-a3-scopes-full-regression-continuity.trx	evidence_trx	462628	75AF702B51A73E7B96B04E562849C23CC95531F0AFC2892EB0EACAC56A31240B
server	tests/TagEkyc.IntegrationTests/TestResults/tip88c1-a3-scopes-incoming-red.trx	evidence_trx	25605	D61ABB9021A478FC52E354753204E3C60A3A08F53938AE18D5ABAAAA108D1B1B
server	tests/TagEkyc.IntegrationTests/TestResults/tip88c1-a3-scopes-qualification-regression.trx	evidence_trx	62273	F1AED9DD58F2910C7E416D5B324EF9C5431C09AB4D53D4144CE092F6CC98F0CE
server	tests/TagEkyc.IntegrationTests/TestResults/tip88c1-a3-scopes-restored-green.trx	evidence_trx	21510	D904EAE79BFEDACA82365F5D71887D925559347BEC0DFC92539B0D0C9CEA0D02
server	tests/TagEkyc.IntegrationTests/TestResults/tip88c1-a3-scopes-v4-acl-red.trx	evidence_trx	108640	E9B8ADC028EE390F941427170579312627A7BA3F0EE891E56E23DA7E2DC620FA
server	tests/TagEkyc.IntegrationTests/TestResults/tip88c1-a3-scopes-v4-complete-green.trx	evidence_trx	67772	9FCCBCF5C867877FFDF1416DB44FAA744189593B2E6DBBC237F591E17132B2F9
server	tests/TagEkyc.IntegrationTests/TestResults/tip88c1-a3-scopes-v4-final-qualification.trx	evidence_trx	86414	6451389C7B91D6A773022C20AE0FC9FA5A81450094AFAAE6E4CC3688BD63773A
server	tests/TagEkyc.IntegrationTests/TestResults/tip88c1-a3-scopes-v4-owned-connection-green.trx	evidence_trx	45651	B3AF762C505A090CF27FCD167939ADE2C17E3D638E1EDB559012F4C98E129435
server	tests/TagEkyc.IntegrationTests/TestResults/tip88c1-a3-scopes-v5-delegation-red.trx	evidence_trx	67420	1335BC57E42D5CF428EB26AA9380A6EADBFF44030184F0786F0B19B70CAAFD8A
server	tests/TagEkyc.IntegrationTests/TestResults/tip88c1-a3-scopes-v5-final-qualification.trx	evidence_trx	95544	DA9D639010660D84F9B79AA332ED2A497D04AB72A395C5D00BD10FDD37989FC6
server	tests/TagEkyc.IntegrationTests/TestResults/tip88c1-a3-scopes-v5-fixed-green.trx	evidence_trx	54781	324CC923AE846F9BD4610C6E1438BAEC1A46E83A991FE89791B17DB9C8819A4E
server	tests/TagEkyc.IntegrationTests/TestResults/tip88c1-a3-scopes-v5-green.trx	evidence_trx	62158	0B1C98241A695D14B071967FAA910BFFA1A20F88653E58C9147F0F3B783272D9
server	tests/TagEkyc.IntegrationTests/TestResults/tip88c1-a3-scopes-v5-read-red.trx	evidence_trx	67416	C2FC8DA5D69E51F1727C172DB398E382606FB0B69E161514A19A1F11B2934FD6
server	tests/TagEkyc.IntegrationTests/TestResults/tip88c1-a3-ti-clock-red.trx	evidence_trx	12187	33E7013B9F1CE23E0E54A5E833B2F05E4664CE84C1B0C724B04FE5372464DC33
server	tests/TagEkyc.IntegrationTests/TestResults/tip88c1-a3-ti-down-restored.trx	evidence_trx	3065	2C3305FAFED4453C779A9C1B1BF912355E0EB0E771C4FB8C1713AD941EB9B172
server	tests/TagEkyc.IntegrationTests/TestResults/tip88c1-a3-ti-fence-red.trx	evidence_trx	19175	9E60564330FD53EDD56273159C40292ADEDD6DBA9952A41D2F671BD1AD4C4260
server	tests/TagEkyc.IntegrationTests/TestResults/tip88c1-a3-ti-final-regression.trx	evidence_trx	350825	ABD19E22C84A0CB8E2EEA89703EA5CCAD70EB87D896FF42A1140AE4651B2A411
server	tests/TagEkyc.IntegrationTests/TestResults/tip88c1-a3-ti-initial.trx	evidence_trx	10588	831006B2B61FADAFCF17FD32F10C2A5964DFD7A1600C2C3AFE859536A9B89B51
server	tests/TagEkyc.IntegrationTests/TestResults/tip88c1-a3-ti-live-key-red.trx	evidence_trx	6787	90ED262ED1DDAE4031DDAE0AD35E55511F734E8DC7D759C8B51029B76D2FBCA6
server	tests/TagEkyc.IntegrationTests/TestResults/tip88c1-a3-ti-restored-green.trx	evidence_trx	14998	075DC657BDBF81E407C41E5DBABD84B0BF90C43C79D5622BC90C9061EFC9E9EF
server	tests/TagEkyc.IntegrationTests/TestResults/tip88c1-a3-ti-v1-green.trx	evidence_trx	25260	521079D92A10B0FA475D9F8CAFF506EF4AB9A6C33A9FBA0F489A7113C4DC9654
server	tests/TagEkyc.IntegrationTests/TestResults/tip88c1-a3-worker-cursor-red.trx	evidence_trx	18637	A024546A189720533D91F7AE970BE305BD0C742D4123E2914A7B4BF1AC2D12FE
server	tests/TagEkyc.IntegrationTests/TestResults/tip88c1-a3-worker-failure-shape-red.trx	evidence_trx	30185	F8BE5BDD5E7D636924452620588D21DFFC469E619B162E3B0D5278D2A8AAA038
server	tests/TagEkyc.IntegrationTests/TestResults/tip88c1-a3-worker-final-regression.trx	evidence_trx	538843	5EBBD9A45BEBB0E0598A8F7ADDA0FA3354EF050AD506790D3A19B5B42E094358
server	tests/TagEkyc.IntegrationTests/TestResults/tip88c1-a3-worker-stale-cas-red.trx	evidence_trx	6998	A1888E25E7A678297AF5A8247E7D2D03DBB771EBB1F182598F3097826C2A60F1
server	tests/TagEkyc.IntegrationTests/TestResults/tip88c1-a3-worker-v2-green.trx	evidence_trx	21471	409C7A712154A02E94C266D3515F32866E3077AF420E293238EBC890D0ADB9C5
server	tests/TagEkyc.IntegrationTests/TestResults/tip88c1-a3-worker-v4-final-regression.trx	evidence_trx	482471	AB43F1A56886F1A1640BF3479A3AC3FAFA9B9803FCFAF58D1DF0D645D740EDCA
server	tests/TagEkyc.IntegrationTests/TestResults/tip88c1-a3-worker-v4-isolation-green.trx	evidence_trx	21471	B2D66B9A2875213FE342DFCEA695CDF0C53C4DAF61CBDC23550849F43DDB66D3
server	tests/TagEkyc.IntegrationTests/Tip66EvidenceSignatureTestVerifier.cs	test_source	4266	7E389EF908DCF1CACC703BCDC3FDF7D43422C52665E2BA213AE5CCB382AE8291
server	tests/TagEkyc.IntegrationTests/Tip66EvidenceSigningTests.cs	test_source	5795	736929850ADA5436A963BFB46E9994D95FF2673F1FBB912000D2286E279D0170
server	tests/TagEkyc.IntegrationTests/Tip67BNeutralProofVerificationTests.cs	test_source	30670	1F435B6B760743D3A42BA6BEBC7AA88D85232BCF48A2D44678FEDF989E0741BF
server	tests/TagEkyc.IntegrationTests/Tip67GGoldenNeutralProofVectorTests.cs	test_source	25395	16144A48FADC93B220026F68DECC2D5D8EC22071339DAFEABB6E4C07BEB1F872
server	tests/TagEkyc.IntegrationTests/Tip68ProdHsmSigningTests.cs	test_source	19994	6D9613F1D29CE24A6BB45C0C1CD9B695CBC55769086CBE0B3B642CF638FF374F
server	tests/TagEkyc.IntegrationTests/Tip68SoftHsmE2ETests.cs	test_source	21462	7073DF500258BF89CB4473E25900B26948E3A6255FEC8C475D42991CF7D0A3B7
server	tests/TagEkyc.IntegrationTests/Tip68SoftHsmProvisioning.ps1	script	2952	4F2D001F736B89D55E1B4A3103761A762C9ACDB0EB0D529E1296C52CD4E9E148
server	tests/TagEkyc.IntegrationTests/Tip83ASigningKeyJwksTests.cs	test_source	19756	6E5B99848186F3A2DD9F0AF1853106229599F08765A1D2065C27CC345F77DCE8
server	tests/TagEkyc.IntegrationTests/Tip83BPostgresProductionInfraTests.cs	test_source	15587	501C393287D262C9290B38E76E68116E93DAFD9FE18DD15C25E41BCA432D383D
server	tests/TagEkyc.IntegrationTests/Tip83E1ReadinessEndpointTests.cs	test_source	41006	461E1C796BB58E4BB5E28B01B91D01BD68674866B6BFAACAB33996F306FD5384
server	tests/TagEkyc.IntegrationTests/Tip83E3RetentionConfigTests.cs	test_source	7228	616B005575F2A56E216CBEF1E046CEACB2C0D23D093FEE6F2779FDD6D2F37DEB
server	tests/TagEkyc.IntegrationTests/Tip84BHashedApiKeyStoreTests.cs	test_source	18148	D4629D8C8FE2DD1FE081C9B74770CB65E3607630095DA102C37A3A6DF70970D4
server	tests/TagEkyc.IntegrationTests/Tip86DecisionThresholdConfigTests.cs	test_source	9327	191AE00D2E35449474BDF5D6E03B312C358D268BB8084A5F836C0FCFE1B8E0B0
server	tests/TagEkyc.IntegrationTests/Tip88AE2PolicyPermitTtlConfigTests.cs	test_source	9327	B90DBBC074DD45030DF715723A512A82D44FEF7687A772C8044C6C26F79CDCF6
server	tests/TagEkyc.IntegrationTests/Tip88ARawExportPolicyCatalogTests.cs	test_source	42026	911885AD7FF0D8572C1CB17EC9E4F8D5369D8275B4FA7E879C670A02C9BF07C0
server	tests/TagEkyc.IntegrationTests/Tip88B1E3ResolverReadBoundaryTests.cs	test_source	127929	A89CA5285F53D2C7C1C9889D2B4389DF03656CF515713F9E3A21F6033297DB22
server	tests/TagEkyc.IntegrationTests/Tip88B1RawExportControlPlaneTests.cs	test_source	67060	B95272DEB9330A0672D785230A3CFE1E24C2570D85B19CA1D1715BBC2D4381FD
server	tests/TagEkyc.IntegrationTests/Tip88B2SubjectExportConsentTests.cs	test_source	87777	B78ADFFA2E68A6992F0E525335B07C6901088550F509BE8853083A3E8900D44B
server	tests/TagEkyc.IntegrationTests/Tip88B31RawExportAuthorizationSchemaTests.cs	test_source	46324	0614A14404AAEBFA7ADEABFD0F237BEF013FAF3B55A55205532326FC63D442BC
server	tests/TagEkyc.IntegrationTests/Tip88B32AuthorizationCodecTests.cs	test_source	7371	E961CCAF7B825E7A1B8D4A3794EE0C225F48332B1C71C7FA722342E5F671F750
server	tests/TagEkyc.IntegrationTests/Tip88B32AuthorizationIdentityFunctionTests.cs	test_source	28593	419EA9A50C6537A417493693479DAAD9ECFE860B6FFE9B0378997AFA5F779101
server	tests/TagEkyc.IntegrationTests/Tip88B33AuthorizationOracleTests.cs	test_source	5167	31932B44EDE6FF671214A5933C8C5F42C8B68E9766A0671A9F33824FF83BCD66
server	tests/TagEkyc.IntegrationTests/Tip88B33AuthorizationPersistTests.cs	test_source	42151	E22CB3C90A4CECB9377650D9E3EF9FD7FCEF558D71D7471C1CFE8DDB1FABD142
server	tests/TagEkyc.IntegrationTests/Tip88B34AuthorizationEngineTests.cs	test_source	62760	6EDB5C15A86CD9FCD13A384776878CFBE3E866C98E2D891C39CB02C9C1C0DB05
server	tests/TagEkyc.IntegrationTests/Tip88B4RawExportJobFoundationTests.cs	test_source	240695	CDF4D75867C6E367953BAA372206FB9CEDC15D2A8395491FE336011B0322AD93
server	tests/TagEkyc.IntegrationTests/Tip88C1AAcceptanceSurfaceTests.cs	test_source	27428	B4655A1562C6B3414066D638BD4682F0D736E94877415D967674477B5FA2D2BF
server	tests/TagEkyc.IntegrationTests/Tip88C1B1IngressClaimTests.cs	test_source	49850	BEECF0C5959C737EE39F440F53C42954D23E188144686C7EEEDD9547EA5DA536
server	tests/TagEkyc.IntegrationTests/Tip88C1B2AuthoritySnapshotTests.cs	test_source	44733	77D4091541E1B770FD9056BEFC24F1EF755831BE5BB11684C4912034CE4AFAA8
server	tests/TagEkyc.IntegrationTests/Tip88C1B2BetaExistingCandidateTests.cs	test_source	31108	3BE18993CC5D5EF22BCE0EAC32CED816FE63D425DD8E91B6CA52AF163FF966C5
server	tests/TagEkyc.IntegrationTests/Tip88C1B2CoreTests.cs	test_source	42617	3F110C80504CD2B11F0A69A1C6B0553E55767032E0EE73FBEF3A0075E0EEDF4F
server	tests/TagEkyc.IntegrationTests/Tip88C1B2DurableKeyFixtureProofTests.cs	test_source	55025	C8F5653315B2F049CF911135FAAEF14694ED280FDDA8EF8A72971059401A5970
server	tests/TagEkyc.IntegrationTests/Tip88C1B2DurableKeyProdTests.cs	test_source	109621	1D6C20794FFDBFD211D08B8E2A3233A22FD6F82F6BA4DCD2FB92B99E195E447D
server	tests/TagEkyc.IntegrationTests/Tip88C1B2DurableObjectCustodyTests.cs	test_source	145994	EBBD041D126212100ACBCBAB3E7A73E857A1096FB7EB804F883D3C1DF15E7BB7
server	tests/TagEkyc.IntegrationTests/Tip88C1B2R2DurableCustodyEncryptionTests.cs	test_source	257867	91703B9982D24A54D4A06DBBEDAA57C30B4CF72A8C56E3B35D05D1248FB13A69
server	tests/TagEkyc.IntegrationTests/Tip88C1B2R3VerifiedCiphertextStagingTests.cs	test_source	61373	12EA02525595BE0B0EEBDF1EE6C6F7CC0985D26BAAD0ECC51EAA6F9E340B50DB
server	tests/TagEkyc.IntegrationTests/Tip88C1B2SourceFinalizationTests.cs	test_source	111119	D293AE48CAD98F9CC8BA5E5D3770A87C1750FCD0348A9E862F1F97BB876F37C1
server	tests/TagEkyc.IntegrationTests/Tip88C1C1ResolverAssemblyTests.cs	test_source	91380	2059A871540A93D783418DFCD45572FE3CAACF418D426F58D08BF0D18C1F99E2
server	tests/TagEkyc.IntegrationTests/Tip88C1C2RecipientPackageTests.cs	test_source	71902	E944654C6C9A401608D1F891D2102CB97A2F9DC04D5736D6C9255815A6693AD3
server	tests/TagEkyc.IntegrationTests/Tip88C1C3RecipientPackageDeliveryTests.cs	test_source	122228	66A3C41A7C1ED310E41508DAFD5ED244E3467CE68E5B140E3D4F1FDD79BD5968
server	tests/TagEkyc.IntegrationTests/Tip88C1C4RecipientPackageReferenceTests.cs	test_source	128280	1B75079D96A999C5B75FAC25F79873887D615FD54992F88A040B24F3579F30EE
server	tests/TagEkyc.IntegrationTests/Tip88C1C5RecipientManagementTests.cs	test_source	236228	0C1527834D864E80F23537EB839012FF7CF07B4B282312CD5877C000BDE51CED
server	tests/TagEkyc.IntegrationTests/Tip88C1C6BA1AclTests.cs	test_source	8375	C5C3BC3C86ED7B4B1357B806CC9A83B1A7DF7263D3B51C63DB3193DC518FCEB3
server	tests/TagEkyc.IntegrationTests/Tip88C1C6BA1AppendAuthorityTests.cs	test_source	9274	957C340D4443F18AA1C4F2266F0037F8A69B72A12F5A31A2F95094654B6593E6
server	tests/TagEkyc.IntegrationTests/Tip88C1C6BA1CancellationHttpTests.cs	test_source	36080	A1BAA76E9FEFC6DDD4C7A979CE675036CACC6DD8E03DAE999F32AD9F1C77F5CE
server	tests/TagEkyc.IntegrationTests/Tip88C1C6BA1CanonicalDdlProjectionTests.cs	test_source	15450	788FE961337FD0E36EA3684E41D3CE855C86AF1C0AA74B5BF649FBD682826B86
server	tests/TagEkyc.IntegrationTests/Tip88C1C6BA1EnrollmentTests.cs	test_source	11606	300AFD1068C5241F2312745F64B264D3D58A23766256E42AA8E8C634632892CC
server	tests/TagEkyc.IntegrationTests/Tip88C1C6BA1ExecutionHttpTests.cs	test_source	18006	ED3E03E8770B6F0427971C42E692249DC856DB6D0725FC8B31FA2D6EF97C0A12
server	tests/TagEkyc.IntegrationTests/Tip88C1C6BA1LifecycleRaceTests.cs	test_source	19935	7A8D6C813819DD6AF7F5AB4822869E338D6D728AE3215F9FC7B52D7C1AA8E34B
server	tests/TagEkyc.IntegrationTests/Tip88C1C6BA1ManagementTests.cs	test_source	21117	8B949614638321B3BCF1CBF293B514AE99FE01293B39FF64092BE794256C7EAE
server	tests/TagEkyc.IntegrationTests/Tip88C1C6BA1NormativeSqlProofTests.cs	test_source	6874	5B3818229C71A949BC32BC8AC4802FEB3A7F0CCC11CB1C3DA28E032D8E01B22F
server	tests/TagEkyc.IntegrationTests/Tip88C1C6BA1PersistenceTests.cs	test_source	38781	FAA29B25E95C421048E0F2473FB65B4358C0DD2474881FA8E055AD98449B9D08
server	tests/TagEkyc.IntegrationTests/Tip88C1C6BA1PlatformAuthenticationTests.cs	test_source	6975	15BE580CDDFAC894876066F41AA298B4FC4C9F9123F0AAEA8E3A23BBA9711BD6
server	tests/TagEkyc.IntegrationTests/Tip88C1C6BA1RawIngressBoundaryTests.cs	test_source	28774	F1A2A6B9AE83ACBE815A36B03E13F7626DAE4769FDB2396FF046FD8165644758
server	tests/TagEkyc.IntegrationTests/Tip88C1C6BA1RootCliTests.cs	test_source	8538	EA085067F952FEF7B05B69DA0AE4DD89C3756245574D7B8AB864D8563A89F084
server	tests/TagEkyc.IntegrationTests/Tip88C1C6BA1RotationHttpTests.cs	test_source	11439	29664DDA506EF7FC8103D5E725D72B3368F3DD4B541BE900F79782058B42594C
server	tests/TagEkyc.IntegrationTests/Tip88C1C6BA1RotationTests.cs	test_source	16260	B1CBC54424EBBBBFD6DEC90B3A30539B973A70183B3D577F98026975DC2AED75
server	tests/TagEkyc.IntegrationTests/Tip88C1C6BA1RuntimeAppendTransactionTests.cs	test_source	15924	857522F1BC213A1BC04B81C3A030E1117265E63ED85C4AB541507295BD985E68
server	tests/TagEkyc.IntegrationTests/Tip88C1C6BA1StartupCompositionTests.cs	test_source	7687	856D8E47440E52F79261FDBF5942355E70C13E6649E60B3A36FB7FBA3DED5899
server	tests/TagEkyc.IntegrationTests/Tip88C1C6BA1StartupReadinessDiagnosticTests.cs	test_source	15678	590B00DE5F37AABF01597CD1B1C66B48B36E8CD0E3DDB9417B3FD3FFA8AEB67C
server	tests/TagEkyc.IntegrationTests/Tip88C1C6BA1TransitionCoverageTests.cs	test_source	14521	B05986F7D515762258EFA45B89540183CE644A5EDBC175D5AC62AA39291D777F
server	tests/TagEkyc.IntegrationTests/Tip88C1C6BA2ClientServerAcceptanceTests.cs	test_source	53645	BFF2B9B20435728744F36A6C36DC5D30607E4C7980A8E233027A18BAA6E126C9
server	tests/TagEkyc.IntegrationTests/Tip88C1C6BA3BrokerAdmissionClusterTests.cs	test_source	15432	F6314AAE434EDCAF65F8C28C01BA3E61A79A3AB6447F4D5B23072FE6191D46AE
server	tests/TagEkyc.IntegrationTests/Tip88C1C6BA3BrokerClaimClusterTests.cs	test_source	33462	761B56F03C891ED4FDB29770B77DD437186D00F36BF0C55E9BE58559BE3BE5F4
server	tests/TagEkyc.IntegrationTests/Tip88C1C6BA3BrokerPipelineTests.cs	test_source	155078	2C9E5599E1972327836F59DF5574D8359E068E2FAF55591FA74D7403711C5C70
server	tests/TagEkyc.IntegrationTests/Tip88C1C6BA3CapabilityLineageTests.cs	test_source	12332	B4F9B046C396997397C81DBF6AA4B0E38AB9E1D4C2F1C4583FBCEB701E8C467D
server	tests/TagEkyc.IntegrationTests/Tip88C1C6BA3ClientServerAcceptanceTests.cs	test_source	35559	07259F625A052AD549B77CA0465E1EEEF612E86C645B5A149F5937F185E03077
server	tests/TagEkyc.IntegrationTests/Tip88C1C6BA3ConsentRetentionTests.cs	test_source	93896	8921EB834528F4E8CF404D81AA0BABC9B644794D5716594C5471562D3734FFD5
server	tests/TagEkyc.IntegrationTests/Tip88C1C6BA3MigrationTests.cs	test_source	15332	F025397C6EF6C14F02651638611DBE100E7687B9CE50DDCB4816C492A8DC0DE3
server	tests/TagEkyc.IntegrationTests/Tip88C1C6BA3R2R6ClusterHttpTests.cs	test_source	68627	0588D3FCCDFA8E77B296FCF6C7B8A013E724F4D03D975DC3DA8B947F9E1EC4A3
server	tests/TagEkyc.IntegrationTests/Tip88C1C6BA3R2R6StageCatalogueTests.cs	test_source	2123	375D037ED9BBE6DF3EF600DB712A49592F2185EB6312EC61F009C701F3A08F5D
server	tests/TagEkyc.IntegrationTests/Tip88C1C6BA3R2R6TransportHarnessTests.cs	test_source	10359	C58CB855EC1E19C8569F1D297207F49EAC6DD2DE7CCCAFFC0E363E06C52EC88F
server	tests/TagEkyc.IntegrationTests/Tip88C1C6BA3R2TerminalProjectionTests.cs	test_source	292362	AC6721EC2C6DAF8C18E759E3AFE6C4954C3B3128C5FA23EC1B6CEDAAA457CFD8
server	tests/TagEkyc.IntegrationTests/Tip88C1C6BA3ResultAcceptanceTests.cs	test_source	22918	4588A07EABE391A44DF10BB4F0F2E1853B703F281883E54DFAA6895B322AC5C2
server	tests/TagEkyc.IntegrationTests/Tip88C1C6BA3RetentionCheckpointTests.cs	test_source	144272	6FB2F448815139FB8D78C591E48686D15DA88C33329E9CAABA979514FFD37B88
server	tests/TagEkyc.IntegrationTests/Tip88C1C6BA3SyntheticComposition.cs	test_source	9142	FEB88BB65A377AA0D821C2B2FCFDE792F2723CA63C401ABFD9E01FF01B4281A4
server	tests/TagEkyc.IntegrationTests/Tip88M1ModelSnapshotDriftTests.cs	test_source	3602	041B0B883BDE61E8D13B5BBE1BEC5955BE2FB58632F67BA765387A6BBE5FD7E4
server	tests/TagEkyc.UnitTests/AssemblySmokeTests.cs	test_source	717	2A013FB395A165F791C354BDABF71530D515B21BE24775BD0B2C3162797F3076
server	tests/TagEkyc.UnitTests/DomainInvariantTests.cs	test_source	3152	DD3608E5F7FAACD10C692A066FDF9DEB2D2BA1CE9EA1C41EB6B0D8BF3FA02ED4
server	tests/TagEkyc.UnitTests/TagEkyc.UnitTests.csproj	project	1028	990AD97B508908D33C94305AF20C527E83D1D7B612E975297467AF7A996136E9
server	tests/TagEkyc.UnitTests/TestEvidenceSigner.cs	test_source	1366	3F4EDB38D4B7E518C7C369808904FBB9B628C3AED0F00B76CA1CDF6F9A44A7D9
server	tests/TagEkyc.UnitTests/TestResults/a3-broker-final-unit.trx	evidence_trx	465743	52A9CAC352D84F46B54F0D4754098D5F181A7DEDBB9988DDFDA59DB77870D689
server	tests/TagEkyc.UnitTests/TestResults/a3-broker-history-final-unit.trx	evidence_trx	465743	276E6034F408C8F34839247B3B203EFC4D4E47CB49913E9914CD15EE485C5E04
server	tests/TagEkyc.UnitTests/TestResults/a3-ef-registration-unit.trx	evidence_trx	465743	5C165DD29F8461B232834CD243ACD8FDC279E91F75DB547BAB10973E28001405
server	tests/TagEkyc.UnitTests/TestResults/a3-preflight-unit.trx	evidence_trx	465743	0870899BB359908A9363550635CE60124F5FB097FF8DCC4A98223A98C10668BE
server	tests/TagEkyc.UnitTests/TestResults/a3-private-http-final-unit.trx	evidence_trx	465743	C03A65D6F82F8EDC350E4AC5606E8FBCA9B16DC6CA032437F676FDAF5FCF8011
server	tests/TagEkyc.UnitTests/TestResults/a3-r20-existing-fixture-baseline.trx	evidence_trx	14186	45E18F1547C5F9531956F55F228E889BB72B299A51F421A1B5E689D8E83CCFFB
server	tests/TagEkyc.UnitTests/TestResults/a3-r20-principal-before-fix.trx	evidence_trx	19818	DB5B3AC885C8FFD2EB27AEBBAB7C6EA6E8F78066C4109EE97A445B6639FDA3E5
server	tests/TagEkyc.UnitTests/TestResults/a3-r20-principal-current.trx	evidence_trx	17083	EAEFDC52AD8BEDA3428C592A78AFD771CBE3024C416722D68032B95314BE0F7E
server	tests/TagEkyc.UnitTests/TestResults/a3-r20-principal-profile.trx	evidence_trx	17083	93AA1DACFC9E22BB3558B66E31CFD0B3A7B112418FE2EA433CE56D10244BB1C7
server	tests/TagEkyc.UnitTests/TestResults/a3-r20-principal-restored.trx	evidence_trx	17083	BE277A2357C99C13B59497C0F0CF36045544A860D6EABA63A9003384B831C327
server	tests/TagEkyc.UnitTests/TestResults/a3-unit-prepared-restored.trx	evidence_trx	465743	1AB477C48D8FCE1016C4A326743851961099850916AC74E2F27ECDE252419E80
server	tests/TagEkyc.UnitTests/TestResults/a3-unit-snapshot-model.trx	evidence_trx	465743	ED7D24AE05F567E5863BF68D248ABE859CC8D525A661F3C79C23628EF5A89F9E
server	tests/TagEkyc.UnitTests/TestResults/a3-unit-stage-current.trx	evidence_trx	465743	89E7BE7926809168DB21B029B244460BC249957088DF76065C66828AFADC3802
server	tests/TagEkyc.UnitTests/TestResults/tip88c1-a3-broker-qualification-final-unit.trx	evidence_trx	465743	56CF5D0DC42438F262BCB6EC5C7C9F44FE048AA4F0BAA160CFA90237E0805722
server	tests/TagEkyc.UnitTests/TestResults/tip88c1-a3-broker-qualification-unit.trx	evidence_trx	465743	A803563FE4A28491AA6EAD3F1F57C6B052727DA7FA25BE0A76F38C28BB12AEBA
server	tests/TagEkyc.UnitTests/TestResults/tip88c1-a3-input-v4-final-unit.trx	evidence_trx	465743	3CE2AEDB3A7C514A083296F064E671D4101CA88AFED31A19ACE2AB83041F7B4D
server	tests/TagEkyc.UnitTests/TestResults/tip88c1-a3-no-provider-v3-final-unit.trx	evidence_trx	465743	02C22F501942D5DA98FED8F3E3E20C2258FED422AA205171F4A26A7376505A14
server	tests/TagEkyc.UnitTests/TestResults/tip88c1-a3-nps-final-unit.trx	evidence_trx	465743	ECE0BE36527A95763A8BAEDD64A87E36E675C3A50CA9F7E65C9EA5DF64C6DA91
server	tests/TagEkyc.UnitTests/TestResults/tip88c1-a3-nps-final-v4-unit.trx	evidence_trx	465743	F32E46CD20BBB77BCFDF2A84397D898FE453BFDBC78EDF20FC359F6F0CEDBD51
server	tests/TagEkyc.UnitTests/TestResults/tip88c1-a3-re01-final-unit.trx	evidence_trx	465743	43618D0B2C634DA38906C812AF3F09B02888641464A51CFBC0AE7216733AF389
server	tests/TagEkyc.UnitTests/TestResults/tip88c1-a3-recorder-cp-v4-unit.trx	evidence_trx	465743	DAE950DEC3B60B2E790535EF6DF9757D85B89D4FD0102AE0A9F9E5C39F6A6C98
server	tests/TagEkyc.UnitTests/TestResults/tip88c1-a3-scopes-continuity-unit.trx	evidence_trx	465743	6AB55A1309E26D1424BE7FE852E7CC69AFE42247F5C7D96018AFE59BB63088CA
server	tests/TagEkyc.UnitTests/TestResults/tip88c1-a3-scopes-final-unit.trx	evidence_trx	465743	8918971B77DC5A2A6DA5740B42EDEC0A9D83AEF229CF309973E50D48E293AB9B
server	tests/TagEkyc.UnitTests/TestResults/tip88c1-a3-scopes-v5-final-unit.trx	evidence_trx	465743	676EC99E3A8BF2B3D48650FCF7BC2DBFDEA666D248F3472D9589EAFDC9F9BB8A
server	tests/TagEkyc.UnitTests/TestResults/tip88c1-a3-ti-final-unit.trx	evidence_trx	465743	94C8C71774C51BB8EAF8429A585868BA99D43B09E70F32C53DF62DAE31876C26
server	tests/TagEkyc.UnitTests/TestResults/tip88c1-a3-worker-v4-final-unit.trx	evidence_trx	465743	79D9305DE0BF3623AB869880B9AF8EE3EAD9831295656C0C25E32041D9BA187A
server	tests/TagEkyc.UnitTests/Tip04ApiEndpointTests.cs	test_source	8221	B2C57935D3507B2FCE7F44A91E531D4297E2CFF4D8F42FEB0697B47933123D2C
server	tests/TagEkyc.UnitTests/Tip04SessionApplicationTests.cs	test_source	14296	D0401F5BD4F9E4EB583B119D12C940854F388C25EC5FF1CFD87AB94D91E3CD5C
server	tests/TagEkyc.UnitTests/Tip05ApiPipelineTests.cs	test_source	21439	BEE9072CFEDDAF15138795820E95AD2A0CF8BD530C67C9965CCE918D655BAD0A
server	tests/TagEkyc.UnitTests/Tip05EvidenceApplicationTests.cs	test_source	72669	737221BA1DA5954B4917D66F5AF3D57F982A39AACC0B7E573ADFF385495A0BCD
server	tests/TagEkyc.UnitTests/Tip06ApiPipelineTests.cs	test_source	25548	7DAEE6AB89FCB5139F539D6A80473D1825D324CB0BA7E611260B1912D54453BC
server	tests/TagEkyc.UnitTests/Tip06CompletionApplicationTests.cs	test_source	54998	99EC5B1A9E052C5EADD7D651435697942DBA71AAE4942E9F47822C776543FF5C
server	tests/TagEkyc.UnitTests/Tip07CompletionNotificationApplicationTests.cs	test_source	15688	FF889061E0E95CEE2B7778736AA4BE650BF5360034F732D9EAB9FC342749E42F
server	tests/TagEkyc.UnitTests/Tip08TransactionBoundE2eProofTests.cs	test_source	31825	ECF115DF350FE4B32F2999EF2D036C894B0AB4314270702471AB8980C3438362
server	tests/TagEkyc.UnitTests/Tip11DataBoundaryMetadataTests.cs	test_source	4769	859BF8574B169BC3E483C8F5028D3F907F118F5D85F4D59C9F935A5F52880BBE
server	tests/TagEkyc.UnitTests/Tip13ApplicationAuthorizationBoundaryTests.cs	test_source	23398	9E5264FD8C2A1730C9370C55EE01BB19BE8BD28C9BD1D9D2E2381F8A51CA2E35
server	tests/TagEkyc.UnitTests/Tip17DurableMetadataRepositoryBoundaryTests.cs	test_source	7271	0BD275E6BC9FF5F73A3BAD176C0E10A57CB3BAEB7F39B5037A7B94C23D823189
server	tests/TagEkyc.UnitTests/Tip55MetadataReferenceFoundationTests.cs	test_source	3676	00820B8CFA9F19D5083D54F89A5F13CAD9A5086482318A7359307178A4E7F9C3
server	tests/TagEkyc.UnitTests/Tip57MetadataReferenceQuerySemanticsTests.cs	test_source	3685	156FF89D4D4DC6C4D93B933D54AF09DCDD1AD80303E64712FC05D8660F0EF64F
server	tests/TagEkyc.UnitTests/Tip60LocalDevMetadataReferenceRegistryTests.cs	test_source	5224	C82DD15C8D55D0898A18C2BF8FDB6C18A65AD2242028251E37DDF384E89BD65B
server	tests/TagEkyc.UnitTests/Tip65EvidenceCanonicalizationTests.cs	test_source	17549	D04F0D8DF21A6C02A23D3C1438953CD1F4355ABF8DE110287E256B13B91D7640
server	tests/TagEkyc.UnitTests/Tip73EvidenceEngineProofBindingTests.cs	test_source	4256	F48457EA2530B2ABBB2D95E0366E5859D627FCE0AA437700C29DDEF25A1516EF
server	tests/TagEkyc.UnitTests/Tip80SAppendIdempotencyTests.cs	test_source	16527	E1D505A2B7A9F6CB209F2CBE4A7E5DCC9AAC5EB6E647231BE019C1D322D380CA
server	tests/TagEkyc.UnitTests/Tip80SLedgerTests.cs	test_source	16967	270B166C4558CC73B20BC86A60520AAC59A76E22C5533AC33381FDD669B67BD8
server	tests/TagEkyc.UnitTests/Tip82SSessionCancelTests.cs	test_source	21812	FFB31A88ABD7F32592381B1252417A9476F619AD59171558F8FC5B9D6E32438F
server	tests/TagEkyc.UnitTests/Tip88B4RawExportJobTests.cs	test_source	7890	3063D33376B49D7C1A1458715955E6F36B36A46B15DB05DF6269DE84AFED5D22
server	tests/TagEkyc.UnitTests/Tip88C1C1AssemblyCodecTests.cs	test_source	4668	BAE18A140467DB8BEEF04D8EC8125EC738FACA8B86D105823CAAC27D41D2653D
server	tests/TagEkyc.UnitTests/Tip88C1C2RecipientPackageCodecTests.cs	test_source	4149	B5C36A4B6A8E11DE7EEDB85740F2D470A7DEB933F0D750AC706C76258E680250
server	tests/TagEkyc.UnitTests/Tip88C1C3RecipientPackageDeliveryApplicationTests.cs	test_source	4956	C54326D225C9F57A7BD2DA305A7C3DCC58D99DDB678243E5C8F9DA8053B0C0F3
server	tests/TagEkyc.UnitTests/Tip88C1C3RecipientPackageDeliveryCodecTests.cs	test_source	1857	9D4070467D904294F8DF5D24DA7B4786D3C1065523D3B9D325E84A9849BA5084
server	tests/TagEkyc.UnitTests/Tip88C1C4RecipientPackageReferenceApplicationTests.cs	test_source	2168	4122422AE1B9651BAA79ABCC736424DCFA2309ABA59E3627AAB30A305374D67F
server	tests/TagEkyc.UnitTests/Tip88C1C4RecipientPackageReferenceCodecTests.cs	test_source	1899	5166CBDF5A9F46FC76523FD8F881B15465FAD5875C3E021FB722B923D106FB82
server	tests/TagEkyc.UnitTests/Tip88C1C5RecipientManagementApplicationTests.cs	test_source	13495	A3101502D2AD6B989680ACA4320D25CAD1865D8CB3625CD3ACE97287F5B41625
server	tests/TagEkyc.UnitTests/Tip88C1C5RecipientManagementCodecTests.cs	test_source	93	53D1B7B79C1657C51BCD35E787266A19B75560434462440F215087D9E0EC5DF5
server	tests/TagEkyc.UnitTests/Tip88C1C6BA1AppendHttpLimitTests.cs	test_source	3362	05FD4F1487906782013DE12F6A3823B5E85A04475C854480E650D3FA8AB2BDDB
server	tests/TagEkyc.UnitTests/Tip88C1C6BA1ClosedJsonTests.cs	test_source	7875	776496D1FA6AFD5DCA4D4EA28F9A169584360646F8EFAA709C417539289B8865
server	tests/TagEkyc.UnitTests/Tip88C1C6BA1ConfigurationSerializationTests.cs	test_source	2070	D545A2B3B4BB622742E35DBF7E55BAA44D81E80C65C38152DDF88A5A1F0C5BA5
server	tests/TagEkyc.UnitTests/Tip88C1C6BA1ContractTests.cs	test_source	9734	8EBD1A0627C799B9CA13B7B1F3A9640528C3DD1F924398B94E13AA521F7C8DD5
server	tests/TagEkyc.UnitTests/Tip88C1C6BA1EnrollmentHttpTests.cs	test_source	6216	45F021A9FE5CED4E0E8EA01F490FC92A8D89B7060216A8330D5FC42C19CFB7C2
server	tests/TagEkyc.UnitTests/Tip88C1C6BA1EnrollmentTests.cs	test_source	11741	92E08B7215E2473656E9B39F98AE5AA80C0B52D39C8F84708A3C39B838C5CF7F
server	tests/TagEkyc.UnitTests/Tip88C1C6BA1ExecutionTests.cs	test_source	10598	AA715EC51D82549B4F7E270D36237A366F840D7FD0E682CC2D46D5922168C918
server	tests/TagEkyc.UnitTests/Tip88C1C6BA1ManagementHttpContractTests.cs	test_source	14046	01703DC2D57AA571E67FA6AFFAB937AF364EB4A19B4C65AB705AEDD327CA8862
server	tests/TagEkyc.UnitTests/Tip88C1C6BA1ResponseWireTests.cs	test_source	2892	4DE4D9C9E9A65BC86B06E399BB8B4581AB613B257E784A38E83DD8EEFE8C87CB
server	tests/TagEkyc.UnitTests/Tip88C1C6BA1RotationTests.cs	test_source	10749	B3BF814240E61D6CB9062EA2AC3914759971A181CB4DF662F29231370533074C
server	tests/TagEkyc.UnitTests/Tip88C1C6BA1RouteRegistrationTests.cs	test_source	6179	B2590753440D0C36526ADFC6E71A0ACD7FB288F2301F6AD086A65B812AA78BE3
server	tests/TagEkyc.UnitTests/Tip88C1C6BA1RuntimeAppendTests.cs	test_source	12213	966F43124226AC1D7F38D2B0712D4E7DF6B7D4854D3DAC58D3C21CFF6F5FB8F3
server	tests/TagEkyc.UnitTests/Tip88C1C6BA1StartupTests.cs	test_source	7887	A92E29A11F578BDFC2F83C860E0CA05447E95CA6E3BAC42996D7F3D230229870
server	tests/TagEkyc.UnitTests/Tip88C1C6BRawIngressTransportTests.cs	test_source	15932	89AD752FC0A583B2B2E79394DAD773C7D22F7CB73850B414040768A4871163DC
server	tools/Invoke-CaptureAgentA2Acceptance.ps1	script	12182	7B2AB83130D46894EC1AB47C054565C762690B921C76C38D77BDC99DC23B862D
server	tools/Invoke-CaptureAgentA3Acceptance.ps1	script	9885	41C39CB5FB8235BF485959A85473E4298AE23DEECF46B9C0CA2E549280A1E08B
server	tools/TagEkyc.ApiKeyProvisioner/Program.cs	other_controlled	14964	CCD59FBA99CC072249D26176448BC049B9CEB70CB601384F03695463336EEF73
server	tools/TagEkyc.ApiKeyProvisioner/TagEkyc.ApiKeyProvisioner.csproj	project	464	18585DE5ACD610D3A4012428EE9015E166B456A98CA6041C884E83B5809C8B8C
server	tools/TagEkyc.GDriveSync/Program.cs	other_controlled	38698	C7F801B9E24DF3AA8CFAE88CA12FAF9B7DF2261EF8800841DBB00EBCB8351D02
server	tools/TagEkyc.GDriveSync/README.md	other_controlled	4856	93525005C0F75BD29DEC01925029336A57A476389F10CA4B5C4EFA9C3BD185BA
server	tools/TagEkyc.GDriveSync/TagEkyc.GDriveSync.csproj	project	364	730F1955F448E216564102422A00BCD6B06B2717CCE03D818945600693852009
server	tools/git-hooks/install-post-commit-gdrive-sync.ps1	script	560	682603AEDD2514509739FDE3E4C0503580C372A298F0FF6FEED09A735BF2000D
server	tools/git-hooks/post-commit-gdrive-sync.ps1	script	393	0C704D7540917F362CCE4005E216B4AA05B7F6083651CB48EFEADB5229AE2F38
