path	sha256
agent/TestResults/a2-actual-callers/3AVNN_LEARNPC_2026-09-13_02_48_14.trx	31542005CB24263A389549ABC369C09C5999F18A8E87A33FCB2CBC6EEAA13C35
agent/TestResults/a2-actual-callers/3AVNN_LEARNPC_2026-09-13_02_48_48.trx	298AE11EE16D5775F3896A8E5BC8D3155ED6AB947E9A7FFB578A7AC0020769DF
agent/TestResults/a2-baseline/3AVNN_LEARNPC_2026-09-13_00_51_28.trx	2799C4FD4E84A8412449CC9A55F19CC47DBF1B9877117DFC4C5ADBBE11F957B0
agent/TestResults/a2-caller-drain-green/3AVNN_LEARNPC_2026-09-13_10_29_39.trx	6C0B9836E986ADE6D36CA44EEC2D01AE3B9D6805AB82EB8CC70FCF71A4A36E17
agent/TestResults/a2-caller-token-red/3AVNN_LEARNPC_2026-09-13_10_30_20.trx	8FA715F671DA19D2F30A0873AEAC4EF8519C58891E49EDDCA2698A295795B188
agent/TestResults/a2-cancel-premature-red/3AVNN_LEARNPC_2026-09-13_10_25_33.trx	0D1C96FFD4127FCE2D5598836F955236473250AF6E82BD49427022BB21FF0160
agent/TestResults/a2-ceremonies/3AVNN_LEARNPC_2026-09-13_01_51_25.trx	C809E9B1B570D3A21513F20DF7B8635629A45202BD095297E41FFBF9E95151E7
agent/TestResults/a2-ceremonies/3AVNN_LEARNPC_2026-09-13_01_51_59.trx	E27220EFA5E8D2CFE6BA2567B046500A7382C8449CA0F790247CD3128158603F
agent/TestResults/a2-ceremonies/3AVNN_LEARNPC_2026-09-13_01_53_39.trx	E9D86AAA3DE96105E0FB870A8ACB0744B0ABF7F7FE2EF748053483D58249DB0E
agent/TestResults/a2-cng-principal/3AVNN_LEARNPC_2026-09-13_02_55_18.trx	D532A53DCEE856F1340BB4A99945BD597D01E09D46955B01CA5DB8E8C0AD4CED
agent/TestResults/a2-composition/3AVNN_LEARNPC_2026-09-13_02_11_06.trx	6FF82091F3A29E11E2FE69FEE49EA5255C36D51006C3B1D5B53CB45F5DC9701B
agent/TestResults/a2-composition/3AVNN_LEARNPC_2026-09-13_02_11_35.trx	DE2ACD9629EF68C650585D987A72342CC8FD6FFC041FAA9FDE87AA114CF2FD79
agent/TestResults/a2-composition/3AVNN_LEARNPC_2026-09-13_02_16_35.trx	08D864CA8BBD2FA6AB378BF0B66180FE18CB51D48FFF0DCCADA10562C7B8DFAF
agent/TestResults/a2-correction-focused/3AVNN_LEARNPC_2026-09-13_10_24_46.trx	F2D00DA15847514146CB84536238868D74B9430D13DD393E714D3C0CD1FA3E1F
agent/TestResults/a2-correction-full-no-pwsh/3AVNN_LEARNPC_2026-09-13_10_27_02.trx	2C0E5853BBDA35ACF5E45C2CA117CD9D2614AE0A06E8525FAC349B44AF411319
agent/TestResults/a2-correction-receipt-red/3AVNN_LEARNPC_2026-09-13_10_26_26.trx	BE93B3B65E2E8489D409F0099864F4637DCCD723D498630C524DAD4D824E6F7D
agent/TestResults/a2-crash-final/3AVNN_LEARNPC_2026-09-13_03_04_30.trx	FF440B09D76BC27B392D9265908F8301A4C5022BC5DB1DB34F1795ABD6A5F12C
agent/TestResults/a2-custody-negative/3AVNN_LEARNPC_2026-09-13_02_43_40.trx	C92C739251ED8C2593F3E18DE4887796D1AB3FC1E778B261AAC47E3D5A37AE49
agent/TestResults/a2-final-correction-no-pwsh/3AVNN_LEARNPC_2026-09-13_10_30_24.trx	E7AD3444F5B9E101825C4DD33EDACD8B4C838D82B2B535F89250D99336FB209A
agent/TestResults/a2-foundation/3AVNN_LEARNPC_2026-09-13_01_00_53.trx	E4909E1434EA0DEA4C230FF9D77FBBD8225C3827C98034A02795BC60A5666449
agent/TestResults/a2-foundation/3AVNN_LEARNPC_2026-09-13_01_03_10.trx	4B967891F6E58254434576240AD314D96B754770737D12173629A1F067498403
agent/TestResults/a2-full-checkpoint/3AVNN_LEARNPC_2026-09-13_01_28_20.trx	6069AF954EF7809E215060C2110FC586C0D2FC67690043470BBFE18D4CFE4B2B
agent/TestResults/a2-full-current/3AVNN_LEARNPC_2026-09-13_02_50_01.trx	B1CB0E4530C4D61F0284F6C59183DA540C1C85659BE9E6C88A596D8756385E3E
agent/TestResults/a2-full-current/3AVNN_LEARNPC_2026-09-13_02_51_50.trx	408E4F01CB10FD113245C744820C35C239A599ACD902D3313EA48631B66F5D33
agent/TestResults/a2-full-exact-final/3AVNN_LEARNPC_2026-09-13_03_10_04.trx	424A3C95F938F32913C610F1AE69D10BDCBE5E6A3913E52D85F8E7E37DE9F6BA
agent/TestResults/a2-full-final/3AVNN_LEARNPC_2026-09-13_03_00_41.trx	F323B46967731AEB63470E5B1458B4822953FDE4D15B9B6EF2D1C32F87DF6942
agent/TestResults/a2-full-review-candidate/3AVNN_LEARNPC_2026-09-13_03_05_23.trx	7BB8180DA2D4357ECA881C43ED52DE8AC1D16CDFDA018D555DC9DED4DDA174E0
agent/TestResults/a2-full-wiring/3AVNN_LEARNPC_2026-09-13_02_03_28.trx	07630AB201EC2486A51303F4B32A7EE8E84C26AB306F9AA653BD470EB80E2118
agent/TestResults/a2-full-wiring/3AVNN_LEARNPC_2026-09-13_02_08_35.trx	88A2B0D5F4C692F4473CFA4962058A5A959B0BAD61CFAFE183D958C3BC801168
agent/TestResults/a2-host-process/3AVNN_LEARNPC_2026-09-13_02_30_30.trx	9D5087F1B46D4C02FA03474F85C107BB04CC3FE18EB1F610B37AD0659A9D2E07
agent/TestResults/a2-host-process/3AVNN_LEARNPC_2026-09-13_02_31_41.trx	CCB0F22D346CDB572F22B2CF8C296238E3F4424B0A2367483A7755E7DCD98A76
agent/TestResults/a2-http-config/3AVNN_LEARNPC_2026-09-13_01_13_26.trx	67C7C202C1747A99E0842762E8EF5D595C2F7D19658BDA56979DA79CB6B5683C
agent/TestResults/a2-http-config/3AVNN_LEARNPC_2026-09-13_01_15_30.trx	D695651652C6EF12DCDDDC633A4E874DD56C71464BC030658B26F139744F3EE9
agent/TestResults/a2-http-config/3AVNN_LEARNPC_2026-09-13_01_19_08.trx	04118DA9291674BCC9C39125832CFE5EBDE31B107FB835A348BF462F34ED9BBE
agent/TestResults/a2-http-config/3AVNN_LEARNPC_2026-09-13_01_19_37.trx	DF4EA3DF4A5CCFD6BD94154DE599CA3C8D0E5A50FE46E0F57AA7083BC59839F8
agent/TestResults/a2-journal/3AVNN_LEARNPC_2026-09-13_02_25_50.trx	CF37330F58D82D55E272184CD070A390B10104CA54B709327014D0AC536B6714
agent/TestResults/a2-key-journal/3AVNN_LEARNPC_2026-09-13_00_56_05.trx	DB0C46B8FDC654C094014B9078BD945E1753E7875651C99509B682962FF9AB4E
agent/TestResults/a2-key-journal/3AVNN_LEARNPC_2026-09-13_00_56_25.trx	F3DE1A621A1519D12D971F0CB4DE53FE7985880E1F6AAC2C92906FA57964C41C
agent/TestResults/a2-loopback-fault/3AVNN_LEARNPC_2026-09-13_02_44_37.trx	80F3EF816F6F458DF2491F034F426F4E6EED00615E1B6C6826329E3F7BDBB866
agent/TestResults/a2-loopback/3AVNN_LEARNPC_2026-09-13_01_23_50.trx	B93625FC5888B9C8D97A5386A5232D6060502D619955F4E5057A1BF53C9AAFC9
agent/TestResults/a2-loopback/3AVNN_LEARNPC_2026-09-13_01_26_19.trx	398CE32671E84BA7736E52136F1FE3438977CFB10A98905D90D0F85D0AC3C517
agent/TestResults/a2-loopback/3AVNN_LEARNPC_2026-09-13_01_27_43.trx	20A7F0CB5CE8CF3077161AD3E0527D10DD814868D7CCBB7856F6A7A1567C9DBB
agent/TestResults/a2-loopback/3AVNN_LEARNPC_2026-09-13_01_30_12.trx	A19401F82A43A77179A022764E9BBF302481E5E33866C0BF2D153E6298919541
agent/TestResults/a2-managed-gates/3AVNN_LEARNPC_2026-09-13_02_42_58.trx	34204C504AE790B4C2F73C42D8CDEC82F433FCF3B4C495B7602E1FF51361AD49
agent/TestResults/a2-old-cancel-behavior-red/3AVNN_LEARNPC_2026-09-13_10_26_21.trx	BAADF8FC18CACBDC7545A622607251A4AF186C760942E1661E56CB19588A554D
agent/TestResults/a2-process-fault/3AVNN_LEARNPC_2026-09-13_02_28_31.trx	92ADF4B099473C407D26073C4B96D53E819499B537832B66FEE17EC22B26FA49
agent/TestResults/a2-process-fault/3AVNN_LEARNPC_2026-09-13_02_28_48.trx	BD4ACCC0FF0F2C2F8BCBF89FFC06EE42084B0BC47D90E0D97D105D73806E16D0
agent/TestResults/a2-process-handoff/3AVNN_LEARNPC_2026-09-13_02_41_15.trx	2DB3DE9278E0BFB1C45C0104218BE35A04ABFDACD6285418BDD59540149006C3
agent/TestResults/a2-receipt-order-red/3AVNN_LEARNPC_2026-09-13_03_03_46.trx	D999788EBF79F7A1473C5622728DFA3DAFFC186A0F8BFCD5E836CC0C1A7EDA74
agent/TestResults/a2-receipt-order/3AVNN_LEARNPC_2026-09-13_03_03_18.trx	2F91C5902CD93474A03593585409E1AAEA03A134A591D99D660B3417139167BA
agent/TestResults/a2-runtime-append/3AVNN_LEARNPC_2026-09-13_02_06_33.trx	76C148EFC55123235B40BDCA7C30A80768C111052AB590E2CD1CCCDCAC9FC271
agent/TestResults/a2-runtime-append/3AVNN_LEARNPC_2026-09-13_02_18_44.trx	AFF33F4477851652DBB4EDFA34440032411735A9BCB7BFA8EECE4310DFF2123E
agent/TestResults/a2-session-format-red/3AVNN_LEARNPC_2026-09-13_10_26_58.trx	58370CE28AFCC4631431554283FE3D8B62FBD15D8D449C13ECED59E8AF61EBC1
agent/TestResults/a3-agent-focused-final/a3-agent-focused-final.trx	89ABCC0BFA2913F08B505DA7AE83EC18D8296FC0DF2F39665345B22133A03687
agent/TestResults/a3-agent-focused/a3-agent-new-focused.trx	E99C9FD3545DCBBFD6A76FBA95B9A7775ABA72A3AD9B018EA63BDBA0332C62CA
agent/TestResults/a3-agent-focused/a3-managed-retention-gate-red.trx	783D976F1167A773E4D1C8B4EF6316083F8D28894BCC55C105A021327A18EEFE
agent/TestResults/a3-agent-focused/a3-raw-ingress-21-v1.trx	EFE3FA8AE9E80E8AA722C7B4B926AF1860AA8A89F73E898819FEC338F87E2937
agent/TestResults/a3-agent-focused/a3-receipt-restart-mode-red.trx	053061BA5465B7A99C4065C9DF597A1A723E36884D6F29278B7CE508251E441F
agent/TestResults/a3-agent-focused/a3-receipt-restart-mode-restored.trx	BDF6B0A4C512B6B38C1FEE432FB4BB99017E055F122E1140AD4152B333836754
agent/TestResults/a3-agent-focused/a3-resume-pending-fake-receipt-red.trx	AC9BBFC13A73C1BE0B0782876664600EED028E00286D237AED91158024682A53
agent/TestResults/a3-agent-focused/a3-resume-pending-no-receipt-v2.trx	7A2D8F4622428D94226B91B2BD55CD47FA549AAC28B9111AF863F613F4D67B47
agent/TestResults/a3-agent-focused/a3-retained-gates-restored.trx	A9794D42AC0CCA5B6B690B47039CB8BE6D316F45C603BF0C470D3E2C1C564312
agent/TestResults/a3-agent-focused/a3-retained-gates-v1.trx	A66BFCA326AE582735136AEC5EE081C49DC84600ED3DE3BF274486A647BB66A3
agent/TestResults/a3-agent-focused/a3-retained-gates-v2.trx	3847578F6717714E4E68BE134CBC63BB6E7CFF3A9A6C0C1C23E4F192043F364C
agent/TestResults/a3-agent-focused/a3-retained-ownership-restored.trx	585263F8E367BA2FE460994EE7AD64062DF6A90A81DBE99B5B9FFDB8E2673DF2
agent/TestResults/a3-final/a3-final-agent.trx	7100044F4228F724B436748B9920C887794E543A4B2EDE102B626D9D58A10DCA
agent/TestResults/a3-retained-receipt-focused/a3-retained-receipt-focused.trx	1987AC626388114D640F55BB7A103338E4786004512D0E5F0F134B4170F84BA3
agent/tests/TagEkyc.CaptureAgent.Tests/TestResults/a2-keycustody-sdk-probe.trx	2C2FC01DAF27408D60C44E8F8827EEA133E62430254F5BE5A3A374DE2D0901F4
agent/tests/TagEkyc.CaptureAgent.Tests/TestResults/a3-a2-retention-compat-joined.trx	6BDBBC4E0E3F7DEA3583F0883AAE9CCC6020892067E017BF97006DD4E6690198
agent/tests/TagEkyc.CaptureAgent.Tests/TestResults/a3-agent-focused-v1.trx	5D1334AEE081347A58260397A49612A30FFE1A8649FB5785577B5BDE65184E5A
agent/tests/TagEkyc.CaptureAgent.Tests/TestResults/a3-agent-focused-v2.trx	41C648B0B524C7DEF421C3675C080BABC35A8456536EB1A6225F6F7BE0CC5140
agent/tests/TagEkyc.CaptureAgent.Tests/TestResults/a3-p08-agent-retry-focused.trx	CE9728179CDA6A076A7764043B5761C9FF187A30A428BA0A3535DE98E03EAFCE
agent/tests/TagEkyc.CaptureAgent.Tests/TestResults/a3-p09-agent-deadline-guard-green.trx	E687CF2F65A763BF9869149E0437AAAC7E5FC53172CCC16AB1E4E49E4FAAED4B
agent/tests/TagEkyc.CaptureAgent.Tests/TestResults/a3-p09-agent-original-deadline-focused.trx	4D1694B13546F7186229AC987348F3F859F8228AF2BEB4F1F3A3303C7D59BE48
agent/tests/TagEkyc.CaptureAgent.Tests/TestResults/a3-p09-agent-same-lease-red.trx	AA3C98A47AA0B5C9016789C700619EA0333AC266B4502C37A8255D296E322C1A
agent/tests/TagEkyc.CaptureAgent.Tests/TestResults/a3-p09-agent-same-lease-restored.trx	FFDC93BAB692DF2608FD6B4FA61C010F17837CCF6C4A8CE310D3BBFBD0C5EFF0
agent/tests/TagEkyc.CaptureAgent.Tests/TestResults/a3-p3-agent-retry-focused.trx	A2CF876B8C128C1E12752F639370E9719429342CCE6B939CB221BA28A4004989
agent/tests/TagEkyc.CaptureAgent.Tests/TestResults/a3-r2r6-th6-agent-expired-lease-phase-a.trx	24F623E9A378D5A7C6577AB0752BC85B5A69A77833BB0EE8DFF94426FC8B9083
agent/tests/TagEkyc.CaptureAgent.Tests/TestResults/a3-raw-ingress-v3.trx	F2039BF544748AEEE68DF533CB6F0D7AAC7C4FE11858511F6963BA90F1634CB1
agent/tests/TagEkyc.CaptureAgent.Tests/TestResults/a3-receipt-a2-focused.trx	75C6A8CEC61AE421A5F26A5943E44CD77FDD4ED82FA11DA1ED27C2841F29B9BA
agent/tests/TagEkyc.CaptureAgent.Tests/TestResults/a3-receipt-context-v1.trx	D5F38CA2E5ED7D8284949BDAC294D67BBD2C162FB9D40E036E875295317E363B
agent/tests/TagEkyc.CaptureAgent.Tests/TestResults/a3-receipt-context-v2.trx	DAB7A15EAC4C7B489E168AD166BD7D6944B4023CDB9E2F5617914EDEC1C83F58
agent/tests/TagEkyc.CaptureAgent.Tests/TestResults/a3-retained-owner-v1.trx	475F8D7F8A12C65B552FDAF83DC3A7461D16D7D9658860901DACD2716733B739
agent/tests/TagEkyc.CaptureAgent.Tests/TestResults/a3-retained-owner-v2.trx	35A40987ADAF0CBEB68A49AFBA0113A4F1E61C7E85CC8A59F73EDF1518F349E2
agent/tests/TagEkyc.CaptureAgent.Tests/TestResults/a3-round2-coordinator-focused-v2.trx	CF4DD1DC6A15AE41919E6618725AB1D711A6DECC12E32C0B3F444871F272BC09
agent/tests/TagEkyc.CaptureAgent.Tests/TestResults/a3-round2-explicit-continuation-focused.trx	447E12A7D5E6529035923ED7BBEC3556BF4BF053E86F581A6440883A6B14C5F4
agent/tests/TagEkyc.CaptureAgent.Tests/TestResults/a3-round2-gate-focused-v1.trx	1AEFBDA70F617C44FAE7560435B78909E3C4CEDC2B70A3BBC7D20BA9E5E58867
agent/tests/TagEkyc.CaptureAgent.Tests/TestResults/a3-round2-p1-binding-gate-red.trx	E42BEF3F7314C699713C0CF61766CF7EBA874D744C4BD912A81C2C615A2ABBBB
agent/tests/TagEkyc.CaptureAgent.Tests/TestResults/a3-round2-p1p2-focused-green.trx	0C26FB3E5E6D86D85B47EA5428041149140FE81ACCF3E31A197AEBEE5A0CAD41
agent/tests/TagEkyc.CaptureAgent.Tests/TestResults/a3-round2-p2-green.trx	570D605CF6D1197B689A68B395455A80E1202ED003A061A03A3A7A4EFE0217A8
agent/tests/TagEkyc.CaptureAgent.Tests/TestResults/a3-round2-p2-sticky-red.trx	DE52FD93318719A8D335ABFA3A086EB77F0A09B1264E3F03506AB2C36111BC63
agent/tests/TagEkyc.CaptureAgent.Tests/TestResults/a3-round2-restored-focused-final.trx	4A23388C83E657826AE7D9F68FB4FC9F87118307CD10A75AA9762FD501C50656
agent/tests/TagEkyc.CaptureAgent.Tests/TestResults/a3-round2-retained-class-restored-final.trx	448BD9FC9043E7E90A5F63A2163BBFF936D3522EC2B6ADD1E3307A1BD0F17869
agent/tests/TagEkyc.CaptureAgent.Tests/TestResults/a3-round2-retained-final-current.trx	EA418ACAE4AAA1FB0C80A13BA4F08E0E639379F71644FFA96E1C481CF8BDD376
agent/tests/TagEkyc.CaptureAgent.Tests/TestResults/a3-round2-second-raw-focused.trx	0750255D305352AEDF2A40C2E47E4A39586240CE3328DCDE0986A2E9F3BC7D5B
agent/tests/TagEkyc.CaptureAgent.Tests/TestResults/a3-round2-timeout-focused-green-v2.trx	CE1DB0F3A8958A8FA9FE132289022BB98E4AEA4B96A6A126B179F94BAA4ECA15
agent/tests/TagEkyc.CaptureAgent.Tests/TestResults/a3-round3-agent-full-final.trx	8E341F5373541DA095993B655FC9D3CE587103B2E0391CC164117B31EA181B1F
agent/tests/TagEkyc.CaptureAgent.Tests/TestResults/a3-round3-f2-reset-green.trx	F4070B24401CA7EED507AAF27D4AAF60AD4E6B4815DE43DF6A512388D655D28F
agent/tests/TagEkyc.CaptureAgent.Tests/TestResults/a3-round3-f2-reset-red.trx	13C3423C4E898FD1A3A36AA626EC5708AB5ED0DB2A8552D4FF7F396CD932D7B6
agent/tests/TagEkyc.CaptureAgent.Tests/TestResults/a3-round3-focused-initial.trx	11B90B319F11B2F2E36A66C6EF7DD5242764D4384BAE49DA0A03E42F9FEBF2D0
agent/tests/TagEkyc.CaptureAgent.Tests/TestResults/a3-round3-retained-restored.trx	655EBF53466CB2FDAD13CC040470A5B3DD3B348AF146FCFF4DA5A98E15D10A70
agent/tests/TagEkyc.CaptureAgent.Tests/TestResults/a3-round4-agent-full-final-v2.trx	FAEA2513A223F7C7BB7AF6E2A76AAF44B82BC8232AFAE15E696BCBED50284787
agent/tests/TagEkyc.CaptureAgent.Tests/TestResults/a3-round4-agent-full-final.trx	36C7462CE031E74FB3C90BD524CC520CD3D6E17847AF3C53C995A5D5788960C8
agent/tests/TagEkyc.CaptureAgent.Tests/TestResults/a3-round4-b1-early-acceptance-red-v2.trx	306216EB32681B864F92AEFA039471A37ADA2DE67BF41A83B57A5469E2A3F6FC
agent/tests/TagEkyc.CaptureAgent.Tests/TestResults/a3-round4-b1-early-acceptance-red.trx	86AF63A466B4B39F16CDD57856DBFEA23DFDEA6807A2397F3CCA01E191984E1F
agent/tests/TagEkyc.CaptureAgent.Tests/TestResults/a3-round4-b1-green-precontrol.trx	3889F27C9E085D71918D5EC7D71329B57AA8B858BC8A8CED9F8680CB78EDF900
agent/tests/TagEkyc.CaptureAgent.Tests/TestResults/a3-round4-b1-owner-acceptance-red.trx	355070B8C4FCD211822CF9B256E74BE1DA5541DCE415EF875BAB5CB391D1771E
agent/tests/TagEkyc.CaptureAgent.Tests/TestResults/a3-round4-b123-targeted-v1.trx	DC60848BD6F0C14A652708C9F6FAAFE665E50A624A9BBC63BDE1C09DFE80352F
agent/tests/TagEkyc.CaptureAgent.Tests/TestResults/a3-round4-b2-config-timeout-shape-red.trx	A82E6033D394FB0A8AC67481B1EAB33FAAECDFD3FFA6C4631BFDA0B3CAE8C6A2
agent/tests/TagEkyc.CaptureAgent.Tests/TestResults/a3-round4-b2-not-before-refresh-red.trx	637F02983C2511D3EE0940F0B2BC2FC2C021D0BC5E04726352C1B4C7C1C3E767
agent/tests/TagEkyc.CaptureAgent.Tests/TestResults/a3-round4-b2-refresh-red.trx	5C8FEAAB2CBAAFE92C89AF763E29174BC662366DE54B95B85E28B3B2737325B8
agent/tests/TagEkyc.CaptureAgent.Tests/TestResults/a3-round4-b3-not-before-red.trx	E91FF481F366B88E7314DB3E972DCB50E09F6BC255701BEE5872DF52D5E702E2
agent/tests/TagEkyc.CaptureAgent.Tests/TestResults/a3-round4-b3-pre-gate-red.trx	0C7F77DFD23331B020ACB4211CB2BAFA37418E7549920B8C8541095639497F8E
agent/tests/TagEkyc.CaptureAgent.Tests/TestResults/a3-round4-baseline-targeted.trx	2ABE29CDCA751C6BFCDB004A3B311BD22EF2C53EEB41E240703A2C9F04AA5B30
agent/tests/TagEkyc.CaptureAgent.Tests/TestResults/a3-round4-config-timeout-green.trx	E990BB6C9187187BE2F7896B58019652A071B4FC8F95BDCAC7A9D009FD3DB3C0
agent/tests/TagEkyc.CaptureAgent.Tests/TestResults/a3-round4-early-not-before-green.trx	9B79086EED856F95C8D3A0245DF38F5F13E65BEE096205D3AA5777BC05BCAE02
agent/tests/TagEkyc.CaptureAgent.Tests/TestResults/a3-round4-retained-final-46.trx	44A684D96E440BF123AEF71FDB394AD710AA305F79521A45C40B3BC3B3C81ECC
agent/tests/TagEkyc.CaptureAgent.Tests/TestResults/a3-round4-retained-final-v2.trx	AC54C1F2D0ACE8FAE16D505681F72A8C30746CB77B44F6FC7DD92C120D0F48EC
agent/tests/TagEkyc.CaptureAgent.Tests/TestResults/a3-round4-retained-restored-final.trx	116A1530AF2EE681C04B48CF71265A56D6014C7A68E6D2E6E9586A1691FF516F
agent/tests/TagEkyc.CaptureAgent.Tests/TestResults/a3-round4-retained-targeted-v2.trx	0D99EF5E16CC347E5DA6F8C77F87E8C214F1AF4C3551813C274CF721CD4BE651
agent/tests/TagEkyc.CaptureAgent.Tests/TestResults/a3-s02-agent-malformed-focused.trx	FB01F980FB60227654669FC01CB3E520C56009D09FED25D3F03CC0A9ED325B20
agent/tests/TagEkyc.CaptureAgent.Tests/TestResults/cc-verify-a3-retained.trx	B228E6C0A9A80328DE8FAF7E683C40371F1E2C03B1BBD2EA7937FD60450E271A
agent/tests/TagEkyc.CaptureAgent.Tests/TestResults/cc-verify-agent-full.trx	FA150F80225C1901A3569DEE8AFC9CD99BD0CFE66FA4DF80B1571C80810827AB
agent/tests/TagEkyc.CaptureAgent.Tests/TestResults/cc-verify-r3-full.trx	1617BF94C43371662D364DDA9B29BE890310E44846AA7A3D004E991FF6546D2C
agent/tests/TagEkyc.CaptureAgent.Tests/TestResults/cc-verify-r4-full.trx	F4883536B1E74AEDEE7B7F8AAA0D6116EAEFFE9BE7757153660693D52922F9CA
server/TestResults/a1-binding-derived-session/a1-binding-derived-session-r2.trx	554AEDF843FCCE4DFDDF993D36EAE87B0F3B49204B5BB506EDC730D093F0F5D4
server/TestResults/a1-binding-derived-session/a1-binding-derived-session-r3.trx	F9C3C59E2C0768F38EAA6820A19D432E0834443757236B34662E38CFA5B0AD43
server/TestResults/a1-binding-derived-session/a1-binding-derived-session.trx	D828C4105B31C52C9D1D19C6D538DEE4E033C1A682BE056AA3CB1FECCAE0B0C8
server/TestResults/a1-binding-derived-session/arch.trx	FC65707B2F7602D18D6BF1DE58A0549434D7DED278EDC1CEB5FD7A8DC1404BF6
server/TestResults/a1-binding-derived-session/contract.trx	7D55E9B143E88F68471AA317BEF9522AB2E0ECBC309CE881750C47D9CA80983B
server/TestResults/a1-binding-derived-session/unit.trx	0FD6180E2CAB0F7DF66BF20C44919AB11B67B0F5B517D4E9E848B92726714110
server/TestResults/a1-continuation/a1-checkpoint-arch.trx	B2AA269B0E9FA7A55277BEAB5C4E76E43C1B5968042AC6C122197C4FDB1673F9
server/TestResults/a1-continuation/a1-checkpoint-contract.trx	DBF88A644C82E3DE9E76DACB3D18732763CF89204C51D0E52EB217245F44A69A
server/TestResults/a1-continuation/a1-checkpoint-unit.trx	3D4C34F003F16A83D4A442A4D582B16DB5FE68E9C95E8D88AA4DC06EBE362421
server/TestResults/a1-continuation/a1-continuation-checkpoint.trx	31709E08A4F26F45CF9F344CE6A133E020C118C59EC41276BD569F811859EDD7
server/TestResults/a1-global-pepper/a1-global-pepper-r1.trx	EF8CA5ADA978872554C93C196117C8C5F05E21762BB7C754F00994533D3C454A
server/TestResults/a1-global-pepper/a1-global-pepper-r2.trx	CB7D40610BE5D6BAE7DDFC55E7074FBFAF37F8123B67C4B7C45E121D3EE17130
server/TestResults/a1-global-pepper/a1-global-pepper-r3.trx	1776272DEA2524BD49791D57E550FC6BB6A98D45342C10A8EFD4E07F22FDF790
server/TestResults/a1-global-pepper/arch-final.trx	189EB0C3D079731B9D55B7E3C2243E35A1CBE63E83B088FBCA3FD69304BD0520
server/TestResults/a1-global-pepper/arch.trx	A9F013AA1FFDE0E1F6CC8D918D6F50A5CFA873BB9043B5010D76ED16ACB35EC3
server/TestResults/a1-global-pepper/contract-final.trx	68743154F2589D4343C15D98CEA34EB4235A9E27D17EBC8855788A2A9B241DD7
server/TestResults/a1-global-pepper/contract.trx	A4EB29D6C905AC858DD8A27776DEB305B8BEC82028326561AB3A78A2D1CA8810
server/TestResults/a1-global-pepper/unit-final.trx	FF680E763510664EA7917B14B573DE8EE923AE16625218165D6FCD4C0CED5A04
server/TestResults/a1-global-pepper/unit.trx	E24C5F897E36293C06BCA0413ABE19BE11ACFE05791D376EC21F13734C0D38B5
server/TestResults/a1-historical-guards/a1-historical-guards.trx	C7F57087E813A8AD6E489894A4F7062772DC69E6C0AA986AE7A062E89ECC3197
server/TestResults/a1-principal-stage1/a1-principal-arch.trx	61EA2EBC4A8D5BB6C9DCA7A62646A2A525E01BE74CF5CCD27CD9A2A296BD2635
server/TestResults/a1-principal-stage1/a1-principal-contract.trx	74FAEC29693B5F5B4ADD130CF58BA9A579DBA140440192967228ECD228FA71F3
server/TestResults/a1-principal-stage1/a1-principal-unit.trx	028C98F1B965C1E21913D1007CC44C1A10FA2CE7B0EDCF875E1D8C1341D25554
server/TestResults/a1-principal-stage1/a1-stage1-principal-02.trx	4DBC61F7A8ABEA842A2B6A53541CE41DF7837C9831802427AB48559A7ADDE5CB
server/TestResults/a1-principal-stage1/a1-stage1-principal-03.trx	BC012A72A074EEE78390BF0395267D2C4E4C5C945B7EDFF8507C410D13BFF2B3
server/TestResults/a1-principal-stage1/a1-stage1-principal-04.trx	FEF469F12CD99F2654E03AAEEE29461A540FD3C614E2FE2BFDCF93012BDEB584
server/TestResults/a1-principal-stage1/a1-stage1-principal.trx	CE661A4A5E77634864B797523C60FFBEF16CF0F072A2E4769415F06E01E75B87
server/TestResults/a1-r26-correction/a1-r26-r2.trx	2D220B212FECB9AA9DE69F17EAAFF6066A4FEDA3F2D0FC635D3E0F508EF7A8A7
server/TestResults/a1-r26-correction/a1-v5-r1.trx	F85C8175019F272D9DCD41B08A945B5DB54B3DF79B1A967B6EDD9C509317BDD8
server/TestResults/a1-r26-correction/a1-v8.trx	69B1CEE0F31E834E97D81C6D2701E11CDA52BCF130E9DAD0495DF74A564CE826
server/TestResults/a1-r26-correction/a1-v9.trx	D45F821496533A1251F0334CC66E11506548E685B287AAE6D3BF2B67741A4561
server/TestResults/a1-r26-correction/arch-asbuilt-correction-final.trx	637EC6556FE71FDD4CA760A7D8700313EE0910FF7013416F468F204B870CD382
server/TestResults/a1-r26-correction/arch-asbuilt-correction.trx	F554827CD91FAA70E5A3324760C2639BBFD1B01352A45BADD9F898DB62BA72F7
server/TestResults/a1-r26-correction/arch-final-rebind.trx	BA28D5BEA3A10ACCCA97987F241599A52B70E6EAD383839E0A50E7EB01417C3F
server/TestResults/a1-r26-correction/arch-r1.trx	231EF09756F9882C98BC41F97C54341F9577BFC82B53D1067830E66732CD9E40
server/TestResults/a1-r26-correction/arch-v10.trx	322D950AFAC95327A608735EBBDE1A3048E4409E49FF15713E435088AEC26362
server/TestResults/a1-r26-correction/arch-v5.trx	37804A5B6013149960A4207B1FA6D78120ECB3AF1300929B29473E80CD3FC20F
server/TestResults/a1-r26-correction/arch-v6.trx	70ABE8116E3DF7A455BA9BDD441D1F7DB088F92908544560BD631E32E5D4C2CC
server/TestResults/a1-r26-correction/arch-v7.trx	C6F645240BD7237E8546E0FEF1D4C7BB80F1F683184960645A6B3FDE3B6325C5
server/TestResults/a1-r26-correction/arch-v8.trx	773A1B60E036A2DDECB8D1A0EDA2B2AD1E52D7254C6A9E8E939FA4A2331FBBE3
server/TestResults/a1-r26-correction/arch-v9.trx	2B85814FF27B01BD78F99554B2B934725943649D4B896DF892078300FEDC9D84
server/TestResults/a1-r26-correction/contract-r1.trx	5705A9B938D3922E26C1E070D8DEE384D8BFB53AA503433A13727978F667965C
server/TestResults/a1-r26-correction/contract-v10.trx	ECCBB0F81A5978CA912EFD1AAB8E43D99DD2FFA841575731883446C20634F323
server/TestResults/a1-r26-correction/contract-v5.trx	48F4BD5E281D0AA49FB1723BFF49C06B4BC8B6C78F3873933BBF5C05610CFD2B
server/TestResults/a1-r26-correction/contract-v6.trx	43823E3C6A05ACB00895CA12956C56892724B6E4EDE8F9CCDE74CA3D7929ADF7
server/TestResults/a1-r26-correction/historical-v5-r1.trx	7FB21C3BABE38B7BB5EE0BCFD98DFF4CB629210843F8E386D67842D035CBA319
server/TestResults/a1-r26-correction/integration-full-asbuilt-correction.trx	0B704051D2CB24FADC11C6A74ADC899F66DA88D5138AD9E3605897793DC0447C
server/TestResults/a1-r26-correction/integration-full-r1.trx	52019479EDC9AC41D8794C02FC0B74949071ECA455358D7820847DC1382DDF86
server/TestResults/a1-r26-correction/integration-full-v10.trx	20FE28AAEF195B1D925F29DAC85EFFABA3EB468A59A99390490FFD464786B293
server/TestResults/a1-r26-correction/integration-full-v5.trx	A2C4C6A25F874F77209D208A6F04F9B8DBB25C1E0298E294A3FCD75020473C2E
server/TestResults/a1-r26-correction/integration-full-v6.trx	C1106B7B22034B59D71A4A77E491FAAB931AC8480EF8797B4AC701BC531A41EA
server/TestResults/a1-r26-correction/normative-final-rebind.trx	BB35990A5ED1F5260384C0467CE4AFA9953789E91B7CA038C3356DE8014F1C3A
server/TestResults/a1-r26-correction/normative-v10.trx	35938DEF6B6537B4FD5F2E642D32FCA8FA279336F53A461F51E3AAC94648FB5C
server/TestResults/a1-r26-correction/r26-commit-diagnostic.trx	FC1C1DAF5E15832D36327F597F8E06DA3CDAA01F67C5612EC139E3B117440132
server/TestResults/a1-r26-correction/r26-diagnostic.trx	F3429939532F653A54B6D39282D3C16F6A10D0B60E5695B0B3B512651BE9226F
server/TestResults/a1-r26-correction/r26-first.trx	FADD881B4B19E53F4A3FEA4C28D83D75473C7E3D86A883F1BF43E609A6B92BD4
server/TestResults/a1-r26-correction/r26-normative-asbuilt-correction.trx	84C7C52A256CB9A7732DB5ED7B8B4090FD5E55064F7BB41D4FE84CA63781AC46
server/TestResults/a1-r26-correction/r26-sql-diagnostic.trx	5A5C129D2DA97D279F4888D47CE101DE2F8D17268A9E7808CD7D34646E5BCF1E
server/TestResults/a1-r26-correction/unit-r1.trx	1C9662AB952A68ACC3951A5460198996DAD205D5F06E2034555127A7BE65D3F5
server/TestResults/a1-r26-correction/unit-r2.trx	3560C3150E3D554216039AC0FF4C00A1E3A103B03C5BBDC74E85A88321D164A4
server/TestResults/a1-r26-correction/unit-r3.trx	81E4A90462A74E9E71BF8C196D41B37BFA939D06490E5C0E840A0E2435CC9022
server/TestResults/a1-r26-correction/unit-v10.trx	13D9F5D169E8AEE0B27FEA3F2AE077787B177F227BF3D0168E0CAF47786DAC55
server/TestResults/a1-r26-correction/unit-v5.trx	14A4605E5E6A6229FBF51CDFAE0590AD06873C1181C5E9D8402BAE37B569C003
server/TestResults/a1-r26-correction/unit-v6.trx	90C9A9D8B44DCD7E4BDA988794240039F553CDB37929D0B4BB642CC8B638729B
server/TestResults/a2-acceptance/3AVNN_LEARNPC_2026-09-13_01_35_37.trx	A479EE757DBC0CD4EDB7F305887400B9A53865157E83A46BEB7DD004C4BCE996
server/TestResults/a2-acceptance/3AVNN_LEARNPC_2026-09-13_01_39_03.trx	B72C0F1FB2F283E230EBD443CEA79B045C6D6E298836D1EC7C660C852A91F916
server/TestResults/a2-acceptance/3AVNN_LEARNPC_2026-09-13_01_43_17.trx	A46E1406CE227665DBBE9FA09AB0DC47E38ED4614A6AAD5464387DDB51F1C5E3
server/TestResults/a2-acceptance/3AVNN_LEARNPC_2026-09-13_02_21_58.trx	C51852F06881259F6DDD034D89718A5051995B1FAD7A5E195E92EDB16947CE0E
server/TestResults/a2-acceptance/3AVNN_LEARNPC_2026-09-13_02_22_43.trx	44938DCE3DCB6F0581D8E3052CFA9B428100621E74EA797BA75C178A07C90623
server/TestResults/a2-acceptance/3AVNN_LEARNPC_2026-09-13_02_29_23.trx	972D4E1B28EDC070DF0E44A3CF73D04CF504FB3A753F814A7C079DF318F75866
server/TestResults/a2-acceptance/3AVNN_LEARNPC_2026-09-13_02_37_54.trx	CA360AB26EE5BF4509E2E00C47D8FBB31EC2D612B106B3B16A7C46A08674F713
server/TestResults/a2-acceptance/3AVNN_LEARNPC_2026-09-13_02_38_58.trx	33BE2C26D3D6F66401D59B2B9CD76164EAD708AE65118E3BE870963FA8EC3D8B
server/TestResults/a2-acceptance/3AVNN_LEARNPC_2026-09-13_02_40_33.trx	2DEDF05AF2DAF963469F4018344F056EC5A6CF36D4D61BCE4E6A88C37ECA77CA
server/TestResults/a2-acceptance/3AVNN_LEARNPC_2026-09-13_02_49_41.trx	BE1AE78CEB156A59E44C233B7939BD9F954061D100C58C03881CA1A113CE8A38
server/TestResults/a2-acceptance/3AVNN_LEARNPC_2026-09-13_02_51_56.trx	2A1AD30BD6AA833B4ECF75BF2C84BA2EEA27C0CB70E659B1FF389E26971A0275
server/TestResults/a2-acceptance/3AVNN_LEARNPC_2026-09-13_02_54_13.trx	F553F843959C5C45B060A26D5C872D80A1E58C5E505E2C3CBB5400DE4973A1AC
server/TestResults/a2-acceptance/3AVNN_LEARNPC_2026-09-13_02_57_31.trx	F00725BD18F3C674029D1477BFD96A3B8E8DB8047C526BA136423A23A5F70189
server/TestResults/a2-acceptance/3AVNN_LEARNPC_2026-09-13_10_30_53.trx	1DF74B2B9804E91BB08E787E00AEF6FB1FF6C0620A2CFBB87BFD5E417CB570E4
server/TestResults/a2-arch-final/3AVNN_LEARNPC_2026-09-13_03_01_08.trx	EF194C63BA8C13DE7384E96A6FBDE12DC9D2455EA8178B6E4E65558B74B90771
server/TestResults/a2-correction-arch-final/3AVNN_LEARNPC_2026-09-13_10_36_10.trx	FC370A8072D18FBFB114B7D9B36090BFA1E9498232F98879803603168E5FFF0D
server/TestResults/a3-a1-roundtrip-fix/a3-a1-roundtrip-fix.trx	C153A746AD0F10070E52C2F19FC1A63EB0AD2EF3A47573CB12C84700302CB99A
server/TestResults/a3-a1-roundtrip-isolated/a3-a1-roundtrip-isolated.trx	3A92E13B771AFA12F940A16FFBC86780BA0555C665ED3557BCF2F86BEB2565DB
server/TestResults/a3-activated-composition/a3-activated-arch.trx	7F8522BE3F28E64D202DD489340905EEB8B954C2D137E212BE00E419B53F9D68
server/TestResults/a3-activated-composition/a3-activated-composition.trx	C94C8686EB85611A4A0FD9241B0FF5D34748ED92CD697E2F8A935C844779483B
server/TestResults/a3-activated-http-two-class/a3-activated-http-two-class.trx	E8702AED37E5FED488D56B4E9319B98FC98F0AB070126B86B76997BC487E5117
server/TestResults/a3-activated-policy-readiness/a3-activated-policy-readiness.trx	E2F14D3ABC7AF9E3757AA177863891F71C30A7666B186C5A98F5ABF6558AA201
server/TestResults/a3-agent-focused/a3-agent-raw-crt1-parser.trx	D9AFA02EF73D887B57DAB3A71BD67F3A689B9CAAE2BA810A052D3316C88B347A
server/TestResults/a3-c1-c3-focused/a3-c1-c3-focused.trx	416C804390B9C8A0AF2DB6B464DE306D6DE26DC7506A1DF9E316A38EEC541227
server/TestResults/a3-client-server-acceptance/a3-client-server-acceptance.trx	E6AF3CA02E25B18E770DD80B5FFDB9824212CA60615E6D31B821F7A69F7A75ED
server/TestResults/a3-client-server-acceptance/fd57cf995ae1495f97298f7097b9d87a/a3-client-server-acceptance.trx	076739739D89BD2928035B910CE9674D4812A9188EF78F5E3485834B70CE6918
server/TestResults/a3-client-server-focused-v2/a3-client-server-focused-v2.trx	91BE8849FF4CF76C3B6AC66FCF1D66DEC011B7E4C2AD6475B01CE5C081845400
server/TestResults/a3-client-server-focused/a3-client-server-focused.trx	076D1376E143E7FB5C4B0F37E6476AEF0D076CAF05CAA6E62C7A04EFFF7110AE
server/TestResults/a3-compatibility-focused-v1/a3-compatibility-focused-v1.trx	4B9FB565DCD9E63C71C2B33BEE2C0C7D5B1680D99873490A9A87F1E29B5EDB4B
server/TestResults/a3-composition-lazy-focused/a3-composition-lazy-focused.trx	C9FEF04108B6DAA09105712599855B50A46117E489507ED62BB0EB67061ACD59
server/TestResults/a3-composition-readiness-focused/a3-composition-readiness-focused.trx	3362A86A8C282F43D2E3E074D483BE45ED153412D59B91235CFD1CF09864531F
server/TestResults/a3-cp11-targeted/a3-cp11-targeted.trx	6ADAA25E90B5A895F83C9A401323D353719DA84F037A6F68EE5681EE512246A7
server/TestResults/a3-e01-credential-lifetime-recheck/a3-e01-credential-lifetime-recheck.trx	DAA96D005DB3C1B0CA02D5A4221FE6D9F7991F9CAC243B907600B107945F8831
server/TestResults/a3-e01-focused/a3-e01-focused.trx	31BF8A5A0CCC9DDD3CC4F6604E0BA577CF942344A96087E18259C898E9EE6400
server/TestResults/a3-final-focused-compatibility/a3-final-focused-compatibility.trx	18C3AF0974EA18E8EC244FA93AE2E0AE1A511C3A1B9D8D24724DC140DB1ADDB2
server/TestResults/a3-final-v2/a3-final-arch-v2.trx	89A954CA5CB0C13E72E4D177A3FCFB0E380F25CD4244EEFDC8084AF9735A2D76
server/TestResults/a3-final-v2/a3-final-contract-v2.trx	4B82808EEF30841FED23E804050C63BC5CC4757A98A0455CD4D39FDBC39A4687
server/TestResults/a3-final-v2/a3-final-unit-v2.trx	B01C2F62013447A5F3E68A65D9D64D612B5425396D6D541CE2AB16D657FC658D
server/TestResults/a3-final-v3/a3-final-integration-v3.trx	02D6ADD0D974210DE514369FE1FFD8F57606981EF427A287EF282568AA27F6F7
server/TestResults/a3-final-v4/a3-final-integration-v4.trx	842C96F7BEC63E78844A057900FDD72BF4D393473CD201A817B75644E1E85CDE
server/TestResults/a3-final/a3-arch-successor-projection.trx	D4FD2D704BCEE96FDD25F04B3EB70064872CFE2077AB05D4274C27540F03AD03
server/TestResults/a3-final/a3-final-arch.trx	7FC707534723F0A2D2784F835F420DC008E06290249E0302CC0BDC53F2DFF6EE
server/TestResults/a3-final/a3-final-concurrency-rerun.trx	EFE7144D6C6A46AC0E0918706FD13AC7DC9290AC4A1F090988EBEA14C0DD6FFC
server/TestResults/a3-final/a3-final-contract.trx	C4AB98298888F7E9BE80843936CB27C436287545F62535421F94D8C81F59EC70
server/TestResults/a3-final/a3-final-integration-v2.trx	16BD255E752DB905B0082B1BFAC7A89B5A1A3747CDD1488E7DF610CCDD801DF9
server/TestResults/a3-final/a3-final-integration.trx	D251691F605B049F0911BEE350932C236AFA21266080AE1F62DC6453292FE0E3
server/TestResults/a3-final/a3-final-unit.trx	8F6816845D4F714E5772F440C9027004699F789B17B9FE68543AD90E31948061
server/TestResults/a3-inmemory-startup-fix/a3-inmemory-startup-fix.trx	D15B92F4918B537FD4A54424C3BED965F5F811E055C17AF861D6A87DD76A6347
server/TestResults/a3-public-focused/a3-public-facade.trx	8ABFAB7B6E71F3F947E2005D0B405CD3DEBCF1D191B8918396B8AF3C3639F2EC
server/TestResults/a3-public-focused/a3-public-outcomes.trx	DF64E24F0EAA303A2C3CB1D56943CD1087597609FD2CE900983D3F62ADD66A49
server/TestResults/a3-public-focused/a3-public-r2-r5.trx	7DFB12DBB3B8FAB83B30AF697E9836C47AE1F277F9F5D63AC9E4005CC9D0948E
server/TestResults/a3-public-focused/a3-public-r2-terminal-restored.trx	0D9E1B6E79C11C9DB782E9457285372A5AA75CE0324320F62F0C90D2122F6EAC
server/TestResults/a3-public-focused/a3-public-r2-terminal.trx	1DFBE38404F716163E6F4B4B681364D4EDBFBF358B694BF2C9FEABAF65BB1F48
server/TestResults/a3-public-focused/a3-public-shapes.trx	0E9D7EF86984D1C8A13866181F5FF55D3849444446B97C5ADEF81990AA0A531D
server/TestResults/a3-r25-migration-smoke/a3-r25-migration-smoke.trx	BDFAF9B50C97A2FCE8919AC3BE31040D3C65D360BCC27B150C3FD0DD29437EFD
server/TestResults/a3-readiness-focused/a3-readiness-focused.trx	D7BD7DFD9ADDC751F9BB7713B1619DC1412B5EE5975CC018C26EB437EE072DA8
server/TestResults/a3-readiness-negative/a3-readiness-negative.trx	8D3CEFD749774A592572CBE925D919CDC282E5103B2740B76D0553BEFEA46384
server/TestResults/a3-readiness-policy/a3-readiness-policy.trx	3EEF113BF8FEC360CEE1CFF506B9661D773771B39D61D5B7AE0F0D193C506294
server/TestResults/a3-result-acceptance-v2/a3-result-acceptance-v2.trx	4941D809C5D332F542B3BA52BD2F94FEAD47751863961A50A05CA6973186AC82
server/TestResults/a3-result-acceptance-v3/a3-result-acceptance-v3.trx	D9C84D63BC0E5D3E3A7014BBA1EBC2CE23003841F74E13F874871ED61906D21F
server/TestResults/a3-result-acceptance-v4/a3-result-acceptance-v4.trx	32C7632C3516004972CA94F76308AEFCDEF13F484A67DD50788A4DB3BAE8A20E
server/TestResults/a3-result-acceptance-v5/a3-result-acceptance-v5.trx	250A7A15365A5CD3C1E2F007B6C9EB51616202062CF58AB5D7BBA99D8785C245
server/TestResults/a3-result-acceptance-v7/a3-result-acceptance-v7.trx	9E09B02ED47CEF5B0DA80944A6E458C8B8102811CDD8F31C056D9DD5AA1B83C6
server/TestResults/a3-result-acceptance/a3-result-acceptance.trx	A5E6C8483798ED598328D313D9DDAEAB28031A919FA16E52F419826B9B964B4E
server/TestResults/a3-result-completion-v2/a3-result-completion-v2.trx	1A39E7FA276CE7F80A5CEA32AF0519D89055BD76C3134EBECBF0AEDA5ECFCEE0
server/TestResults/a3-two-class-body-pipeline/a3-two-class-body-pipeline.trx	E01E98EDAF6A5AF57C51245EB22F8BCEC91D556E859E705A6D1861E938221F07
server/TestResults/r27-http/r27-evaluation-shape.trx	109FD8804ADD8EDD3BAFFACD062CEC9CD0434955DAF56F689C7C860E073EF11E
server/TestResults/r27-http/r27-http-arch.trx	72AEA3BAA3FE891ADAC641288DEED46C7DCEE30F31915FEAEEF6868EF7DDD6FD
server/TestResults/r27-http/r27-http-final.trx	F328BF264AADCF51729E5E738E8CEA75A15C3C957632AA7350F836672587CB5A
server/TestResults/r27-http/r27-http.trx	1DB5CE726F7BD563E5678654BE3F96B8A3037E672F9BE7D31BA0F45CF207F1BF
server/TestResults/r27-metadata/r27-metadata-arch-full.trx	3092F9D8F5F99961725A8485570BFC9C226C53CB8996A409327D71B180300A0C
server/TestResults/r27-metadata/r27-metadata-arch-scoped.trx	0E29BAC5D8D242A2C860A8FAA79C8AA04EEC20BAB2631867D5EB4B6E6A67942E
server/tests/TagEkyc.ArchTests/TestResults/a3-broker-final-arch.trx	AE295BC624DCA2F9E214CD2A989312DD353D028E2CF1AAAD1C49FC88698913B2
server/tests/TagEkyc.ArchTests/TestResults/a3-broker-history-final-arch.trx	D550053223FB17AD050E601B60670073F06A75E514A255DA985B37544F74EADF
server/tests/TagEkyc.ArchTests/TestResults/a3-broker-same-b-arch.trx	B101C7B8AFF5E7D2E76CEE23906BEE89D27440E452870FF28692FFC151A6A323
server/tests/TagEkyc.ArchTests/TestResults/a3-c1c3-cp04-arch.trx	DD09D634DF601F89651148D27A7863ADC46F8BDEEF5F61CEEBD9C1538F2BFA54
server/tests/TagEkyc.ArchTests/TestResults/a3-c1c3-cp04-v2-arch.trx	3EA8625709CB44D2140188501D33EE47D918B25EC6ACAAD3BF15E162A1A091F0
server/tests/TagEkyc.ArchTests/TestResults/a3-ef-registration-arch.trx	02C710B8ABAF2E6E015902CECBCB34F0D42BC77774E8A2FC10CE7284F47C96E9
server/tests/TagEkyc.ArchTests/TestResults/a3-host-arch-focused.trx	5912E71E5DAC7D6DD09D16C6DD4359278B9AE398223C52B9187EFE3FD668D4B7
server/tests/TagEkyc.ArchTests/TestResults/a3-preflight-arch.trx	3BB0646E3CE73A5C5A693FCB9443284AD2586D283659DF4FFC5CBEBFF204E361
server/tests/TagEkyc.ArchTests/TestResults/a3-private-http-arch-initial.trx	63C61D033602E9FB073C2ACB109C303B800D1462A3185A10B4502E89564EB394
server/tests/TagEkyc.ArchTests/TestResults/a3-private-http-final-arch.trx	0EA0853C06CFEF61D3B054E9F2DC8D18A9AF8BA4AAB6A4F04EF49AFAD9B908A7
server/tests/TagEkyc.ArchTests/TestResults/a3-r2-projection-arch.trx	47B675E98D4596D3476A143B8465628EAC88C80AA675FD8B5835DD6FE5E06E71
server/tests/TagEkyc.ArchTests/TestResults/a3-readiness-p24-bounds-final-joined.trx	7B6EC266AC8022FEB2F67E88ADF5128539E548FEBE041FB27B8951166FC23795
server/tests/TagEkyc.ArchTests/TestResults/a3-readiness-p24-existing-bounds-joined.trx	C65A68A861853A811A1855BB07C441E4FE0D1D8DB5832957C7F7A408BC24E084
server/tests/TagEkyc.ArchTests/TestResults/a3-snapshot-rebind-arch-final.trx	A3404497ADB9E0079134C0C39F87B641E2878CF795633482B4F054FF2FB22655
server/tests/TagEkyc.ArchTests/TestResults/a3-snapshot-rebind-arch.trx	7C9FC47467E9E6C4F208615722065A1598C8B0392269C56684C103B2C0AC3E20
server/tests/TagEkyc.ArchTests/TestResults/A3R2Incomplete/r2-incomplete-arch.trx	33E9CB32932320109460774D4A5FF6C74ADC719E08648E30197CDA51BDDF2B2E
server/tests/TagEkyc.ArchTests/TestResults/A3R6Worker/r6-arch.trx	F475C0BB3E80BD9DDDC3BBCE7BA65198C593B4F6966D2B4DB1344094E912C59F
server/tests/TagEkyc.ArchTests/TestResults/A3TerminalProviderCleanup/terminal-provider-final-arch.trx	6F17477276D422BD90ED0617509FFA0E96254BC96D1CC8F241DB56DE0940F26B
server/tests/TagEkyc.ArchTests/TestResults/A3TerminalResource/terminal-resource-arch.trx	9A00C9B6A09BBE2A10956710B1F5DAFB9D8AAF1715E246C92C21E10A8489520D
server/tests/TagEkyc.ArchTests/TestResults/A3TerminalResourceV2/terminal-resource-v2-arch.trx	223937F92543A60ECA92B91EA5F34D2B0D38743A0422E35E628E2485B85533E1
server/tests/TagEkyc.ArchTests/TestResults/tip88c1-a3-broker-qualification-arch.trx	C669179210D4FFA763CC587D6DBDF5ADAF74CAE1C76B38A62C08C3F5C748198A
server/tests/TagEkyc.ArchTests/TestResults/tip88c1-a3-broker-qualification-final-arch.trx	5AF6AFFBD7A518D1946532AF71550DC360C697ABDE0EB67A96928F539020DC1A
server/tests/TagEkyc.ArchTests/TestResults/tip88c1-a3-input-arch.trx	85A69EBF8D5F01BE7117F7FA8D8B78E120243B168C12C223052190820C9B9F54
server/tests/TagEkyc.ArchTests/TestResults/tip88c1-a3-input-v4-final-arch.trx	917FCC733244A894CE0EC7C89DB0D93D34A9B4C76E4523E93AB06AA9731F349B
server/tests/TagEkyc.ArchTests/TestResults/tip88c1-a3-input-v4-post-ledger-arch.trx	678841B942B8D79C866C2A3BACFCBC0AE46F9CA344B22FBAB9482E37BF2DCAC0
server/tests/TagEkyc.ArchTests/TestResults/tip88c1-a3-no-provider-v3-final-arch.trx	72820E9E69FB04421C7341B46FCD485B619D6471E562A7A5A6E06F9F2EBA1132
server/tests/TagEkyc.ArchTests/TestResults/tip88c1-a3-no-provider-v3-post-ledger-arch.trx	1B6ACEC6606B8D487FB3CEAFC736283EC4C6022D6DAD8690BA15299201C9D756
server/tests/TagEkyc.ArchTests/TestResults/tip88c1-a3-nps-final-arch.trx	5F33E731CD8B68747D72A352880083FCECCEEE6B35A77E8737E396452E2D8B69
server/tests/TagEkyc.ArchTests/TestResults/tip88c1-a3-nps-final-ledger-arch.trx	69DA7D7B656FD128AE7DA09D82F7C797FEC07A0E82CFCB1838D46E86BA658ED6
server/tests/TagEkyc.ArchTests/TestResults/tip88c1-a3-nps-final-v4-arch.trx	61C9F2B2F0F054B75B95771452DB7C092B8FB2819342F382B86A9CFE4E1D54B1
server/tests/TagEkyc.ArchTests/TestResults/tip88c1-a3-re01-arch.trx	BACED6612FF4DF5898009D47AA5192FC47FF138D02E26492E925DA6F1EBF4135
server/tests/TagEkyc.ArchTests/TestResults/tip88c1-a3-re01-final-arch.trx	DF572B077BEA4EE6CF3AEF25F50CF54066A689EF49CD7D74C7F2C99CFCC91089
server/tests/TagEkyc.ArchTests/TestResults/tip88c1-a3-recorder-cp-final-arch.trx	ECC312720060AF05A1EE0030F718FB3A8D6090732954D551EEFBC54E909E66FF
server/tests/TagEkyc.ArchTests/TestResults/tip88c1-a3-recorder-cp-ledger-final-arch.trx	C446091F00E134C521010AE22B6DA84AC6D96528718165167FCA42E1D494626C
server/tests/TagEkyc.ArchTests/TestResults/tip88c1-a3-recorder-cp-v4-arch.trx	13A822754E63D17E7AB547F3D86D3B980F5BA671C1705657CD13E11F2CBE5287
server/tests/TagEkyc.ArchTests/TestResults/tip88c1-a3-scopes-arch.trx	4F5C971E9D002E9C41713412B4E4B3D1AA4637942806895A2EFBD1ACC3E6BC5C
server/tests/TagEkyc.ArchTests/TestResults/tip88c1-a3-scopes-continuity-arch.trx	720AC4482EEABC58F8920A73CA71822C0CB84A8C65D7ABD77929A5988A418EEC
server/tests/TagEkyc.ArchTests/TestResults/tip88c1-a3-scopes-continuity-ledger-closure-arch.trx	82DB519031DC007A6395C97AF2CDDA9974D568A55A3A0834EF91BB09FA734C1B
server/tests/TagEkyc.ArchTests/TestResults/tip88c1-a3-scopes-final-arch.trx	A4AFABEFA1C097A60DBAF0E129360B38897D8506552C6228A1C531615F3B9AF2
server/tests/TagEkyc.ArchTests/TestResults/tip88c1-a3-scopes-v5-final-arch.trx	670BA6BCE611E3A9C136572239846561DDB7CEAB2AF3DF3CA1F04F38F34EE17B
server/tests/TagEkyc.ArchTests/TestResults/tip88c1-a3-scopes-v5-ledger-closure-arch.trx	2C309F32C299E115BCDE22D6F95F316915F23078E4C9666F2F43EFD0F063BD1B
server/tests/TagEkyc.ArchTests/TestResults/tip88c1-a3-ti-final-arch.trx	B6E9299EDFB0A84236579004AC7C0AC42B16D1BF3E2CB7E504294A5F8BA6A286
server/tests/TagEkyc.ArchTests/TestResults/tip88c1-a3-ti-post-ledger-arch.trx	4429F302B16FB6A2FFECC50E103D6107F16660EF59DE5D0C8FF54E03E27BA075
server/tests/TagEkyc.ArchTests/TestResults/tip88c1-a3-ti-v1-arch.trx	254FD31F657E542BF4B3447CA3E63B42EFBF6666B9EDC72E6ED651A1AEFABC37
server/tests/TagEkyc.ArchTests/TestResults/tip88c1-a3-worker-final-arch.trx	F0368BA224E9E32C9801C424F3650A1A5A970A31CAD75F849DA429D553F287EA
server/tests/TagEkyc.ArchTests/TestResults/tip88c1-a3-worker-v4-final-arch.trx	698ED5B287C6C02E41EB7DC49EAC53B0338BE0EB1588C7574B83EC786F7069BF
server/tests/TagEkyc.ArchTests/TestResults/tip88c1-a3-worker-v4-post-ledger-arch.trx	76C5A1F7D09F3AE2BEBA2E32911B1293517F4EC9D6022EFE7B48D31FDBCEE860
server/tests/TagEkyc.ArchTests/TestResults/tip88c1-r4r6-closeout.trx	834FFF39EF88CEDBD173169EE48AE5E4361A3C4AF3DD9235468CC6A86C4DEC16
server/tests/TagEkyc.ContractTests/TestResults/tip88c1-r4r6-closeout.trx	33D2F45F65E795822EDAD154EB682B5FC8A8CD7F51AB58B20C5446B7822FD41C
server/tests/TagEkyc.IntegrationTests/TestResults/3AVNN_LEARNPC_2026-09-14_10_09_16.trx	D37F31AAB8B289A231812C54FC0A77AAA51B8DB216A20B0808DEE4C5CA4C11AD
server/tests/TagEkyc.IntegrationTests/TestResults/3AVNN_LEARNPC_2026-09-14_19_46_18.trx	1DC9FD616934AE9AD0E1179881F7E33F017FDA232044EB889298A5AF5C9E9C34
server/tests/TagEkyc.IntegrationTests/TestResults/3AVNN_LEARNPC_2026-09-15_13_31_40.trx	9BB41CDC66922FE7F8B2504DAE98F4C6D70EBD886087C9DD6B90C0631DDEC014
server/tests/TagEkyc.IntegrationTests/TestResults/a3-b2-hook-removed-mutation.trx	BA711FD733FD687BE204EC720ECCA9C2984E54019728064D42BFF9C91114104B
server/tests/TagEkyc.IntegrationTests/TestResults/a3-b2-hook-restored-races.trx	55C1F193D88E660FF0A249065D3D011A2E1093F36CFDA05713C0452B2D5D0F93
server/tests/TagEkyc.IntegrationTests/TestResults/a3-b2-withdrawal-first.trx	0212D0BD43F57D87B810620FEF909CCAAF7E4B38BD814D013B4D88F96B1A2F41
server/tests/TagEkyc.IntegrationTests/TestResults/a3-bound-reader-first.trx	8B365C59C416C4BFFDCE850D095122BBF52D4175C856BE2B8BE74B4B5A259339
server/tests/TagEkyc.IntegrationTests/TestResults/a3-bound-reader-lock-control.trx	4C1A91144752A469D231DC33DA764FDEE73895D52E1003F84C500F55CDBE9828
server/tests/TagEkyc.IntegrationTests/TestResults/a3-bound-reader-order-red.trx	DE3413D5BAEE5A9AF30FB6232605F9571C0C05AB0653BED85713B1C9D17444F3
server/tests/TagEkyc.IntegrationTests/TestResults/a3-bound-reader-restored-full.trx	E14AFBCC0D73CCB1DBA899112C7499FE6855F9DC875BECE2D80915535555B660
server/tests/TagEkyc.IntegrationTests/TestResults/a3-bound-reader-second.trx	31ECF691F5E0CA0B4D800A79FF2B15F6D703983FF280197092C31F1C32C4CFE5
server/tests/TagEkyc.IntegrationTests/TestResults/a3-bound-reader-third.trx	D51B122374019191C75625342B5560F82B535749351C0148D9584A1E3D37240A
server/tests/TagEkyc.IntegrationTests/TestResults/a3-bp14-activated-negative-focused.trx	9B34B4FEF4C916220420A6080AA820604A8BC2D07109FBB35D48330CA8D0EF31
server/tests/TagEkyc.IntegrationTests/TestResults/a3-bp14-joined-focused.trx	7A5D82C9BEFB84F35E504E64D5B9F3E645CC90710EA39AB951714ED51E9A8A06
server/tests/TagEkyc.IntegrationTests/TestResults/a3-broker-history-aware-focused.trx	109EEF731C38C7DAD3BF38012693C8BD41FC9ED37F2805DF045BA836AA766A94
server/tests/TagEkyc.IntegrationTests/TestResults/a3-broker-history-mutation-commit-bb.trx	E91E16E63099A5478A1E31D9461A8D5E515B3AAECE44340708A13537FA2209D8
server/tests/TagEkyc.IntegrationTests/TestResults/a3-broker-history-mutation-latest-selector.trx	B2251B636D61D93D94B0AD0E4E562BFF605A4F50A60A0FB8919D6AA98E59F60D
server/tests/TagEkyc.IntegrationTests/TestResults/a3-broker-history-mutation-old-sql-bounds.trx	06797AAE0BF9DD13DE13AAE5386E2787E430C29F2BDF05F7C2ACFA3440A84204
server/tests/TagEkyc.IntegrationTests/TestResults/a3-broker-history-mutation-separate-br.trx	61F93791CFFAF4230FC1811B8429DFBC4B933575183D73A8E12446FCC7659168
server/tests/TagEkyc.IntegrationTests/TestResults/a3-broker-history-restored-regression-174.trx	6B81CC961AFF084ACD3ABA3BAEDEAFB99F18FD5FEBE5C83B1B76C575AB7D079F
server/tests/TagEkyc.IntegrationTests/TestResults/a3-broker-mutation-commit-bb.trx	7BD81EA92750F0720074FD21EDB7973F261BCF3FD8BF1ADF43A1EE6DF614DF07
server/tests/TagEkyc.IntegrationTests/TestResults/a3-broker-mutation-latest-selector.trx	319C136F979AE122C7FECA1B1E50577BB30308F76CDBA5CD385623261BE4255F
server/tests/TagEkyc.IntegrationTests/TestResults/a3-broker-mutation-old-sql-bounds.trx	35DDDE315DC74871F392E9DD768267EA361CBDC1FC708DAC65705FACC2062537
server/tests/TagEkyc.IntegrationTests/TestResults/a3-broker-mutation-separate-br.trx	3999F600CC48AC5D2053360004618854DF999A1494403CDB6725FFD12C0FCD7C
server/tests/TagEkyc.IntegrationTests/TestResults/a3-broker-p10-current-baseline-green.trx	D3D74C971E2A8C412CB9D3C79C60BCDD5DCA05516D227762AE3CECD5C665215C
server/tests/TagEkyc.IntegrationTests/TestResults/a3-broker-p10-persisted-retry-red.trx	EA6A97360B6D0E32F3E0F15839DEAB9F74A200B2E6EDC1C4059EE79F0CF87DDD
server/tests/TagEkyc.IntegrationTests/TestResults/a3-broker-p10-persisted-retry-restored-green.trx	CA98BFC8F02FE865C7324CAD9EA2FBAFFD0F2879B6F512749E273424EE454FD8
server/tests/TagEkyc.IntegrationTests/TestResults/a3-broker-restored-regression-174.trx	234588B6260D90006A8148097FC8D551E0C282CA509C4B208E86C82E57529660
server/tests/TagEkyc.IntegrationTests/TestResults/a3-broker-same-b-and-migration.trx	5D09C1FB1F6EB06DEE0CC5951EB6B46B03E722AD7D31F0FAD8B83A6AC30F8D46
server/tests/TagEkyc.IntegrationTests/TestResults/a3-broker-same-b-first.trx	D2576F9F5DABBC6D279EC9E07853633A1B7CB818D7FFC42A02B9991BC217908E
server/tests/TagEkyc.IntegrationTests/TestResults/a3-broker-same-b-migration-restored.trx	A5BFD88ECF0269B0F8AA4583167293C02B15730F8764DC38B1933EF16EF3E67F
server/tests/TagEkyc.IntegrationTests/TestResults/a3-broker-same-b-positive.trx	835F8860B65043D14D931C0E0263F8E9D450A5FB1FC8130FB809DE61C38CB6BE
server/tests/TagEkyc.IntegrationTests/TestResults/a3-broker-same-b-v1-correction.trx	BD48C427391071AF2BF3914B234F3F0E796C9BD983C85047DF35C5FFB5D053C9
server/tests/TagEkyc.IntegrationTests/TestResults/a3-c1-all-current-guards-red.trx	8E6EA396F73D170DDFA28417D0E1696A0EF5F05C00953DE704C7441AB77587E0
server/tests/TagEkyc.IntegrationTests/TestResults/a3-c1-export-independent-restored.trx	3DD101042DAB38B2ED2131056CB0584F7B1D85F7A0486936B777E70155AAF7B1
server/tests/TagEkyc.IntegrationTests/TestResults/a3-c1-export-independent-v2.trx	0ED462E7691EEEECD5AEBD3D3F78573B51F740475958B2C132F37B887B62953D
server/tests/TagEkyc.IntegrationTests/TestResults/a3-c1-export-independent-v3.trx	633BB5D312F2520FA848C00409B23FD15DA038A5321B8C1810BB3200063F5861
server/tests/TagEkyc.IntegrationTests/TestResults/a3-c1-export-independent-v4.trx	4715A5FA2C8291C1301BBF2585E20B64CA7544587AF181E8F0830047F51B787D
server/tests/TagEkyc.IntegrationTests/TestResults/a3-c1-export-independent.trx	6C702CA8CE642B872F7A21F0C6CC10B07C9DA4085F6C005898F462B6121D1B47
server/tests/TagEkyc.IntegrationTests/TestResults/a3-c1-export-seal-v1.trx	A607F0A1F74F865AA67609E68797E540C08AA727BD2C07E7DDE69A36AF0E951A
server/tests/TagEkyc.IntegrationTests/TestResults/a3-c1-resolver-current-red.trx	6F5AECBD33BAA7B95C620C4A46A47841B47D6D0CD6DF096DFB8C9EB96DE334BB
server/tests/TagEkyc.IntegrationTests/TestResults/a3-c1-retention-guard-red.trx	44DE0FC78E95CDC2AADC24C553F1A97883F6A2C09F5010A4287B37CDC878763B
server/tests/TagEkyc.IntegrationTests/TestResults/a3-c1-seal-current-guards-red.trx	A3ECDCFED9CE21E2CA9CA47979C6BC30E677BE6C9326FBE8771A507BE4B366D1
server/tests/TagEkyc.IntegrationTests/TestResults/a3-c1-seal-recheck-v1.trx	DBFF3FF847D67033C3F52DD38F8DBCD574142F448EA95549BC29FE9ADEC8A8EE
server/tests/TagEkyc.IntegrationTests/TestResults/a3-c1c3-cp04-final-focused.trx	099646B815446E932996443FD61E961D0168D64F6CBA31A61A3D19725D709E0A
server/tests/TagEkyc.IntegrationTests/TestResults/a3-c1c3-cp04-v2-final-focused.trx	51779A28EAD7A4853E32DFF2A8B47661462C54F79377C2BE16CBFD18037EDABC
server/tests/TagEkyc.IntegrationTests/TestResults/a3-c1c3-final-green.trx	696CD4D4F70F976C030D5A31D0752240BF062AE4BF408929019905F786FC0EF4
server/tests/TagEkyc.IntegrationTests/TestResults/a3-c1c3-independent-v1.trx	AB473CC7C9A44DA0A4724484F2994AB6C6FB0A5A5C28589008D3B8CADB1BB12C
server/tests/TagEkyc.IntegrationTests/TestResults/a3-c1c3-independent-v2b.trx	63EFC7A34E94C5442A0616941E9BDD5AF1548699C0E9281465155489E84F2CC3
server/tests/TagEkyc.IntegrationTests/TestResults/a3-c1c3-migration-v2.trx	0C13B5D65DA13CB3BEC90D27937DF7F5F46A37D911C8453B663D395C973A700A
server/tests/TagEkyc.IntegrationTests/TestResults/a3-c1c3-migration-v3.trx	F054752095C9FE33F114D0926C43667EB3B280D932882165E5B394D69365DEF0
server/tests/TagEkyc.IntegrationTests/TestResults/a3-c1c3-migration-v4.trx	49C729BB0A7A221F40BC58747FABB805190B7128A7D8AB5A900D2B8052236943
server/tests/TagEkyc.IntegrationTests/TestResults/a3-c1c3-migration-v5.trx	A360A8890653E7A87088C5F439422F88A518840F7188EC3969399793EB60ACA5
server/tests/TagEkyc.IntegrationTests/TestResults/a3-c1c3-migration.trx	CB3F83B3795FFB61206E03093E90D12C25F3F70BB599BD9052598F6E546B318C
server/tests/TagEkyc.IntegrationTests/TestResults/a3-c1c3-restored-green.trx	F42F08376D425B171441365C49C1C6FCF04F29FBE8C18839A1CF7AE08C22E88D
server/tests/TagEkyc.IntegrationTests/TestResults/a3-c3-current-guards-red.trx	94C7613F2D940F00F267F8D58CD2FD429C3ACB0C225D9A57ACD0DADFE591FD11
server/tests/TagEkyc.IntegrationTests/TestResults/a3-capture-migration-roundtrip.trx	A5E0D641D29A8ECACAD9209555D954BDDA90565F7920E1F7F4C43AF8891E93D5
server/tests/TagEkyc.IntegrationTests/TestResults/a3-cp04-c1-freeze-race.trx	C534D1D52B652FD19D01A24202BBB3FA64E411F83203701A312474D4885D455C
server/tests/TagEkyc.IntegrationTests/TestResults/a3-cp04-c1-seal-race.trx	0033EA2BA1167AB42F761E200BBF6E2DE6B4A90F5027DDDBE2C6937885D3FAB5
server/tests/TagEkyc.IntegrationTests/TestResults/a3-cp04-c1c3-green.trx	175C357AA932F19213BF885B9D9FD9219BAB42D8B16CC20137CC924CEECC7E02
server/tests/TagEkyc.IntegrationTests/TestResults/a3-cp04-c3-prefix-red.trx	9C62C76C0EB7A0D789922E398C1F842FD37C4BFB952E5062543CFE43D9AFD3A9
server/tests/TagEkyc.IntegrationTests/TestResults/a3-cp04-c3-race-v2.trx	F6CE67CC698A0C77436201FD302DFB40649B43FD0D5E270A3A8047C0D445A31B
server/tests/TagEkyc.IntegrationTests/TestResults/a3-cp04-c3-race.trx	5A5486E34A46AA43AF54527777525E5DEA50911EA2620AB3CCF377CFC0BCCB09
server/tests/TagEkyc.IntegrationTests/TestResults/a3-cp04-freeze-prefix-red.trx	B6405F35647648F2E2F64F494118E5794D394CE302A4175A21B0CCE8B5C13040
server/tests/TagEkyc.IntegrationTests/TestResults/a3-cp04-migration-discovery.trx	495DBBED56672EA0A695DE0ADCAC6A1B436A4001708CF52C921ACCB087F0D2AB
server/tests/TagEkyc.IntegrationTests/TestResults/a3-cp04-multi-session-order-red.trx	BCA734A31A137D4E1684B496B96159B895ACEFD3FDF3A4781BAABF9F945BA279
server/tests/TagEkyc.IntegrationTests/TestResults/a3-cp04-multi-session-restored.trx	AAFA5B11F7A0F9181096615103E38F2ED14B55E31924F63D81A1A7AC671DFF9B
server/tests/TagEkyc.IntegrationTests/TestResults/a3-cp04-multi-session-v2.trx	D9EB491A01992307F45796E185C1F0DABCB39994FA0D905755BE55CD52156AF1
server/tests/TagEkyc.IntegrationTests/TestResults/a3-cp04-multi-session-v3.trx	BAD933ECF87E2764C3B81141B48CF83DD47B3AC706189682482D26F1CCAAAB32
server/tests/TagEkyc.IntegrationTests/TestResults/a3-cp04-multi-session-v4.trx	931C07BB592FA880DE31D99DA50F2616B6C70AC4BD38705FD63DFD5E47F4C8F1
server/tests/TagEkyc.IntegrationTests/TestResults/a3-cp04-multi-session-v5.trx	8FC04DB5C562D569A9287518FB2B69E67C631D06A5EEF13507AE721BFF2B06B8
server/tests/TagEkyc.IntegrationTests/TestResults/a3-cp04-multi-session-v6.trx	0DE637AA0DC8A22A0B8AFCE758ACC224B8B734B56CD335C62B66D2BBC2CE665E
server/tests/TagEkyc.IntegrationTests/TestResults/a3-cp04-roundtrip-v2.trx	01894EFB079AF84900DFC0B111A614D8CDF8396FECE5281E8E53722623219B4F
server/tests/TagEkyc.IntegrationTests/TestResults/a3-cp04-roundtrip-v3.trx	007D2A0FE956D10264D11CC86DA6C2EE8C8F5D6FC05EFB8AB1C8E84DD31AA008
server/tests/TagEkyc.IntegrationTests/TestResults/a3-cp04-roundtrip.trx	69B6A9AD6676BD2E16AECFD4F26A5700912CBD1D9D7C8FD07B0A696DAB49566A
server/tests/TagEkyc.IntegrationTests/TestResults/a3-cp04-seal-prefix-red-v2.trx	23C2F85F0C3C679ACBDA1EA218E4AB940DF0D120182843BF80772EFFD46185B3
server/tests/TagEkyc.IntegrationTests/TestResults/a3-cp04-seal-prefix-red.trx	39087C4040AE1A907192E81610FB5B05283ED0DF17B0D2E65CC383AB98FEE2AA
server/tests/TagEkyc.IntegrationTests/TestResults/a3-cp04-seal-restored-v2.trx	30F05FD4305CA926040B53FE8466C048BA37BFD3FA60A9004B2371868DB1C097
server/tests/TagEkyc.IntegrationTests/TestResults/a3-cp04-session-prefix-final-green.trx	1B2A9001ECC3CB41EA5387F7A5E2E1BC15CC2191799FD5864A5959BD713595A7
server/tests/TagEkyc.IntegrationTests/TestResults/a3-cp04-session-prefix-restored.trx	FA4B62EFDEB383464EF5951FBD673C65341A7AC438AA393FCD30CF77B5BF73CD
server/tests/TagEkyc.IntegrationTests/TestResults/a3-cp11-all-restored.trx	90207CE6A1B3AD72C1A5E3B5E79EB7AFD02A0695974572D0B266BFE12E0DF28E
server/tests/TagEkyc.IntegrationTests/TestResults/a3-cp11-ddl-compile.trx	15A580DD4711149093922AA0C5D71BEBA7BB0BFB37D3BEE233D4627E2FC5F2BA
server/tests/TagEkyc.IntegrationTests/TestResults/a3-cp11-lock-clock-mutation.trx	1D86B2714CB840A9365E30962AAAE05110953A2C89A6B820E9196B72DEB0AB7D
server/tests/TagEkyc.IntegrationTests/TestResults/a3-cp11-lock-clock-restored.trx	126530FB139C193038A9D8AD02180D09AB1A146B629491A7EE52083DAE012FDA
server/tests/TagEkyc.IntegrationTests/TestResults/a3-crossborder-clock-first.trx	A5D5A235F24FF63E842F4725C3D5162F97A22F233A051D2FABF012E5FF01A8AA
server/tests/TagEkyc.IntegrationTests/TestResults/a3-crossborder-clock-second.trx	D473D11D6FA4C1CC872CE76931B8D5801E8C9CADD6D803BF096E6B409802AC22
server/tests/TagEkyc.IntegrationTests/TestResults/a3-crossborder-prefix-red-rerun.trx	4FA69126BDF3AC36AF4D7D8DA7EDCF74767EB5FFD2B6AB9CEDA4C491409374DF
server/tests/TagEkyc.IntegrationTests/TestResults/a3-crossborder-prefix-red.trx	D21D63ADBA7750ECD01FA794A09067E623D590ECA44A62F0883B0F3EF84F736A
server/tests/TagEkyc.IntegrationTests/TestResults/a3-crossborder-restored-full.trx	C1D1F16F2B8B676DDD63EF84E8716C8EC91615AFF6E67FD346FE8E31EFCCD228
server/tests/TagEkyc.IntegrationTests/TestResults/a3-e01-checkpoint-head-repin-red.trx	1D0831058894F47745A1CDC110379CABBA83C0384A7F6EB8C80B2FEE2FDD2E00
server/tests/TagEkyc.IntegrationTests/TestResults/a3-e01-completion-boundary-join.trx	62225A39FFA89CFFA3E01D2C1BFB5B960359429B023BD6DA851ED2901286C314
server/tests/TagEkyc.IntegrationTests/TestResults/a3-e01-correction.trx	6A79765F50508397EB3104C15F2E130469162CBFEBF38E068ED149851EFE813C
server/tests/TagEkyc.IntegrationTests/TestResults/a3-e01-cp11-b2-restored.trx	8E06CE70D49BB42AF7F332EE87D2F873AD41E1264B9F46FF2AB4F0E6C2ACE44E
server/tests/TagEkyc.IntegrationTests/TestResults/a3-e01-cp11-ddl-literal.trx	4DC22C129905ADC8D0E86E89AE680FC33D9608B347634ED01BF8FF29D56536F4
server/tests/TagEkyc.IntegrationTests/TestResults/a3-e01-cp11-ddl.trx	D783A56749EF887AD7E42DF7ADBA3BE59C536A830F2928ED2DB8E4A013865A76
server/tests/TagEkyc.IntegrationTests/TestResults/a3-e01-ddl-acl-red.trx	2F4E08AF55D03068EA917D11FE8211DB7945BB2BD1823B620BE3A1807FB2B93B
server/tests/TagEkyc.IntegrationTests/TestResults/a3-e01-ddl-acl-restored-green.trx	F7B02896D568DBA891CFB32B9D5B68D89042DA9694CE77CE330C3B2605CAEEF5
server/tests/TagEkyc.IntegrationTests/TestResults/a3-e01-ddl-actor-red.trx	6B2CD56D69B9A3F0E9AA53C4C0A3224E92A2AB7BA90D92047EE36C9842F66079
server/tests/TagEkyc.IntegrationTests/TestResults/a3-e01-ddl-actor-restored-green.trx	13F60819D86D925F6183E47A5291F1B2C6324E6407CAA8278D1447614021333C
server/tests/TagEkyc.IntegrationTests/TestResults/a3-e01-ddl-binding-graph-red.trx	869F0012DDFBE0BDCA918F4545B1D44DA787544D791F62F828F869EF63FDF0ED
server/tests/TagEkyc.IntegrationTests/TestResults/a3-e01-ddl-binding-graph-restored-green.trx	76DA6C6AA93A85DD6DD58D583FE96FE98A8D965802EE66DAD2E5E2083917DFB9
server/tests/TagEkyc.IntegrationTests/TestResults/a3-e01-ddl-classes-green-v1.trx	3905D4C60C0892270366B0C2B55E013433323CAB43CF2E5782F9C4193EFD0CFD
server/tests/TagEkyc.IntegrationTests/TestResults/a3-e01-ddl-classes-green-v2.trx	D9C722BE2B76CC487AE103392FA5387890535BB305CA93C0BCD7DCC7392EE3D7
server/tests/TagEkyc.IntegrationTests/TestResults/a3-e01-ddl-classes-red.trx	818E8E97F59DF5B59B229856464B13CEC20714229192736CEAE7EA0252444414
server/tests/TagEkyc.IntegrationTests/TestResults/a3-e01-ddl-classes-restored-green.trx	0E0D0B8C62A8A6A6486171D42991BE8E0B363A6DCD8005AC83838D09BA2025ED
server/tests/TagEkyc.IntegrationTests/TestResults/a3-e01-ddl-graph-green-v2.trx	A9C88ADF31CD3DB0818B525AE6D4AAD9D378A7820A402D0890925EC8D40C5EB6
server/tests/TagEkyc.IntegrationTests/TestResults/a3-e01-ddl-graph-green-v3.trx	B957047869E4BAFEAAE789CBFCB28E118AF2D99945140B6B94C35F022D415D6D
server/tests/TagEkyc.IntegrationTests/TestResults/a3-e01-ddl-graph-green-v4.trx	05E2345ABDD34F38FE4B4A20CE67BEB96AC59C55DEBACEB992A0BB4E2FF2D3A4
server/tests/TagEkyc.IntegrationTests/TestResults/a3-e01-ddl-lineage-green-v1.trx	F8B9209533996C8D731F501399FCE9CFDB6D4A24E0FF23A6EBBD69325CACE877
server/tests/TagEkyc.IntegrationTests/TestResults/a3-e01-diagnostic.trx	145C412A059080E385051653E11464F863321E3A7F2E356EB830BE77D813C142
server/tests/TagEkyc.IntegrationTests/TestResults/a3-e01-export-checkpoint-head-red.trx	AE056683594D3ACCC0AC859C09EBE6E60FE42F132CB581AECCC86800353110B1
server/tests/TagEkyc.IntegrationTests/TestResults/a3-e01-export-checkpoint-head-restored-green.trx	C237FF89D420633AEA64FDCEFA6000418C0800158DF8547DEFBC843844919780
server/tests/TagEkyc.IntegrationTests/TestResults/a3-e01-export-head-same-mutant-red.trx	41FE00D22086A60C00EDE2C87F0C28FC2805E079F48A207D08BD70DB8DCEF52A
server/tests/TagEkyc.IntegrationTests/TestResults/a3-e01-issue-clock-green-v1.trx	D543BEE6045D45FC08C64CEC4A99877604989D15216876F2746B5CA0D147FFF1
server/tests/TagEkyc.IntegrationTests/TestResults/a3-e01-issue-clock-green-v2.trx	3735445F9A95035143DCC84EDFF07532E2F016D5D58DC5373D9069DFB390BE1D
server/tests/TagEkyc.IntegrationTests/TestResults/a3-e01-issue-clock-red.trx	BA35C2E3511D377876616619CACD074F60EDDF68E86E5FDA4816079B91B0E687
server/tests/TagEkyc.IntegrationTests/TestResults/a3-e01-issue-clock-repin-red.trx	5A2E165FB01F271D871501996C5AB26B58CC4046343016A7103AFFBB3A76BD54
server/tests/TagEkyc.IntegrationTests/TestResults/a3-e01-issue-clock-restored-green.trx	634CE06CC0C548F7D894FC5B4164712648374B84CD4583209E33BBAAD79DC683
server/tests/TagEkyc.IntegrationTests/TestResults/a3-e01-issue-withdraw-green-v1.trx	DFA26BDA381E6462B5D8CF2777A9A1ECB9202A7FC741F40913DE1E05F3C35CF2
server/tests/TagEkyc.IntegrationTests/TestResults/a3-e01-issue-withdraw-lock-red.trx	31D79309656A9DC9EBF1BE9B6E1F74B1C82DD6054B87817E0F68A70FB79453D8
server/tests/TagEkyc.IntegrationTests/TestResults/a3-e01-issue-withdraw-lock-repin-red.trx	D0B9ED41DDE62940AA0C5736CAC7BAF83A75E188783626E1EF4135C383A82CB4
server/tests/TagEkyc.IntegrationTests/TestResults/a3-e01-issue-withdraw-r1-focused-v2.trx	4EC5FB3C5DC7FDDE6591F05238B17548CDE53145FAB50D8953A780125154B392
server/tests/TagEkyc.IntegrationTests/TestResults/a3-e01-issue-withdraw-restored-green.trx	B2969EA955BEC406A53C1177DEE6D259652A9B2F464F6C47F86FB5910574C237
server/tests/TagEkyc.IntegrationTests/TestResults/a3-e01-permit-first.trx	77CC905CA094EBDE2CB69B00FC5E3D327998684E9D6995E808243B7178F062B0
server/tests/TagEkyc.IntegrationTests/TestResults/a3-e01-pilot-baseline.trx	B5E8FB98A8B6ABBFD19F4059244F4126D40F7298DB4D8467D4A4734FECF2F6AE
server/tests/TagEkyc.IntegrationTests/TestResults/a3-e01-pilot-targeted-current.trx	7EBC50966A72EB6B6E01A41998B1DDA02D9683EB69A6CD80A4D3A421FD711D25
server/tests/TagEkyc.IntegrationTests/TestResults/a3-e01-pilot-targeted-final.trx	6AD126FC5A36744754E6EF0EEB422AC82D0FB212D13129C4C81FD352BBA98DE6
server/tests/TagEkyc.IntegrationTests/TestResults/a3-e01-profile-validator-join-green.trx	FB0C770A0B577036D5E2DB4F6B867B61C359D8D522814E6F219521C4445FEC6A
server/tests/TagEkyc.IntegrationTests/TestResults/a3-e01-progress.trx	B2ED23F6AF9ADD89C7A5742318FFA346EDD8930F0979F5A03E418F906DCA191E
server/tests/TagEkyc.IntegrationTests/TestResults/a3-e01-r1-retained-current-bypass-red.trx	47CA5D1D6BC1B6619674B76C2EFA0C862742C4279B7A76052B8CF1D4CEB70717
server/tests/TagEkyc.IntegrationTests/TestResults/a3-e01-r1-retained-current-restored-green.trx	87D30B97BCFDA143E1B72DBCDE1BDA7AF481608B5D3816E14FFDE65ECC9A065E
server/tests/TagEkyc.IntegrationTests/TestResults/a3-e01-record-cas-red.trx	3AB0599A8BBC44DB1DF2686F3D0102AF0A8A2AE4508EFA6422B20BE7B0FBE59B
server/tests/TagEkyc.IntegrationTests/TestResults/a3-e01-record-cas-repin-red.trx	8B0358792E20E12C423A49E27B2534B75EC79299756DCD7BAC9FD6FC35F5DD5A
server/tests/TagEkyc.IntegrationTests/TestResults/a3-e01-record-cas-restored-green.trx	1A517B714D518D96A8FA007CA924F1C24377C943A93C1ED6D08CFCBAD593F2AC
server/tests/TagEkyc.IntegrationTests/TestResults/a3-e01-record-clock-green-v2.trx	73C89D44B7C0FF85AB03E14F7602EC4AE618A240B38EBF4D71849FA8399EB8B6
server/tests/TagEkyc.IntegrationTests/TestResults/a3-e01-record-clock-repin-red.trx	DC532E92648D7134BA89A7E692647061E2CCE650B33CE0B22E27D147094CD8CD
server/tests/TagEkyc.IntegrationTests/TestResults/a3-e01-record-clock-restored-green.trx	4B1BB4FA328AE5614AFB0B30B73AE0B9E142F5BFAFA42393CD202D222040E363
server/tests/TagEkyc.IntegrationTests/TestResults/a3-e01-record-clock-transaction-time-red.trx	465C9E6DDED0AE78C1F7334EE685EF4B90FA8897EAD193B16BA9BA5F613AE85E
server/tests/TagEkyc.IntegrationTests/TestResults/a3-e01-record-races-green-v1.trx	F9D952FD7D15ED4629C6CC75C40F34C9D7F3B72F295420D2DD10E4C95CA879F0
server/tests/TagEkyc.IntegrationTests/TestResults/a3-e01-restored.trx	F213167EE42E150E408A6417C89215A542749ACF89B500C246B4DF34CB901E43
server/tests/TagEkyc.IntegrationTests/TestResults/a3-e01-reviewed-restored.trx	D4B17BECF39567D1F00EE70460299FEC6909B04C3A848D0FFBC29B3DC2ECBBBD
server/tests/TagEkyc.IntegrationTests/TestResults/a3-e01-reviewed.trx	B07CEC76E2C97EC5B1CA78A8AC3D04A4A32160ECE4C0B54D0DDD5BE5B377F804
server/tests/TagEkyc.IntegrationTests/TestResults/a3-e01-revocation-authority-repin-red.trx	296F147945E35157DB4D9506FE86FAB127FDFC6E1D38283085A4F166AFD3A978
server/tests/TagEkyc.IntegrationTests/TestResults/a3-e01-revocation-business-red.trx	9043E0344536BD12A6F40D64747ABFFF5F8591CB7F37243A7920D868D7B20E3B
server/tests/TagEkyc.IntegrationTests/TestResults/a3-e01-revocation-green-v2.trx	92FB91B63E7013F1F1C1C7272F56D73F5E9E3B10BFA431839FE4280FF991534B
server/tests/TagEkyc.IntegrationTests/TestResults/a3-e01-revocation-green-v3.trx	744758F556199E3403E0B64C1468900A01A5518013651183386E8C5C72DDDB55
server/tests/TagEkyc.IntegrationTests/TestResults/a3-e01-revocation-lock-red.trx	7AAE1BBACA85CF59FEDFC6CBC1FE930B62F28AFC7CA4AA08B1CDD82157C29E7A
server/tests/TagEkyc.IntegrationTests/TestResults/a3-e01-revocation-restored-green.trx	521AC4236EAB90717C07E2748188EF17F2D04E4600A21A0D304D9AD3B17A5DD4
server/tests/TagEkyc.IntegrationTests/TestResults/a3-e01-sql.trx	AD4764EFA9F29C93DC9DFFE0C03149E8DFF38A0B285D408AF168B22C57C71792
server/tests/TagEkyc.IntegrationTests/TestResults/a3-e01-subject-before-fix.trx	0F21B878D5FE448F866214E204B2D728CACE2C51F0917536C8709C1B834B8A30
server/tests/TagEkyc.IntegrationTests/TestResults/a3-e01-successor-consent-sentinel.trx	13ED5AF4601BF1AB8D6E1705EFB825AA69023615FB1FBF0F115FAF480F8FB9E0
server/tests/TagEkyc.IntegrationTests/TestResults/a3-e01-successor-final-joined-gate.trx	87CC2C2060DC4F9E62C4A6E7DB34D12935303C7A4147A4D7336E69517F0BDAFA
server/tests/TagEkyc.IntegrationTests/TestResults/a3-e01-successor-final-restored-sentinel.trx	37F4419F832D535B22BA7426B618552151E1592191031901B5E9D2CE4FB1CE73
server/tests/TagEkyc.IntegrationTests/TestResults/a3-e01-two-class-completion-focused.trx	47AC38D12FE9CDF2F00DBDDDAA73F655A5F60F4352AD985CD7C8C017699056B5
server/tests/TagEkyc.IntegrationTests/TestResults/a3-e01-two-classes-green-v1.trx	2F3F5D2CB5FB50887A62E187C6D7CC7FEB885778F4ABDD815B6EDE84636EACFE
server/tests/TagEkyc.IntegrationTests/TestResults/a3-e01-two-classes-repin-red.trx	32E071F4DE3B656DF547B7CAB8FBA1C2375405822441FE8FEFC90FA4B107C5B5
server/tests/TagEkyc.IntegrationTests/TestResults/a3-e01-two-classes-restored-green.trx	EABE3444E88AEACE95C00840E041E760BFABC25437FEDA82C86FA0CF66ACEBB8
server/tests/TagEkyc.IntegrationTests/TestResults/a3-e01-two-classes-sql-red.trx	69243809D01418D9EB45B122B1DFFE2C370C595D76E3295DC6D0000C4AAD4F7E
server/tests/TagEkyc.IntegrationTests/TestResults/a3-e01-update-binding-green-v1.trx	8C3CF088539A66DBA5E25C03CEA99D719F6BDDEC39EC8220A2EB31A1AA6B6A43
server/tests/TagEkyc.IntegrationTests/TestResults/a3-e01-update-restored-green.trx	AEEC2691BD1768CD5658B0291F0BC4BDC3789CD75CC2FE77E43E26A3B4D44F02
server/tests/TagEkyc.IntegrationTests/TestResults/a3-e01-update-revision-red.trx	539015D009937902F4422FC02B2A0AB64C4635E69746C05D0A1FDDE72EFC19C6
server/tests/TagEkyc.IntegrationTests/TestResults/a3-e01-update-revision-repin-red.trx	A76101D9E0CD47D45D1A719466A42D0D0756B44AFA866A01E450AF28B6EB5D50
server/tests/TagEkyc.IntegrationTests/TestResults/a3-e01-updated-checkpoint-head-red.trx	45A3DCC139D7028B75D81ABF7FABDC09BEDF403CA22E81EF30AB48C06A0F4247
server/tests/TagEkyc.IntegrationTests/TestResults/a3-e01-updated-checkpoint-restored-green.trx	ECA8E36351F96EC88C1104A09D69625DC9F0BE2D8166F6D81B079DA420D1F099
server/tests/TagEkyc.IntegrationTests/TestResults/a3-e01-updated-checkpoints-focused.trx	DCD4688ADC4FB08D8B8928E57CA4462DDDFE6483C2F43F086EA3BC9B887AFBA2
server/tests/TagEkyc.IntegrationTests/TestResults/a3-e01-updated-export-checkpoints-focused.trx	905880E8CB082C07FD47BE9945E1E0BD6DDBD76D6FE4EE2F891E9855CE59FE43
server/tests/TagEkyc.IntegrationTests/TestResults/a3-e01-updated-export-checkpoints-green-v2.trx	2BD22E71448DEBAFFFD98943DECD052253B148B73B7956400AD90319429382C6
server/tests/TagEkyc.IntegrationTests/TestResults/a3-ef-discovery-red.trx	2D0F95B6FCB38582515A634F32412B7668F244B3081EE9D7598B09C424C4BF2D
server/tests/TagEkyc.IntegrationTests/TestResults/a3-ef-index-catalogue-red.trx	96153DC71A89A03CA1114DA12FD1B8AF42BD99D1CAE70DA1FB09FD28B7F29AB8
server/tests/TagEkyc.IntegrationTests/TestResults/a3-ef-model-positive.trx	EDA39C80F5BF8A4DD48F3A059898126120878933152CF483E993C91C80FA972D
server/tests/TagEkyc.IntegrationTests/TestResults/a3-ef-registration-final.trx	31D1B8641A4C8CB2D44CB1AA93DCA7983355BF7E8AAC8C70B441E622B0ACD6DD
server/tests/TagEkyc.IntegrationTests/TestResults/a3-ef-registration-first.trx	F917C91FD7E05EBD5BC3A894D2C5FB84F2A0314B8CFBBDB0D42AC259ED829CB6
server/tests/TagEkyc.IntegrationTests/TestResults/a3-host-activated-diagnostic-v2.trx	59340F03A583C74F86E89DF384D8C8376C2E29023EBDC7BEFD0E645C0F4875E6
server/tests/TagEkyc.IntegrationTests/TestResults/a3-host-activated-diagnostic.trx	F95BE28D827E7658664FF707D2869B9572E439507E3A11CF8AD3392DE89DCA98
server/tests/TagEkyc.IntegrationTests/TestResults/a3-host-activated-v2.trx	0EAAE902A89AAB188A5FBA8232B046686F825535BD29996F88CCC3A44439C159
server/tests/TagEkyc.IntegrationTests/TestResults/a3-host-activated-v3.trx	88008BB869D3886D22EB0D2A73AD06FF03E5AF9671DD02D575EB96CA8FA20EC5
server/tests/TagEkyc.IntegrationTests/TestResults/a3-host-graph-final-focused.trx	F054310EE7F22C1D05AE79C3CD86839AD31B3EE7F7924A535E747AB45A600FCE
server/tests/TagEkyc.IntegrationTests/TestResults/a3-host-graph-final-v2.trx	8B5B9CDE622FE4D0B88FD08074C5545AF6622B2A2A1FFDF99B0EBA0CACC06BEC
server/tests/TagEkyc.IntegrationTests/TestResults/a3-host-graph-green-v2.trx	10C730D3AEAB497F11988DE2941D9A6492D495E5C6F5186AE567B677EB071859
server/tests/TagEkyc.IntegrationTests/TestResults/a3-host-graph-green.trx	5E5CF3F8F2ED50F71F5507E615DD9B3D760315C4A5D4CE003CE2CDA417A5D9D7
server/tests/TagEkyc.IntegrationTests/TestResults/a3-host-graph-red.trx	CB84DFDAA6761312A83D284D4FDD2E4C39DFA9ACF3A460A70F514C2D504B8742
server/tests/TagEkyc.IntegrationTests/TestResults/a3-host-graph-registration-red.trx	BF27791C575D93C8AF1D5416F567E0DC4161A8C1DD6396BBCA37CEA5DF6FAFF6
server/tests/TagEkyc.IntegrationTests/TestResults/a3-host-graph-restored-final.trx	D2DE9417A1C42D5EF1ADEBD36E79E7B2125D9044DBE17ABAF7DA2D8E7FF8833B
server/tests/TagEkyc.IntegrationTests/TestResults/a3-migration-population-race.trx	B165AE0077B663132FE1AB717D3FEDD0F2BF10A1F7B4920FDF6848180868882E
server/tests/TagEkyc.IntegrationTests/TestResults/a3-p01-auth-prebody-focused.trx	5D7A29BD3CE19554ACDB1F057D8272013CA2001D4B26E6BC38DFD5D5D8B35EEE
server/tests/TagEkyc.IntegrationTests/TestResults/a3-p06-r2-excess-focused.trx	4B0EDA394A4010B88F08D73D53569799D26916092F42757119DED43812F7364B
server/tests/TagEkyc.IntegrationTests/TestResults/a3-p08-capacity-final-focused.trx	7FAFBDAA338781AA9682924FE0C26424FFF64DB675B158A9D2D4E92C05CC22A9
server/tests/TagEkyc.IntegrationTests/TestResults/a3-p08-capacity-guard-red.trx	EA41B0F7FAB60E9C928679270F361881CA81CF040C7EBEF46696A6074E62E8AA
server/tests/TagEkyc.IntegrationTests/TestResults/a3-p08-capacity-restored-green.trx	19ED0749435A120802756004CD98EA113B5ED47543047ED345477F73673DFE48
server/tests/TagEkyc.IntegrationTests/TestResults/a3-p09-final-restored-green-v2.trx	64F7A9C4550DD2281438B78EDFD8570E72E35BB5C63B54387FBCF203BAE45C96
server/tests/TagEkyc.IntegrationTests/TestResults/a3-p09-final-restored-green.trx	2C962A3B3CAAF1B9F6223F9A925207240D3A119A9EA131EAC1347BF155205A73
server/tests/TagEkyc.IntegrationTests/TestResults/a3-p09-mutant-restored-green-v2.trx	E236DA18148DFE82E5E4A879895BBD31B5A26B127DCF62F901E5403EB7523232
server/tests/TagEkyc.IntegrationTests/TestResults/a3-p09-mutant-targeted-red-v2.trx	4F4FE8D0025F794E7A158D35F8E62B2043F0EFB5474ABABDAD016B16E2472CD4
server/tests/TagEkyc.IntegrationTests/TestResults/a3-p09-projection-mutant-red.trx	309D17B070A0271BC68244F546948149444877223EA00F805AC242D9740863B3
server/tests/TagEkyc.IntegrationTests/TestResults/a3-p09-real-broker-facade-focused.trx	60270CB7C46B4652942DEC45136DEC1FCE6853D537B592943B4158FBA40D2A3A
server/tests/TagEkyc.IntegrationTests/TestResults/a3-p09-restored-environment-check.trx	3D5429BC7E0ED79E1AA91B9B46E1A6F9FD9B1E67B19958B68B4F08340F8E2235
server/tests/TagEkyc.IntegrationTests/TestResults/a3-p10-real-evaluation-focused.trx	4A0CF720B6BD02C79898175DC53BEA763EB68A5B6809700F459C18519A880004
server/tests/TagEkyc.IntegrationTests/TestResults/a3-p15-tombstone-residue-focused-v2.trx	A960E756C63A3C490FC79B57623FEFA010F81172CD2533548D3F1F019A8AEB24
server/tests/TagEkyc.IntegrationTests/TestResults/a3-p15-tombstone-residue-focused.trx	DBD4FDC19C5FD8BA12D1A0361BEB049CDC5CE6C9B47E6029B4D3867102C28602
server/tests/TagEkyc.IntegrationTests/TestResults/a3-p15-tombstone-sql-red.trx	FF4D963CB216AE1279503E12B827A55AAEA807D76FF27C285A4B93D49984FC5E
server/tests/TagEkyc.IntegrationTests/TestResults/a3-p15-tombstone-sql-restored.trx	793F650D8A448D48C8B43CA1384CF4538BEBACD78C01F5073EC38A8272C459F4
server/tests/TagEkyc.IntegrationTests/TestResults/a3-p16-prelease-bypass-red.trx	281E40626949B460954F82F1E8779EA1F9D614D2E0BE7577BA8BF3D0E8DAF139
server/tests/TagEkyc.IntegrationTests/TestResults/a3-p16-prelease-final.trx	26E869FACD167167063A8ACE7F7E7E51CD67D6801A6A95B34752F2E619777F6F
server/tests/TagEkyc.IntegrationTests/TestResults/a3-p16-prelease-guard-red.trx	A9648F2698217597259391E4027BCAFE3B0D6F86522466131DCB6873DFD03B84
server/tests/TagEkyc.IntegrationTests/TestResults/a3-p16-prelease-owner-focused.trx	14038D618349DA1A3BC83D5911B728AC214E5A7E6C46ADB46B95E4A66BE8C522
server/tests/TagEkyc.IntegrationTests/TestResults/a3-p16-prelease-restored.trx	ADE2CEA0339CDB73A42C4671C7464B522B96682113A94682971F80D70615A532
server/tests/TagEkyc.IntegrationTests/TestResults/a3-p16-state-gate-red-v2.trx	D0ECF78F2C25E70D78F5E5C97841FE868ADE804A91272D5655393287F88E306B
server/tests/TagEkyc.IntegrationTests/TestResults/a3-p16-state-gate-red.trx	1855810D9AD6AD07C5E362AAC0DBCC6DB4F5B2E07A6B6653D73CF19735ED6D91
server/tests/TagEkyc.IntegrationTests/TestResults/a3-p16-state-gate-restored.trx	1BC16EA150026FABB872F96257C7E9837064D852F33EEDA0D8EC93CA5FF15949
server/tests/TagEkyc.IntegrationTests/TestResults/a3-p25-expanded-restored.trx	62711401166A8FA7BD97AA28C6CB6555081A7458163ED1BDD9336E0222A3CDE6
server/tests/TagEkyc.IntegrationTests/TestResults/a3-p25-invalid-capacity-expanded-green.trx	9497C2AC1FAE9C949882957917C3AA3181330449D361070227D6184E56C26279
server/tests/TagEkyc.IntegrationTests/TestResults/a3-p25-invalid-parser-red.trx	7965C7ADF22E8B71007F4B885598E57AB0C367CF495057C2C3F648AD4FE71F1B
server/tests/TagEkyc.IntegrationTests/TestResults/a3-p25-owner-window-red.trx	1207710BCD61C33782B3FD0FBD374B51537EA854EE75827A692D7DE255AB318D
server/tests/TagEkyc.IntegrationTests/TestResults/a3-p25-program-capacity-focused.trx	A3E81F24A895F5D63EAFA1B3D7257CA9E77382E8F02A41B9B37D4D07002DF35F
server/tests/TagEkyc.IntegrationTests/TestResults/a3-p25-relational-baseline-red.trx	7310E63DEF03381F2C94A45C4980D836D1AA533E7AAB5AA21D91B560760DC1F2
server/tests/TagEkyc.IntegrationTests/TestResults/a3-p25-relational-corrected-green.trx	2DEC99281E14C8E6335820558D6CFA6C8993C2516378EA2308FF0D25667CF733
server/tests/TagEkyc.IntegrationTests/TestResults/a3-p25-restored-focused.trx	AA7D7614B5096A90E68FB3E2126606A151905B555B3E7501540D2EA99B26090B
server/tests/TagEkyc.IntegrationTests/TestResults/a3-p25-zero-guard-red.trx	377B7C62A2B270CD27A267587F7C40DF441FB40F312362D2A2939728CDA030DA
server/tests/TagEkyc.IntegrationTests/TestResults/a3-p26-host-guard-red.trx	AE6902B2B97EB82BBA3C1F73A4505623BFECADA1034B256A999FDEAEE8258925
server/tests/TagEkyc.IntegrationTests/TestResults/a3-p26-host-restored-focused.trx	40CE82F6EC0DA0839D9E3BEA78B69C4D81E49430FB6CC14D36C5AA5C4BF832DD
server/tests/TagEkyc.IntegrationTests/TestResults/a3-p26-peer-guard-red.trx	CA1EBF28AF7742CB70CB2637EA196E1B53CD32CCD9E50C562198812911523286
server/tests/TagEkyc.IntegrationTests/TestResults/a3-p3-broker-claims-focused.trx	8A19D58E92557314C6379DF09AC122F9C5366C7129A131423202DDC2BDC4F941
server/tests/TagEkyc.IntegrationTests/TestResults/a3-p3-broker-claims-restored.trx	0F8AAC71095DB3CB94A0AA0F708549ED9AF2F931A0D9CAC60BC6B059FE126930
server/tests/TagEkyc.IntegrationTests/TestResults/a3-p3-mapper-focused.trx	EF243068DFCFBA3FFAECD557A4595EE4E295232088A9AB3065F2A3DE26DA737B
server/tests/TagEkyc.IntegrationTests/TestResults/a3-p3-o11-projection-red.trx	0370E520B0D7904D414FE58C1D20152FFD3BAA8B1AF381F460400AFE9417FBDF
server/tests/TagEkyc.IntegrationTests/TestResults/a3-p3-o11-projection-restored.trx	05DD9976B6BE2887BA23B5F72A31AA7F0215D6C0120E8D6EEEE5CA5618101D9D
server/tests/TagEkyc.IntegrationTests/TestResults/a3-p3-outcome-shape-red.trx	1F82262DB4AC6410910B68B7E05A3A15C24FFACFE6DE36E084C925029DF9A3F4
server/tests/TagEkyc.IntegrationTests/TestResults/a3-p3-real-projection-focused.trx	BFCF875E0D293E654234CEEB6F4022888DEE36276CC0CA453C029651A8F79F09
server/tests/TagEkyc.IntegrationTests/TestResults/a3-preflight-envelope-red.trx	BBD2D1DDA4388CFFCA00700B64DA637375D8519348F2AC39D68583278427ED60
server/tests/TagEkyc.IntegrationTests/TestResults/a3-preflight-first.trx	6E2999C164EC31EA7C4509135685156B84B52C5F51DEC5E6C97B1E0DA0831D06
server/tests/TagEkyc.IntegrationTests/TestResults/a3-preflight-legacy-baseline.trx	9460193DDA3B6586B905AB791C633DF2C46443AE3697166A462899853C945499
server/tests/TagEkyc.IntegrationTests/TestResults/a3-preflight-restored-regression-rerun.trx	3D74B0A1B3705F36CF37B062DC920608E39A09E69C9B82576E19789848C53011
server/tests/TagEkyc.IntegrationTests/TestResults/a3-preflight-restored-regression.trx	290AAAE1E43DBD5CD8F98D8ECA7BE50978F2C75FEA930160E939AFECB66F6D28
server/tests/TagEkyc.IntegrationTests/TestResults/a3-preflight-selector-red.trx	00AC31E6565FE918D8E073627E189B7814E4420B0C221F44FFDE7B3F0CB7CAAE
server/tests/TagEkyc.IntegrationTests/TestResults/a3-preflight-v2-envelope-red.trx	D12AE05F13A9A900965E45BFF2C30CAA8022EBC78060E1B531BC1F8E7F92183A
server/tests/TagEkyc.IntegrationTests/TestResults/a3-preflight-v2-final.trx	84057D2465AA0A836452AF71BC743F4D14E5DB29C68460954E4842CE17E62666
server/tests/TagEkyc.IntegrationTests/TestResults/a3-preflight-v2-selector-red.trx	02D1009A1E6D5FB8CD6EC129254C8277143B23EF05955D986932F1283A2CE9F7
server/tests/TagEkyc.IntegrationTests/TestResults/a3-private-http-duplicate-red.trx	D8C62255402197742914C0DA2F2659ACADFC39E9B2A1677FD4B1772503345FBF
server/tests/TagEkyc.IntegrationTests/TestResults/a3-private-http-initial.trx	5C13AC8D545BED2A523B236FE40A6391279FA2D0D599160858D0DC642A894520
server/tests/TagEkyc.IntegrationTests/TestResults/a3-private-http-mutations-restored.trx	DE23B3666F20398E7352AC9B981C6E3AE62DBA2AE34EF389104B12BF82F2420D
server/tests/TagEkyc.IntegrationTests/TestResults/a3-private-http-peer-red.trx	600A165EB69D5F053D0A16CFB21844883F85919C43A2E8083F3AD60FB21B5C95
server/tests/TagEkyc.IntegrationTests/TestResults/a3-private-http-phase-red.trx	6D7EF2F2C8C87A8F196B69776EECFED0B523C3889700F17EFA31E45565F5E228
server/tests/TagEkyc.IntegrationTests/TestResults/a3-private-http-postgres-initial.trx	162EE9C702679227283B3353E5D9ECBE98189A19221FD9D42F88147D3252F110
server/tests/TagEkyc.IntegrationTests/TestResults/a3-private-http-postgres-restored.trx	29B17B915AA44A96D6C6220EA2D6F18D54BDFBD5966154378412209454C749E4
server/tests/TagEkyc.IntegrationTests/TestResults/a3-private-http-regression.trx	FB11B9972085B5F3FADDD36D820B1E99BF4953E0B7FC3D6C017E09DF817ECA8F
server/tests/TagEkyc.IntegrationTests/TestResults/a3-r1-r5-races-first.trx	63B2462CACE89855C424252ACE5741BC285DEEBC21DDFA28F6128EEFF6F0E9A5
server/tests/TagEkyc.IntegrationTests/TestResults/a3-r1-r5-restored-full.trx	42D38A05C2F51739F1E3DC5BFE6606006A9853B4879EE0C72AB668B2E00D8A73
server/tests/TagEkyc.IntegrationTests/TestResults/a3-r1-r5-shared-lock-red.trx	1093925A0BFE9FC5D375170E09D3AF3D0B5636CC44503DD209C2828F2CE0CDD9
server/tests/TagEkyc.IntegrationTests/TestResults/a3-r1-race-first.trx	C4D253CBEDBA30659A08CE0ECFD6C80338594E91CF285A1B6667D11DEB2BF10E
server/tests/TagEkyc.IntegrationTests/TestResults/a3-r1-replay-fixed.trx	37DF5DB616D5D4BE097563F7EC7792B351911415B514C7FE95A8DD9AFB2AFB2F
server/tests/TagEkyc.IntegrationTests/TestResults/a3-r1-replay-red.trx	31C1FC1CCE52A8B6F8918D2B1F138657A8CCA11969C9D8E76B7985AD933D129E
server/tests/TagEkyc.IntegrationTests/TestResults/a3-r1-retained-second.trx	E0DE8B6E2BC568F4E355DD349145FE0EC269FF0F5C91A061C57B4AB1357CBC44
server/tests/TagEkyc.IntegrationTests/TestResults/a3-r2-projection-r3-class.trx	263EF8F77D42FB5BED21A47BBB7B65DE6F4960C3FFCD7904685B2AF7F4BDB3D4
server/tests/TagEkyc.IntegrationTests/TestResults/a3-r2-projection-r301.trx	EBAB0F9E7C0AAACE46D4F1B96D74284264C5AC61CF89C76DDB5AAA1BE89CDA97
server/tests/TagEkyc.IntegrationTests/TestResults/a3-r2-projection-regression-169.trx	2703B94EC16E9AE33A48FB4ABD65E17D94E153B7411AC479509BBF798671617B
server/tests/TagEkyc.IntegrationTests/TestResults/a3-r20-cp11-first.trx	13624E419E4E722519B1A2FAE07BF22206632A9B9A498DE321C9EFA0C3B80CAF
server/tests/TagEkyc.IntegrationTests/TestResults/a3-r20-cp11-restored.trx	9052A1C8FB34B32F33B8837D90D935F5C343E32C6008B41FC047047D8B592067
server/tests/TagEkyc.IntegrationTests/TestResults/a3-r2r6-bp11-early-available-red.trx	774144B17E62E0AB4B3A65848354F57BDC041B08F3F2048E6E9DEDA985A281B2
server/tests/TagEkyc.IntegrationTests/TestResults/a3-r2r6-bp11-http-r5-baseline.trx	4E255399E054E4C4E44BF4217DD05B6C125BBE0A7799CCE1C6609FD900B49111
server/tests/TagEkyc.IntegrationTests/TestResults/a3-r2r6-bp11-http-r5-restored.trx	8673F3C841A3D4992F0D2892D3DB3C57F66BC5620170BEE42C3A0859DFC6551F
server/tests/TagEkyc.IntegrationTests/TestResults/a3-r2r6-bp11-kestrel-final-source-red.trx	57DE71AAFE6C362BA9E9498A8F23B530F3FDBD0DEF5AD2A83AC7BC3D238984C0
server/tests/TagEkyc.IntegrationTests/TestResults/a3-r2r6-bp11-kestrel-r5-baseline.trx	54DCF90E13B4EDB81AE6C520414C7EE668619801B976BD287C9A6B6578851ED1
server/tests/TagEkyc.IntegrationTests/TestResults/a3-r2r6-bp11-kestrel-r5-red.trx	8CE3324D0ACA2102913BB41BE32338F99F57A54EF98D1A87A60D50097E9D1674
server/tests/TagEkyc.IntegrationTests/TestResults/a3-r2r6-bp11-kestrel-r5-restored.trx	4AE37013F70A2E64D71A740D25BE1D0CEFEC72806B1B06F48E5F2197050ADA3C
server/tests/TagEkyc.IntegrationTests/TestResults/a3-r2r6-bp11-p17-kestrel-baseline.trx	F4F9676290C52CD007505758EDFBEF73CB1DBF31F6ECB4A5EC6DDCE9F1B90B0E
server/tests/TagEkyc.IntegrationTests/TestResults/a3-r2r6-bp11-p17-kestrel-final-baseline.trx	F4519594F07AEE7453A70BD1DC51DE9CCA197E4E56BEA90512387DC22E5D234B
server/tests/TagEkyc.IntegrationTests/TestResults/a3-r2r6-bp11-p17-kestrel-final-restored.trx	9E1CCC04F55284DC836FF70DF30B4949B64DF6AE4DFD1DC13A063967A3184441
server/tests/TagEkyc.IntegrationTests/TestResults/a3-r2r6-bp11-p17-kestrel-server-read-baseline.trx	B73FA93EF44263A6FDB9FD2EA9BEE6B78892E8A9CC98A35ABC60CE2074BE7E30
server/tests/TagEkyc.IntegrationTests/TestResults/a3-r2r6-bp16-bp17-final-joined.trx	4F8E69AEC3032F5C0E8489EB3FB34F5302EC0A2741A88045A680939CA853B037
server/tests/TagEkyc.IntegrationTests/TestResults/a3-r2r6-bp16-bp17-ratified-sentinel.trx	1A134C64DA761D8444E283AB33E39DDD739181E402289DEBC37300DBC36FC9B5
server/tests/TagEkyc.IntegrationTests/TestResults/a3-r2r6-bp16-consumer-final-source-red.trx	90D030F61BF771C0F921BB23DA50BB3D28EB1737BCDFBA648AE3112E80D6F399
server/tests/TagEkyc.IntegrationTests/TestResults/a3-r2r6-bp16-consumer-red.trx	01FA1B5CD2D6BF0FE734376F1A8B8D99B74719E5E9CBBF78A7E3AD96CC13A497
server/tests/TagEkyc.IntegrationTests/TestResults/a3-r2r6-bp16-durable-verifier-baseline-v2.trx	B9BBD8B13C02DC03B0BE4FE914204D5D6BC5FE90D2B3E1C635A3D291FCE039C1
server/tests/TagEkyc.IntegrationTests/TestResults/a3-r2r6-bp16-processkill-cut0-restored.trx	701D5ED81FBA7ABF7B44CA57F917FFF5B618D2B52624C25F869175CF84E8E420
server/tests/TagEkyc.IntegrationTests/TestResults/a3-r2r6-bp16-selector-red.trx	CB5E2579A4E3FA37FD0673530C43D242E225061E9EEFB560F8329595BB5AB177
server/tests/TagEkyc.IntegrationTests/TestResults/a3-r2r6-bp16-verifier-restored-joined.trx	FBFE988F7B631FCEED73C4566D2E1F7D37510858AABEA7FB3D09E3CFA3C13E35
server/tests/TagEkyc.IntegrationTests/TestResults/a3-r2r6-bp17-ciphertext-baseline-v2.trx	9502CDC703EEEED6D3F1B42C32FACF2778BB005980706D2C7F897B989699C7A0
server/tests/TagEkyc.IntegrationTests/TestResults/a3-r2r6-bp17-ciphertext-baseline.trx	255C6D30D0614A683B143D1B3453F720CEBA8D86B854D5F2582D29CB2931B8F9
server/tests/TagEkyc.IntegrationTests/TestResults/a3-r2r6-bp17-ciphertext-cause-red.trx	E9510C017188B4B080895B7D0D8177ED6D3BAF7E399BC145F4D0FEAFA9AF7516
server/tests/TagEkyc.IntegrationTests/TestResults/a3-r2r6-bp18-bp21-final-joined.trx	9320941C3616CF69ACF41DB0DEE8D7E4C6140C32395138EDC3D4118B278B25F8
server/tests/TagEkyc.IntegrationTests/TestResults/a3-r2r6-bp21-four-evidence-final-source-red.trx	393D382B439CA26F55D4E5D0DF6D8AB1530819C0D61DF1FE236F397A6A7001F2
server/tests/TagEkyc.IntegrationTests/TestResults/a3-r2r6-bp21-four-evidence-red.trx	F568A3A384ED36753A8630808C29684CFE0B26540D6E611667D64BA6C1E784A6
server/tests/TagEkyc.IntegrationTests/TestResults/a3-r2r6-cluster-baseline-focused.trx	1FBA96EE7155F4D56D6F78590CBF48B6FC13BA11CCE68F93B624AFCF3F7AC375
server/tests/TagEkyc.IntegrationTests/TestResults/a3-r2r6-cluster-restored-joined-final-candidate.trx	57ACAFEA0BB576F25761250984EC4D5CA4755C1CA93E96531F1BCAC9E6B130BA
server/tests/TagEkyc.IntegrationTests/TestResults/a3-r2r6-cluster-restored-joined.trx	867A92F335CBE3BB002797FB96A0B33CE5057CA16061436B4052A0ECD87F1C9D
server/tests/TagEkyc.IntegrationTests/TestResults/a3-r2r6-down-guard-audit.trx	B7A6DB3F9942E90FC27144BFD9196019E6D750D918D0A4D3DAA35F6A9B11EFA9
server/tests/TagEkyc.IntegrationTests/TestResults/a3-r2r6-eight-scenario-phase-a-joined.trx	F30FC6C2F009D35B76A9EB6CC15F16554A5C6B129A7EE51D25DD4E8E468D761D
server/tests/TagEkyc.IntegrationTests/TestResults/a3-r2r6-gh-agent-replay-read-red.trx	9B50285D203843F317B70CA48ADAA039030E56541E54C837D790CC027389D9C2
server/tests/TagEkyc.IntegrationTests/TestResults/a3-r2r6-gp-agent-committed-red-v2.trx	379638B98B5BED58B6588A11FEC0A8604D39772136EB5064D0F8923DE929F0FA
server/tests/TagEkyc.IntegrationTests/TestResults/a3-r2r6-gp-agent-r5-red.trx	F77BA2BFBFE5E3C9AFA75B4AF4752380A8EEFA3EBFFAA05CE833FEF625954C34
server/tests/TagEkyc.IntegrationTests/TestResults/a3-r2r6-http-replay-baseline.trx	E4E26092B84D08EAC2EA23E5BEEB1364801FF561031046CE657AE7040C0A79EC
server/tests/TagEkyc.IntegrationTests/TestResults/a3-r2r6-nine-scenario-candidate-baseline.trx	6C51FA77E62B370199E11A1B203BF181C6050B39F15A6E44A799D54597FA95C5
server/tests/TagEkyc.IntegrationTests/TestResults/a3-r2r6-nps-evidence-baseline-v2.trx	0295FD5FE24AC4E1B62676ABA425C2D31B94159CA31AC814FC5CEB535827E45E
server/tests/TagEkyc.IntegrationTests/TestResults/a3-r2r6-nps-evidence-baseline.trx	36DCA0C3CD77B9DAA816FA86B24AF67DF09BEBA91F2DB4B947DCA1FD3960338E
server/tests/TagEkyc.IntegrationTests/TestResults/a3-r2r6-nps-evidence-disjunction-red.trx	2B1B2F0FA0437020AC8FE6CED26DAFE817664261E0437DDDD046C2044E83F81F
server/tests/TagEkyc.IntegrationTests/TestResults/a3-r2r6-o19-diagnostic.trx	6647063E8EF135E4FE583AF1C17871EDC2CCAC261AE4CBA4C5EDA1EF599BE41C
server/tests/TagEkyc.IntegrationTests/TestResults/a3-r2r6-o19-hash-diagnostic.trx	0C16C1BC7566F068885F6EDE07EC3C2AA81ED79EC70212FF42F62BA765071F6B
server/tests/TagEkyc.IntegrationTests/TestResults/a3-r2r6-o19-negative-family-baseline-v2.trx	60F2349F0F77147D4F96B50C83E7F51BB8B36F5D52DF4AA509ECEFE63A911DAA
server/tests/TagEkyc.IntegrationTests/TestResults/a3-r2r6-o19-negative-family-baseline-v3.trx	102C17482BC8119D941FF0D369F3C73FA7A885A2FAEC8108551A5DFAF3B0A990
server/tests/TagEkyc.IntegrationTests/TestResults/a3-r2r6-o19-negative-family-baseline.trx	B29276F41B5D815683B2A322C057CE582D6DCF99D4FE97C47CC807D2CBC18D56
server/tests/TagEkyc.IntegrationTests/TestResults/a3-r2r6-o19-notarmed-baseline-v2.trx	793F1AB541F8B0FF252E6EA63345DE7AD9D27A63698068C4E641009E64F0E294
server/tests/TagEkyc.IntegrationTests/TestResults/a3-r2r6-o19-notarmed-baseline.trx	0874C19781B2150F9DECCFD6FA5B3EB3F5D4C321F8ABD6F778BE26287F9100F2
server/tests/TagEkyc.IntegrationTests/TestResults/a3-r2r6-o19-notarmed-guard-red.trx	A49881CEF1A3315F07613753317AD940E9226CF7064869D33B53A1D6B533D1E8
server/tests/TagEkyc.IntegrationTests/TestResults/a3-r2r6-o19-ratified-sentinels.trx	B1B92174A37FB6B7B89DDCA74D941BD8EE29BA17A961EF58762BF59595EB5BDE
server/tests/TagEkyc.IntegrationTests/TestResults/a3-r2r6-o19-restored-joined.trx	8907756FB7A201A2360D313757C4FD317A1B6CA5957A6B8064BFAA1889C9A910
server/tests/TagEkyc.IntegrationTests/TestResults/a3-r2r6-o19-wrong-cause-baseline.trx	4D6C73E90DDEFCD83ADB785E85209AB76AB8E74AB5308701A39F129C4D0D6697
server/tests/TagEkyc.IntegrationTests/TestResults/a3-r2r6-o19-wrong-cause-guard-red.trx	EC40D37DBD218ADB1DEDA46F8FD4137642C1E98EF2F767F0C0EACDFF7F5058A8
server/tests/TagEkyc.IntegrationTests/TestResults/a3-r2r6-p17-agent-kestrel-diagnostic-v2.trx	684D66E2A94988F07E126E553D43C68D2ECB8FD71FBD826A2C80B5DAAD331E60
server/tests/TagEkyc.IntegrationTests/TestResults/a3-r2r6-p17-agent-kestrel-diagnostic-v3.trx	F1722EAA062D47332438AFCC67D23E3DCA88804E9DCA8CA18C9D9F2C35DBD007
server/tests/TagEkyc.IntegrationTests/TestResults/a3-r2r6-p17-agent-kestrel-diagnostic-v4.trx	5527A12332152DB3A7DB29014936BD53E7F70EFAAD9E41E0F0776ED114925BE4
server/tests/TagEkyc.IntegrationTests/TestResults/a3-r2r6-p17-agent-kestrel-diagnostic-v5.trx	B2591ABE20BF1606E435264F28C9474A93A58B769FE3288C269ED2319B8B8F05
server/tests/TagEkyc.IntegrationTests/TestResults/a3-r2r6-p17-agent-kestrel-diagnostic-v6.trx	9EC1D7946FE992A237E95C843928B89132AFA31DEFE23C2F5FEAC8BE57553076
server/tests/TagEkyc.IntegrationTests/TestResults/a3-r2r6-p17-kestrel-server-read-red.trx	1B4F7542DE5CD4FE7B70B234C1322550750D06EE6A80BA4B22F6C20FEA115A39
server/tests/TagEkyc.IntegrationTests/TestResults/a3-r2r6-phase-c-positive-v2.trx	6BB13E847861F924002DC6A4377934C2A6283B74787C10450063EA4950259C5D
server/tests/TagEkyc.IntegrationTests/TestResults/a3-r2r6-phase-c-positive.trx	726067569F394CDB57C993C0723B29D4582D3B473C92214395B90B0C5D745DB3
server/tests/TagEkyc.IntegrationTests/TestResults/a3-r2r6-positive-absence-correction-check.trx	DD9A632EFA2F1ECBCE26A5D8B332D275767EA4CFE41A23EA8D0FBE0A5C6F8598
server/tests/TagEkyc.IntegrationTests/TestResults/a3-r2r6-positive-absence-correction-v2.trx	C704FEDDBED572E1CAA1F5C7099F7E4B6DD9273D0B520518D4BE7BE817888B91
server/tests/TagEkyc.IntegrationTests/TestResults/a3-r2r6-positive-absence-shared-baseline.trx	98546CF6B995EE00A4F74E9B2DF78684288DEAC1E6C0F17A5B76C3E15F23E5E3
server/tests/TagEkyc.IntegrationTests/TestResults/a3-r2r6-re01-mechanism-phase-a-joined.trx	E33BC4BF9F67F8C8057EBF89B89C15BB0E86D8E5397A791DE6CF7B0B4FD64CFC
server/tests/TagEkyc.IntegrationTests/TestResults/a3-r2r6-replay-body-read-final-source-red.trx	9DC6A612A2B8255930A1FFD07EF64F8CBC6B99158075871C36020BF925125FFA
server/tests/TagEkyc.IntegrationTests/TestResults/a3-r2r6-replay-body-read-red.trx	6AA65D2787B2C6580065CCD42590558AF53DDE79996B714B050977C721E0A32E
server/tests/TagEkyc.IntegrationTests/TestResults/a3-r2r6-response-loss-diagnostic.trx	90DC775A2943C35DE00BAFC4794BE0E517869BAB15EB10F357A86B595786CBFC
server/tests/TagEkyc.IntegrationTests/TestResults/a3-r2r6-seven-scenario-phase-a-joined.trx	278A7D598318FA93C12E51A0A7E4CE512C6DFCACF8A068C0A4A9889067E7B469
server/tests/TagEkyc.IntegrationTests/TestResults/a3-r2r6-shared-tls-devcert-diagnostic.trx	E0409EA219D1B844AA5B79E449AE6709DD5F6EF96102842C4D915AC26BA37171
server/tests/TagEkyc.IntegrationTests/TestResults/a3-r2r6-shared-tls-diagnostic-v2.trx	6D225B82A00B5813F7E81FCCC6A1F95B85C7C97B8A077FBB36FB3ACCBB68F551
server/tests/TagEkyc.IntegrationTests/TestResults/a3-r2r6-shared-tls-final-positive.trx	E908D45FFA78D9402A83C6DD3C2FE5D43334FE1FF88B8054D29E307D959D0CE2
server/tests/TagEkyc.IntegrationTests/TestResults/a3-r2r6-shared-tls-positive-control.trx	59E8C37A5966754F4F220FA5B1C7BF3B04BECEFAED0BB8160FB8AA751997ECBA
server/tests/TagEkyc.IntegrationTests/TestResults/a3-r2r6-terminal-unknown-object-correction-check.trx	71CC15FEAB0F8926C7EF8A8787D5A95E1CFFEFA486AC31D0E63D012B4C96FE2D
server/tests/TagEkyc.IntegrationTests/TestResults/a3-r2r6-terminal-unknown-object-diagnostic-v2.trx	33292656E359529017FDDEDC79FB62242731E0478808144360C79F356CB13EA8
server/tests/TagEkyc.IntegrationTests/TestResults/a3-r2r6-th1-agent-r5-phase-a.trx	2642950383728D39294B06757F3984771C415C020BA00BD3EA03EE13D5C47E70
server/tests/TagEkyc.IntegrationTests/TestResults/a3-r2r6-th10-stage-catalogue-phase-a.trx	6E8867D753660A64D588A603509B5FA3062F1EF5537A29AB2A08F93A6F606627
server/tests/TagEkyc.IntegrationTests/TestResults/a3-r2r6-th3-cancel-at-committed-phase-a-v2.trx	414EE636905ABB302C811511AF02D978B16B851620C36C9B418535C28828DFEE
server/tests/TagEkyc.IntegrationTests/TestResults/a3-r2r6-th3-cancel-at-committed-phase-a-v3.trx	B25F1B960A11247D9F408E54D117995BC43B3021316A9EE9020BCC7DCF571FD9
server/tests/TagEkyc.IntegrationTests/TestResults/a3-r2r6-th3-cancel-at-committed-phase-a.trx	A36088D24FB43E1F60C601B6227079934F6BAFCB0047C3D88AE89A9D1FF23ABE
server/tests/TagEkyc.IntegrationTests/TestResults/a3-r2r6-th4-th9-retry-phase-a.trx	F3BF7D6DED08B54456710EBA23D0A47FD2F627806C99663B7478BB9386E58D51
server/tests/TagEkyc.IntegrationTests/TestResults/a3-r2r6-th6-o20-replay-http-phase-a.trx	7592508B35331F09E1141CD5434BCCAD43CB1125AEE34798B59EEE9FB44AAD96
server/tests/TagEkyc.IntegrationTests/TestResults/a3-r2r6-th6-tampered-ciphertext-http-phase-a.trx	9950247F5E9C921DEA30311F9BAF4085896D12EE0ACD2C52C9FADDD18A008E3C
server/tests/TagEkyc.IntegrationTests/TestResults/a3-r2r6-th7-entry-gate-diagnostic.trx	0B30A78D1525CA7FFD5966F2C1A97D74D85079855D31CC6198882A5D672F357C
server/tests/TagEkyc.IntegrationTests/TestResults/a3-r2r6-th7-extended-horizon-diagnostic.trx	F07B67A2EA85EB9FDC0228E57795D05EA0B5182BB1AA518656C0336384B664AE
server/tests/TagEkyc.IntegrationTests/TestResults/a3-r2r6-th7-long-margin-diagnostic.trx	1ED5B1EF3758CB8521CC206ECDD2FD3BA97E3D27D4F361AF66C0A0C4CBBEA905
server/tests/TagEkyc.IntegrationTests/TestResults/a3-r2r6-th7-publication-insert-diagnostic.trx	4422402E4378028089203FBBA5FEEC74BC89C72FFF87E2CF19597D43F36A87AD
server/tests/TagEkyc.IntegrationTests/TestResults/a3-r2r6-th7-quay-entry-gate-diagnostic.trx	5C025344D58C11732C2FA845FDE82D7CC24E5AEFFD1F25AF068EF2AA827788E7
server/tests/TagEkyc.IntegrationTests/TestResults/a3-r2r6-th7-quay-fixture-sentinels.trx	6D32C1CACEF160CBFE491653827EB820D9A61C02ADBE786B05CF8BCC9E8B806D
server/tests/TagEkyc.IntegrationTests/TestResults/a3-r2r6-th7-quay-hardened-focused.trx	C492B3FFDF404DBD75B953AA65A487699752F7E6D817F2E44A2FB2D889873902
server/tests/TagEkyc.IntegrationTests/TestResults/a3-r2r6-th7-quay-restored-four-scenario.trx	149F985C270F6A97A4C70F95836F21FA8B2DEB97165C984B6E85400B3272CD32
server/tests/TagEkyc.IntegrationTests/TestResults/a3-r2r6-th7-restored-three-scenario.trx	95478F946C1368A40F40BCF005639EC0DCD029630484651F8A22F12E3A02C887
server/tests/TagEkyc.IntegrationTests/TestResults/a3-r2r6-th7-same-source-diagnostic.trx	9F905A0455A0CFBDAAA7233BB7D0F763E2916F192FBDE597F5F25893F8A949D7
server/tests/TagEkyc.IntegrationTests/TestResults/a3-r2r6-th7-skip-cleanup-red.trx	44DC0101C3EA6A647E6D4B04F1B44F559A5D93B8E99ED326FC730C1E969FE175
server/tests/TagEkyc.IntegrationTests/TestResults/a3-r2r6-th8-agent-reentry-phase-a.trx	FD18901D97C98AD07C5025E370F6343039773A2855159D3DE18BDCB74C2DE8B5
server/tests/TagEkyc.IntegrationTests/TestResults/a3-r2r6-th8-successor-r2r5-phase-a-v2.trx	3163A770FDFD3F4D3801FFFCBF9160868BEF93E3F3CC11DDFC9DB46FAB2AF2F6
server/tests/TagEkyc.IntegrationTests/TestResults/a3-r2r6-th8-successor-r2r5-phase-a.trx	CEA397C9948635CBB9673201F4A3B9CF0F0C10F403923C5194156D791CFC6E1A
server/tests/TagEkyc.IntegrationTests/TestResults/a3-r2r6-th9-encryption-failure-phase-a-v2.trx	54DA7B0C9BEF999BAA12A22223C69321FF3FDDFD372E09640F1F54160BDFD6D9
server/tests/TagEkyc.IntegrationTests/TestResults/a3-r2r6-th9-encryption-failure-phase-a.trx	48DA3D6523010243D26189205D89120E0E6B608B7F8467E6C282B59053FA274E
server/tests/TagEkyc.IntegrationTests/TestResults/a3-r2r6-th9-encryption-failure-wire-phase-a-v2.trx	48E0615873918153E779651A4E9952F4DCBF5B6D6A2D834C7E7B9F766FEB218E
server/tests/TagEkyc.IntegrationTests/TestResults/a3-r2r6-th9-encryption-reconciliation-phase-a.trx	C776E04AA40DD3AD6775E396DFF34DE310B935640C49D39A26E06C12A2D9FB35
server/tests/TagEkyc.IntegrationTests/TestResults/a3-r2r6-ti-r3-baseline.trx	CC0F57D0670EF0D19BC5CAB8DCDDE55C35D6A0AE22A11915760E043A921DB1E7
server/tests/TagEkyc.IntegrationTests/TestResults/a3-r2r6-ti-r3-final-baseline.trx	D777B76D1C7B35A81C3B126392F14DF5841068CC2F2713A021DBA10BE186AFE3
server/tests/TagEkyc.IntegrationTests/TestResults/a3-r2r6-ti-r3-final-guard-red.trx	A33808B13806F78A4E622B4EAA9CD818B88BA648C164701C66E4590A29DB953A
server/tests/TagEkyc.IntegrationTests/TestResults/a3-r2r6-ti-r3-final-restored-joined-v2.trx	E5BECA0E20A12FA4EA3BCD57471D0A17E61FD798105325D3CBD6749806DCDCE4
server/tests/TagEkyc.IntegrationTests/TestResults/a3-r2r6-ti-r3-final-restored-joined.trx	EECA94235DF240FC7693F259B694E9466687F28D1295CE92E2467BC3E82C5914
server/tests/TagEkyc.IntegrationTests/TestResults/a3-r2r6-ti-r3-guard-red.trx	F4C78DB0462FC34302D8C67F297156FA5637F8B7CE2BF5A0D078F2EB6E66CD20
server/tests/TagEkyc.IntegrationTests/TestResults/a3-r2r6-ti-r3-restored-green.trx	C50ACCE8027BCD6FC47A5F63C19D10334C1EDEB051393B4996D9D01D8B973054
server/tests/TagEkyc.IntegrationTests/TestResults/a3-r2r6-transport-candidate-focused.trx	706416B6485477095B02B7FD61FBEB19D37D7DE7CFC5233709EB94F8CC8ED211
server/tests/TagEkyc.IntegrationTests/TestResults/a3-r2r6-transport-candidate-joined-baseline.trx	924B8779600C0D4C23BBC0E7077BD125EFB0FBAB15DB460DECB55970E401DBC2
server/tests/TagEkyc.IntegrationTests/TestResults/a3-r2r6-transport-three-scenario-diagnostic.trx	E8511F9712D8A3B70DB72FECE6B159122F08CDF43058F14F73BA791FAABCA414
server/tests/TagEkyc.IntegrationTests/TestResults/a3-readiness-fixture-corrected-final-joined.trx	5B8BF02887A199D4BEBA8C320CDD5EDAA256D232C9B4578F952584003D14EB35
server/tests/TagEkyc.IntegrationTests/TestResults/a3-readiness-fixture-corrected-focused-green.trx	6C2EF71DC87DDE28BC95CA40B5199BC497BFD39A67E95E04C23D6DBAF15375BB
server/tests/TagEkyc.IntegrationTests/TestResults/a3-readiness-fixture-p24-timebounds-red.trx	62EEE0A65233FA8BBD85969B1322481FEB79856E826D8055E3631CBB563840F0
server/tests/TagEkyc.IntegrationTests/TestResults/a3-readiness-fixture-p25-upper-red.trx	ECB11F6F2C58FD4C1DF6317696B5B97F6258208D3DF4FDC50BF833BB9B6E3433
server/tests/TagEkyc.IntegrationTests/TestResults/a3-readiness-p24-activated-baseline-red.trx	813288DDB4901555874FD2B7D9F900D6A38C46DF26B1BE1E87E10BE8908EBF51
server/tests/TagEkyc.IntegrationTests/TestResults/a3-readiness-p24-p25-host-joined-green.trx	E99132C23A5AA18B875514B90BC7D22CBFEF8FFEC09ADD232A82EFD37788A2AB
server/tests/TagEkyc.IntegrationTests/TestResults/a3-readiness-p24-p25-restored-focused.trx	C8E761895A0A1FC27B37943E77A78CB57409C549024C697ABC2480B866ED18C6
server/tests/TagEkyc.IntegrationTests/TestResults/a3-readiness-p24-timebounds-guard-red.trx	F5BDC4E983BCC7558137DADAF0EC05025E21079900EFF625DDD96EB1D3AF7A3E
server/tests/TagEkyc.IntegrationTests/TestResults/a3-readiness-p25-p26-final-joined.trx	9D6E1BB67B8144E16ADCAD2FDCD7A81C2C830D47955E46DCDC007CC72199021B
server/tests/TagEkyc.IntegrationTests/TestResults/a3-readiness-p25-p26-restored-joined.trx	3E25737CDB4B8A4CFC1E48710EF5F5FA6DD4F3775C9D7251C4070EA7F2434620
server/tests/TagEkyc.IntegrationTests/TestResults/a3-readiness-p25-upper-baseline-red.trx	9C906801F995419465BFA85AFE0117B2E35FBCF19C5C7E3D9F1472726A44D657
server/tests/TagEkyc.IntegrationTests/TestResults/a3-readiness-p25-upper-corrected-green.trx	910C27B2FBE9D0EE5F95AB3A8252624D5DCB5ADD73D748E6D3DCEF22A720EB76
server/tests/TagEkyc.IntegrationTests/TestResults/a3-retained-stage-first.trx	23AA021F17B99A263B123EA00F6A73B68AD6AFAA8ADB5368D136CB1BA97AA563
server/tests/TagEkyc.IntegrationTests/TestResults/a3-retained-stage-second.trx	C5F8433F5F5925C3E688B1870109E960A7773938AD95E2C25537992E25736F9F
server/tests/TagEkyc.IntegrationTests/TestResults/a3-retention-checkpoint-c1c3-final.trx	1693D2B01C07F449B394505A82EB221F959D9BEC5362ED94166DC803CC749F11
server/tests/TagEkyc.IntegrationTests/TestResults/a3-retention-checkpoint-cp04-v2.trx	FD56A2C38607BE8C553A38F25B8C24DDADCF8FDB4A5C8420683E64AC7E2588D3
server/tests/TagEkyc.IntegrationTests/TestResults/a3-round2-r25-crossrepo-optin-v2.trx	D0118954B49150ADA03C256278600D98CAAA2D39DD9101D416E9C7F33892A16C
server/tests/TagEkyc.IntegrationTests/TestResults/a3-round2-r25-crossrepo-optin.trx	7EE9569FF500F751787CADAA2AE02A4A930D4C7181F73318E82F52E46A4EFCA9
server/tests/TagEkyc.IntegrationTests/TestResults/a3-round2-r25-crossrepo-restored.trx	2FB7B2D858C886FE9D48D40EBF3F50017645DBCE6A25EEB6611D5AC04206BB60
server/tests/TagEkyc.IntegrationTests/TestResults/a3-round4-r25-crossrepo-final-v2.trx	7909F519D4409F26BECB70AF2EF66094973F6F76F0C789812D3CCE8BAD344F38
server/tests/TagEkyc.IntegrationTests/TestResults/a3-round4-r25-crossrepo-focused.trx	A23C40C272DF12B9BB29E8B41544260276DFCDE74F7D7AD221373B7AD3107E0E
server/tests/TagEkyc.IntegrationTests/TestResults/a3-round6-s02-excluded-const-only-green.trx	91F28BC15DE74BB8DB8EDBFE15EA0CAF4BDAC29F3618C4CF611C6B1506B10E99
server/tests/TagEkyc.IntegrationTests/TestResults/a3-round6-s02-excluded-const-only-red.trx	0C9118F39F948C252B58DAA7D1B30A69A12E832B44D459505AC994AB9A2CE573
server/tests/TagEkyc.IntegrationTests/TestResults/a3-round6-s02-excluded-enum-const-green.trx	1173900709AAAF34AFE1E2B3D969A4993004B7934B69511A055CC163A0A9232F
server/tests/TagEkyc.IntegrationTests/TestResults/a3-round6-s02-excluded-enum-const-red.trx	E850D0F4DCA8CAFEA15E11AF7EE5A5E6C73403EBB5968046C7C9A1BF1BB5BC25
server/tests/TagEkyc.IntegrationTests/TestResults/a3-round6-s02-final-restored-green.trx	9CF3FB3B03BD25CE6E9249461E2D05803A095A67A56A1CA621BDF7232BBA2AA9
server/tests/TagEkyc.IntegrationTests/TestResults/a3-round6-s02-final-state-green.trx	414A07E292F8B8F32357C969F5EC74B01DA59F2AB46702CBEF2E549B423BE367
server/tests/TagEkyc.IntegrationTests/TestResults/a3-round6-s02-omission-green.trx	A3C2AACAEEF560523AC7E82756B8E4740E72EB55EA065F34ADDE29389FA9AC55
server/tests/TagEkyc.IntegrationTests/TestResults/a3-round6-s02-omission-red.trx	7D7A6EC58E1B413D8B75FD9A746C6FEB3C814E18B7AC20FE169DA7A762DFCCD2
server/tests/TagEkyc.IntegrationTests/TestResults/a3-round7-s02-excluded-value-green.trx	3490F68DD198326D7F464C163CB67D9B8D31B7280BC5121DE3AAEBC023676934
server/tests/TagEkyc.IntegrationTests/TestResults/a3-round7-s02-excluded-value-red.trx	27BB06D4F33A73C7622461524AE799E16D30B0A1E0F0D898D8788C91041F42E7
server/tests/TagEkyc.IntegrationTests/TestResults/a3-round7-s02-http-status-green.trx	E692C0D4A7E4EEFB2A7248E9D01831BC1E4139123DDEE180247C46201BDFB2FA
server/tests/TagEkyc.IntegrationTests/TestResults/a3-round7-s02-http-status-red.trx	FE164EC79B5A54AD6210185A478B0AC30EF1139942F937BDF7D87E9EAC2F72D4
server/tests/TagEkyc.IntegrationTests/TestResults/a3-s02-agent-extra-field-red.trx	A046C6A7486D752B37953A8E2354526BB1F98CB7CB7877E4A9B1CD5017D8E7E5
server/tests/TagEkyc.IntegrationTests/TestResults/a3-s02-all14-focused-v3.trx	0DA7255E514A40C6135E4C6FE1074801A904041A6BEFF2672A4A2E1AE0061AB1
server/tests/TagEkyc.IntegrationTests/TestResults/a3-s02-all14-focused.trx	93D29C02299F8CEC11712CC23BEA91FD7F82F248D024B3EB364EB60FDC21275A
server/tests/TagEkyc.IntegrationTests/TestResults/a3-s02-all14-joined-final-v2.trx	D2C7A8618D4B998C7ABEBF7394000084DDB6CCD32F73C30F822BB8254ED6974B
server/tests/TagEkyc.IntegrationTests/TestResults/a3-s02-all14-joined-final.trx	D6EAECB0DE23DE0D2316CB194CDDBC7F9559005E2F715985965EFE54521A729B
server/tests/TagEkyc.IntegrationTests/TestResults/a3-s02-all14-o23-red.trx	DD2013FB54B84FE8DAB2C57F69D66AD009FBB327FB515772F6C16A86B08B1348
server/tests/TagEkyc.IntegrationTests/TestResults/a3-s02-all21-malformed-agent-focused.trx	EFECC14EBF51AF375D4D696A192A1D5A867378DB6E67E99B4617F14F11F39248
server/tests/TagEkyc.IntegrationTests/TestResults/a3-s02-all21-omission-red.trx	C5B67C92B691B9A7FDBB5B86A609762F21A6EAA65CE7AF8E4A25083CC54409AD
server/tests/TagEkyc.IntegrationTests/TestResults/a3-s02-owner-mapper-code-red.trx	93134CE74608D10D41F33E243B860D86F215E0954AA4472D6A15A0D159F3BA47
server/tests/TagEkyc.IntegrationTests/TestResults/a3-s02-owner-mapper-duplicate-red.trx	BAAB9EC029C3960F44CC44C1B4658CFA528F4B473D7E1B5DF50B5248D1B26700
server/tests/TagEkyc.IntegrationTests/TestResults/a3-s02-owner-mapper-final-green.trx	85BD26F95A5C2C2BFA9021E1CFEEB3C1A2D7313AF12E5BF4E4959B253CB78B96
server/tests/TagEkyc.IntegrationTests/TestResults/a3-s02-owner-mapper-final-v2.trx	AABB841785938F79A39BE2F86FFDD52D448B0D7292BFE342BBF169F6B59B3BC7
server/tests/TagEkyc.IntegrationTests/TestResults/a3-s02-owner-mapper-focused.trx	FE67079BF99CBE8045809AB4F0FBBDB3F08AC3A7073B5B2B0D1B58770929AB1F
server/tests/TagEkyc.IntegrationTests/TestResults/a3-s02-owner-mapper-restored-green.trx	A7E5ECB88ECC2C80F31283D42A3F6DB227093628BE0A231EF53F1C438F7F8857
server/tests/TagEkyc.IntegrationTests/TestResults/a3-s02-owner-mapper-v2.trx	6C50786F9899A0A20F1C7CB2F0EEC032A75879AF28A5137F70CC0E5A3C279744
server/tests/TagEkyc.IntegrationTests/TestResults/a3-s02-owner-mapper-v3.trx	B62B8EAF482F1D56F88809AE45B84BC858E1FC5DD7978D1D2F26A546831D0D1D
server/tests/TagEkyc.IntegrationTests/TestResults/a3-s02-ownership-duplicate-red.trx	EFDEDA97A27CB6871C0755340E0F645E6A71E4B68E13AFAE83F200983410AA88
server/tests/TagEkyc.IntegrationTests/TestResults/a3-s02-ownership-final-green.trx	59BA27F5ACA5ECA799A6C36A6F81F32CC333D492F221FE944D8EDDB6D8887FA6
server/tests/TagEkyc.IntegrationTests/TestResults/a3-s02-ownership-final-v2.trx	A181E1CF24EFC2EBCA9C1B8A3EC26F8172A716F002139ECC85406D232089F16D
server/tests/TagEkyc.IntegrationTests/TestResults/a3-s02-ownership-focused.trx	3A14D125388099D78C5EF838C8D9BBB070D86B37CACA9EDC28BDAE3C275FF3F1
server/tests/TagEkyc.IntegrationTests/TestResults/a3-s02-ownership-no-fixture-duplicate-red.trx	8CC0695F84BF578A925644F3D3D307A5C6388AA6FEB03CF33D08DDC004A41F8B
server/tests/TagEkyc.IntegrationTests/TestResults/a3-s02-ownership-no-fixture-green.trx	9B0A928D61F169BDEA9C2DE2D4E94238B8D7841C8EAA8004D896D7FAC549D926
server/tests/TagEkyc.IntegrationTests/TestResults/a3-s02-ownership-no-fixture-restored-green.trx	7C5A4FC2A15DCFAB14EE20210D122624B148C1C86FDC2DA8D1A5D846792977A1
server/tests/TagEkyc.IntegrationTests/TestResults/a3-s02-ownership-restored-green.trx	B55D16D6217F2174C8221776AE813257B3852D181D6C876EADF8D628361FA9D6
server/tests/TagEkyc.IntegrationTests/TestResults/a3-s02-server-agent-all21-focused.trx	6C5765649054988CF5515A4B1986AD9A7582503296E24170B2CC88CDC65E9B4A
server/tests/TagEkyc.IntegrationTests/TestResults/a3-s02-server-agent-ledger-final-restored.trx	EA4F6760F4630BC11B2C15AFEB67DE15B474A3CD2A14A3CB8A64ADDE1BCBBD68
server/tests/TagEkyc.IntegrationTests/TestResults/a3-s02-server-agent-ledger-final.trx	706283A09B4F68295D3E348E40406401A459111AA5FA3E9B98848EE2DE8A5523
server/tests/TagEkyc.IntegrationTests/TestResults/a3-s02-server-agent-ledger-joined.trx	0C18D90E7544CB97A895F37509FBB4FE9EE4E5B01CA3CF1C00064953763079FA
server/tests/TagEkyc.IntegrationTests/TestResults/a3-s02-server-agent-ledger-restored.trx	5E4E574ADEB1129C1B48013CE7C543E2DF03ECC93AE202446E34DC934E385C5F
server/tests/TagEkyc.IntegrationTests/TestResults/a3-s02-server-agent-shape-final.trx	00A0C3047D51C7C544CF9FD329F6FC6B8A53E38380D6D15BF75903D985E3DCC5
server/tests/TagEkyc.IntegrationTests/TestResults/a3-s02-server-agent-status-red.trx	3DF44D646211788789B94CB076E5CADE21CB5483FD16161CE28FFAE52CF57532
server/tests/TagEkyc.IntegrationTests/TestResults/a3-s02-server-shape-guard-green.trx	7FB01482543C2D8C9EC04B61C0723F9E78766312C05CE904D8279A35512309A9
server/tests/TagEkyc.IntegrationTests/TestResults/a3-s02-server-shape-guard-red.trx	197F6D236094E2C09EB62C563548319C4967EFCB24141C23B941911AAB66A644
server/tests/TagEkyc.IntegrationTests/TestResults/a3-s02-shape-and-ledger-final.trx	F6DF18EBF6CF7A5A61F2A19B39DB59452FE625D00E47EAF9651F65ACEFA91E19
server/tests/TagEkyc.IntegrationTests/TestResults/a3-snapshot-acl-mutation.trx	B59E3D2605FBE69D920A6F8CCDACFD24B852E59F5144378ABA446811E3025488
server/tests/TagEkyc.IntegrationTests/TestResults/a3-snapshot-all.trx	D13358615E20384EC9075080A9D63EF4758DAAAAE52387FA4BFC4790D23F4BCE
server/tests/TagEkyc.IntegrationTests/TestResults/a3-snapshot-behavior-first.trx	394D688D184A4FF6FFA3A0E98CF19E9BF0B0438110182E6FD5A6952ACE4E0427
server/tests/TagEkyc.IntegrationTests/TestResults/a3-snapshot-clock-mutation.trx	4903D9D796E6A22751BD1366BA642247F50E9D8C4BEF8F9801811A74C0D80839
server/tests/TagEkyc.IntegrationTests/TestResults/a3-snapshot-ddl-roundtrip.trx	0137D840AFFCE5907CCD4A3405290A719131455FF523E755D97E82E47C15D9C2
server/tests/TagEkyc.IntegrationTests/TestResults/a3-snapshot-functions-roundtrip.trx	88E65AB4669AE885DCAB57B0F0D7F449FE1B31D26CCC8EE8061D288C1F219ADC
server/tests/TagEkyc.IntegrationTests/TestResults/a3-snapshot-guarded-roundtrip.trx	A1A49F7F13E9C9CB848012F10E7D09EC5CF3BBF42E59C2289248E80272457192
server/tests/TagEkyc.IntegrationTests/TestResults/a3-snapshot-head-mutation.trx	139339E5D3D8E7F300CB0876E6842631BE60E2594FB30980C4B9418CC1B8994C
server/tests/TagEkyc.IntegrationTests/TestResults/a3-snapshot-head-positive.trx	15E4007E5A6667D92AEAAD26C041044DCEF2F612C5FB0E569ABFE56DC7BBB667
server/tests/TagEkyc.IntegrationTests/TestResults/a3-snapshot-prefix-mutation.trx	E3E612248CF4CC6AD0A1356C07045706C72C70DF7D6B367C352DA8FF54C957DE
server/tests/TagEkyc.IntegrationTests/TestResults/a3-snapshot-rebind-e01-final.trx	46154C257B6AD53D956495D6B2790ADC563AC27E711F9A95F9C4D79ED4716B1A
server/tests/TagEkyc.IntegrationTests/TestResults/a3-snapshot-rebind-regression.trx	0E654322B91D0EFCA3625BEFAB7B7652C54E78F84E9F9EA01450EA26F4E23BFB
server/tests/TagEkyc.IntegrationTests/TestResults/a3-snapshot-rebind-three.trx	20FF5A0AE76F5154D7794EF8DE9F515B7D690D32AF2A1A2326EA240CBBBED3F3
server/tests/TagEkyc.IntegrationTests/TestResults/a3-snapshot-rebind-withdrawal-restored.trx	05DD5594FC49AADC7D0D8B8494EFE4AA650C670A8DED757E0E605C50F2DC77F3
server/tests/TagEkyc.IntegrationTests/TestResults/a3-snapshot-v2-first.trx	EEA95F94A7610EA778CF535DC1C03D55558237C887033257C953368EA878D888
server/tests/TagEkyc.IntegrationTests/TestResults/a3-snapshot-v2-restored.trx	BA1676F2AD830551D38A368034D105214F13D28CAFB9202024DB339FF9B747AB
server/tests/TagEkyc.IntegrationTests/TestResults/a3-stage-legacy.trx	CABA71C76D6AA2A72E6E22302F8D152F40277F53F8EC359BDBC2DA220DA275B3
server/tests/TagEkyc.IntegrationTests/TestResults/a3-stage-migration-first.trx	3F134D35BF1EEC2A35020377D096FDA9625B6181361304742D826C824A976F39
server/tests/TagEkyc.IntegrationTests/TestResults/a3-stage-migration-restored.trx	CC2826787EC963512F336208440FF30AD1586850E667458B666D8DAA41421F4B
server/tests/TagEkyc.IntegrationTests/TestResults/a3-stage-v2-current.trx	0B69E3CADF90C3D6AF9A3C42DE5DFBFA68DC46F604BAED35FFF0D22481BFFCFE
server/tests/TagEkyc.IntegrationTests/TestResults/A3R2Incomplete/r2-full-kill-v1.trx	EC0C4559607A45D6ABDF4BBB01D50C0DB8C32E59BC87F1D420AC6676A895853E
server/tests/TagEkyc.IntegrationTests/TestResults/A3R2Incomplete/r2-incomplete-final.trx	519910DF4880D028F9475029D2AF233C396AEA488A7B9ED809F471A9BF8071AF
server/tests/TagEkyc.IntegrationTests/TestResults/A3R2Incomplete/r2-incomplete-restored.trx	57B32AE9940920A9909FDB0487A8878DDF9A740EE2AEDBB4C0964DF0699F8631
server/tests/TagEkyc.IntegrationTests/TestResults/A3R2Incomplete/r2-incomplete-v1.trx	28EF314941D0EB5DDE1286A074C67B40551DDD02DDABF3C4FFD0152003FC226A
server/tests/TagEkyc.IntegrationTests/TestResults/A3R2Incomplete/r2-incomplete-v2.trx	75713B963A126BF01C79462C3B8FB9BB48412C0CB30D1CE2A01EE13AFA852095
server/tests/TagEkyc.IntegrationTests/TestResults/A3R2Incomplete/r2-incomplete-v3.trx	E35698153B2CC7DCC4249FD27DEA47E44D1C415BDABA54850AF7CB9B4C13B7FF
server/tests/TagEkyc.IntegrationTests/TestResults/A3R2Incomplete/r2-incomplete-v4.trx	4791EC10D34CBE11D0038BF148D7C17E27261EFEC362C51FA2DFC7CB9AF17BD5
server/tests/TagEkyc.IntegrationTests/TestResults/A3R2Incomplete/r2-operation-binding-red.trx	4CD19886AB1554658129FC6D31D4C4A9BB789061B53CCFBF6F7FBE208AC4EE28
server/tests/TagEkyc.IntegrationTests/TestResults/A3R2Incomplete/r2-single-absence-red.trx	820FDFB7810ECC8765E5E3FBE6AA205B7929B465E142CD3276909574774F49D1
server/tests/TagEkyc.IntegrationTests/TestResults/A3R6Worker/r6-finalize-red.trx	5F1AA6639B4AAE823BB94F40F5CA720578D935EFA223B3751DCB35675AFB2CBB
server/tests/TagEkyc.IntegrationTests/TestResults/A3R6Worker/r6-restored.trx	DA6D08A99C0CE76ECF1D12B1D97980BB47F5B3019A2CD7C8AA0A5533B01BDCD4
server/tests/TagEkyc.IntegrationTests/TestResults/A3R6Worker/r6-worker-final.trx	CFDB4D6A77013212BD8EA0C8A4782440935414806971FCCAAB97A23D06E3E645
server/tests/TagEkyc.IntegrationTests/TestResults/A3R6Worker/r6-worker-happy.trx	8501031203930CE1BAA1620EE909CE0883059306A835CA876F4290EAC9E0C6A2
server/tests/TagEkyc.IntegrationTests/TestResults/A3R6Worker/r6-worker-kill.trx	B9E93F24D7E0B3DE336A0BFBD5036A9E8A77674F8042BCF2108D7FC02D0FF4C9
server/tests/TagEkyc.IntegrationTests/TestResults/A3R6Worker/r6-worker-v2.trx	52CBE7F884B150EBFE4EA9EAD4B17DC5860FCEA53A55420589F5DC782DCC6AFC
server/tests/TagEkyc.IntegrationTests/TestResults/A3R6Worker/r6-worker.trx	EB23DA42B767DFB3DE95CC261F4F8E10ACD30F2B2C2CE2D3FBF8B9D7AA403115
server/tests/TagEkyc.IntegrationTests/TestResults/A3TerminalObjectCleanup/terminal-object-absence-v1.trx	DA56AA79CD6736CB52F87D0BAC0810B8ADC0DC039E7EA41D05144D2A4AFCB180
server/tests/TagEkyc.IntegrationTests/TestResults/A3TerminalObjectCleanup/terminal-object-class-v1.trx	17A1BC45B2C61E9A07634FF78A8E792AD3AF5EEDF0407E7F79CE23840EC5E445
server/tests/TagEkyc.IntegrationTests/TestResults/A3TerminalObjectCleanup/terminal-object-final-arch.trx	DCED7C438B92ED42B90572920D331CAD11CB3C8B678687F1F10795BBC22A5B2F
server/tests/TagEkyc.IntegrationTests/TestResults/A3TerminalObjectCleanup/terminal-object-final-regression.trx	21B97A99F0FED8D235ED8BD1E543F7BFC1AE857F8C9D708C756D345064E365A5
server/tests/TagEkyc.IntegrationTests/TestResults/A3TerminalObjectCleanup/terminal-object-final-unit.trx	83FEA174CB9D32752F777E8759001D9F05A41CA12CDB915A2FB4C4A4F00E3352
server/tests/TagEkyc.IntegrationTests/TestResults/A3TerminalObjectCleanup/terminal-object-kill-v1.trx	23C8DFA34111F7C3585CC15920FFA90FC95429B2E8B091F162F648C4E05B5AEE
server/tests/TagEkyc.IntegrationTests/TestResults/A3TerminalObjectCleanup/terminal-object-order-red.trx	857C29234435A5BC0757142BE1C3FD7D08DB18DBAD6EF9EF45DE3B976595BA5A
server/tests/TagEkyc.IntegrationTests/TestResults/A3TerminalObjectCleanup/terminal-object-quiescence-v1.trx	71D8B719B4590832AA3B5EECAD8FEE1CA63D9235F041A7ED74EBC44301CCDE59
server/tests/TagEkyc.IntegrationTests/TestResults/A3TerminalObjectCleanup/terminal-object-reason-red.trx	5DFA1CD75EB1474F65DA8FC87CD07239380373D4C25829BA078F012370AD5230
server/tests/TagEkyc.IntegrationTests/TestResults/A3TerminalObjectCleanup/terminal-object-restored-v2.trx	B23CE24F2EB1335574BB258B330BE298A6AF6B4FDD01A399D9F4E1B20081DCA5
server/tests/TagEkyc.IntegrationTests/TestResults/A3TerminalObjectCleanup/terminal-object-restored-v3.trx	C0A698E54274E383BDD02D52FE640CC691A6F7EDF6E0E351E74CEDD6ACA78999
server/tests/TagEkyc.IntegrationTests/TestResults/A3TerminalObjectCleanup/terminal-object-restored-v4.trx	405B2FF1EFAF1B636E73C05A1035B9828ED28820BC73F46C3ADA2427B0E85AE8
server/tests/TagEkyc.IntegrationTests/TestResults/A3TerminalObjectCleanup/terminal-object-sequential-v1.trx	EA84048BF4E7859F5D43005BD11B1BCE904754ECA2326B5B8ECC4818FCF12503
server/tests/TagEkyc.IntegrationTests/TestResults/A3TerminalObjectCleanup/terminal-object-settlement-red.trx	6BEF78CAE489A1C08620AD71245F36FC60AC7806294CD9CDB8093B7304494174
server/tests/TagEkyc.IntegrationTests/TestResults/A3TerminalObjectCleanup/terminal-object-single-absence-red.trx	83032B62B28ECD53CB2F0E651C47D936F8968C487A561DE7432AE6A954B8B8EF
server/tests/TagEkyc.IntegrationTests/TestResults/A3TerminalProviderCleanup/terminal-provider-cleanup-class-v1.trx	91B76F34FF5F5005307A9BC2CF838653F4C414D4AA4DC3FB2FFCDE6B259D4BC9
server/tests/TagEkyc.IntegrationTests/TestResults/A3TerminalProviderCleanup/terminal-provider-cleanup-kill-v1.trx	62F8D6976617826EA2AB398CCBA76B187B08879E4894BBBF60E8992789BAAE70
server/tests/TagEkyc.IntegrationTests/TestResults/A3TerminalProviderCleanup/terminal-provider-cleanup-order-red.trx	6A833314D490B882405FD1520C9BA216A2A5ABFDB3B91258B052863E379E9186
server/tests/TagEkyc.IntegrationTests/TestResults/A3TerminalProviderCleanup/terminal-provider-cleanup-targeted-v2.trx	4E6B0F31D19095399EF26A0FAF25D07CE9CBAAAE0E312DB6FAA0442CF947D0B9
server/tests/TagEkyc.IntegrationTests/TestResults/A3TerminalProviderCleanup/terminal-provider-cleanup-targeted-v3.trx	8347762C5FCEF42EB76EF2BDE5F94AB042244EAE05704D029E28C86A0E3C9BD1
server/tests/TagEkyc.IntegrationTests/TestResults/A3TerminalProviderCleanup/terminal-provider-cleanup-targeted-v4.trx	E07AA338E011EA3055FD1F88B6EEDE6C6D4CDBE53F1CE88689F9D64917491014
server/tests/TagEkyc.IntegrationTests/TestResults/A3TerminalProviderCleanup/terminal-provider-cleanup-targeted-v6.trx	DCB7EA79B47FBED383A7B5B13A8B1D43FD1307717E688CA7DDEBA10FC94B0614
server/tests/TagEkyc.IntegrationTests/TestResults/A3TerminalProviderCleanup/terminal-provider-cleanup-targeted.trx	E82C50356E87488997529735BC6B8107A17A01C28C4A18F35B4A5FDD938E71ED
server/tests/TagEkyc.IntegrationTests/TestResults/A3TerminalProviderCleanup/terminal-provider-final-regression.trx	09369835F1FC0B406F619328AC3847751879326A7A02E74EC410889FC1C383BE
server/tests/TagEkyc.IntegrationTests/TestResults/A3TerminalProviderCleanup/terminal-provider-missing-recovery-red.trx	AF72A51C2472D8359865B85CBF34B4F8B7A0750772F389BD2E5B9F60039B2FDA
server/tests/TagEkyc.IntegrationTests/TestResults/A3TerminalProviderCleanup/terminal-provider-mutations-restored-v2.trx	8AAE854E059B91244C5EBF83842D51AFC41B27D066BE05C46B0431B2E55327B6
server/tests/TagEkyc.IntegrationTests/TestResults/A3TerminalProviderCleanup/terminal-provider-reference-equality-red.trx	48BE1046BB57B9020495CAA34EEE0991D1F14F7453A39C62AA6FEF797DB623E9
server/tests/TagEkyc.IntegrationTests/TestResults/A3TerminalProviderCleanup/terminal-provider-zero-object-red.trx	7661DEAD46825303B531BDA998F329C1112D9A128F8E0903519E03E30E4610E9
server/tests/TagEkyc.IntegrationTests/TestResults/A3TerminalResource/terminal-resource-class-green.trx	A849746B73248D6B8E1CE72812D1B4AA7791B0F1F07C51D9A99AB8A8903F6B1A
server/tests/TagEkyc.IntegrationTests/TestResults/A3TerminalResource/terminal-resource-dispatch-red-v2.trx	4DBAF6C82C43E12BCE36B4395B11835FB5BB566A163CBDDBC5CBA123354D3AAA
server/tests/TagEkyc.IntegrationTests/TestResults/A3TerminalResource/terminal-resource-dispatch-red.trx	04E56CA14E0BF8709A05DB2732B44647B7946B7D25B84D374EEC5EF7A39D8B40
server/tests/TagEkyc.IntegrationTests/TestResults/A3TerminalResource/terminal-resource-restored-green.trx	FA87444B4EF4BA6B1BEF0DD65CD64CE078E52C2A435F9C9F810EE210C2597C02
server/tests/TagEkyc.IntegrationTests/TestResults/A3TerminalResourceV2/terminal-resource-cut2-red.trx	62F033EC175F54324FCF65E3DD5929E0775A49769AE6D6ED109C69C15B585B88
server/tests/TagEkyc.IntegrationTests/TestResults/A3TerminalResourceV2/terminal-resource-reason-red.trx	175099D307DDD626E224AF4A77DFDAF5AF869BE9C98376389E2DEC019FB85FD7
server/tests/TagEkyc.IntegrationTests/TestResults/A3TerminalResourceV2/terminal-resource-v2-class-green.trx	ABD2CFFABE34F55B066C5975839966F7A09700E9CAB52A295821CA2C64F397AD
server/tests/TagEkyc.IntegrationTests/TestResults/A3TerminalResourceV2/terminal-resource-v2-final-regression.trx	2DC9C533AFF27CA97964C5308E1EE743A66600CB2762A95F3CB1FE772B6F5AAA
server/tests/TagEkyc.IntegrationTests/TestResults/A3TerminalResourceV2/terminal-resource-v2-targeted.trx	7FD74CEB627C2270077C109BE23D5ACD15F170C97314F94A97AE957BEB03F4AA
server/tests/TagEkyc.IntegrationTests/TestResults/cc-verify-s02-owner.trx	8AAEC4FF1DF49A326FD65F520F82BC9441185D298C0F1BC5B6A0B16C2432B448
server/tests/TagEkyc.IntegrationTests/TestResults/RRI02_C401_CANONICAL_PASS.trx	375E67B0CE41963DACB87A1CD05C18BE78E0D62C83F4749D0195D1A01E6C77B6
server/tests/TagEkyc.IntegrationTests/TestResults/RRI04_D1_C525.trx	82850AC069489BBCFFE1218F87BB27BBB2D8CC103AD56ED3F5800145D4B297B0
server/tests/TagEkyc.IntegrationTests/TestResults/RRI04_D3_D4_C519_C523.trx	D05EF29377CD601CC2B9AC594D99C3144EC24116D43602F30252BCC335B578FD
server/tests/TagEkyc.IntegrationTests/TestResults/RRI04_SUCCESSOR_D3_2_C519.trx	1A32CF4E0C4FE42480125251CB544A7A7CCFA8DC9AF1CA34C14C10E96142A918
server/tests/TagEkyc.IntegrationTests/TestResults/tip88c1-a3-broker-qualification-closed-acl.trx	9A26F6986D7C105568DE303AA4F5B832F7A7D90C5CAD7D86D7F71A0DDFB80AF4
server/tests/TagEkyc.IntegrationTests/TestResults/tip88c1-a3-broker-qualification-dml-red.trx	10EDAD6E4C3A488A4763DB3056157668015B4D6ACCF844E2F8C1C4EA4304F4C7
server/tests/TagEkyc.IntegrationTests/TestResults/tip88c1-a3-broker-qualification-final-census-red.trx	B06E8B408D94C79CAEA22B0A2B43130D4E4143DDD00FC1B6DE14FE4AE1EC01F4
server/tests/TagEkyc.IntegrationTests/TestResults/tip88c1-a3-broker-qualification-final-dml-red.trx	6CAFF89FF5A5EF5B72BDB4397A18ED4EA8F15E432ECA98D82AD41E74DF755E99
server/tests/TagEkyc.IntegrationTests/TestResults/tip88c1-a3-broker-qualification-final-functions-red.trx	40D1CD33E5294CD2436D39A9A7686FAC701EFD15DD2C897A73CE16A8C1B7B6C4
server/tests/TagEkyc.IntegrationTests/TestResults/tip88c1-a3-broker-qualification-final-green.trx	52C1B65E9903283453C3390824DD873D47F270915C282E81B78E51001B23141C
server/tests/TagEkyc.IntegrationTests/TestResults/tip88c1-a3-broker-qualification-final-provider-red.trx	C15DC1CAE33DEAE02D3DA6C9763CC762584070EFB0D5F9666B1AF2F4542078E5
server/tests/TagEkyc.IntegrationTests/TestResults/tip88c1-a3-broker-qualification-final-regression.trx	D4773E4522AE876EA228E5B4DF7A66828C5D4EF9324D106DDAE0AE6755BE7A2F
server/tests/TagEkyc.IntegrationTests/TestResults/tip88c1-a3-broker-qualification-functions-red.trx	4EBC70CDD1C00048766BDFBFE0339A8D2B81067093CB345907812D925BCE68C5
server/tests/TagEkyc.IntegrationTests/TestResults/tip88c1-a3-broker-qualification-positive.trx	D6C8D4A1C91741B9526C2558C41138154B73F12D22252A82EECC58FF2B447745
server/tests/TagEkyc.IntegrationTests/TestResults/tip88c1-a3-broker-qualification-provider-red.trx	986D410704717604AAC3A811F2D17A068C928E0D20DD1931125937E093E4ED25
server/tests/TagEkyc.IntegrationTests/TestResults/tip88c1-a3-broker-qualification-regression.trx	30A2EB537782023A7E74CC728BA8B524E4307EA911C544669C56B63025B1A843
server/tests/TagEkyc.IntegrationTests/TestResults/tip88c1-a3-broker-qualification-v2.trx	8B0BBD6BF5B8C0B25FE2E0D38813A63B69FDD7A835483082DEAECCA15022E5ED
server/tests/TagEkyc.IntegrationTests/TestResults/tip88c1-a3-broker-qualification-v3.trx	F0265570925BF23E7B603F0E8ACE60C6E6AFEA2190C51A9469998C0EEEAF26C4
server/tests/TagEkyc.IntegrationTests/TestResults/tip88c1-a3-broker-qualification.trx	3E02F63CE2A8EBB582E7D6FBBCAAD82CB8118FC12F2CA3B50E28B68FD29D6FE8
server/tests/TagEkyc.IntegrationTests/TestResults/tip88c1-a3-continuation-disposition-defect-red.trx	1242F590BCCF51D3F0E2BAE3FFAEABB53CA29C247F71DFF5960B07BB6E3A1951
server/tests/TagEkyc.IntegrationTests/TestResults/tip88c1-a3-continuation-expanded-v2.trx	5624DD526718B205B8DD653E3EBBF43C464815595FBBF92D992EB400E3471378
server/tests/TagEkyc.IntegrationTests/TestResults/tip88c1-a3-continuation-expanded.trx	60A6FFBAC487D49014E67ECD17C3433BF61BD4D1ADC5496D32FBA411D017301C
server/tests/TagEkyc.IntegrationTests/TestResults/tip88c1-a3-continuation-initial.trx	5B63AF173E32EC4C54EFC24CEDED9BC67DF2FFED6C929FB1028F91F93A74602D
server/tests/TagEkyc.IntegrationTests/TestResults/tip88c1-a3-continuation-migration.trx	773B9FED354556A8959F56D98872A7CAF9A5A53DAF1FC2D23DB5C112FD773B20
server/tests/TagEkyc.IntegrationTests/TestResults/tip88c1-a3-cp-core-red.trx	1E64B5E8A495F09E42A7EC88C9A4BA74C770DB901E2B108F4CCA6C3F29D4EA34
server/tests/TagEkyc.IntegrationTests/TestResults/tip88c1-a3-cp-intent-red.trx	712D493B00CA50B0C1BFDB42F0A4E74BCC132C73E9A5247B2BF6735472D9E89E
server/tests/TagEkyc.IntegrationTests/TestResults/tip88c1-a3-cp-key-red.trx	30F577CACB29A507BFF4B16CA9B548DB65EBAE2734B5E02303357A4F74A7E736
server/tests/TagEkyc.IntegrationTests/TestResults/tip88c1-a3-cp-pending-red.trx	7B9DC0F07A1AAD170F2D296325CD424EE5265C528A143D3468FCD5A97A5A72D7
server/tests/TagEkyc.IntegrationTests/TestResults/tip88c1-a3-cp-scan-red.trx	51A366A7C3B309F5AEE199443E35A1E66E56B2FDF95A363DC061F40A3EC8E72D
server/tests/TagEkyc.IntegrationTests/TestResults/tip88c1-a3-cp-v3-global-count-red.trx	804750CFB2EBAF012CC4F515D878300DA983BD6C62D96224A0B96F83741AFB67
server/tests/TagEkyc.IntegrationTests/TestResults/tip88c1-a3-cp-v3-isolation-green.trx	F44DF63567769FCFA6E396056603DDBCEA08E17A32ED380FBB2C7492DFCBC4C7
server/tests/TagEkyc.IntegrationTests/TestResults/tip88c1-a3-cp-v3-isolation-restored.trx	86830BDF8267D584F4FF846053E0A2FDC5338A983D078B9499449C55D9E8D2D6
server/tests/TagEkyc.IntegrationTests/TestResults/tip88c1-a3-input-authority-fallback-red.trx	0CCEF129133687402D01EDCA013129CA2D5E628210C31FD969A4CC3C06F7F2A2
server/tests/TagEkyc.IntegrationTests/TestResults/tip88c1-a3-input-authority-tag-red.trx	04003ACBF063394043175555EEB649C8F5DEB4849FCBF257DCCDC6CF420BB43E
server/tests/TagEkyc.IntegrationTests/TestResults/tip88c1-a3-input-await-red.trx	939F14A4E8E8D690ADC4730EA5611DDA6F27CB161B2C25397CD8D17B6B498C10
server/tests/TagEkyc.IntegrationTests/TestResults/tip88c1-a3-input-counter-red.trx	C9BE457AB7B56326A56F7CAF3F47CC8CDE2341076FBFCB5CEACEC151F5905760
server/tests/TagEkyc.IntegrationTests/TestResults/tip88c1-a3-input-early-complete-red.trx	580FC9D96910CE876BD73BB7603474D8AF27D5BF940A2478F54418CD77000254
server/tests/TagEkyc.IntegrationTests/TestResults/tip88c1-a3-input-latch-red.trx	5B6488E5052B8E3676281672927633F5C505A1BE089B3DFB0A64A382314BB6EC
server/tests/TagEkyc.IntegrationTests/TestResults/tip88c1-a3-input-legacy-codec-restored.trx	FF8DADB851ABB64E03CDC2858247D8D42D47EDC0D87662EAB464662E871CF3E3
server/tests/TagEkyc.IntegrationTests/TestResults/tip88c1-a3-input-legacy-codec.trx	63039007C363818CD0F3D315744142CD1D133F7FFFF132BEDB3F00C0C78E1305
server/tests/TagEkyc.IntegrationTests/TestResults/tip88c1-a3-input-overwrite-red.trx	E6CAA339CF3F28A9864F94A62F0BB7CEEC5737B1F09EA38F65F2CCE9C74EB418
server/tests/TagEkyc.IntegrationTests/TestResults/tip88c1-a3-input-pre-mutation-green.trx	4A4D62EE669CBF1F2A5BB24FDA054AD085C3F24BF1695522263F0BC35B71427F
server/tests/TagEkyc.IntegrationTests/TestResults/tip88c1-a3-input-reader-roundtrip.trx	0B2D4BEAB2A32631046C66BECA64F26C2086AC5DF5ABDE8766C71A25525348E8
server/tests/TagEkyc.IntegrationTests/TestResults/tip88c1-a3-input-restored-green.trx	CB06076A9517E36F0D43EE61E6516E99CD75E98B1987CD1F9AE44332F44980AE
server/tests/TagEkyc.IntegrationTests/TestResults/tip88c1-a3-input-v1-green.trx	2EB94A3352B06EC3756D9F7D3594F9C60B7C9A7A5DA6ECCBFB07AA64F6949E75
server/tests/TagEkyc.IntegrationTests/TestResults/tip88c1-a3-input-v2-green.trx	0EDE3DFCE72005DEBCAD8052847642A7A5940F09EE8C519A3DD6747DC1E41F90
server/tests/TagEkyc.IntegrationTests/TestResults/tip88c1-a3-input-v4-await-red.trx	CD1778DD93C4B1A97BBD10288B12CC2D6B3EE335F6A72ADB901062E067B1D7AF
server/tests/TagEkyc.IntegrationTests/TestResults/tip88c1-a3-input-v4-final-regression.trx	444DE7B5AAF1782595214566604BDDEBEEC46FA1F728630BA19BF0C7FF0A9C95
server/tests/TagEkyc.IntegrationTests/TestResults/tip88c1-a3-input-v4-hardening-green.trx	0EA21226E72119308D5651950E6D8960A0C24A901569996025256B696B58C2E3
server/tests/TagEkyc.IntegrationTests/TestResults/tip88c1-a3-input-v4-latch-red.trx	B7EB38BF906AE925E2C39C99648348B661C4EF7A5D567E9B015B0796BCA5993B
server/tests/TagEkyc.IntegrationTests/TestResults/tip88c1-a3-input-writer-green.trx	C14151819D82E249404C776213FB768F03A574CD20071C0673558CFB7E92CD64
server/tests/TagEkyc.IntegrationTests/TestResults/tip88c1-a3-input-writer-observation-red.trx	1ABBCC40078DBC9411107E8A49F3E604D9AAA305ACBB836A60743BF395BDFC75
server/tests/TagEkyc.IntegrationTests/TestResults/tip88c1-a3-no-provider-commit-red.trx	360A189910BAE49945ADEB851A79FD0694A7F30A5E0F0F959AB05C8A0615F1D7
server/tests/TagEkyc.IntegrationTests/TestResults/tip88c1-a3-no-provider-shape-guards-red.trx	A5CD33950E7F0A66BFD37D24920964601F7B589C6F4F02CE4C9B1B832313E0BB
server/tests/TagEkyc.IntegrationTests/TestResults/tip88c1-a3-no-provider-v2-boundaries.trx	089F5FA40E9F7F587B73005AF8C7F29D9866CF13763C6FEA7034239D9D32A591
server/tests/TagEkyc.IntegrationTests/TestResults/tip88c1-a3-no-provider-v3-final-regression.trx	65BF17A82A2E444571FB7D773F932B9EC610DD0B283E16A951D0B3CBAC070F3D
server/tests/TagEkyc.IntegrationTests/TestResults/tip88c1-a3-no-provider-worker-dispatch-red.trx	424195A12BC13210309A8C07464B64AB64608766D021DDA98B6958DD88C009FA
server/tests/TagEkyc.IntegrationTests/TestResults/tip88c1-a3-nps-absence-red.trx	D7ED9B387BC5D37FB2975ED12DB4424BA409B2E4285C1DD54EC9340F24D18ACE
server/tests/TagEkyc.IntegrationTests/TestResults/tip88c1-a3-nps-absence-retry-red.trx	468394EB84C0FAC6BEFA98ECF13EB57523F679195F06D20BBFD0F8B5D9445CDB
server/tests/TagEkyc.IntegrationTests/TestResults/tip88c1-a3-nps-acl-red.trx	E05829DE95837AC1109B2038CD84BEB808D7BC27A21A06BBBFA3772CF072C76C
server/tests/TagEkyc.IntegrationTests/TestResults/tip88c1-a3-nps-actor-order-green.trx	6A0A8F65C9D00ACEB21417F0F76E82B3315B0CC36EC2EE8AB832CA863FC68369
server/tests/TagEkyc.IntegrationTests/TestResults/tip88c1-a3-nps-clock-red.trx	56413A64E858495C2D776AF2674DE97AA429CD14DB8F78BA62F87F3F7CB2F88D
server/tests/TagEkyc.IntegrationTests/TestResults/tip88c1-a3-nps-final-regression.trx	79F9EE25C35C87A2D2E193F58AF7BA0FB4D3A820A0AD0F1663D3AD427D8A9DA4
server/tests/TagEkyc.IntegrationTests/TestResults/tip88c1-a3-nps-final-v4-regression.trx	797B6B1D9B1DF8368E34F251DF01562D62460E2D6358326CEFB32BF6488C9421
server/tests/TagEkyc.IntegrationTests/TestResults/tip88c1-a3-nps-focused-green.trx	388E873B5173D2E6D1C658066CA9B718720EE8257B044BA1B9854C0E0DEC11DD
server/tests/TagEkyc.IntegrationTests/TestResults/tip88c1-a3-nps-initial.trx	3D2D08C6A9E0597C07D87C4138AFA2BCD77E94F9278E842033779BFFB0EDFDC0
server/tests/TagEkyc.IntegrationTests/TestResults/tip88c1-a3-nps-prefix-exact-red.trx	AF11DDF23849DB280FE8060AD4B3BB057278AEE2D186F7A9ECF2EACD22BA6E14
server/tests/TagEkyc.IntegrationTests/TestResults/tip88c1-a3-nps-prefix-red.trx	D46C8D9AACF3226BCAFDC8798F56E95C6F802C81F98610ED7A32C1833C2A62C7
server/tests/TagEkyc.IntegrationTests/TestResults/tip88c1-a3-nps-r2-boundary-regression.trx	7FCC865D020029D9D0620FE4D54D3ED9C46FF82D32AA2CDF6909A32D88D104F4
server/tests/TagEkyc.IntegrationTests/TestResults/tip88c1-a3-nps-race-diagnostic.trx	DEEDEC00DBA8178124E4FE37C69B04FB97D430D4144FF21F646C5EC062181054
server/tests/TagEkyc.IntegrationTests/TestResults/tip88c1-a3-re01-final-regression.trx	96775D5FBA7B4B22F7358E756E31D1F02C27FF94D5B0C7D4B2FAB129D3D4CC5B
server/tests/TagEkyc.IntegrationTests/TestResults/tip88c1-a3-re01-green.trx	E74872F4C33328B063E81721224172DE2DBF6D0156DE505CF3F623BDE72B2F42
server/tests/TagEkyc.IntegrationTests/TestResults/tip88c1-a3-re01-initial.trx	346044C977C27E874B84A629E27B15B4673C6AAEBD661648A3E16B138EE808F1
server/tests/TagEkyc.IntegrationTests/TestResults/tip88c1-a3-re01-live-key-red.trx	4C7410DB11014D840AB22D008759F1F277609297FDE6B8F1B4CC44E64F28809D
server/tests/TagEkyc.IntegrationTests/TestResults/tip88c1-a3-re01-old-branch-red.trx	9879E28657368E9DA6923017078A4EDF7F641DDEA65800F5055D34916A54A639
server/tests/TagEkyc.IntegrationTests/TestResults/tip88c1-a3-re01-old-lease-red.trx	C5EE3ABB2A841AD582F10CB07479115E887F4AB7C260FDDC9597D764754539D4
server/tests/TagEkyc.IntegrationTests/TestResults/tip88c1-a3-re01-v2.trx	7A88CBD726D6C1409188E12119F00984BC606BD411815CDB61602E53CE34AA9B
server/tests/TagEkyc.IntegrationTests/TestResults/tip88c1-a3-re01-v3.trx	18A8C8C2ED264A9DB23DAD746CE4F9940F7CDB3FBA42A4D57C58296916DE2BF8
server/tests/TagEkyc.IntegrationTests/TestResults/tip88c1-a3-recorder-actor-red.trx	32B35FFB87D15E2093F07A7203898478C5FA3CDDD178312339CD4C40C35878A4
server/tests/TagEkyc.IntegrationTests/TestResults/tip88c1-a3-recorder-commit-red.trx	45DDAFBCFAB8D58C915D31AED8485DF533BA2EFF461B8D5B659C82F9E0411563
server/tests/TagEkyc.IntegrationTests/TestResults/tip88c1-a3-recorder-cp-final-regression.trx	FA2F2EA07DBBED6F85698736D35587C92F18F11424F57970270E4380288F4E6E
server/tests/TagEkyc.IntegrationTests/TestResults/tip88c1-a3-recorder-cp-restored-green.trx	8DABA5A63A8BC867A279B627A715E6BDA0F8A9BE32D4B09EADA713AB3BA686ED
server/tests/TagEkyc.IntegrationTests/TestResults/tip88c1-a3-recorder-cp-v4-final-regression.trx	E93C8E041F39FEC355A0E244ADDE57C2143BD6E659EDEA6CAC3373C4CFEA0F24
server/tests/TagEkyc.IntegrationTests/TestResults/tip88c1-a3-recorder-disposition-restored.trx	C1FCB6AC0D05FD87DD28051CA89EE1FA5514D726117A85F81AB46E50D066A969
server/tests/TagEkyc.IntegrationTests/TestResults/tip88c1-a3-recorder-initial.trx	3806389394A45BFFF67C587603C076476B7BD6CBA627EF3733F41B0EEF844482
server/tests/TagEkyc.IntegrationTests/TestResults/tip88c1-a3-recorder-request-red.trx	3402ED0C6497E91D778308BE7F25A610C4E0BA92674753A54E8EB0C2284F34AE
server/tests/TagEkyc.IntegrationTests/TestResults/tip88c1-a3-scopes-ambient-red.trx	2467BF70ABD330D9A87854734EBC9774DDE6C06EF0ACE285027FC1409EA5FA52
server/tests/TagEkyc.IntegrationTests/TestResults/tip88c1-a3-scopes-combined-credential-red.trx	4B8602A8DC73AA66A443C68226F490CE28E2B1E1337C4B163FCD51109A5DD548
server/tests/TagEkyc.IntegrationTests/TestResults/tip88c1-a3-scopes-cross-role-red.trx	CC0B1D237FB0E225FCC2A2FE7C594FBBED75412538C36B9F89D73141402D6FE0
server/tests/TagEkyc.IntegrationTests/TestResults/tip88c1-a3-scopes-first-green.trx	9520F08585CDF42C79DC8299F8E6824179835F9CF10696E5BD36091C60C450EF
server/tests/TagEkyc.IntegrationTests/TestResults/tip88c1-a3-scopes-full-regression-continuity.trx	75AF702B51A73E7B96B04E562849C23CC95531F0AFC2892EB0EACAC56A31240B
server/tests/TagEkyc.IntegrationTests/TestResults/tip88c1-a3-scopes-green.trx	EF75496583145AA2A5E8713886E41A38786C66F2D52AA48421883BAD184A7319
server/tests/TagEkyc.IntegrationTests/TestResults/tip88c1-a3-scopes-incoming-red.trx	D61ABB9021A478FC52E354753204E3C60A3A08F53938AE18D5ABAAAA108D1B1B
server/tests/TagEkyc.IntegrationTests/TestResults/tip88c1-a3-scopes-qualification-regression.trx	F1AED9DD58F2910C7E416D5B324EF9C5431C09AB4D53D4144CE092F6CC98F0CE
server/tests/TagEkyc.IntegrationTests/TestResults/tip88c1-a3-scopes-restored-green.trx	D904EAE79BFEDACA82365F5D71887D925559347BEC0DFC92539B0D0C9CEA0D02
server/tests/TagEkyc.IntegrationTests/TestResults/tip88c1-a3-scopes-v2-green.trx	9E95861DB1B0A6687062FC18D7904ABC0434CFDAA17B40CDE2590713AB6D815A
server/tests/TagEkyc.IntegrationTests/TestResults/tip88c1-a3-scopes-v4-acl-red.trx	E9B8ADC028EE390F941427170579312627A7BA3F0EE891E56E23DA7E2DC620FA
server/tests/TagEkyc.IntegrationTests/TestResults/tip88c1-a3-scopes-v4-complete-green.trx	9FCCBCF5C867877FFDF1416DB44FAA744189593B2E6DBBC237F591E17132B2F9
server/tests/TagEkyc.IntegrationTests/TestResults/tip88c1-a3-scopes-v4-final-qualification.trx	6451389C7B91D6A773022C20AE0FC9FA5A81450094AFAAE6E4CC3688BD63773A
server/tests/TagEkyc.IntegrationTests/TestResults/tip88c1-a3-scopes-v4-green.trx	20206DDE020253A45E3EE8A6619AE6CB197D0A291569BD55DAFA52E4AAE34DD3
server/tests/TagEkyc.IntegrationTests/TestResults/tip88c1-a3-scopes-v4-owned-connection-green.trx	B3AF762C505A090CF27FCD167939ADE2C17E3D638E1EDB559012F4C98E129435
server/tests/TagEkyc.IntegrationTests/TestResults/tip88c1-a3-scopes-v5-delegation-red.trx	1335BC57E42D5CF428EB26AA9380A6EADBFF44030184F0786F0B19B70CAAFD8A
server/tests/TagEkyc.IntegrationTests/TestResults/tip88c1-a3-scopes-v5-final-qualification.trx	DA9D639010660D84F9B79AA332ED2A497D04AB72A395C5D00BD10FDD37989FC6
server/tests/TagEkyc.IntegrationTests/TestResults/tip88c1-a3-scopes-v5-fixed-green.trx	324CC923AE846F9BD4610C6E1438BAEC1A46E83A991FE89791B17DB9C8819A4E
server/tests/TagEkyc.IntegrationTests/TestResults/tip88c1-a3-scopes-v5-green.trx	0B1C98241A695D14B071967FAA910BFFA1A20F88653E58C9147F0F3B783272D9
server/tests/TagEkyc.IntegrationTests/TestResults/tip88c1-a3-scopes-v5-read-red.trx	C2FC8DA5D69E51F1727C172DB398E382606FB0B69E161514A19A1F11B2934FD6
server/tests/TagEkyc.IntegrationTests/TestResults/tip88c1-a3-ti-clock-red.trx	33E7013B9F1CE23E0E54A5E833B2F05E4664CE84C1B0C724B04FE5372464DC33
server/tests/TagEkyc.IntegrationTests/TestResults/tip88c1-a3-ti-down-restored.trx	2C3305FAFED4453C779A9C1B1BF912355E0EB0E771C4FB8C1713AD941EB9B172
server/tests/TagEkyc.IntegrationTests/TestResults/tip88c1-a3-ti-fence-red.trx	9E60564330FD53EDD56273159C40292ADEDD6DBA9952A41D2F671BD1AD4C4260
server/tests/TagEkyc.IntegrationTests/TestResults/tip88c1-a3-ti-final-regression.trx	ABD19E22C84A0CB8E2EEA89703EA5CCAD70EB87D896FF42A1140AE4651B2A411
server/tests/TagEkyc.IntegrationTests/TestResults/tip88c1-a3-ti-initial.trx	831006B2B61FADAFCF17FD32F10C2A5964DFD7A1600C2C3AFE859536A9B89B51
server/tests/TagEkyc.IntegrationTests/TestResults/tip88c1-a3-ti-live-key-red.trx	90ED262ED1DDAE4031DDAE0AD35E55511F734E8DC7D759C8B51029B76D2FBCA6
server/tests/TagEkyc.IntegrationTests/TestResults/tip88c1-a3-ti-restored-green.trx	075DC657BDBF81E407C41E5DBABD84B0BF90C43C79D5622BC90C9061EFC9E9EF
server/tests/TagEkyc.IntegrationTests/TestResults/tip88c1-a3-ti-v1-green.trx	521079D92A10B0FA475D9F8CAFF506EF4AB9A6C33A9FBA0F489A7113C4DC9654
server/tests/TagEkyc.IntegrationTests/TestResults/tip88c1-a3-worker-cursor-red.trx	A024546A189720533D91F7AE970BE305BD0C742D4123E2914A7B4BF1AC2D12FE
server/tests/TagEkyc.IntegrationTests/TestResults/tip88c1-a3-worker-failure-shape-red.trx	F8BE5BDD5E7D636924452620588D21DFFC469E619B162E3B0D5278D2A8AAA038
server/tests/TagEkyc.IntegrationTests/TestResults/tip88c1-a3-worker-final-regression.trx	5EBBD9A45BEBB0E0598A8F7ADDA0FA3354EF050AD506790D3A19B5B42E094358
server/tests/TagEkyc.IntegrationTests/TestResults/tip88c1-a3-worker-pre-mutation-green.trx	A2E649F529B3C93DB288BDF3CB4CA64577FA61998FB1E184BCB2F7091A99FF6A
server/tests/TagEkyc.IntegrationTests/TestResults/tip88c1-a3-worker-process-v1.trx	338C9531AED544087C329FC8E88E6BE8057FDCFE07854A89AF01B973D811C0D0
server/tests/TagEkyc.IntegrationTests/TestResults/tip88c1-a3-worker-stages-v1.trx	21A7284E851E36E00F7A783D86A04761DC4EA660937032A5BDAF8D8382242DA4
server/tests/TagEkyc.IntegrationTests/TestResults/tip88c1-a3-worker-stale-cas-red.trx	A1888E25E7A678297AF5A8247E7D2D03DBB771EBB1F182598F3097826C2A60F1
server/tests/TagEkyc.IntegrationTests/TestResults/tip88c1-a3-worker-v2-green.trx	409C7A712154A02E94C266D3515F32866E3077AF420E293238EBC890D0ADB9C5
server/tests/TagEkyc.IntegrationTests/TestResults/tip88c1-a3-worker-v4-final-regression.trx	AB43F1A56886F1A1640BF3479A3AC3FAFA9B9803FCFAF58D1DF0D645D740EDCA
server/tests/TagEkyc.IntegrationTests/TestResults/tip88c1-a3-worker-v4-isolation-green.trx	B2D66B9A2875213FE342DFCEA695CDF0C53C4DAF61CBDC23550849F43DDB66D3
server/tests/TagEkyc.IntegrationTests/TestResults/tip88c1-r4r6-closeout.trx	7355A1868D59BA339185D3A07DD35D249DD1ADD93E9501454C8FD69EDD7FA0FB
server/tests/TagEkyc.IntegrationTests/TestResults/tip88c1-r4r6-full-integration.trx	C15B6655DEBFE062BD02795D833AD5FB111A6FB956F183B797C9BFB5DB4301FF
server/tests/TagEkyc.IntegrationTests/TestResults/tip88c1b2beta-full.trx	997035684F058CCBE43CFE0D39CAEE9DF9E7F5C38DCE17BE36A73C21B7E0E38B
server/tests/TagEkyc.IntegrationTests/TestResults/tip88c1b2dekkek-final-full.trx	42D346DF220B10934AFF3B1033E0DC1FFD279D04CF569B5EB927F491A7E53577
server/tests/TagEkyc.IntegrationTests/TestResults/tip88c1b2dekkek-full.trx	6478D69311E58BFDEFC7E97DEA6CCC9DA9B7904AB07491A46ED7088BE2DBEE0E
server/tests/TagEkyc.UnitTests/TestResults/a3-broker-final-unit.trx	52A9CAC352D84F46B54F0D4754098D5F181A7DEDBB9988DDFDA59DB77870D689
server/tests/TagEkyc.UnitTests/TestResults/a3-broker-history-final-unit.trx	276E6034F408C8F34839247B3B203EFC4D4E47CB49913E9914CD15EE485C5E04
server/tests/TagEkyc.UnitTests/TestResults/a3-broker-same-b-unit.trx	EBE9A6AB654794A7CE1DA3916232AB99595532E0C5F2E769B73F753B8381DEC6
server/tests/TagEkyc.UnitTests/TestResults/a3-c1c3-cp04-unit.trx	FC95433BEAF25DE08B3EB634B8677F6EA3FD8B8026902659C4ED3F43E884D2FF
server/tests/TagEkyc.UnitTests/TestResults/a3-c1c3-cp04-v2-unit.trx	7310130E3261A2D014A7C23BC44E9B3B302EA2EC3CA2D250E380838F84AD175C
server/tests/TagEkyc.UnitTests/TestResults/a3-ef-registration-unit.trx	5C165DD29F8461B232834CD243ACD8FDC279E91F75DB547BAB10973E28001405
server/tests/TagEkyc.UnitTests/TestResults/a3-preflight-unit.trx	0870899BB359908A9363550635CE60124F5FB097FF8DCC4A98223A98C10668BE
server/tests/TagEkyc.UnitTests/TestResults/a3-private-http-final-unit.trx	C03A65D6F82F8EDC350E4AC5606E8FBCA9B16DC6CA032437F676FDAF5FCF8011
server/tests/TagEkyc.UnitTests/TestResults/a3-private-http-unit.trx	78388E2C44D7750EA76882B069A8A2A8E325A6AD42BEC0FFDB7A4848ECC7D36B
server/tests/TagEkyc.UnitTests/TestResults/a3-r20-existing-fixture-baseline.trx	45E18F1547C5F9531956F55F228E889BB72B299A51F421A1B5E689D8E83CCFFB
server/tests/TagEkyc.UnitTests/TestResults/a3-r20-principal-before-fix.trx	DB5B3AC885C8FFD2EB27AEBBAB7C6EA6E8F78066C4109EE97A445B6639FDA3E5
server/tests/TagEkyc.UnitTests/TestResults/a3-r20-principal-current.trx	EAEFDC52AD8BEDA3428C592A78AFD771CBE3024C416722D68032B95314BE0F7E
server/tests/TagEkyc.UnitTests/TestResults/a3-r20-principal-profile.trx	93AA1DACFC9E22BB3558B66E31CFD0B3A7B112418FE2EA433CE56D10244BB1C7
server/tests/TagEkyc.UnitTests/TestResults/a3-r20-principal-restored.trx	BE277A2357C99C13B59497C0F0CF36045544A860D6EABA63A9003384B831C327
server/tests/TagEkyc.UnitTests/TestResults/a3-unit-intermediate.trx	6F3ADCA45773837439A984FBCA0D8624C1F869F4D2A252667AAB1ABDC1264D98
server/tests/TagEkyc.UnitTests/TestResults/a3-unit-prepared-restored.trx	1AB477C48D8FCE1016C4A326743851961099850916AC74E2F27ECDE252419E80
server/tests/TagEkyc.UnitTests/TestResults/a3-unit-snapshot-model.trx	ED7D24AE05F567E5863BF68D248ABE859CC8D525A661F3C79C23628EF5A89F9E
server/tests/TagEkyc.UnitTests/TestResults/a3-unit-stage-current.trx	89E7BE7926809168DB21B029B244460BC249957088DF76065C66828AFADC3802
server/tests/TagEkyc.UnitTests/TestResults/A3R2Incomplete/r2-incomplete-unit.trx	12572D41112F557DF41FF63D268AEF3413DB91A9ED608A70C66B64825ADA56BD
server/tests/TagEkyc.UnitTests/TestResults/A3R6Worker/r6-unit.trx	5CBC55015EF22DC0541F7311552CE68232D5E5272B7780444A570B9B17FCF379
server/tests/TagEkyc.UnitTests/TestResults/A3TerminalProviderCleanup/terminal-provider-final-unit.trx	FB2712E623AA9BA196D7473EAB3F2E2DF3CAFF6C9493BB9B6EC2D20862BB1C2D
server/tests/TagEkyc.UnitTests/TestResults/A3TerminalResource/terminal-resource-unit.trx	AE814DD9C105E2DA09B58CA8DDE7CB9F63B6FAF1F5E664CE6B5A7E80FE773713
server/tests/TagEkyc.UnitTests/TestResults/A3TerminalResourceV2/terminal-resource-v2-unit.trx	4DFB95D6FD6FB39DD0CE6D9D6E1AB2C5818E7780715A86FC24302A84D4669467
server/tests/TagEkyc.UnitTests/TestResults/RRI02_C419_CANONICAL_PASS.trx	598753E782187C55FFB1AF76D5F82EBAD61DF5F53693480E1B8FCCEE61567C0A
server/tests/TagEkyc.UnitTests/TestResults/RRI04_D2_C505.trx	438ADDC0F67F9E45D44412CD1C0EF2C28A0BB3EC1812652482030EB70888D2F7
server/tests/TagEkyc.UnitTests/TestResults/tip88c1-a3-broker-qualification-final-unit.trx	56CF5D0DC42438F262BCB6EC5C7C9F44FE048AA4F0BAA160CFA90237E0805722
server/tests/TagEkyc.UnitTests/TestResults/tip88c1-a3-broker-qualification-unit.trx	A803563FE4A28491AA6EAD3F1F57C6B052727DA7FA25BE0A76F38C28BB12AEBA
server/tests/TagEkyc.UnitTests/TestResults/tip88c1-a3-input-unit.trx	F4E2F350B399D32A243731F16774A8C34953BE4D078CB8D135830E92D1770C87
server/tests/TagEkyc.UnitTests/TestResults/tip88c1-a3-input-v4-final-unit.trx	3CE2AEDB3A7C514A083296F064E671D4101CA88AFED31A19ACE2AB83041F7B4D
server/tests/TagEkyc.UnitTests/TestResults/tip88c1-a3-no-provider-v3-final-unit.trx	02C22F501942D5DA98FED8F3E3E20C2258FED422AA205171F4A26A7376505A14
server/tests/TagEkyc.UnitTests/TestResults/tip88c1-a3-nps-final-unit.trx	ECE0BE36527A95763A8BAEDD64A87E36E675C3A50CA9F7E65C9EA5DF64C6DA91
server/tests/TagEkyc.UnitTests/TestResults/tip88c1-a3-nps-final-v4-unit.trx	F32E46CD20BBB77BCFDF2A84397D898FE453BFDBC78EDF20FC359F6F0CEDBD51
server/tests/TagEkyc.UnitTests/TestResults/tip88c1-a3-re01-final-unit.trx	43618D0B2C634DA38906C812AF3F09B02888641464A51CFBC0AE7216733AF389
server/tests/TagEkyc.UnitTests/TestResults/tip88c1-a3-re01-unit.trx	E55305C4ABC369153F4DB8D0ED2B9437F6C596F77A7CE9F340B1D424CCDD0D43
server/tests/TagEkyc.UnitTests/TestResults/tip88c1-a3-recorder-cp-final-unit.trx	8EEB00D832A45FA61FFFF9A41E05CDF577E61317CF4188BE18B2D31428AA0AF8
server/tests/TagEkyc.UnitTests/TestResults/tip88c1-a3-recorder-cp-final-v2-unit.trx	EF5E830B378275BA5533B79E13966D26687D10C903349C5D316DA955719A3313
server/tests/TagEkyc.UnitTests/TestResults/tip88c1-a3-recorder-cp-v4-unit.trx	DAE950DEC3B60B2E790535EF6DF9757D85B89D4FD0102AE0A9F9E5C39F6A6C98
server/tests/TagEkyc.UnitTests/TestResults/tip88c1-a3-scopes-continuity-unit.trx	6AB55A1309E26D1424BE7FE852E7CC69AFE42247F5C7D96018AFE59BB63088CA
server/tests/TagEkyc.UnitTests/TestResults/tip88c1-a3-scopes-final-unit.trx	8918971B77DC5A2A6DA5740B42EDEC0A9D83AEF229CF309973E50D48E293AB9B
server/tests/TagEkyc.UnitTests/TestResults/tip88c1-a3-scopes-unit.trx	7692096CE8523C03DBB479169CE4954C9F43FEDD5F25B33D7BF833B73317239A
server/tests/TagEkyc.UnitTests/TestResults/tip88c1-a3-scopes-v4-final-unit.trx	7F70A5041A7DCD8020FAEA63340362038A75E2BDF47B4D2DD8A8445B73DE1CFB
server/tests/TagEkyc.UnitTests/TestResults/tip88c1-a3-scopes-v5-final-unit.trx	676EC99E3A8BF2B3D48650FCF7BC2DBFDEA666D248F3472D9589EAFDC9F9BB8A
server/tests/TagEkyc.UnitTests/TestResults/tip88c1-a3-ti-final-unit.trx	94C8C71774C51BB8EAF8429A585868BA99D43B09E70F32C53DF62DAE31876C26
server/tests/TagEkyc.UnitTests/TestResults/tip88c1-a3-ti-v1-unit.trx	7166F5C40CF804222E76210329004B38983F4DC9E42B1FC162AEC6A4D7665548
server/tests/TagEkyc.UnitTests/TestResults/tip88c1-a3-worker-final-unit.trx	188C684C9848803BF517CE53B2CBEB35AEE3E3B8363664D925F96B873D274AB0
server/tests/TagEkyc.UnitTests/TestResults/tip88c1-a3-worker-v4-final-unit.trx	79D9305DE0BF3623AB869880B9AF8EE3EAD9831295656C0C25E32041D9BA187A
server/tests/TagEkyc.UnitTests/TestResults/tip88c1-r4r6-closeout.trx	B8EFC464C2C24EC3842549EF99C0028E0270657F971F1F67DD3AC8ED5C71F894
