reference_name	repo	repo_relative_path	disposition	ledger_locators
3AVNN_LEARNPC_2026-09-15_13_31_40.trx	server	tests/TagEkyc.IntegrationTests/TestResults/3AVNN_LEARNPC_2026-09-15_13_31_40.trx	EXISTING	tip_88c1_c6b_a3_implementation_ledger.md:2420
a3-a2-retention-compat-joined.trx	agent	tests/TagEkyc.CaptureAgent.Tests/TestResults/a3-a2-retention-compat-joined.trx	EXISTING	tip_88c1_c6b_a3_proof_reconciliation_v0_2.md:365
a3-agent-focused-final.trx	agent	TestResults/a3-agent-focused-final/a3-agent-focused-final.trx	EXISTING	tip_88c1_c6b_a3_implementation_ledger.md:3009
a3-assembly-component-baseline.trx	server	tests/TagEkyc.IntegrationTests/TestResults/a3-assembly-component-baseline.trx	EXISTING	tip_88c1_c6b_a3_proof_reconciliation_v0_2.md:675,a3_assembly_cluster_execution_matrix_v1.md:170,a3_assembly_cluster_review_packet_v1.md:33
a3-assembly-final-restored-joined.trx	server	tests/TagEkyc.IntegrationTests/TestResults/a3-assembly-final-restored-joined.trx	EXISTING	tip_88c1_c6b_a3_proof_reconciliation_v0_2.md:679,a3_assembly_cluster_execution_matrix_v1.md:170,a3_assembly_cluster_review_packet_v1.md:34
a3-assembly-g1-second-barrier-red.trx	server	tests/TagEkyc.IntegrationTests/TestResults/a3-assembly-g1-second-barrier-red.trx	EXISTING	tip_88c1_c6b_a3_proof_reconciliation_v0_2.md:677,a3_assembly_cluster_execution_matrix_v1.md:174,a3_assembly_failed_run_census.tsv:2,a3_assembly_cluster_review_packet_v1.md:46
a3-assembly-g2-shared-unavailable-red.trx	server	tests/TagEkyc.IntegrationTests/TestResults/a3-assembly-g2-shared-unavailable-red.trx	EXISTING	tip_88c1_c6b_a3_proof_reconciliation_v0_2.md:677,a3_assembly_cluster_execution_matrix_v1.md:175,a3_assembly_failed_run_census.tsv:3,a3_assembly_cluster_review_packet_v1.md:48
a3-assembly-g3-fingerprint-red.trx	server	tests/TagEkyc.IntegrationTests/TestResults/a3-assembly-g3-fingerprint-red.trx	EXISTING	a3_assembly_failed_run_census.tsv:4
a3-assembly-g3-fingerprint-replay-red-v2.trx	server	tests/TagEkyc.IntegrationTests/TestResults/a3-assembly-g3-fingerprint-replay-red-v2.trx	EXISTING	tip_88c1_c6b_a3_proof_reconciliation_v0_2.md:677,a3_assembly_cluster_execution_matrix_v1.md:176,a3_assembly_failed_run_census.tsv:4,a3_assembly_failed_run_census.tsv:5,a3_assembly_cluster_review_packet_v1.md:50
a3-b2-hook-removed-mutation.trx	server	tests/TagEkyc.IntegrationTests/TestResults/a3-b2-hook-removed-mutation.trx	EXISTING	tip_88c1_c6b_a3_implementation_ledger.md:163
a3-bound-reader-lock-control.trx	server	tests/TagEkyc.IntegrationTests/TestResults/a3-bound-reader-lock-control.trx	EXISTING	tip_88c1_c6b_a3_implementation_ledger.md:410
a3-bound-reader-order-red.trx	server	tests/TagEkyc.IntegrationTests/TestResults/a3-bound-reader-order-red.trx	EXISTING	tip_88c1_c6b_a3_implementation_ledger.md:411
a3-bound-reader-restored-full.trx	server	tests/TagEkyc.IntegrationTests/TestResults/a3-bound-reader-restored-full.trx	EXISTING	tip_88c1_c6b_a3_implementation_ledger.md:412
a3-bound-reader-third.trx	server	tests/TagEkyc.IntegrationTests/TestResults/a3-bound-reader-third.trx	EXISTING	tip_88c1_c6b_a3_implementation_ledger.md:409
a3-bp14-activated-negative-focused.trx	server	tests/TagEkyc.IntegrationTests/TestResults/a3-bp14-activated-negative-focused.trx	EXISTING	tip_88c1_c6b_a3_proof_reconciliation_v0_2.md:359
a3-bp14-joined-focused.trx	server	tests/TagEkyc.IntegrationTests/TestResults/a3-bp14-joined-focused.trx	EXISTING	tip_88c1_c6b_a3_proof_reconciliation_v0_2.md:359
a3-broker-admission-agent-baseline.trx	agent	tests/TagEkyc.CaptureAgent.Tests/TestResults/a3-broker-admission-agent-baseline.trx	EXISTING	tip_88c1_c6b_a3_proof_reconciliation_v0_2.md:689,a3_broker_admission_cluster_review_packet_v1.md:24
a3-broker-admission-agent-final-restored.trx	agent	tests/TagEkyc.CaptureAgent.Tests/TestResults/a3-broker-admission-agent-final-restored.trx	EXISTING	tip_88c1_c6b_a3_proof_reconciliation_v0_2.md:689,a3_broker_admission_cluster_review_packet_v1.md:26
a3-broker-admission-agent-terminal-red.trx	agent	tests/TagEkyc.CaptureAgent.Tests/TestResults/a3-broker-admission-agent-terminal-red.trx	EXISTING	tip_88c1_c6b_a3_proof_reconciliation_v0_2.md:689,a3_broker_admission_failed_run_census.tsv:4,a3_broker_admission_cluster_review_packet_v1.md:25
a3-broker-admission-baseline.trx	server	tests/TagEkyc.IntegrationTests/TestResults/a3-broker-admission-baseline.trx	EXISTING	a3_broker_admission_cluster_review_packet_v1.md:37
a3-broker-admission-binding-red.trx	server	tests/TagEkyc.IntegrationTests/TestResults/a3-broker-admission-binding-red.trx	EXISTING	tip_88c1_c6b_a3_proof_reconciliation_v0_2.md:687,a3_broker_admission_failed_run_census.tsv:2,a3_broker_admission_cluster_review_packet_v1.md:21
a3-broker-admission-current-source-ratified-sentinel-v2.trx	server	tests/TagEkyc.IntegrationTests/TestResults/a3-broker-admission-current-source-ratified-sentinel-v2.trx	EXISTING	a3_broker_admission_cluster_review_packet_v3.md:19
a3-broker-admission-current-source-ratified-sentinel.trx	server	tests/TagEkyc.IntegrationTests/TestResults/a3-broker-admission-current-source-ratified-sentinel.trx	EXISTING	a3_broker_admission_cluster_review_packet_v3.md:23
a3-broker-admission-ratified-sentinel.trx	server	tests/TagEkyc.IntegrationTests/TestResults/a3-broker-admission-ratified-sentinel.trx	EXISTING	tip_88c1_c6b_a3_proof_reconciliation_v0_2.md:689,a3_broker_admission_cluster_review_packet_v1.md:27
a3-broker-admission-retention-red.trx	server	tests/TagEkyc.IntegrationTests/TestResults/a3-broker-admission-retention-red.trx	EXISTING	tip_88c1_c6b_a3_proof_reconciliation_v0_2.md:687,a3_broker_admission_failed_run_census.tsv:3,a3_broker_admission_cluster_review_packet_v1.md:22
a3-broker-admission-server-baseline.trx	server	tests/TagEkyc.IntegrationTests/TestResults/a3-broker-admission-server-baseline.trx	EXISTING	tip_88c1_c6b_a3_proof_reconciliation_v0_2.md:685,a3_broker_admission_cluster_review_packet_v1.md:20
a3-broker-admission-server-final-restored.trx	server	tests/TagEkyc.IntegrationTests/TestResults/a3-broker-admission-server-final-restored.trx	EXISTING	tip_88c1_c6b_a3_proof_reconciliation_v0_2.md:687,a3_broker_admission_cluster_review_packet_v1.md:23
a3-broker-admission-v2-binding-final-source-red.trx	server	tests/TagEkyc.IntegrationTests/TestResults/a3-broker-admission-v2-binding-final-source-red.trx	EXISTING	tip_88c1_c6b_a3_proof_reconciliation_v0_2.md:699,a3_broker_admission_failed_run_census.tsv:2,a3_broker_admission_failed_run_census.tsv:7,a3_broker_admission_failed_run_census.tsv:8,a3_broker_admission_cluster_review_packet_v2.md:24
a3-broker-admission-v2-binding-red.trx	server	tests/TagEkyc.IntegrationTests/TestResults/a3-broker-admission-v2-binding-red.trx	EXISTING	a3_broker_admission_failed_run_census.tsv:7
a3-broker-admission-v2-final-source-baseline.trx	server	tests/TagEkyc.IntegrationTests/TestResults/a3-broker-admission-v2-final-source-baseline.trx	EXISTING	tip_88c1_c6b_a3_proof_reconciliation_v0_2.md:699,a3_broker_admission_cluster_review_packet_v2.md:23
a3-broker-admission-v2-foreign-artifact-final-source-red.trx	server	tests/TagEkyc.IntegrationTests/TestResults/a3-broker-admission-v2-foreign-artifact-final-source-red.trx	EXISTING	tip_88c1_c6b_a3_proof_reconciliation_v0_2.md:699,a3_broker_admission_failed_run_census.tsv:12,a3_broker_admission_failed_run_census.tsv:13,a3_broker_admission_cluster_review_packet_v2.md:26
a3-broker-admission-v2-foreign-artifact-guard-red-v2.trx	server	tests/TagEkyc.IntegrationTests/TestResults/a3-broker-admission-v2-foreign-artifact-guard-red-v2.trx	EXISTING	a3_broker_admission_failed_run_census.tsv:12
a3-broker-admission-v2-foreign-artifact-guard-red.trx	server	tests/TagEkyc.IntegrationTests/TestResults/a3-broker-admission-v2-foreign-artifact-guard-red.trx	EXISTING	a3_broker_admission_failed_run_census.tsv:11
a3-broker-admission-v2-retention-final-source-red.trx	server	tests/TagEkyc.IntegrationTests/TestResults/a3-broker-admission-v2-retention-final-source-red.trx	EXISTING	tip_88c1_c6b_a3_proof_reconciliation_v0_2.md:701,a3_broker_admission_failed_run_census.tsv:3,a3_broker_admission_failed_run_census.tsv:9,a3_broker_admission_failed_run_census.tsv:10,a3_broker_admission_cluster_review_packet_v2.md:25
a3-broker-admission-v2-retention-red.trx	server	tests/TagEkyc.IntegrationTests/TestResults/a3-broker-admission-v2-retention-red.trx	EXISTING	a3_broker_admission_failed_run_census.tsv:9
a3-broker-admission-v2-server-baseline-v2.trx	server	tests/TagEkyc.IntegrationTests/TestResults/a3-broker-admission-v2-server-baseline-v2.trx	EXISTING	a3_broker_admission_failed_run_census.tsv:6
a3-broker-admission-v2-server-baseline.trx	server	tests/TagEkyc.IntegrationTests/TestResults/a3-broker-admission-v2-server-baseline.trx	EXISTING	a3_broker_admission_failed_run_census.tsv:5
a3-broker-admission-v2-server-final-restored.trx	server	tests/TagEkyc.IntegrationTests/TestResults/a3-broker-admission-v2-server-final-restored.trx	EXISTING	tip_88c1_c6b_a3_proof_reconciliation_v0_2.md:701,a3_broker_admission_cluster_review_packet_v2.md:27
a3-broker-claim-family-b1-final-positive.trx	server	tests/TagEkyc.IntegrationTests/TestResults/a3-broker-claim-family-b1-final-positive.trx	EXISTING	a3_broker_claim_trx_inventory.tsv:2,a3_broker_claim_failed_run_census.tsv:10
a3-broker-claim-family-b1-observed.trx	server	tests/TagEkyc.IntegrationTests/TestResults/a3-broker-claim-family-b1-observed.trx	EXISTING	a3_broker_claim_trx_inventory.tsv:3,a3_broker_claim_failed_run_census.tsv:9
a3-broker-claim-family-b1-positive-controls.trx	server	tests/TagEkyc.IntegrationTests/TestResults/a3-broker-claim-family-b1-positive-controls.trx	EXISTING	a3_broker_claim_trx_inventory.tsv:4,a3_broker_claim_failed_run_census.tsv:8
a3-broker-claim-family-baseline.trx	server	tests/TagEkyc.IntegrationTests/TestResults/a3-broker-claim-family-baseline.trx	EXISTING	a3_broker_claim_trx_inventory.tsv:5,a3_broker_claim_failed_run_census.tsv:2
a3-broker-claim-family-positive-controls-v2.trx	server	tests/TagEkyc.IntegrationTests/TestResults/a3-broker-claim-family-positive-controls-v2.trx	EXISTING	a3_broker_claim_trx_inventory.tsv:6,a3_broker_claim_failed_run_census.tsv:5
a3-broker-claim-family-positive-controls-v3.trx	server	tests/TagEkyc.IntegrationTests/TestResults/a3-broker-claim-family-positive-controls-v3.trx	EXISTING	a3_broker_claim_trx_inventory.tsv:7,a3_broker_claim_failed_run_census.tsv:6
a3-broker-claim-family-positive-controls-v4.trx	server	tests/TagEkyc.IntegrationTests/TestResults/a3-broker-claim-family-positive-controls-v4.trx	EXISTING	a3_broker_claim_trx_inventory.tsv:8,a3_broker_claim_failed_run_census.tsv:7
a3-broker-claim-family-positive-controls.trx	server	tests/TagEkyc.IntegrationTests/TestResults/a3-broker-claim-family-positive-controls.trx	EXISTING	a3_broker_claim_trx_inventory.tsv:9,a3_broker_claim_failed_run_census.tsv:4
a3-broker-claim-family-restored-baseline.trx	server	tests/TagEkyc.IntegrationTests/TestResults/a3-broker-claim-family-restored-baseline.trx	EXISTING	a3_broker_claim_trx_inventory.tsv:10,a3_broker_claim_failed_run_census.tsv:3
a3-broker-claim-final-restored-joined-gate.trx	server	tests/TagEkyc.IntegrationTests/TestResults/a3-broker-claim-final-restored-joined-gate.trx	EXISTING	a3_broker_claim_cluster_execution_matrix_v1.md:78,a3_broker_claim_trx_inventory.tsv:11,a3_broker_claim_cluster_review_packet_v1.md:69
a3-broker-claim-joined-restored-gate.trx	server	tests/TagEkyc.IntegrationTests/TestResults/a3-broker-claim-joined-restored-gate.trx	EXISTING	a3_broker_claim_trx_inventory.tsv:12
a3-broker-claim-p10-retry-time-final-source-red.trx	server	tests/TagEkyc.IntegrationTests/TestResults/a3-broker-claim-p10-retry-time-final-source-red.trx	EXISTING	a3_broker_claim_trx_inventory.tsv:13,a3_broker_claim_failed_run_census.tsv:11,a3_broker_claim_failed_run_census.tsv:19,a3_broker_claim_cluster_review_packet_v1.md:52
a3-broker-claim-p10-retry-time-red.trx	server	tests/TagEkyc.IntegrationTests/TestResults/a3-broker-claim-p10-retry-time-red.trx	EXISTING	a3_broker_claim_trx_inventory.tsv:14,a3_broker_claim_failed_run_census.tsv:11
a3-broker-claim-p15-tombstone-final-source-red.trx	server	tests/TagEkyc.IntegrationTests/TestResults/a3-broker-claim-p15-tombstone-final-source-red.trx	EXISTING	a3_broker_claim_trx_inventory.tsv:15,a3_broker_claim_failed_run_census.tsv:12,a3_broker_claim_failed_run_census.tsv:20,a3_broker_claim_cluster_review_packet_v1.md:58
a3-broker-claim-p15-tombstone-red.trx	server	tests/TagEkyc.IntegrationTests/TestResults/a3-broker-claim-p15-tombstone-red.trx	EXISTING	a3_broker_claim_trx_inventory.tsv:16,a3_broker_claim_failed_run_census.tsv:12
a3-broker-claim-p16-state-gate-final-source-red.trx	server	tests/TagEkyc.IntegrationTests/TestResults/a3-broker-claim-p16-state-gate-final-source-red.trx	EXISTING	a3_broker_claim_trx_inventory.tsv:17,a3_broker_claim_failed_run_census.tsv:13,a3_broker_claim_failed_run_census.tsv:21,a3_broker_claim_cluster_review_packet_v1.md:64
a3-broker-claim-p16-state-gate-red.trx	server	tests/TagEkyc.IntegrationTests/TestResults/a3-broker-claim-p16-state-gate-red.trx	EXISTING	a3_broker_claim_trx_inventory.tsv:18,a3_broker_claim_failed_run_census.tsv:13
a3-broker-claim-process-kill-matrix-positive-v2.trx	server	tests/TagEkyc.IntegrationTests/TestResults/a3-broker-claim-process-kill-matrix-positive-v2.trx	EXISTING	a3_broker_claim_trx_inventory.tsv:19,a3_broker_claim_failed_run_census.tsv:15
a3-broker-claim-process-kill-matrix-positive-v3.trx	server	tests/TagEkyc.IntegrationTests/TestResults/a3-broker-claim-process-kill-matrix-positive-v3.trx	EXISTING	a3_broker_claim_trx_inventory.tsv:20,a3_broker_claim_failed_run_census.tsv:16
a3-broker-claim-process-kill-matrix-positive-v4.trx	server	tests/TagEkyc.IntegrationTests/TestResults/a3-broker-claim-process-kill-matrix-positive-v4.trx	EXISTING	a3_broker_claim_trx_inventory.tsv:21,a3_broker_claim_failed_run_census.tsv:17
a3-broker-claim-process-kill-matrix-positive-v5.trx	server	tests/TagEkyc.IntegrationTests/TestResults/a3-broker-claim-process-kill-matrix-positive-v5.trx	EXISTING	a3_broker_claim_trx_inventory.tsv:22,a3_broker_claim_cluster_review_packet_v1.md:46
a3-broker-claim-process-kill-matrix-positive.trx	server	tests/TagEkyc.IntegrationTests/TestResults/a3-broker-claim-process-kill-matrix-positive.trx	EXISTING	a3_broker_claim_trx_inventory.tsv:23,a3_broker_claim_failed_run_census.tsv:14
a3-broker-claim-six-outcome-final-source-positive-v2.trx	server	tests/TagEkyc.IntegrationTests/TestResults/a3-broker-claim-six-outcome-final-source-positive-v2.trx	EXISTING	a3_broker_claim_trx_inventory.tsv:24,a3_broker_claim_cluster_review_packet_v1.md:41
a3-broker-claim-six-outcome-final-source-positive.trx	server	tests/TagEkyc.IntegrationTests/TestResults/a3-broker-claim-six-outcome-final-source-positive.trx	EXISTING	a3_broker_claim_trx_inventory.tsv:25,a3_broker_claim_failed_run_census.tsv:18
a3-broker-claim-six-outcome-positive.trx	server	tests/TagEkyc.IntegrationTests/TestResults/a3-broker-claim-six-outcome-positive.trx	EXISTING	a3_broker_claim_trx_inventory.tsv:26
a3-broker-final-arch.trx	server	tests/TagEkyc.ArchTests/TestResults/a3-broker-final-arch.trx	EXISTING	tip_88c1_c6b_a3_implementation_ledger.md:814
a3-broker-final-unit.trx	server	tests/TagEkyc.UnitTests/TestResults/a3-broker-final-unit.trx	EXISTING	tip_88c1_c6b_a3_implementation_ledger.md:813
a3-broker-history-aware-focused.trx	server	tests/TagEkyc.IntegrationTests/TestResults/a3-broker-history-aware-focused.trx	EXISTING	tip_88c1_c6b_a3_implementation_ledger.md:845
a3-broker-history-final-arch.trx	server	tests/TagEkyc.ArchTests/TestResults/a3-broker-history-final-arch.trx	EXISTING	tip_88c1_c6b_a3_implementation_ledger.md:858
a3-broker-history-final-unit.trx	server	tests/TagEkyc.UnitTests/TestResults/a3-broker-history-final-unit.trx	EXISTING	tip_88c1_c6b_a3_implementation_ledger.md:857
a3-broker-history-mutation-commit-bb.trx	server	tests/TagEkyc.IntegrationTests/TestResults/a3-broker-history-mutation-commit-bb.trx	EXISTING	tip_88c1_c6b_a3_implementation_ledger.md:854
a3-broker-history-mutation-latest-selector.trx	server	tests/TagEkyc.IntegrationTests/TestResults/a3-broker-history-mutation-latest-selector.trx	EXISTING	tip_88c1_c6b_a3_implementation_ledger.md:856
a3-broker-history-mutation-old-sql-bounds.trx	server	tests/TagEkyc.IntegrationTests/TestResults/a3-broker-history-mutation-old-sql-bounds.trx	EXISTING	tip_88c1_c6b_a3_implementation_ledger.md:855
a3-broker-history-mutation-separate-br.trx	server	tests/TagEkyc.IntegrationTests/TestResults/a3-broker-history-mutation-separate-br.trx	EXISTING	tip_88c1_c6b_a3_implementation_ledger.md:853
a3-broker-history-restored-regression-174.trx	server	tests/TagEkyc.IntegrationTests/TestResults/a3-broker-history-restored-regression-174.trx	EXISTING	tip_88c1_c6b_a3_implementation_ledger.md:859
a3-broker-mutation-commit-bb.trx	server	tests/TagEkyc.IntegrationTests/TestResults/a3-broker-mutation-commit-bb.trx	EXISTING	tip_88c1_c6b_a3_implementation_ledger.md:810
a3-broker-mutation-latest-selector.trx	server	tests/TagEkyc.IntegrationTests/TestResults/a3-broker-mutation-latest-selector.trx	EXISTING	tip_88c1_c6b_a3_implementation_ledger.md:812
a3-broker-mutation-old-sql-bounds.trx	server	tests/TagEkyc.IntegrationTests/TestResults/a3-broker-mutation-old-sql-bounds.trx	EXISTING	tip_88c1_c6b_a3_implementation_ledger.md:811
a3-broker-mutation-separate-br.trx	server	tests/TagEkyc.IntegrationTests/TestResults/a3-broker-mutation-separate-br.trx	EXISTING	tip_88c1_c6b_a3_implementation_ledger.md:809
a3-broker-p10-current-baseline-green.trx	server	tests/TagEkyc.IntegrationTests/TestResults/a3-broker-p10-current-baseline-green.trx	EXISTING	tip_88c1_c6b_a3_proof_reconciliation_v0_2.md:562
a3-broker-p10-persisted-retry-red.trx	server	tests/TagEkyc.IntegrationTests/TestResults/a3-broker-p10-persisted-retry-red.trx	EXISTING	tip_88c1_c6b_a3_proof_reconciliation_v0_2.md:562
a3-broker-p10-persisted-retry-restored-green.trx	server	tests/TagEkyc.IntegrationTests/TestResults/a3-broker-p10-persisted-retry-restored-green.trx	EXISTING	tip_88c1_c6b_a3_proof_reconciliation_v0_2.md:562
a3-broker-restored-regression-174.trx	server	tests/TagEkyc.IntegrationTests/TestResults/a3-broker-restored-regression-174.trx	EXISTING	tip_88c1_c6b_a3_implementation_ledger.md:825
a3-broker-same-b-and-migration.trx	server	tests/TagEkyc.IntegrationTests/TestResults/a3-broker-same-b-and-migration.trx	EXISTING	tip_88c1_c6b_a3_implementation_ledger.md:807
a3-broker-same-b-migration-restored.trx	server	tests/TagEkyc.IntegrationTests/TestResults/a3-broker-same-b-migration-restored.trx	EXISTING	tip_88c1_c6b_a3_implementation_ledger.md:808
a3-compatibility-focused-v1.trx	server	TestResults/a3-compatibility-focused-v1/a3-compatibility-focused-v1.trx	EXISTING	tip_88c1_c6b_a3_implementation_ledger.md:2957
a3-cp11-all-restored.trx	server	tests/TagEkyc.IntegrationTests/TestResults/a3-cp11-all-restored.trx	EXISTING	tip_88c1_c6b_a3_implementation_ledger.md:120
a3-cp11-lock-clock-mutation.trx	server	tests/TagEkyc.IntegrationTests/TestResults/a3-cp11-lock-clock-mutation.trx	EXISTING	tip_88c1_c6b_a3_implementation_ledger.md:119
a3-crossborder-clock-second.trx	server	tests/TagEkyc.IntegrationTests/TestResults/a3-crossborder-clock-second.trx	EXISTING	tip_88c1_c6b_a3_implementation_ledger.md:361
a3-crossborder-prefix-red-rerun.trx	server	tests/TagEkyc.IntegrationTests/TestResults/a3-crossborder-prefix-red-rerun.trx	EXISTING	tip_88c1_c6b_a3_implementation_ledger.md:362
a3-crossborder-restored-full.trx	server	tests/TagEkyc.IntegrationTests/TestResults/a3-crossborder-restored-full.trx	EXISTING	tip_88c1_c6b_a3_implementation_ledger.md:363
a3-e01-checkpoint-head-repin-red.trx	server	tests/TagEkyc.IntegrationTests/TestResults/a3-e01-checkpoint-head-repin-red.trx	EXISTING	tip_88c1_c6b_a3_proof_reconciliation_v0_2.md:526
a3-e01-completion-boundary-join.trx	server	tests/TagEkyc.IntegrationTests/TestResults/a3-e01-completion-boundary-join.trx	EXISTING	tip_88c1_c6b_a3_proof_reconciliation_v0_2.md:479
a3-e01-cp11-b2-restored.trx	server	tests/TagEkyc.IntegrationTests/TestResults/a3-e01-cp11-b2-restored.trx	EXISTING	tip_88c1_c6b_a3_implementation_ledger.md:164
a3-e01-ddl-acl-red.trx	server	tests/TagEkyc.IntegrationTests/TestResults/a3-e01-ddl-acl-red.trx	EXISTING	tip_88c1_c6b_a3_proof_reconciliation_v0_2.md:495,tip_88c1_c6b_a3_proof_reconciliation_v0_2.md:504
a3-e01-ddl-acl-restored-green.trx	server	tests/TagEkyc.IntegrationTests/TestResults/a3-e01-ddl-acl-restored-green.trx	EXISTING	tip_88c1_c6b_a3_proof_reconciliation_v0_2.md:495,tip_88c1_c6b_a3_proof_reconciliation_v0_2.md:504
a3-e01-ddl-actor-red.trx	server	tests/TagEkyc.IntegrationTests/TestResults/a3-e01-ddl-actor-red.trx	EXISTING	tip_88c1_c6b_a3_proof_reconciliation_v0_2.md:497,tip_88c1_c6b_a3_proof_reconciliation_v0_2.md:506
a3-e01-ddl-actor-restored-green.trx	server	tests/TagEkyc.IntegrationTests/TestResults/a3-e01-ddl-actor-restored-green.trx	EXISTING	tip_88c1_c6b_a3_proof_reconciliation_v0_2.md:497,tip_88c1_c6b_a3_proof_reconciliation_v0_2.md:506
a3-e01-ddl-binding-graph-red.trx	server	tests/TagEkyc.IntegrationTests/TestResults/a3-e01-ddl-binding-graph-red.trx	EXISTING	tip_88c1_c6b_a3_proof_reconciliation_v0_2.md:494,tip_88c1_c6b_a3_proof_reconciliation_v0_2.md:503
a3-e01-ddl-binding-graph-restored-green.trx	server	tests/TagEkyc.IntegrationTests/TestResults/a3-e01-ddl-binding-graph-restored-green.trx	EXISTING	tip_88c1_c6b_a3_proof_reconciliation_v0_2.md:494,tip_88c1_c6b_a3_proof_reconciliation_v0_2.md:503
a3-e01-ddl-classes-green-v1.trx	server	tests/TagEkyc.IntegrationTests/TestResults/a3-e01-ddl-classes-green-v1.trx	EXISTING	tip_88c1_c6b_a3_proof_reconciliation_v0_2.md:510
a3-e01-ddl-classes-red.trx	server	tests/TagEkyc.IntegrationTests/TestResults/a3-e01-ddl-classes-red.trx	EXISTING	tip_88c1_c6b_a3_proof_reconciliation_v0_2.md:496,tip_88c1_c6b_a3_proof_reconciliation_v0_2.md:505
a3-e01-ddl-classes-restored-green.trx	server	tests/TagEkyc.IntegrationTests/TestResults/a3-e01-ddl-classes-restored-green.trx	EXISTING	tip_88c1_c6b_a3_proof_reconciliation_v0_2.md:496,tip_88c1_c6b_a3_proof_reconciliation_v0_2.md:505
a3-e01-ddl-graph-green-v2.trx	server	tests/TagEkyc.IntegrationTests/TestResults/a3-e01-ddl-graph-green-v2.trx	EXISTING	tip_88c1_c6b_a3_proof_reconciliation_v0_2.md:510
a3-e01-export-checkpoint-head-red.trx	server	tests/TagEkyc.IntegrationTests/TestResults/a3-e01-export-checkpoint-head-red.trx	EXISTING	tip_88c1_c6b_a3_proof_reconciliation_v0_2.md:493
a3-e01-export-checkpoint-head-restored-green.trx	server	tests/TagEkyc.IntegrationTests/TestResults/a3-e01-export-checkpoint-head-restored-green.trx	EXISTING	tip_88c1_c6b_a3_proof_reconciliation_v0_2.md:493
a3-e01-export-head-same-mutant-red.trx	server	tests/TagEkyc.IntegrationTests/TestResults/a3-e01-export-head-same-mutant-red.trx	EXISTING	tip_88c1_c6b_a3_proof_reconciliation_v0_2.md:526
a3-e01-issue-clock-green-v1.trx	server	tests/TagEkyc.IntegrationTests/TestResults/a3-e01-issue-clock-green-v1.trx	EXISTING	tip_88c1_c6b_a3_proof_reconciliation_v0_2.md:510
a3-e01-issue-clock-red.trx	server	tests/TagEkyc.IntegrationTests/TestResults/a3-e01-issue-clock-red.trx	EXISTING	tip_88c1_c6b_a3_proof_reconciliation_v0_2.md:489
a3-e01-issue-clock-repin-red.trx	server	tests/TagEkyc.IntegrationTests/TestResults/a3-e01-issue-clock-repin-red.trx	EXISTING	tip_88c1_c6b_a3_proof_reconciliation_v0_2.md:524
a3-e01-issue-clock-restored-green.trx	server	tests/TagEkyc.IntegrationTests/TestResults/a3-e01-issue-clock-restored-green.trx	EXISTING	tip_88c1_c6b_a3_proof_reconciliation_v0_2.md:489
a3-e01-issue-withdraw-lock-red.trx	server	tests/TagEkyc.IntegrationTests/TestResults/a3-e01-issue-withdraw-lock-red.trx	EXISTING	tip_88c1_c6b_a3_proof_reconciliation_v0_2.md:490
a3-e01-issue-withdraw-lock-repin-red.trx	server	tests/TagEkyc.IntegrationTests/TestResults/a3-e01-issue-withdraw-lock-repin-red.trx	EXISTING	tip_88c1_c6b_a3_proof_reconciliation_v0_2.md:526
a3-e01-issue-withdraw-r1-focused-v2.trx	server	tests/TagEkyc.IntegrationTests/TestResults/a3-e01-issue-withdraw-r1-focused-v2.trx	EXISTING	tip_88c1_c6b_a3_proof_reconciliation_v0_2.md:520
a3-e01-issue-withdraw-restored-green.trx	server	tests/TagEkyc.IntegrationTests/TestResults/a3-e01-issue-withdraw-restored-green.trx	EXISTING	tip_88c1_c6b_a3_proof_reconciliation_v0_2.md:490
a3-e01-pilot-baseline.trx	server	tests/TagEkyc.IntegrationTests/TestResults/a3-e01-pilot-baseline.trx	EXISTING	tip_88c1_c6b_a3_proof_reconciliation_v0_2.md:469
a3-e01-pilot-targeted-current.trx	server	tests/TagEkyc.IntegrationTests/TestResults/a3-e01-pilot-targeted-current.trx	EXISTING	tip_88c1_c6b_a3_proof_reconciliation_v0_2.md:481
a3-e01-pilot-targeted-final.trx	server	tests/TagEkyc.IntegrationTests/TestResults/a3-e01-pilot-targeted-final.trx	EXISTING	tip_88c1_c6b_a3_proof_reconciliation_v0_2.md:481
a3-e01-r1-retained-current-bypass-red.trx	server	tests/TagEkyc.IntegrationTests/TestResults/a3-e01-r1-retained-current-bypass-red.trx	EXISTING	tip_88c1_c6b_a3_proof_reconciliation_v0_2.md:520
a3-e01-r1-retained-current-restored-green.trx	server	tests/TagEkyc.IntegrationTests/TestResults/a3-e01-r1-retained-current-restored-green.trx	EXISTING	tip_88c1_c6b_a3_proof_reconciliation_v0_2.md:520
a3-e01-record-cas-red.trx	server	tests/TagEkyc.IntegrationTests/TestResults/a3-e01-record-cas-red.trx	EXISTING	tip_88c1_c6b_a3_proof_reconciliation_v0_2.md:486
a3-e01-record-cas-repin-red.trx	server	tests/TagEkyc.IntegrationTests/TestResults/a3-e01-record-cas-repin-red.trx	EXISTING	tip_88c1_c6b_a3_proof_reconciliation_v0_2.md:524
a3-e01-record-cas-restored-green.trx	server	tests/TagEkyc.IntegrationTests/TestResults/a3-e01-record-cas-restored-green.trx	EXISTING	tip_88c1_c6b_a3_proof_reconciliation_v0_2.md:486
a3-e01-record-clock-repin-red.trx	server	tests/TagEkyc.IntegrationTests/TestResults/a3-e01-record-clock-repin-red.trx	EXISTING	tip_88c1_c6b_a3_proof_reconciliation_v0_2.md:524
a3-e01-record-clock-restored-green.trx	server	tests/TagEkyc.IntegrationTests/TestResults/a3-e01-record-clock-restored-green.trx	EXISTING	tip_88c1_c6b_a3_proof_reconciliation_v0_2.md:485
a3-e01-record-clock-transaction-time-red.trx	server	tests/TagEkyc.IntegrationTests/TestResults/a3-e01-record-clock-transaction-time-red.trx	EXISTING	tip_88c1_c6b_a3_proof_reconciliation_v0_2.md:485
a3-e01-reviewed-restored.trx	server	tests/TagEkyc.IntegrationTests/TestResults/a3-e01-reviewed-restored.trx	EXISTING	tip_88c1_c6b_a3_implementation_ledger.md:41
a3-e01-reviewed.trx	server	tests/TagEkyc.IntegrationTests/TestResults/a3-e01-reviewed.trx	EXISTING	tip_88c1_c6b_a3_implementation_ledger.md:52
a3-e01-revocation-authority-repin-red.trx	server	tests/TagEkyc.IntegrationTests/TestResults/a3-e01-revocation-authority-repin-red.trx	EXISTING	tip_88c1_c6b_a3_proof_reconciliation_v0_2.md:526
a3-e01-revocation-business-red.trx	server	tests/TagEkyc.IntegrationTests/TestResults/a3-e01-revocation-business-red.trx	EXISTING	tip_88c1_c6b_a3_proof_reconciliation_v0_2.md:487
a3-e01-revocation-lock-red.trx	server	tests/TagEkyc.IntegrationTests/TestResults/a3-e01-revocation-lock-red.trx	EXISTING	tip_88c1_c6b_a3_proof_reconciliation_v0_2.md:510
a3-e01-revocation-restored-green.trx	server	tests/TagEkyc.IntegrationTests/TestResults/a3-e01-revocation-restored-green.trx	EXISTING	tip_88c1_c6b_a3_proof_reconciliation_v0_2.md:487
a3-e01-subject-before-fix.trx	server	tests/TagEkyc.IntegrationTests/TestResults/a3-e01-subject-before-fix.trx	EXISTING	tip_88c1_c6b_a3_implementation_ledger.md:46
a3-e01-successor-consent-sentinel.trx	server	tests/TagEkyc.IntegrationTests/TestResults/a3-e01-successor-consent-sentinel.trx	EXISTING	tip_88c1_c6b_a3_proof_reconciliation_v0_2.md:522
a3-e01-successor-final-joined-gate.trx	server	tests/TagEkyc.IntegrationTests/TestResults/a3-e01-successor-final-joined-gate.trx	EXISTING	tip_88c1_c6b_a3_proof_reconciliation_v0_2.md:526
a3-e01-successor-final-restored-sentinel.trx	server	tests/TagEkyc.IntegrationTests/TestResults/a3-e01-successor-final-restored-sentinel.trx	EXISTING	tip_88c1_c6b_a3_proof_reconciliation_v0_2.md:522
a3-e01-two-class-completion-focused.trx	server	tests/TagEkyc.IntegrationTests/TestResults/a3-e01-two-class-completion-focused.trx	EXISTING	tip_88c1_c6b_a3_proof_reconciliation_v0_2.md:508
a3-e01-two-classes-repin-red.trx	server	tests/TagEkyc.IntegrationTests/TestResults/a3-e01-two-classes-repin-red.trx	EXISTING	tip_88c1_c6b_a3_proof_reconciliation_v0_2.md:524
a3-e01-two-classes-restored-green.trx	server	tests/TagEkyc.IntegrationTests/TestResults/a3-e01-two-classes-restored-green.trx	EXISTING	tip_88c1_c6b_a3_proof_reconciliation_v0_2.md:491
a3-e01-two-classes-sql-red.trx	server	tests/TagEkyc.IntegrationTests/TestResults/a3-e01-two-classes-sql-red.trx	EXISTING	tip_88c1_c6b_a3_proof_reconciliation_v0_2.md:491
a3-e01-update-restored-green.trx	server	tests/TagEkyc.IntegrationTests/TestResults/a3-e01-update-restored-green.trx	EXISTING	tip_88c1_c6b_a3_proof_reconciliation_v0_2.md:488
a3-e01-update-revision-red.trx	server	tests/TagEkyc.IntegrationTests/TestResults/a3-e01-update-revision-red.trx	EXISTING	tip_88c1_c6b_a3_proof_reconciliation_v0_2.md:488
a3-e01-update-revision-repin-red.trx	server	tests/TagEkyc.IntegrationTests/TestResults/a3-e01-update-revision-repin-red.trx	EXISTING	tip_88c1_c6b_a3_proof_reconciliation_v0_2.md:524
a3-e01-updated-checkpoint-head-red.trx	server	tests/TagEkyc.IntegrationTests/TestResults/a3-e01-updated-checkpoint-head-red.trx	EXISTING	tip_88c1_c6b_a3_proof_reconciliation_v0_2.md:492
a3-e01-updated-checkpoint-restored-green.trx	server	tests/TagEkyc.IntegrationTests/TestResults/a3-e01-updated-checkpoint-restored-green.trx	EXISTING	tip_88c1_c6b_a3_proof_reconciliation_v0_2.md:492
a3-e01-updated-export-checkpoints-focused.trx	server	tests/TagEkyc.IntegrationTests/TestResults/a3-e01-updated-export-checkpoints-focused.trx	EXISTING	tip_88c1_c6b_a3_proof_reconciliation_v0_2.md:510
a3-ef-discovery-red.trx	server	tests/TagEkyc.IntegrationTests/TestResults/a3-ef-discovery-red.trx	EXISTING	tip_88c1_c6b_a3_implementation_ledger.md:553
a3-ef-index-catalogue-red.trx	server	tests/TagEkyc.IntegrationTests/TestResults/a3-ef-index-catalogue-red.trx	EXISTING	tip_88c1_c6b_a3_implementation_ledger.md:554
a3-ef-model-positive.trx	server	tests/TagEkyc.IntegrationTests/TestResults/a3-ef-model-positive.trx	EXISTING	tip_88c1_c6b_a3_implementation_ledger.md:552
a3-ef-registration-arch.trx	server	tests/TagEkyc.ArchTests/TestResults/a3-ef-registration-arch.trx	EXISTING	tip_88c1_c6b_a3_implementation_ledger.md:557
a3-ef-registration-final.trx	server	tests/TagEkyc.IntegrationTests/TestResults/a3-ef-registration-final.trx	EXISTING	tip_88c1_c6b_a3_implementation_ledger.md:555
a3-ef-registration-first.trx	server	tests/TagEkyc.IntegrationTests/TestResults/a3-ef-registration-first.trx	EXISTING	tip_88c1_c6b_a3_implementation_ledger.md:551
a3-ef-registration-unit.trx	server	tests/TagEkyc.UnitTests/TestResults/a3-ef-registration-unit.trx	EXISTING	tip_88c1_c6b_a3_implementation_ledger.md:556
a3-final-focused-compatibility.trx	server	TestResults/a3-final-focused-compatibility/a3-final-focused-compatibility.trx	EXISTING	tip_88c1_c6b_a3_implementation_ledger.md:3046
a3-final-integration-v2.trx	server	TestResults/a3-final/a3-final-integration-v2.trx	EXISTING	tip_88c1_c6b_a3_implementation_ledger.md:3021
a3-host-activated-diagnostic-v2.trx	server	tests/TagEkyc.IntegrationTests/TestResults/a3-host-activated-diagnostic-v2.trx	EXISTING	tip_88c1_c6b_a3_proof_reconciliation_v0_2.md:337
a3-host-activated-diagnostic.trx	server	tests/TagEkyc.IntegrationTests/TestResults/a3-host-activated-diagnostic.trx	EXISTING	tip_88c1_c6b_a3_proof_reconciliation_v0_2.md:337
a3-host-arch-focused.trx	server	tests/TagEkyc.ArchTests/TestResults/a3-host-arch-focused.trx	EXISTING	tip_88c1_c6b_a3_proof_reconciliation_v0_2.md:335
a3-host-graph-final-v2.trx	server	tests/TagEkyc.IntegrationTests/TestResults/a3-host-graph-final-v2.trx	EXISTING	tip_88c1_c6b_a3_proof_reconciliation_v0_2.md:335
a3-host-graph-registration-red.trx	server	tests/TagEkyc.IntegrationTests/TestResults/a3-host-graph-registration-red.trx	EXISTING	tip_88c1_c6b_a3_proof_reconciliation_v0_2.md:335
a3-p01-auth-prebody-focused.trx	server	tests/TagEkyc.IntegrationTests/TestResults/a3-p01-auth-prebody-focused.trx	EXISTING	tip_88c1_c6b_a3_proof_reconciliation_v0_2.md:317
a3-p06-r2-excess-focused.trx	server	tests/TagEkyc.IntegrationTests/TestResults/a3-p06-r2-excess-focused.trx	EXISTING	tip_88c1_c6b_a3_proof_reconciliation_v0_2.md:327
a3-p07-boundary-baseline-red.trx	server	tests/TagEkyc.IntegrationTests/TestResults/a3-p07-boundary-baseline-red.trx	EXISTING	tip_88c1_c6b_a3_proof_reconciliation_v0_2.md:707,a3_broker_admission_failed_run_census.tsv:14,a3_broker_admission_cluster_review_packet_v3.md:15
a3-p07-boundary-corrected-green.trx	server	tests/TagEkyc.IntegrationTests/TestResults/a3-p07-boundary-corrected-green.trx	EXISTING	tip_88c1_c6b_a3_proof_reconciliation_v0_2.md:709,a3_broker_admission_cluster_review_packet_v3.md:16
a3-p07-boundary-restored-green.trx	server	tests/TagEkyc.IntegrationTests/TestResults/a3-p07-boundary-restored-green.trx	EXISTING	tip_88c1_c6b_a3_proof_reconciliation_v0_2.md:709,a3_broker_admission_cluster_review_packet_v3.md:18
a3-p07-strict-comparator-mutant-red.trx	server	tests/TagEkyc.IntegrationTests/TestResults/a3-p07-strict-comparator-mutant-red.trx	EXISTING	tip_88c1_c6b_a3_proof_reconciliation_v0_2.md:709,a3_broker_admission_failed_run_census.tsv:15,a3_broker_admission_cluster_review_packet_v3.md:17
a3-p08-agent-retry-focused.trx	agent	tests/TagEkyc.CaptureAgent.Tests/TestResults/a3-p08-agent-retry-focused.trx	EXISTING	tip_88c1_c6b_a3_proof_reconciliation_v0_2.md:325
a3-p08-capacity-final-focused.trx	server	tests/TagEkyc.IntegrationTests/TestResults/a3-p08-capacity-final-focused.trx	EXISTING	tip_88c1_c6b_a3_proof_reconciliation_v0_2.md:319
a3-p08-capacity-guard-red.trx	server	tests/TagEkyc.IntegrationTests/TestResults/a3-p08-capacity-guard-red.trx	EXISTING	tip_88c1_c6b_a3_proof_reconciliation_v0_2.md:319
a3-p08-capacity-restored-green.trx	server	tests/TagEkyc.IntegrationTests/TestResults/a3-p08-capacity-restored-green.trx	EXISTING	tip_88c1_c6b_a3_proof_reconciliation_v0_2.md:319
a3-p09-agent-deadline-guard-green.trx	agent	tests/TagEkyc.CaptureAgent.Tests/TestResults/a3-p09-agent-deadline-guard-green.trx	EXISTING	tip_88c1_c6b_a3_proof_reconciliation_v0_2.md:403
a3-p09-agent-same-lease-red.trx	agent	tests/TagEkyc.CaptureAgent.Tests/TestResults/a3-p09-agent-same-lease-red.trx	EXISTING	tip_88c1_c6b_a3_proof_reconciliation_v0_2.md:403
a3-p09-agent-same-lease-restored.trx	agent	tests/TagEkyc.CaptureAgent.Tests/TestResults/a3-p09-agent-same-lease-restored.trx	EXISTING	tip_88c1_c6b_a3_proof_reconciliation_v0_2.md:403
a3-p09-final-restored-green.trx	server	tests/TagEkyc.IntegrationTests/TestResults/a3-p09-final-restored-green.trx	EXISTING	tip_88c1_c6b_a3_proof_reconciliation_v0_2.md:405
a3-p09-mutant-restored-green-v2.trx	server	tests/TagEkyc.IntegrationTests/TestResults/a3-p09-mutant-restored-green-v2.trx	EXISTING	tip_88c1_c6b_a3_proof_reconciliation_v0_2.md:401
a3-p09-mutant-targeted-red-v2.trx	server	tests/TagEkyc.IntegrationTests/TestResults/a3-p09-mutant-targeted-red-v2.trx	EXISTING	tip_88c1_c6b_a3_proof_reconciliation_v0_2.md:401
a3-p09-projection-mutant-red.trx	server	tests/TagEkyc.IntegrationTests/TestResults/a3-p09-projection-mutant-red.trx	EXISTING	tip_88c1_c6b_a3_proof_reconciliation_v0_2.md:405
a3-p09-real-broker-facade-focused.trx	server	tests/TagEkyc.IntegrationTests/TestResults/a3-p09-real-broker-facade-focused.trx	EXISTING	tip_88c1_c6b_a3_proof_reconciliation_v0_2.md:401
a3-p09-restored-environment-check.trx	server	tests/TagEkyc.IntegrationTests/TestResults/a3-p09-restored-environment-check.trx	EXISTING	tip_88c1_c6b_a3_proof_reconciliation_v0_2.md:405
a3-p10-real-evaluation-focused.trx	server	tests/TagEkyc.IntegrationTests/TestResults/a3-p10-real-evaluation-focused.trx	EXISTING	tip_88c1_c6b_a3_proof_reconciliation_v0_2.md:409
a3-p15-tombstone-residue-focused-v2.trx	server	tests/TagEkyc.IntegrationTests/TestResults/a3-p15-tombstone-residue-focused-v2.trx	EXISTING	tip_88c1_c6b_a3_proof_reconciliation_v0_2.md:421
a3-p15-tombstone-residue-focused.trx	server	tests/TagEkyc.IntegrationTests/TestResults/a3-p15-tombstone-residue-focused.trx	EXISTING	tip_88c1_c6b_a3_proof_reconciliation_v0_2.md:421
a3-p15-tombstone-sql-red.trx	server	tests/TagEkyc.IntegrationTests/TestResults/a3-p15-tombstone-sql-red.trx	EXISTING	tip_88c1_c6b_a3_proof_reconciliation_v0_2.md:421
a3-p15-tombstone-sql-restored.trx	server	tests/TagEkyc.IntegrationTests/TestResults/a3-p15-tombstone-sql-restored.trx	EXISTING	tip_88c1_c6b_a3_proof_reconciliation_v0_2.md:421
a3-p16-prelease-bypass-red.trx	server	tests/TagEkyc.IntegrationTests/TestResults/a3-p16-prelease-bypass-red.trx	EXISTING	tip_88c1_c6b_a3_proof_reconciliation_v0_2.md:427
a3-p16-prelease-final.trx	server	tests/TagEkyc.IntegrationTests/TestResults/a3-p16-prelease-final.trx	EXISTING	tip_88c1_c6b_a3_proof_reconciliation_v0_2.md:427
a3-p16-prelease-guard-red.trx	server	tests/TagEkyc.IntegrationTests/TestResults/a3-p16-prelease-guard-red.trx	EXISTING	tip_88c1_c6b_a3_proof_reconciliation_v0_2.md:427
a3-p16-prelease-restored.trx	server	tests/TagEkyc.IntegrationTests/TestResults/a3-p16-prelease-restored.trx	EXISTING	tip_88c1_c6b_a3_proof_reconciliation_v0_2.md:427
a3-p16-state-gate-red-v2.trx	server	tests/TagEkyc.IntegrationTests/TestResults/a3-p16-state-gate-red-v2.trx	EXISTING	tip_88c1_c6b_a3_proof_reconciliation_v0_2.md:433
a3-p16-state-gate-red.trx	server	tests/TagEkyc.IntegrationTests/TestResults/a3-p16-state-gate-red.trx	EXISTING	tip_88c1_c6b_a3_proof_reconciliation_v0_2.md:433
a3-p16-state-gate-restored.trx	server	tests/TagEkyc.IntegrationTests/TestResults/a3-p16-state-gate-restored.trx	EXISTING	tip_88c1_c6b_a3_proof_reconciliation_v0_2.md:433
a3-p25-expanded-restored.trx	server	tests/TagEkyc.IntegrationTests/TestResults/a3-p25-expanded-restored.trx	EXISTING	tip_88c1_c6b_a3_proof_reconciliation_v0_2.md:447
a3-p25-invalid-capacity-expanded-green.trx	server	tests/TagEkyc.IntegrationTests/TestResults/a3-p25-invalid-capacity-expanded-green.trx	EXISTING	tip_88c1_c6b_a3_proof_reconciliation_v0_2.md:447
a3-p25-invalid-parser-red.trx	server	tests/TagEkyc.IntegrationTests/TestResults/a3-p25-invalid-parser-red.trx	EXISTING	tip_88c1_c6b_a3_proof_reconciliation_v0_2.md:447
a3-p25-owner-window-red.trx	server	tests/TagEkyc.IntegrationTests/TestResults/a3-p25-owner-window-red.trx	EXISTING	tip_88c1_c6b_a3_proof_reconciliation_v0_2.md:447
a3-p25-program-capacity-focused.trx	server	tests/TagEkyc.IntegrationTests/TestResults/a3-p25-program-capacity-focused.trx	EXISTING	tip_88c1_c6b_a3_proof_reconciliation_v0_2.md:341
a3-p25-relational-baseline-red.trx	server	tests/TagEkyc.IntegrationTests/TestResults/a3-p25-relational-baseline-red.trx	EXISTING	tip_88c1_c6b_a3_proof_reconciliation_v0_2.md:447,tip_88c1_c6b_a3_proof_reconciliation_v0_2.md:451
a3-p25-relational-corrected-green.trx	server	tests/TagEkyc.IntegrationTests/TestResults/a3-p25-relational-corrected-green.trx	EXISTING	tip_88c1_c6b_a3_proof_reconciliation_v0_2.md:447,tip_88c1_c6b_a3_proof_reconciliation_v0_2.md:451
a3-p25-restored-focused.trx	server	tests/TagEkyc.IntegrationTests/TestResults/a3-p25-restored-focused.trx	EXISTING	tip_88c1_c6b_a3_proof_reconciliation_v0_2.md:341
a3-p25-zero-guard-red.trx	server	tests/TagEkyc.IntegrationTests/TestResults/a3-p25-zero-guard-red.trx	EXISTING	tip_88c1_c6b_a3_proof_reconciliation_v0_2.md:341
a3-p26-host-guard-red.trx	server	tests/TagEkyc.IntegrationTests/TestResults/a3-p26-host-guard-red.trx	EXISTING	tip_88c1_c6b_a3_proof_reconciliation_v0_2.md:461
a3-p26-host-restored-focused.trx	server	tests/TagEkyc.IntegrationTests/TestResults/a3-p26-host-restored-focused.trx	EXISTING	tip_88c1_c6b_a3_proof_reconciliation_v0_2.md:461
a3-p26-peer-guard-red.trx	server	tests/TagEkyc.IntegrationTests/TestResults/a3-p26-peer-guard-red.trx	EXISTING	tip_88c1_c6b_a3_proof_reconciliation_v0_2.md:457
a3-p3-agent-retry-focused.trx	agent	tests/TagEkyc.CaptureAgent.Tests/TestResults/a3-p3-agent-retry-focused.trx	EXISTING	tip_88c1_c6b_a3_proof_reconciliation_v0_2.md:353
a3-p3-broker-claims-focused.trx	server	tests/TagEkyc.IntegrationTests/TestResults/a3-p3-broker-claims-focused.trx	EXISTING	tip_88c1_c6b_a3_proof_reconciliation_v0_2.md:349
a3-p3-broker-claims-restored.trx	server	tests/TagEkyc.IntegrationTests/TestResults/a3-p3-broker-claims-restored.trx	EXISTING	tip_88c1_c6b_a3_proof_reconciliation_v0_2.md:351
a3-p3-mapper-focused.trx	server	tests/TagEkyc.IntegrationTests/TestResults/a3-p3-mapper-focused.trx	EXISTING	tip_88c1_c6b_a3_proof_reconciliation_v0_2.md:352
a3-p3-o11-projection-red.trx	server	tests/TagEkyc.IntegrationTests/TestResults/a3-p3-o11-projection-red.trx	EXISTING	tip_88c1_c6b_a3_proof_reconciliation_v0_2.md:415
a3-p3-o11-projection-restored.trx	server	tests/TagEkyc.IntegrationTests/TestResults/a3-p3-o11-projection-restored.trx	EXISTING	tip_88c1_c6b_a3_proof_reconciliation_v0_2.md:415
a3-p3-outcome-shape-red.trx	server	tests/TagEkyc.IntegrationTests/TestResults/a3-p3-outcome-shape-red.trx	EXISTING	tip_88c1_c6b_a3_proof_reconciliation_v0_2.md:350
a3-p3-real-projection-focused.trx	server	tests/TagEkyc.IntegrationTests/TestResults/a3-p3-real-projection-focused.trx	EXISTING	tip_88c1_c6b_a3_proof_reconciliation_v0_2.md:415
a3-preflight-arch.trx	server	tests/TagEkyc.ArchTests/TestResults/a3-preflight-arch.trx	EXISTING	tip_88c1_c6b_a3_implementation_ledger.md:498
a3-preflight-legacy-baseline.trx	server	tests/TagEkyc.IntegrationTests/TestResults/a3-preflight-legacy-baseline.trx	EXISTING	tip_88c1_c6b_a3_implementation_ledger.md:496
a3-preflight-unit.trx	server	tests/TagEkyc.UnitTests/TestResults/a3-preflight-unit.trx	EXISTING	tip_88c1_c6b_a3_implementation_ledger.md:499
a3-preflight-v2-envelope-red.trx	server	tests/TagEkyc.IntegrationTests/TestResults/a3-preflight-v2-envelope-red.trx	EXISTING	tip_88c1_c6b_a3_implementation_ledger.md:495
a3-preflight-v2-final.trx	server	tests/TagEkyc.IntegrationTests/TestResults/a3-preflight-v2-final.trx	EXISTING	tip_88c1_c6b_a3_implementation_ledger.md:497
a3-preflight-v2-selector-red.trx	server	tests/TagEkyc.IntegrationTests/TestResults/a3-preflight-v2-selector-red.trx	EXISTING	tip_88c1_c6b_a3_implementation_ledger.md:494
a3-private-http-duplicate-red.trx	server	tests/TagEkyc.IntegrationTests/TestResults/a3-private-http-duplicate-red.trx	EXISTING	tip_88c1_c6b_a3_implementation_ledger.md:939
a3-private-http-final-arch.trx	server	tests/TagEkyc.ArchTests/TestResults/a3-private-http-final-arch.trx	EXISTING	tip_88c1_c6b_a3_implementation_ledger.md:943
a3-private-http-final-unit.trx	server	tests/TagEkyc.UnitTests/TestResults/a3-private-http-final-unit.trx	EXISTING	tip_88c1_c6b_a3_implementation_ledger.md:942
a3-private-http-initial.trx	server	tests/TagEkyc.IntegrationTests/TestResults/a3-private-http-initial.trx	EXISTING	tip_88c1_c6b_a3_implementation_ledger.md:935
a3-private-http-mutations-restored.trx	server	tests/TagEkyc.IntegrationTests/TestResults/a3-private-http-mutations-restored.trx	EXISTING	tip_88c1_c6b_a3_implementation_ledger.md:941
a3-private-http-peer-red.trx	server	tests/TagEkyc.IntegrationTests/TestResults/a3-private-http-peer-red.trx	EXISTING	tip_88c1_c6b_a3_implementation_ledger.md:938
a3-private-http-phase-red.trx	server	tests/TagEkyc.IntegrationTests/TestResults/a3-private-http-phase-red.trx	EXISTING	tip_88c1_c6b_a3_implementation_ledger.md:940
a3-private-http-postgres-initial.trx	server	tests/TagEkyc.IntegrationTests/TestResults/a3-private-http-postgres-initial.trx	EXISTING	tip_88c1_c6b_a3_implementation_ledger.md:936
a3-private-http-postgres-restored.trx	server	tests/TagEkyc.IntegrationTests/TestResults/a3-private-http-postgres-restored.trx	EXISTING	tip_88c1_c6b_a3_implementation_ledger.md:937
a3-private-http-regression.trx	server	tests/TagEkyc.IntegrationTests/TestResults/a3-private-http-regression.trx	EXISTING	tip_88c1_c6b_a3_implementation_ledger.md:944
a3-r1-r5-races-first.trx	server	tests/TagEkyc.IntegrationTests/TestResults/a3-r1-r5-races-first.trx	EXISTING	tip_88c1_c6b_a3_implementation_ledger.md:316
a3-r1-r5-restored-full.trx	server	tests/TagEkyc.IntegrationTests/TestResults/a3-r1-r5-restored-full.trx	EXISTING	tip_88c1_c6b_a3_implementation_ledger.md:318
a3-r1-r5-shared-lock-red.trx	server	tests/TagEkyc.IntegrationTests/TestResults/a3-r1-r5-shared-lock-red.trx	EXISTING	tip_88c1_c6b_a3_implementation_ledger.md:317
a3-r1-replay-fixed.trx	server	tests/TagEkyc.IntegrationTests/TestResults/a3-r1-replay-fixed.trx	EXISTING	tip_88c1_c6b_a3_implementation_ledger.md:314
a3-r1-replay-red.trx	server	tests/TagEkyc.IntegrationTests/TestResults/a3-r1-replay-red.trx	EXISTING	tip_88c1_c6b_a3_implementation_ledger.md:313
a3-r2-projection-arch.trx	server	tests/TagEkyc.ArchTests/TestResults/a3-r2-projection-arch.trx	EXISTING	tip_88c1_c6b_a3_implementation_ledger.md:723
a3-r2-projection-r3-class.trx	server	tests/TagEkyc.IntegrationTests/TestResults/a3-r2-projection-r3-class.trx	EXISTING	tip_88c1_c6b_a3_implementation_ledger.md:719
a3-r2-projection-r301.trx	server	tests/TagEkyc.IntegrationTests/TestResults/a3-r2-projection-r301.trx	EXISTING	tip_88c1_c6b_a3_implementation_ledger.md:718
a3-r2-projection-regression-169.trx	server	tests/TagEkyc.IntegrationTests/TestResults/a3-r2-projection-regression-169.trx	EXISTING	tip_88c1_c6b_a3_implementation_ledger.md:720,tip_88c1_c6b_a3_implementation_ledger.md:862
a3-r20-existing-fixture-baseline.trx	server	tests/TagEkyc.UnitTests/TestResults/a3-r20-existing-fixture-baseline.trx	EXISTING	tip_88c1_c6b_a3_implementation_ledger.md:90
a3-r20-principal-before-fix.trx	server	tests/TagEkyc.UnitTests/TestResults/a3-r20-principal-before-fix.trx	EXISTING	tip_88c1_c6b_a3_implementation_ledger.md:98
a3-r20-principal-current.trx	server	tests/TagEkyc.UnitTests/TestResults/a3-r20-principal-current.trx	EXISTING	tip_88c1_c6b_a3_implementation_ledger.md:221
a3-r20-principal-profile.trx	server	tests/TagEkyc.UnitTests/TestResults/a3-r20-principal-profile.trx	EXISTING	tip_88c1_c6b_a3_implementation_ledger.md:100
a3-r20-principal-restored.trx	server	tests/TagEkyc.UnitTests/TestResults/a3-r20-principal-restored.trx	EXISTING	tip_88c1_c6b_a3_implementation_ledger.md:99,tip_88c1_c6b_a3_implementation_ledger.md:117
a3-r2r6-agent-expired-lease-current-red.trx	agent	tests/TagEkyc.CaptureAgent.Tests/TestResults/a3-r2r6-agent-expired-lease-current-red.trx	EXISTING	a3_r2r6_remaining_failed_run_census.tsv:5,a3_r2r6_remaining_cluster_review_packet_v2.md:63
a3-r2r6-agent-expired-lease-current-restored.trx	agent	tests/TagEkyc.CaptureAgent.Tests/TestResults/a3-r2r6-agent-expired-lease-current-restored.trx	EXISTING	tip_88c1_c6b_a3_proof_reconciliation_v0_2.md:719,a3_r2r6_remaining_cluster_review_packet_v2.md:75
a3-r2r6-bp11-early-available-red.trx	server	tests/TagEkyc.IntegrationTests/TestResults/a3-r2r6-bp11-early-available-red.trx	EXISTING	tip_88c1_c6b_a3_proof_reconciliation_v0_2.md:629,a3_r2r6_cluster_execution_matrix_v1.md:88,a3_r2r6_trx_inventory.tsv:2,a3_r2r6_failed_run_census.tsv:2
a3-r2r6-bp11-http-r5-baseline.trx	server	tests/TagEkyc.IntegrationTests/TestResults/a3-r2r6-bp11-http-r5-baseline.trx	EXISTING	tip_88c1_c6b_a3_proof_reconciliation_v0_2.md:629,a3_r2r6_cluster_execution_matrix_v1.md:88,a3_r2r6_trx_inventory.tsv:3
a3-r2r6-bp11-http-r5-restored.trx	server	tests/TagEkyc.IntegrationTests/TestResults/a3-r2r6-bp11-http-r5-restored.trx	EXISTING	tip_88c1_c6b_a3_proof_reconciliation_v0_2.md:629,a3_r2r6_cluster_execution_matrix_v1.md:88,a3_r2r6_trx_inventory.tsv:4
a3-r2r6-bp11-kestrel-final-source-red.trx	server	tests/TagEkyc.IntegrationTests/TestResults/a3-r2r6-bp11-kestrel-final-source-red.trx	EXISTING	tip_88c1_c6b_a3_proof_reconciliation_v0_2.md:633,a3_r2r6_cluster_execution_matrix_v1.md:92,a3_r2r6_trx_inventory.tsv:5,a3_r2r6_failed_run_census.tsv:3
a3-r2r6-bp11-kestrel-r5-baseline.trx	server	tests/TagEkyc.IntegrationTests/TestResults/a3-r2r6-bp11-kestrel-r5-baseline.trx	EXISTING	tip_88c1_c6b_a3_proof_reconciliation_v0_2.md:631,a3_r2r6_cluster_execution_matrix_v1.md:90,a3_r2r6_trx_inventory.tsv:6
a3-r2r6-bp11-kestrel-r5-red.trx	server	tests/TagEkyc.IntegrationTests/TestResults/a3-r2r6-bp11-kestrel-r5-red.trx	EXISTING	tip_88c1_c6b_a3_proof_reconciliation_v0_2.md:631,a3_r2r6_cluster_execution_matrix_v1.md:90,a3_r2r6_trx_inventory.tsv:7,a3_r2r6_failed_run_census.tsv:4
a3-r2r6-bp11-kestrel-r5-restored.trx	server	tests/TagEkyc.IntegrationTests/TestResults/a3-r2r6-bp11-kestrel-r5-restored.trx	EXISTING	tip_88c1_c6b_a3_proof_reconciliation_v0_2.md:631,a3_r2r6_cluster_execution_matrix_v1.md:90,a3_r2r6_trx_inventory.tsv:8
a3-r2r6-bp11-p17-kestrel-baseline.trx	server	tests/TagEkyc.IntegrationTests/TestResults/a3-r2r6-bp11-p17-kestrel-baseline.trx	EXISTING	tip_88c1_c6b_a3_proof_reconciliation_v0_2.md:635,a3_r2r6_trx_inventory.tsv:9,a3_r2r6_failed_run_census.tsv:5
a3-r2r6-bp11-p17-kestrel-final-baseline.trx	server	tests/TagEkyc.IntegrationTests/TestResults/a3-r2r6-bp11-p17-kestrel-final-baseline.trx	EXISTING	tip_88c1_c6b_a3_proof_reconciliation_v0_2.md:633,a3_r2r6_cluster_execution_matrix_v1.md:92,a3_r2r6_trx_inventory.tsv:10
a3-r2r6-bp11-p17-kestrel-final-restored.trx	server	tests/TagEkyc.IntegrationTests/TestResults/a3-r2r6-bp11-p17-kestrel-final-restored.trx	EXISTING	tip_88c1_c6b_a3_proof_reconciliation_v0_2.md:633,a3_r2r6_cluster_execution_matrix_v1.md:92,a3_r2r6_trx_inventory.tsv:11
a3-r2r6-bp11-p17-kestrel-server-read-baseline.trx	server	tests/TagEkyc.IntegrationTests/TestResults/a3-r2r6-bp11-p17-kestrel-server-read-baseline.trx	EXISTING	a3_r2r6_trx_inventory.tsv:12
a3-r2r6-bp16-bp17-final-joined.trx	server	tests/TagEkyc.IntegrationTests/TestResults/a3-r2r6-bp16-bp17-final-joined.trx	EXISTING	tip_88c1_c6b_a3_proof_reconciliation_v0_2.md:611,a3_r2r6_trx_inventory.tsv:13
a3-r2r6-bp16-bp17-ratified-sentinel.trx	server	tests/TagEkyc.IntegrationTests/TestResults/a3-r2r6-bp16-bp17-ratified-sentinel.trx	EXISTING	tip_88c1_c6b_a3_proof_reconciliation_v0_2.md:611,a3_r2r6_trx_inventory.tsv:14
a3-r2r6-bp16-consumer-final-source-red.trx	server	tests/TagEkyc.IntegrationTests/TestResults/a3-r2r6-bp16-consumer-final-source-red.trx	EXISTING	tip_88c1_c6b_a3_proof_reconciliation_v0_2.md:623,a3_r2r6_cluster_execution_matrix_v1.md:82,a3_r2r6_trx_inventory.tsv:15,a3_r2r6_failed_run_census.tsv:6,a3_r2r6_failed_run_census.tsv:7
a3-r2r6-bp16-consumer-red.trx	server	tests/TagEkyc.IntegrationTests/TestResults/a3-r2r6-bp16-consumer-red.trx	EXISTING	a3_r2r6_trx_inventory.tsv:16,a3_r2r6_failed_run_census.tsv:7
a3-r2r6-bp16-durable-verifier-baseline-v2.trx	server	tests/TagEkyc.IntegrationTests/TestResults/a3-r2r6-bp16-durable-verifier-baseline-v2.trx	EXISTING	tip_88c1_c6b_a3_proof_reconciliation_v0_2.md:607,a3_r2r6_trx_inventory.tsv:17
a3-r2r6-bp16-processkill-cut0-restored.trx	server	tests/TagEkyc.IntegrationTests/TestResults/a3-r2r6-bp16-processkill-cut0-restored.trx	EXISTING	tip_88c1_c6b_a3_proof_reconciliation_v0_2.md:609,a3_r2r6_trx_inventory.tsv:18
a3-r2r6-bp16-selector-red.trx	server	tests/TagEkyc.IntegrationTests/TestResults/a3-r2r6-bp16-selector-red.trx	EXISTING	tip_88c1_c6b_a3_proof_reconciliation_v0_2.md:607,a3_r2r6_trx_inventory.tsv:19,a3_r2r6_failed_run_census.tsv:8
a3-r2r6-bp16-verifier-restored-joined.trx	server	tests/TagEkyc.IntegrationTests/TestResults/a3-r2r6-bp16-verifier-restored-joined.trx	EXISTING	tip_88c1_c6b_a3_proof_reconciliation_v0_2.md:609,a3_r2r6_trx_inventory.tsv:20
a3-r2r6-bp17-ciphertext-baseline-v2.trx	server	tests/TagEkyc.IntegrationTests/TestResults/a3-r2r6-bp17-ciphertext-baseline-v2.trx	EXISTING	tip_88c1_c6b_a3_proof_reconciliation_v0_2.md:617,a3_r2r6_trx_inventory.tsv:21
a3-r2r6-bp17-ciphertext-baseline.trx	server	tests/TagEkyc.IntegrationTests/TestResults/a3-r2r6-bp17-ciphertext-baseline.trx	EXISTING	tip_88c1_c6b_a3_proof_reconciliation_v0_2.md:617,a3_r2r6_trx_inventory.tsv:22,a3_r2r6_failed_run_census.tsv:9
a3-r2r6-bp17-ciphertext-cause-red.trx	server	tests/TagEkyc.IntegrationTests/TestResults/a3-r2r6-bp17-ciphertext-cause-red.trx	EXISTING	tip_88c1_c6b_a3_proof_reconciliation_v0_2.md:617,a3_r2r6_trx_inventory.tsv:23,a3_r2r6_failed_run_census.tsv:10
a3-r2r6-bp18-bp21-final-joined.trx	server	tests/TagEkyc.IntegrationTests/TestResults/a3-r2r6-bp18-bp21-final-joined.trx	EXISTING	tip_88c1_c6b_a3_proof_reconciliation_v0_2.md:597,a3_r2r6_trx_inventory.tsv:24
a3-r2r6-bp21-four-evidence-final-source-red.trx	server	tests/TagEkyc.IntegrationTests/TestResults/a3-r2r6-bp21-four-evidence-final-source-red.trx	EXISTING	tip_88c1_c6b_a3_proof_reconciliation_v0_2.md:625,a3_r2r6_cluster_execution_matrix_v1.md:83,a3_r2r6_trx_inventory.tsv:25,a3_r2r6_failed_run_census.tsv:11,a3_r2r6_failed_run_census.tsv:12,a3_r2r6_failed_run_census.tsv:16
a3-r2r6-bp21-four-evidence-red.trx	server	tests/TagEkyc.IntegrationTests/TestResults/a3-r2r6-bp21-four-evidence-red.trx	EXISTING	a3_r2r6_trx_inventory.tsv:26,a3_r2r6_failed_run_census.tsv:12
a3-r2r6-cluster-baseline-focused.trx	server	tests/TagEkyc.IntegrationTests/TestResults/a3-r2r6-cluster-baseline-focused.trx	EXISTING	a3_r2r6_cluster_execution_matrix_v1.md:76,a3_r2r6_trx_inventory.tsv:27
a3-r2r6-cluster-restored-joined-final-candidate.trx	server	tests/TagEkyc.IntegrationTests/TestResults/a3-r2r6-cluster-restored-joined-final-candidate.trx	EXISTING	tip_88c1_c6b_a3_proof_reconciliation_v0_2.md:649,a3_r2r6_cluster_execution_matrix_v1.md:217,a3_r2r6_trx_inventory.tsv:28
a3-r2r6-cluster-restored-joined.trx	server	tests/TagEkyc.IntegrationTests/TestResults/a3-r2r6-cluster-restored-joined.trx	EXISTING	tip_88c1_c6b_a3_proof_reconciliation_v0_2.md:621,a3_r2r6_cluster_execution_matrix_v1.md:86,a3_r2r6_trx_inventory.tsv:29
a3-r2r6-current-source-baseline-joined.trx	server	tests/TagEkyc.IntegrationTests/TestResults/a3-r2r6-current-source-baseline-joined.trx	EXISTING	tip_88c1_c6b_a3_proof_reconciliation_v0_2.md:717,a3_r2r6_remaining_cluster_execution_matrix_v2.md:9,a3_r2r6_remaining_cluster_review_packet_v2.md:21
a3-r2r6-down-guard-audit.trx	server	tests/TagEkyc.IntegrationTests/TestResults/a3-r2r6-down-guard-audit.trx	EXISTING	a3_r2r6_cluster_execution_matrix_v1.md:165,a3_r2r6_trx_inventory.tsv:30
a3-r2r6-eight-scenario-phase-a-joined.trx	server	tests/TagEkyc.IntegrationTests/TestResults/a3-r2r6-eight-scenario-phase-a-joined.trx	EXISTING	a3_r2r6_cluster_execution_matrix_v1.md:197,a3_r2r6_trx_inventory.tsv:31
a3-r2r6-gh-agent-replay-read-red.trx	server	tests/TagEkyc.IntegrationTests/TestResults/a3-r2r6-gh-agent-replay-read-red.trx	EXISTING	tip_88c1_c6b_a3_proof_reconciliation_v0_2.md:647,a3_r2r6_cluster_execution_matrix_v1.md:213,a3_r2r6_trx_inventory.tsv:32,a3_r2r6_failed_run_census.tsv:13,a3_r2r6_failed_run_census.tsv:28
a3-r2r6-gh-final-body-read-current-red-v2.trx	server	tests/TagEkyc.IntegrationTests/TestResults/a3-r2r6-gh-final-body-read-current-red-v2.trx	EXISTING	a3_r2r6_remaining_failed_run_census.tsv:7,a3_r2r6_remaining_failed_run_census.tsv:8,a3_r2r6_remaining_cluster_review_packet_v2.md:65
a3-r2r6-gh-final-body-read-current-red.trx	server	tests/TagEkyc.IntegrationTests/TestResults/a3-r2r6-gh-final-body-read-current-red.trx	EXISTING	a3_r2r6_remaining_failed_run_census.tsv:7,a3_r2r6_remaining_cluster_review_packet_v2.md:67
a3-r2r6-gl-skip-cleanup-current-red.trx	server	tests/TagEkyc.IntegrationTests/TestResults/a3-r2r6-gl-skip-cleanup-current-red.trx	EXISTING	a3_r2r6_remaining_failed_run_census.tsv:6,a3_r2r6_remaining_cluster_review_packet_v2.md:64
a3-r2r6-gp-agent-committed-current-red-v2.trx	server	tests/TagEkyc.IntegrationTests/TestResults/a3-r2r6-gp-agent-committed-current-red-v2.trx	EXISTING	a3_r2r6_remaining_failed_run_census.tsv:3,a3_r2r6_remaining_cluster_review_packet_v2.md:61
a3-r2r6-gp-agent-committed-current-red.trx	server	tests/TagEkyc.IntegrationTests/TestResults/a3-r2r6-gp-agent-committed-current-red.trx	EXISTING	a3_r2r6_remaining_cluster_review_packet_v2.md:69
a3-r2r6-gp-agent-committed-red-v2.trx	server	tests/TagEkyc.IntegrationTests/TestResults/a3-r2r6-gp-agent-committed-red-v2.trx	EXISTING	tip_88c1_c6b_a3_proof_reconciliation_v0_2.md:647,tip_88c1_c6b_a3_proof_reconciliation_v0_2.md:655,a3_r2r6_cluster_execution_matrix_v1.md:212,a3_r2r6_cluster_execution_matrix_v1.md:221,a3_r2r6_trx_inventory.tsv:33,a3_r2r6_failed_run_census.tsv:2,a3_r2r6_failed_run_census.tsv:3,a3_r2r6_failed_run_census.tsv:4,a3_r2r6_failed_run_census.tsv:14
a3-r2r6-gp-agent-r5-red.trx	server	tests/TagEkyc.IntegrationTests/TestResults/a3-r2r6-gp-agent-r5-red.trx	EXISTING	tip_88c1_c6b_a3_proof_reconciliation_v0_2.md:647,a3_r2r6_cluster_execution_matrix_v1.md:211,a3_r2r6_trx_inventory.tsv:34
a3-r2r6-gt-o19-current-wrong-cause-red-v2.trx	server	tests/TagEkyc.IntegrationTests/TestResults/a3-r2r6-gt-o19-current-wrong-cause-red-v2.trx	EXISTING	a3_r2r6_remaining_failed_run_census.tsv:4,a3_r2r6_remaining_cluster_review_packet_v2.md:62
a3-r2r6-gt-o19-current-wrong-cause-red.trx	server	tests/TagEkyc.IntegrationTests/TestResults/a3-r2r6-gt-o19-current-wrong-cause-red.trx	EXISTING	a3_r2r6_remaining_cluster_review_packet_v2.md:69
a3-r2r6-gu-encryption-projection-current-red.trx	server	tests/TagEkyc.IntegrationTests/TestResults/a3-r2r6-gu-encryption-projection-current-red.trx	EXISTING	a3_r2r6_remaining_failed_run_census.tsv:2,a3_r2r6_remaining_cluster_review_packet_v2.md:60
a3-r2r6-http-replay-baseline.trx	server	tests/TagEkyc.IntegrationTests/TestResults/a3-r2r6-http-replay-baseline.trx	EXISTING	a3_r2r6_cluster_execution_matrix_v1.md:76,a3_r2r6_trx_inventory.tsv:35
a3-r2r6-nine-scenario-candidate-baseline.trx	server	tests/TagEkyc.IntegrationTests/TestResults/a3-r2r6-nine-scenario-candidate-baseline.trx	EXISTING	tip_88c1_c6b_a3_proof_reconciliation_v0_2.md:645,a3_r2r6_cluster_execution_matrix_v1.md:205,a3_r2r6_trx_inventory.tsv:36
a3-r2r6-nps-evidence-baseline-v2.trx	server	tests/TagEkyc.IntegrationTests/TestResults/a3-r2r6-nps-evidence-baseline-v2.trx	EXISTING	tip_88c1_c6b_a3_proof_reconciliation_v0_2.md:595,a3_r2r6_trx_inventory.tsv:37
a3-r2r6-nps-evidence-baseline.trx	server	tests/TagEkyc.IntegrationTests/TestResults/a3-r2r6-nps-evidence-baseline.trx	EXISTING	tip_88c1_c6b_a3_proof_reconciliation_v0_2.md:595,a3_r2r6_trx_inventory.tsv:38,a3_r2r6_failed_run_census.tsv:15
a3-r2r6-nps-evidence-disjunction-red.trx	server	tests/TagEkyc.IntegrationTests/TestResults/a3-r2r6-nps-evidence-disjunction-red.trx	EXISTING	tip_88c1_c6b_a3_proof_reconciliation_v0_2.md:597,a3_r2r6_trx_inventory.tsv:39,a3_r2r6_failed_run_census.tsv:16
a3-r2r6-o19-diagnostic.trx	server	tests/TagEkyc.IntegrationTests/TestResults/a3-r2r6-o19-diagnostic.trx	EXISTING	a3_r2r6_trx_inventory.tsv:40,a3_r2r6_failed_run_census.tsv:17
a3-r2r6-o19-hash-diagnostic.trx	server	tests/TagEkyc.IntegrationTests/TestResults/a3-r2r6-o19-hash-diagnostic.trx	EXISTING	a3_r2r6_trx_inventory.tsv:41
a3-r2r6-o19-negative-family-baseline-v2.trx	server	tests/TagEkyc.IntegrationTests/TestResults/a3-r2r6-o19-negative-family-baseline-v2.trx	EXISTING	a3_r2r6_trx_inventory.tsv:42,a3_r2r6_failed_run_census.tsv:18
a3-r2r6-o19-negative-family-baseline-v3.trx	server	tests/TagEkyc.IntegrationTests/TestResults/a3-r2r6-o19-negative-family-baseline-v3.trx	EXISTING	tip_88c1_c6b_a3_proof_reconciliation_v0_2.md:649,a3_r2r6_cluster_execution_matrix_v1.md:177,a3_r2r6_trx_inventory.tsv:43
a3-r2r6-o19-negative-family-baseline.trx	server	tests/TagEkyc.IntegrationTests/TestResults/a3-r2r6-o19-negative-family-baseline.trx	EXISTING	a3_r2r6_trx_inventory.tsv:44,a3_r2r6_failed_run_census.tsv:19
a3-r2r6-o19-notarmed-baseline-v2.trx	server	tests/TagEkyc.IntegrationTests/TestResults/a3-r2r6-o19-notarmed-baseline-v2.trx	EXISTING	a3_r2r6_trx_inventory.tsv:45
a3-r2r6-o19-notarmed-baseline.trx	server	tests/TagEkyc.IntegrationTests/TestResults/a3-r2r6-o19-notarmed-baseline.trx	EXISTING	a3_r2r6_trx_inventory.tsv:46,a3_r2r6_failed_run_census.tsv:20
a3-r2r6-o19-notarmed-guard-red.trx	server	tests/TagEkyc.IntegrationTests/TestResults/a3-r2r6-o19-notarmed-guard-red.trx	EXISTING	a3_r2r6_cluster_execution_matrix_v1.md:167,a3_r2r6_trx_inventory.tsv:47,a3_r2r6_failed_run_census.tsv:21
a3-r2r6-o19-ratified-sentinels.trx	server	tests/TagEkyc.IntegrationTests/TestResults/a3-r2r6-o19-ratified-sentinels.trx	EXISTING	a3_r2r6_cluster_execution_matrix_v1.md:167,a3_r2r6_trx_inventory.tsv:48
a3-r2r6-o19-restored-joined.trx	server	tests/TagEkyc.IntegrationTests/TestResults/a3-r2r6-o19-restored-joined.trx	EXISTING	a3_r2r6_cluster_execution_matrix_v1.md:167,a3_r2r6_trx_inventory.tsv:49
a3-r2r6-o19-wrong-cause-baseline.trx	server	tests/TagEkyc.IntegrationTests/TestResults/a3-r2r6-o19-wrong-cause-baseline.trx	EXISTING	a3_r2r6_trx_inventory.tsv:50
a3-r2r6-o19-wrong-cause-guard-red.trx	server	tests/TagEkyc.IntegrationTests/TestResults/a3-r2r6-o19-wrong-cause-guard-red.trx	EXISTING	a3_r2r6_cluster_execution_matrix_v1.md:167,a3_r2r6_trx_inventory.tsv:51,a3_r2r6_failed_run_census.tsv:22
a3-r2r6-p17-agent-kestrel-diagnostic-v2.trx	server	tests/TagEkyc.IntegrationTests/TestResults/a3-r2r6-p17-agent-kestrel-diagnostic-v2.trx	EXISTING	a3_r2r6_trx_inventory.tsv:52,a3_r2r6_failed_run_census.tsv:23
a3-r2r6-p17-agent-kestrel-diagnostic-v3.trx	server	tests/TagEkyc.IntegrationTests/TestResults/a3-r2r6-p17-agent-kestrel-diagnostic-v3.trx	EXISTING	a3_r2r6_trx_inventory.tsv:53,a3_r2r6_failed_run_census.tsv:24
a3-r2r6-p17-agent-kestrel-diagnostic-v4.trx	server	tests/TagEkyc.IntegrationTests/TestResults/a3-r2r6-p17-agent-kestrel-diagnostic-v4.trx	EXISTING	a3_r2r6_trx_inventory.tsv:54,a3_r2r6_failed_run_census.tsv:25
a3-r2r6-p17-agent-kestrel-diagnostic-v5.trx	server	tests/TagEkyc.IntegrationTests/TestResults/a3-r2r6-p17-agent-kestrel-diagnostic-v5.trx	EXISTING	a3_r2r6_trx_inventory.tsv:55,a3_r2r6_failed_run_census.tsv:26
a3-r2r6-p17-agent-kestrel-diagnostic-v6.trx	server	tests/TagEkyc.IntegrationTests/TestResults/a3-r2r6-p17-agent-kestrel-diagnostic-v6.trx	EXISTING	a3_r2r6_trx_inventory.tsv:56,a3_r2r6_failed_run_census.tsv:27
a3-r2r6-p17-kestrel-server-read-red.trx	server	tests/TagEkyc.IntegrationTests/TestResults/a3-r2r6-p17-kestrel-server-read-red.trx	EXISTING	tip_88c1_c6b_a3_proof_reconciliation_v0_2.md:633,a3_r2r6_cluster_execution_matrix_v1.md:92,a3_r2r6_trx_inventory.tsv:57,a3_r2r6_failed_run_census.tsv:28
a3-r2r6-p19-exact-first-response-baseline.trx	server	tests/TagEkyc.IntegrationTests/TestResults/a3-r2r6-p19-exact-first-response-baseline.trx	EXISTING	tip_88c1_c6b_a3_proof_reconciliation_v0_2.md:729,a3_r2r6_remaining_cluster_review_packet_v3.md:25
a3-r2r6-p19-first-response-projection-red.trx	server	tests/TagEkyc.IntegrationTests/TestResults/a3-r2r6-p19-first-response-projection-red.trx	EXISTING	tip_88c1_c6b_a3_proof_reconciliation_v0_2.md:729,a3_r2r6_remaining_failed_run_census.tsv:9,a3_r2r6_remaining_cluster_review_packet_v3.md:27
a3-r2r6-p20-ciphertext-current-source-red.trx	server	tests/TagEkyc.IntegrationTests/TestResults/a3-r2r6-p20-ciphertext-current-source-red.trx	EXISTING	tip_88c1_c6b_a3_proof_reconciliation_v0_2.md:731,a3_r2r6_remaining_failed_run_census.tsv:10,a3_r2r6_remaining_cluster_review_packet_v3.md:35
a3-r2r6-phase-c-positive-v2.trx	server	tests/TagEkyc.IntegrationTests/TestResults/a3-r2r6-phase-c-positive-v2.trx	EXISTING	a3_r2r6_trx_inventory.tsv:58,a3_r2r6_failed_run_census.tsv:29
a3-r2r6-phase-c-positive.trx	server	tests/TagEkyc.IntegrationTests/TestResults/a3-r2r6-phase-c-positive.trx	EXISTING	a3_r2r6_trx_inventory.tsv:59,a3_r2r6_failed_run_census.tsv:30
a3-r2r6-positive-absence-correction-check.trx	server	tests/TagEkyc.IntegrationTests/TestResults/a3-r2r6-positive-absence-correction-check.trx	EXISTING	a3_r2r6_trx_inventory.tsv:60,a3_r2r6_failed_run_census.tsv:31
a3-r2r6-positive-absence-correction-v2.trx	server	tests/TagEkyc.IntegrationTests/TestResults/a3-r2r6-positive-absence-correction-v2.trx	EXISTING	a3_r2r6_cluster_execution_matrix_v1.md:165,a3_r2r6_trx_inventory.tsv:61
a3-r2r6-positive-absence-shared-baseline.trx	server	tests/TagEkyc.IntegrationTests/TestResults/a3-r2r6-positive-absence-shared-baseline.trx	EXISTING	a3_r2r6_trx_inventory.tsv:62
a3-r2r6-re01-mechanism-phase-a-joined.trx	server	tests/TagEkyc.IntegrationTests/TestResults/a3-r2r6-re01-mechanism-phase-a-joined.trx	EXISTING	tip_88c1_c6b_a3_proof_reconciliation_v0_2.md:645,a3_r2r6_cluster_execution_matrix_v1.md:201,a3_r2r6_trx_inventory.tsv:63
a3-r2r6-remaining-cluster-restored-joined-final-v2.trx	server	tests/TagEkyc.IntegrationTests/TestResults/a3-r2r6-remaining-cluster-restored-joined-final-v2.trx	EXISTING	tip_88c1_c6b_a3_proof_reconciliation_v0_2.md:719,a3_r2r6_remaining_cluster_review_packet_v2.md:77
a3-r2r6-remaining-cluster-restored-joined-final.trx	server	tests/TagEkyc.IntegrationTests/TestResults/a3-r2r6-remaining-cluster-restored-joined-final.trx	EXISTING	tip_88c1_c6b_a3_proof_reconciliation_v0_2.md:719,a3_r2r6_remaining_cluster_review_packet_v2.md:77
a3-r2r6-replay-body-read-final-source-red.trx	server	tests/TagEkyc.IntegrationTests/TestResults/a3-r2r6-replay-body-read-final-source-red.trx	EXISTING	tip_88c1_c6b_a3_proof_reconciliation_v0_2.md:627,a3_r2r6_cluster_execution_matrix_v1.md:84,a3_r2r6_trx_inventory.tsv:64,a3_r2r6_failed_run_census.tsv:32,a3_r2r6_failed_run_census.tsv:33
a3-r2r6-replay-body-read-red.trx	server	tests/TagEkyc.IntegrationTests/TestResults/a3-r2r6-replay-body-read-red.trx	EXISTING	a3_r2r6_trx_inventory.tsv:65,a3_r2r6_failed_run_census.tsv:33
a3-r2r6-response-loss-diagnostic.trx	server	tests/TagEkyc.IntegrationTests/TestResults/a3-r2r6-response-loss-diagnostic.trx	EXISTING	a3_r2r6_trx_inventory.tsv:66
a3-r2r6-review-correction-restored-joined-final.trx	server	tests/TagEkyc.IntegrationTests/TestResults/a3-r2r6-review-correction-restored-joined-final.trx	EXISTING	tip_88c1_c6b_a3_proof_reconciliation_v0_2.md:733,a3_r2r6_remaining_cluster_review_packet_v3.md:39
a3-r2r6-seven-scenario-phase-a-joined.trx	server	tests/TagEkyc.IntegrationTests/TestResults/a3-r2r6-seven-scenario-phase-a-joined.trx	EXISTING	a3_r2r6_cluster_execution_matrix_v1.md:193,a3_r2r6_trx_inventory.tsv:67
a3-r2r6-shared-tls-devcert-diagnostic.trx	server	tests/TagEkyc.IntegrationTests/TestResults/a3-r2r6-shared-tls-devcert-diagnostic.trx	EXISTING	a3_r2r6_cluster_execution_matrix_v1.md:223,a3_r2r6_trx_inventory.tsv:68
a3-r2r6-shared-tls-diagnostic-v2.trx	server	tests/TagEkyc.IntegrationTests/TestResults/a3-r2r6-shared-tls-diagnostic-v2.trx	EXISTING	a3_r2r6_cluster_execution_matrix_v1.md:131,a3_r2r6_trx_inventory.tsv:69,a3_r2r6_failed_run_census.tsv:34
a3-r2r6-shared-tls-final-positive.trx	server	tests/TagEkyc.IntegrationTests/TestResults/a3-r2r6-shared-tls-final-positive.trx	EXISTING	a3_r2r6_cluster_execution_matrix_v1.md:131,a3_r2r6_cluster_execution_matrix_v1.md:223,a3_r2r6_trx_inventory.tsv:70
a3-r2r6-shared-tls-positive-control.trx	server	tests/TagEkyc.IntegrationTests/TestResults/a3-r2r6-shared-tls-positive-control.trx	EXISTING	a3_r2r6_cluster_execution_matrix_v1.md:131,a3_r2r6_trx_inventory.tsv:71,a3_r2r6_failed_run_census.tsv:35
a3-r2r6-terminal-unknown-object-correction-check.trx	server	tests/TagEkyc.IntegrationTests/TestResults/a3-r2r6-terminal-unknown-object-correction-check.trx	EXISTING	a3_r2r6_trx_inventory.tsv:72,a3_r2r6_failed_run_census.tsv:36
a3-r2r6-terminal-unknown-object-diagnostic-v2.trx	server	tests/TagEkyc.IntegrationTests/TestResults/a3-r2r6-terminal-unknown-object-diagnostic-v2.trx	EXISTING	a3_r2r6_trx_inventory.tsv:73,a3_r2r6_failed_run_census.tsv:37
a3-r2r6-th1-agent-r5-phase-a.trx	server	tests/TagEkyc.IntegrationTests/TestResults/a3-r2r6-th1-agent-r5-phase-a.trx	EXISTING	tip_88c1_c6b_a3_proof_reconciliation_v0_2.md:645,a3_r2r6_cluster_execution_matrix_v1.md:199,a3_r2r6_trx_inventory.tsv:74
a3-r2r6-th10-stage-catalogue-phase-a.trx	server	tests/TagEkyc.IntegrationTests/TestResults/a3-r2r6-th10-stage-catalogue-phase-a.trx	EXISTING	tip_88c1_c6b_a3_proof_reconciliation_v0_2.md:649,a3_r2r6_cluster_execution_matrix_v1.md:183,a3_r2r6_trx_inventory.tsv:75
a3-r2r6-th3-cancel-at-committed-phase-a-v2.trx	server	tests/TagEkyc.IntegrationTests/TestResults/a3-r2r6-th3-cancel-at-committed-phase-a-v2.trx	EXISTING	a3_r2r6_trx_inventory.tsv:76
a3-r2r6-th3-cancel-at-committed-phase-a-v3.trx	server	tests/TagEkyc.IntegrationTests/TestResults/a3-r2r6-th3-cancel-at-committed-phase-a-v3.trx	EXISTING	a3_r2r6_cluster_execution_matrix_v1.md:187,a3_r2r6_trx_inventory.tsv:77
a3-r2r6-th3-cancel-at-committed-phase-a.trx	server	tests/TagEkyc.IntegrationTests/TestResults/a3-r2r6-th3-cancel-at-committed-phase-a.trx	EXISTING	a3_r2r6_trx_inventory.tsv:78,a3_r2r6_failed_run_census.tsv:38
a3-r2r6-th4-th9-retry-phase-a.trx	server	tests/TagEkyc.IntegrationTests/TestResults/a3-r2r6-th4-th9-retry-phase-a.trx	EXISTING	a3_r2r6_cluster_execution_matrix_v1.md:191,a3_r2r6_trx_inventory.tsv:79
a3-r2r6-th6-agent-expired-lease-phase-a.trx	agent	tests/TagEkyc.CaptureAgent.Tests/TestResults/a3-r2r6-th6-agent-expired-lease-phase-a.trx	EXISTING	tip_88c1_c6b_a3_proof_reconciliation_v0_2.md:645,a3_r2r6_cluster_execution_matrix_v1.md:203,a3_r2r6_trx_inventory.tsv:80
a3-r2r6-th6-o20-replay-http-phase-a.trx	server	tests/TagEkyc.IntegrationTests/TestResults/a3-r2r6-th6-o20-replay-http-phase-a.trx	EXISTING	a3_r2r6_cluster_execution_matrix_v1.md:189,a3_r2r6_trx_inventory.tsv:81
a3-r2r6-th6-tampered-ciphertext-http-phase-a.trx	server	tests/TagEkyc.IntegrationTests/TestResults/a3-r2r6-th6-tampered-ciphertext-http-phase-a.trx	EXISTING	a3_r2r6_trx_inventory.tsv:82
a3-r2r6-th7-entry-gate-diagnostic.trx	server	tests/TagEkyc.IntegrationTests/TestResults/a3-r2r6-th7-entry-gate-diagnostic.trx	EXISTING	tip_88c1_c6b_a3_proof_reconciliation_v0_2.md:639,a3_r2r6_cluster_execution_matrix_v1.md:169,a3_r2r6_trx_inventory.tsv:83,a3_r2r6_failed_run_census.tsv:39
a3-r2r6-th7-extended-horizon-diagnostic.trx	server	tests/TagEkyc.IntegrationTests/TestResults/a3-r2r6-th7-extended-horizon-diagnostic.trx	EXISTING	a3_r2r6_trx_inventory.tsv:84,a3_r2r6_failed_run_census.tsv:40
a3-r2r6-th7-long-margin-diagnostic.trx	server	tests/TagEkyc.IntegrationTests/TestResults/a3-r2r6-th7-long-margin-diagnostic.trx	EXISTING	a3_r2r6_trx_inventory.tsv:85,a3_r2r6_failed_run_census.tsv:41
a3-r2r6-th7-publication-insert-diagnostic.trx	server	tests/TagEkyc.IntegrationTests/TestResults/a3-r2r6-th7-publication-insert-diagnostic.trx	EXISTING	a3_r2r6_trx_inventory.tsv:86,a3_r2r6_failed_run_census.tsv:42
a3-r2r6-th7-quay-entry-gate-diagnostic.trx	server	tests/TagEkyc.IntegrationTests/TestResults/a3-r2r6-th7-quay-entry-gate-diagnostic.trx	EXISTING	a3_r2r6_trx_inventory.tsv:87
a3-r2r6-th7-quay-fixture-sentinels.trx	server	tests/TagEkyc.IntegrationTests/TestResults/a3-r2r6-th7-quay-fixture-sentinels.trx	EXISTING	tip_88c1_c6b_a3_proof_reconciliation_v0_2.md:639,a3_r2r6_cluster_execution_matrix_v1.md:171,a3_r2r6_trx_inventory.tsv:88
a3-r2r6-th7-quay-hardened-focused.trx	server	tests/TagEkyc.IntegrationTests/TestResults/a3-r2r6-th7-quay-hardened-focused.trx	EXISTING	tip_88c1_c6b_a3_proof_reconciliation_v0_2.md:641,a3_r2r6_cluster_execution_matrix_v1.md:173,a3_r2r6_trx_inventory.tsv:89
a3-r2r6-th7-quay-restored-four-scenario.trx	server	tests/TagEkyc.IntegrationTests/TestResults/a3-r2r6-th7-quay-restored-four-scenario.trx	EXISTING	tip_88c1_c6b_a3_proof_reconciliation_v0_2.md:641,a3_r2r6_cluster_execution_matrix_v1.md:173,a3_r2r6_trx_inventory.tsv:90
a3-r2r6-th7-restored-three-scenario.trx	server	tests/TagEkyc.IntegrationTests/TestResults/a3-r2r6-th7-restored-three-scenario.trx	EXISTING	a3_r2r6_trx_inventory.tsv:91
a3-r2r6-th7-same-source-diagnostic.trx	server	tests/TagEkyc.IntegrationTests/TestResults/a3-r2r6-th7-same-source-diagnostic.trx	EXISTING	a3_r2r6_trx_inventory.tsv:92,a3_r2r6_failed_run_census.tsv:43
a3-r2r6-th7-skip-cleanup-red.trx	server	tests/TagEkyc.IntegrationTests/TestResults/a3-r2r6-th7-skip-cleanup-red.trx	EXISTING	tip_88c1_c6b_a3_proof_reconciliation_v0_2.md:641,a3_r2r6_cluster_execution_matrix_v1.md:173,a3_r2r6_trx_inventory.tsv:93,a3_r2r6_failed_run_census.tsv:44
a3-r2r6-th8-agent-reentry-phase-a.trx	server	tests/TagEkyc.IntegrationTests/TestResults/a3-r2r6-th8-agent-reentry-phase-a.trx	EXISTING	tip_88c1_c6b_a3_proof_reconciliation_v0_2.md:645,a3_r2r6_cluster_execution_matrix_v1.md:195,a3_r2r6_trx_inventory.tsv:94
a3-r2r6-th8-successor-r2r5-phase-a-v2.trx	server	tests/TagEkyc.IntegrationTests/TestResults/a3-r2r6-th8-successor-r2r5-phase-a-v2.trx	EXISTING	a3_r2r6_cluster_execution_matrix_v1.md:185,a3_r2r6_trx_inventory.tsv:95
a3-r2r6-th8-successor-r2r5-phase-a.trx	server	tests/TagEkyc.IntegrationTests/TestResults/a3-r2r6-th8-successor-r2r5-phase-a.trx	EXISTING	a3_r2r6_trx_inventory.tsv:96,a3_r2r6_failed_run_census.tsv:45
a3-r2r6-th9-encryption-failure-phase-a-v2.trx	server	tests/TagEkyc.IntegrationTests/TestResults/a3-r2r6-th9-encryption-failure-phase-a-v2.trx	EXISTING	a3_r2r6_trx_inventory.tsv:97
a3-r2r6-th9-encryption-failure-phase-a.trx	server	tests/TagEkyc.IntegrationTests/TestResults/a3-r2r6-th9-encryption-failure-phase-a.trx	EXISTING	a3_r2r6_trx_inventory.tsv:98,a3_r2r6_failed_run_census.tsv:46
a3-r2r6-th9-encryption-failure-wire-phase-a-v2.trx	server	tests/TagEkyc.IntegrationTests/TestResults/a3-r2r6-th9-encryption-failure-wire-phase-a-v2.trx	EXISTING	a3_r2r6_cluster_execution_matrix_v1.md:179,a3_r2r6_trx_inventory.tsv:99
a3-r2r6-th9-encryption-reconciliation-phase-a.trx	server	tests/TagEkyc.IntegrationTests/TestResults/a3-r2r6-th9-encryption-reconciliation-phase-a.trx	EXISTING	a3_r2r6_cluster_execution_matrix_v1.md:181,a3_r2r6_trx_inventory.tsv:100
a3-r2r6-ti-r3-baseline.trx	server	tests/TagEkyc.IntegrationTests/TestResults/a3-r2r6-ti-r3-baseline.trx	EXISTING	a3_r2r6_trx_inventory.tsv:101
a3-r2r6-ti-r3-final-baseline.trx	server	tests/TagEkyc.IntegrationTests/TestResults/a3-r2r6-ti-r3-final-baseline.trx	EXISTING	tip_88c1_c6b_a3_proof_reconciliation_v0_2.md:587,a3_r2r6_trx_inventory.tsv:102
a3-r2r6-ti-r3-final-guard-red.trx	server	tests/TagEkyc.IntegrationTests/TestResults/a3-r2r6-ti-r3-final-guard-red.trx	EXISTING	tip_88c1_c6b_a3_proof_reconciliation_v0_2.md:587,a3_r2r6_trx_inventory.tsv:103,a3_r2r6_failed_run_census.tsv:47,a3_r2r6_failed_run_census.tsv:49
a3-r2r6-ti-r3-final-restored-joined-v2.trx	server	tests/TagEkyc.IntegrationTests/TestResults/a3-r2r6-ti-r3-final-restored-joined-v2.trx	EXISTING	tip_88c1_c6b_a3_proof_reconciliation_v0_2.md:589,a3_r2r6_trx_inventory.tsv:104
a3-r2r6-ti-r3-final-restored-joined.trx	server	tests/TagEkyc.IntegrationTests/TestResults/a3-r2r6-ti-r3-final-restored-joined.trx	EXISTING	tip_88c1_c6b_a3_proof_reconciliation_v0_2.md:589,a3_r2r6_trx_inventory.tsv:105,a3_r2r6_failed_run_census.tsv:48
a3-r2r6-ti-r3-guard-red.trx	server	tests/TagEkyc.IntegrationTests/TestResults/a3-r2r6-ti-r3-guard-red.trx	EXISTING	a3_r2r6_trx_inventory.tsv:106,a3_r2r6_failed_run_census.tsv:49
a3-r2r6-ti-r3-restored-green.trx	server	tests/TagEkyc.IntegrationTests/TestResults/a3-r2r6-ti-r3-restored-green.trx	EXISTING	a3_r2r6_trx_inventory.tsv:107
a3-r2r6-transport-candidate-focused.trx	server	tests/TagEkyc.IntegrationTests/TestResults/a3-r2r6-transport-candidate-focused.trx	EXISTING	a3_r2r6_trx_inventory.tsv:108
a3-r2r6-transport-candidate-joined-baseline.trx	server	tests/TagEkyc.IntegrationTests/TestResults/a3-r2r6-transport-candidate-joined-baseline.trx	EXISTING	a3_r2r6_trx_inventory.tsv:109
a3-r2r6-transport-three-scenario-diagnostic.trx	server	tests/TagEkyc.IntegrationTests/TestResults/a3-r2r6-transport-three-scenario-diagnostic.trx	EXISTING	a3_r2r6_trx_inventory.tsv:110
a3-readiness-fixture-corrected-final-joined.trx	server	tests/TagEkyc.IntegrationTests/TestResults/a3-readiness-fixture-corrected-final-joined.trx	EXISTING	tip_88c1_c6b_a3_proof_reconciliation_v0_2.md:568
a3-readiness-fixture-corrected-focused-green.trx	server	tests/TagEkyc.IntegrationTests/TestResults/a3-readiness-fixture-corrected-focused-green.trx	EXISTING	tip_88c1_c6b_a3_proof_reconciliation_v0_2.md:568
a3-readiness-fixture-p24-timebounds-red.trx	server	tests/TagEkyc.IntegrationTests/TestResults/a3-readiness-fixture-p24-timebounds-red.trx	EXISTING	tip_88c1_c6b_a3_proof_reconciliation_v0_2.md:568
a3-readiness-fixture-p25-upper-red.trx	server	tests/TagEkyc.IntegrationTests/TestResults/a3-readiness-fixture-p25-upper-red.trx	EXISTING	tip_88c1_c6b_a3_proof_reconciliation_v0_2.md:568
a3-readiness-p24-activated-baseline-red.trx	server	tests/TagEkyc.IntegrationTests/TestResults/a3-readiness-p24-activated-baseline-red.trx	EXISTING	tip_88c1_c6b_a3_proof_reconciliation_v0_2.md:554
a3-readiness-p24-bounds-final-joined.trx	server	tests/TagEkyc.ArchTests/TestResults/a3-readiness-p24-bounds-final-joined.trx	EXISTING	tip_88c1_c6b_a3_proof_reconciliation_v0_2.md:554
a3-readiness-p24-existing-bounds-joined.trx	server	tests/TagEkyc.ArchTests/TestResults/a3-readiness-p24-existing-bounds-joined.trx	EXISTING	tip_88c1_c6b_a3_proof_reconciliation_v0_2.md:455
a3-readiness-p24-p25-host-joined-green.trx	server	tests/TagEkyc.IntegrationTests/TestResults/a3-readiness-p24-p25-host-joined-green.trx	EXISTING	tip_88c1_c6b_a3_proof_reconciliation_v0_2.md:554
a3-readiness-p24-p25-restored-focused.trx	server	tests/TagEkyc.IntegrationTests/TestResults/a3-readiness-p24-p25-restored-focused.trx	EXISTING	tip_88c1_c6b_a3_proof_reconciliation_v0_2.md:554
a3-readiness-p24-timebounds-guard-red.trx	server	tests/TagEkyc.IntegrationTests/TestResults/a3-readiness-p24-timebounds-guard-red.trx	EXISTING	tip_88c1_c6b_a3_proof_reconciliation_v0_2.md:554
a3-readiness-p25-p26-final-joined.trx	server	tests/TagEkyc.IntegrationTests/TestResults/a3-readiness-p25-p26-final-joined.trx	EXISTING	tip_88c1_c6b_a3_proof_reconciliation_v0_2.md:463
a3-readiness-p25-p26-restored-joined.trx	server	tests/TagEkyc.IntegrationTests/TestResults/a3-readiness-p25-p26-restored-joined.trx	EXISTING	tip_88c1_c6b_a3_proof_reconciliation_v0_2.md:457,tip_88c1_c6b_a3_proof_reconciliation_v0_2.md:461
a3-readiness-p25-upper-baseline-red.trx	server	tests/TagEkyc.IntegrationTests/TestResults/a3-readiness-p25-upper-baseline-red.trx	EXISTING	tip_88c1_c6b_a3_proof_reconciliation_v0_2.md:552
a3-readiness-p25-upper-corrected-green.trx	server	tests/TagEkyc.IntegrationTests/TestResults/a3-readiness-p25-upper-corrected-green.trx	EXISTING	tip_88c1_c6b_a3_proof_reconciliation_v0_2.md:552
a3-retained-stage-second.trx	server	tests/TagEkyc.IntegrationTests/TestResults/a3-retained-stage-second.trx	EXISTING	tip_88c1_c6b_a3_implementation_ledger.md:315
a3-round2-p1-binding-gate-red.trx	agent	tests/TagEkyc.CaptureAgent.Tests/TestResults/a3-round2-p1-binding-gate-red.trx	EXISTING	tip_88c1_c6b_a3_proof_reconciliation_v0_2.md:206
a3-round2-p2-sticky-red.trx	agent	tests/TagEkyc.CaptureAgent.Tests/TestResults/a3-round2-p2-sticky-red.trx	EXISTING	tip_88c1_c6b_a3_proof_reconciliation_v0_2.md:205
a3-round2-r25-crossrepo-optin-v2.trx	server	tests/TagEkyc.IntegrationTests/TestResults/a3-round2-r25-crossrepo-optin-v2.trx	EXISTING	tip_88c1_c6b_a3_proof_reconciliation_v0_2.md:208
a3-round2-retained-final-current.trx	agent	tests/TagEkyc.CaptureAgent.Tests/TestResults/a3-round2-retained-final-current.trx	EXISTING	tip_88c1_c6b_a3_proof_reconciliation_v0_2.md:207
a3-round3-agent-full-final.trx	agent	tests/TagEkyc.CaptureAgent.Tests/TestResults/a3-round3-agent-full-final.trx	EXISTING	tip_88c1_c6b_a3_proof_reconciliation_v0_2.md:223
a3-round3-f2-reset-green.trx	agent	tests/TagEkyc.CaptureAgent.Tests/TestResults/a3-round3-f2-reset-green.trx	EXISTING	tip_88c1_c6b_a3_proof_reconciliation_v0_2.md:221
a3-round3-f2-reset-red.trx	agent	tests/TagEkyc.CaptureAgent.Tests/TestResults/a3-round3-f2-reset-red.trx	EXISTING	tip_88c1_c6b_a3_proof_reconciliation_v0_2.md:220
a3-round3-retained-restored.trx	agent	tests/TagEkyc.CaptureAgent.Tests/TestResults/a3-round3-retained-restored.trx	EXISTING	tip_88c1_c6b_a3_proof_reconciliation_v0_2.md:222
a3-round4-agent-full-final-v2.trx	agent	tests/TagEkyc.CaptureAgent.Tests/TestResults/a3-round4-agent-full-final-v2.trx	EXISTING	tip_88c1_c6b_a3_proof_reconciliation_v0_2.md:244
a3-round4-b1-early-acceptance-red-v2.trx	agent	tests/TagEkyc.CaptureAgent.Tests/TestResults/a3-round4-b1-early-acceptance-red-v2.trx	EXISTING	tip_88c1_c6b_a3_proof_reconciliation_v0_2.md:236
a3-round4-b1-owner-acceptance-red.trx	agent	tests/TagEkyc.CaptureAgent.Tests/TestResults/a3-round4-b1-owner-acceptance-red.trx	EXISTING	tip_88c1_c6b_a3_proof_reconciliation_v0_2.md:237
a3-round4-b2-config-timeout-shape-red.trx	agent	tests/TagEkyc.CaptureAgent.Tests/TestResults/a3-round4-b2-config-timeout-shape-red.trx	EXISTING	tip_88c1_c6b_a3_proof_reconciliation_v0_2.md:240
a3-round4-b2-not-before-refresh-red.trx	agent	tests/TagEkyc.CaptureAgent.Tests/TestResults/a3-round4-b2-not-before-refresh-red.trx	EXISTING	tip_88c1_c6b_a3_proof_reconciliation_v0_2.md:239
a3-round4-b2-refresh-red.trx	agent	tests/TagEkyc.CaptureAgent.Tests/TestResults/a3-round4-b2-refresh-red.trx	EXISTING	tip_88c1_c6b_a3_proof_reconciliation_v0_2.md:238
a3-round4-b3-not-before-red.trx	agent	tests/TagEkyc.CaptureAgent.Tests/TestResults/a3-round4-b3-not-before-red.trx	EXISTING	tip_88c1_c6b_a3_proof_reconciliation_v0_2.md:242
a3-round4-b3-pre-gate-red.trx	agent	tests/TagEkyc.CaptureAgent.Tests/TestResults/a3-round4-b3-pre-gate-red.trx	EXISTING	tip_88c1_c6b_a3_proof_reconciliation_v0_2.md:241
a3-round4-r25-crossrepo-final-v2.trx	server	tests/TagEkyc.IntegrationTests/TestResults/a3-round4-r25-crossrepo-final-v2.trx	EXISTING	tip_88c1_c6b_a3_proof_reconciliation_v0_2.md:245
a3-round4-retained-final-v2.trx	agent	tests/TagEkyc.CaptureAgent.Tests/TestResults/a3-round4-retained-final-v2.trx	EXISTING	tip_88c1_c6b_a3_proof_reconciliation_v0_2.md:243
a3-round6-s02-excluded-const-only-green.trx	server	tests/TagEkyc.IntegrationTests/TestResults/a3-round6-s02-excluded-const-only-green.trx	EXISTING	tip_88c1_c6b_a3_proof_reconciliation_v0_2.md:281
a3-round6-s02-excluded-const-only-red.trx	server	tests/TagEkyc.IntegrationTests/TestResults/a3-round6-s02-excluded-const-only-red.trx	EXISTING	tip_88c1_c6b_a3_proof_reconciliation_v0_2.md:280
a3-round6-s02-excluded-enum-const-green.trx	server	tests/TagEkyc.IntegrationTests/TestResults/a3-round6-s02-excluded-enum-const-green.trx	EXISTING	tip_88c1_c6b_a3_proof_reconciliation_v0_2.md:279
a3-round6-s02-excluded-enum-const-red.trx	server	tests/TagEkyc.IntegrationTests/TestResults/a3-round6-s02-excluded-enum-const-red.trx	EXISTING	tip_88c1_c6b_a3_proof_reconciliation_v0_2.md:278
a3-round6-s02-final-state-green.trx	server	tests/TagEkyc.IntegrationTests/TestResults/a3-round6-s02-final-state-green.trx	EXISTING	tip_88c1_c6b_a3_proof_reconciliation_v0_2.md:282
a3-round6-s02-omission-green.trx	server	tests/TagEkyc.IntegrationTests/TestResults/a3-round6-s02-omission-green.trx	EXISTING	tip_88c1_c6b_a3_proof_reconciliation_v0_2.md:277
a3-round6-s02-omission-red.trx	server	tests/TagEkyc.IntegrationTests/TestResults/a3-round6-s02-omission-red.trx	EXISTING	tip_88c1_c6b_a3_proof_reconciliation_v0_2.md:276
a3-round7-s02-excluded-value-green.trx	server	tests/TagEkyc.IntegrationTests/TestResults/a3-round7-s02-excluded-value-green.trx	EXISTING	tip_88c1_c6b_a3_proof_reconciliation_v0_2.md:293
a3-round7-s02-excluded-value-red.trx	server	tests/TagEkyc.IntegrationTests/TestResults/a3-round7-s02-excluded-value-red.trx	EXISTING	tip_88c1_c6b_a3_proof_reconciliation_v0_2.md:292
a3-round7-s02-http-status-green.trx	server	tests/TagEkyc.IntegrationTests/TestResults/a3-round7-s02-http-status-green.trx	EXISTING	tip_88c1_c6b_a3_proof_reconciliation_v0_2.md:295
a3-round7-s02-http-status-red.trx	server	tests/TagEkyc.IntegrationTests/TestResults/a3-round7-s02-http-status-red.trx	EXISTING	tip_88c1_c6b_a3_proof_reconciliation_v0_2.md:294
a3-s02-agent-extra-field-red.trx	server	tests/TagEkyc.IntegrationTests/TestResults/a3-s02-agent-extra-field-red.trx	EXISTING	tip_88c1_c6b_a3_proof_reconciliation_v0_2.md:391
a3-s02-agent-malformed-focused.trx	agent	tests/TagEkyc.CaptureAgent.Tests/TestResults/a3-s02-agent-malformed-focused.trx	EXISTING	tip_88c1_c6b_a3_proof_reconciliation_v0_2.md:393
a3-s02-all14-focused-v3.trx	server	tests/TagEkyc.IntegrationTests/TestResults/a3-s02-all14-focused-v3.trx	EXISTING	tip_88c1_c6b_a3_proof_reconciliation_v0_2.md:439
a3-s02-all14-focused.trx	server	tests/TagEkyc.IntegrationTests/TestResults/a3-s02-all14-focused.trx	EXISTING	tip_88c1_c6b_a3_proof_reconciliation_v0_2.md:441
a3-s02-all14-joined-final-v2.trx	server	tests/TagEkyc.IntegrationTests/TestResults/a3-s02-all14-joined-final-v2.trx	EXISTING	tip_88c1_c6b_a3_proof_reconciliation_v0_2.md:380,tip_88c1_c6b_a3_proof_reconciliation_v0_2.md:439
a3-s02-all14-o23-red.trx	server	tests/TagEkyc.IntegrationTests/TestResults/a3-s02-all14-o23-red.trx	EXISTING	tip_88c1_c6b_a3_proof_reconciliation_v0_2.md:439
a3-s02-all21-malformed-agent-focused.trx	server	tests/TagEkyc.IntegrationTests/TestResults/a3-s02-all21-malformed-agent-focused.trx	EXISTING	tip_88c1_c6b_a3_proof_reconciliation_v0_2.md:390
a3-s02-all21-omission-red.trx	server	tests/TagEkyc.IntegrationTests/TestResults/a3-s02-all21-omission-red.trx	EXISTING	tip_88c1_c6b_a3_proof_reconciliation_v0_2.md:377
a3-s02-owner-mapper-code-red.trx	server	tests/TagEkyc.IntegrationTests/TestResults/a3-s02-owner-mapper-code-red.trx	EXISTING	tip_88c1_c6b_a3_proof_reconciliation_v0_2.md:261
a3-s02-owner-mapper-duplicate-red.trx	server	tests/TagEkyc.IntegrationTests/TestResults/a3-s02-owner-mapper-duplicate-red.trx	EXISTING	tip_88c1_c6b_a3_proof_reconciliation_v0_2.md:259
a3-s02-owner-mapper-final-v2.trx	server	tests/TagEkyc.IntegrationTests/TestResults/a3-s02-owner-mapper-final-v2.trx	EXISTING	tip_88c1_c6b_a3_proof_reconciliation_v0_2.md:262
a3-s02-owner-mapper-restored-green.trx	server	tests/TagEkyc.IntegrationTests/TestResults/a3-s02-owner-mapper-restored-green.trx	EXISTING	tip_88c1_c6b_a3_proof_reconciliation_v0_2.md:260
a3-s02-owner-mapper-v3.trx	server	tests/TagEkyc.IntegrationTests/TestResults/a3-s02-owner-mapper-v3.trx	EXISTING	tip_88c1_c6b_a3_proof_reconciliation_v0_2.md:258
a3-s02-server-agent-all21-focused.trx	server	tests/TagEkyc.IntegrationTests/TestResults/a3-s02-server-agent-all21-focused.trx	EXISTING	tip_88c1_c6b_a3_proof_reconciliation_v0_2.md:375
a3-s02-server-agent-ledger-final-restored.trx	server	tests/TagEkyc.IntegrationTests/TestResults/a3-s02-server-agent-ledger-final-restored.trx	EXISTING	tip_88c1_c6b_a3_proof_reconciliation_v0_2.md:378
a3-s02-server-agent-shape-final.trx	server	tests/TagEkyc.IntegrationTests/TestResults/a3-s02-server-agent-shape-final.trx	EXISTING	tip_88c1_c6b_a3_proof_reconciliation_v0_2.md:392
a3-s02-server-agent-status-red.trx	server	tests/TagEkyc.IntegrationTests/TestResults/a3-s02-server-agent-status-red.trx	EXISTING	tip_88c1_c6b_a3_proof_reconciliation_v0_2.md:376
a3-s02-server-shape-guard-green.trx	server	tests/TagEkyc.IntegrationTests/TestResults/a3-s02-server-shape-guard-green.trx	EXISTING	tip_88c1_c6b_a3_proof_reconciliation_v0_2.md:306
a3-s02-server-shape-guard-red.trx	server	tests/TagEkyc.IntegrationTests/TestResults/a3-s02-server-shape-guard-red.trx	EXISTING	tip_88c1_c6b_a3_proof_reconciliation_v0_2.md:305
a3-s02-shape-and-ledger-final.trx	server	tests/TagEkyc.IntegrationTests/TestResults/a3-s02-shape-and-ledger-final.trx	EXISTING	tip_88c1_c6b_a3_proof_reconciliation_v0_2.md:307
a3-snapshot-acl-mutation.trx	server	tests/TagEkyc.IntegrationTests/TestResults/a3-snapshot-acl-mutation.trx	EXISTING	tip_88c1_c6b_a3_implementation_ledger.md:194
a3-snapshot-clock-mutation.trx	server	tests/TagEkyc.IntegrationTests/TestResults/a3-snapshot-clock-mutation.trx	EXISTING	tip_88c1_c6b_a3_implementation_ledger.md:195
a3-snapshot-guarded-roundtrip.trx	server	tests/TagEkyc.IntegrationTests/TestResults/a3-snapshot-guarded-roundtrip.trx	EXISTING	tip_88c1_c6b_a3_implementation_ledger.md:165
a3-snapshot-head-mutation.trx	server	tests/TagEkyc.IntegrationTests/TestResults/a3-snapshot-head-mutation.trx	EXISTING	tip_88c1_c6b_a3_implementation_ledger.md:197
a3-snapshot-prefix-mutation.trx	server	tests/TagEkyc.IntegrationTests/TestResults/a3-snapshot-prefix-mutation.trx	EXISTING	tip_88c1_c6b_a3_implementation_ledger.md:196
a3-snapshot-rebind-arch-final.trx	server	tests/TagEkyc.ArchTests/TestResults/a3-snapshot-rebind-arch-final.trx	EXISTING	tip_88c1_c6b_a3_implementation_ledger.md:684
a3-snapshot-rebind-arch.trx	server	tests/TagEkyc.ArchTests/TestResults/a3-snapshot-rebind-arch.trx	EXISTING	tip_88c1_c6b_a3_implementation_ledger.md:633
a3-snapshot-rebind-e01-final.trx	server	tests/TagEkyc.IntegrationTests/TestResults/a3-snapshot-rebind-e01-final.trx	EXISTING	tip_88c1_c6b_a3_implementation_ledger.md:682
a3-snapshot-rebind-regression.trx	server	tests/TagEkyc.IntegrationTests/TestResults/a3-snapshot-rebind-regression.trx	EXISTING	tip_88c1_c6b_a3_implementation_ledger.md:641
a3-snapshot-rebind-three.trx	server	tests/TagEkyc.IntegrationTests/TestResults/a3-snapshot-rebind-three.trx	EXISTING	tip_88c1_c6b_a3_implementation_ledger.md:632
a3-snapshot-rebind-withdrawal-restored.trx	server	tests/TagEkyc.IntegrationTests/TestResults/a3-snapshot-rebind-withdrawal-restored.trx	EXISTING	tip_88c1_c6b_a3_implementation_ledger.md:679
a3-snapshot-v2-restored.trx	server	tests/TagEkyc.IntegrationTests/TestResults/a3-snapshot-v2-restored.trx	EXISTING	tip_88c1_c6b_a3_implementation_ledger.md:198
a3-stage-legacy.trx	server	tests/TagEkyc.IntegrationTests/TestResults/a3-stage-legacy.trx	EXISTING	tip_88c1_c6b_a3_implementation_ledger.md:256
a3-stage-v2-current.trx	server	tests/TagEkyc.IntegrationTests/TestResults/a3-stage-v2-current.trx	EXISTING	tip_88c1_c6b_a3_implementation_ledger.md:257
a3-unit-prepared-restored.trx	server	tests/TagEkyc.UnitTests/TestResults/a3-unit-prepared-restored.trx	EXISTING	tip_88c1_c6b_a3_implementation_ledger.md:118
a3-unit-snapshot-model.trx	server	tests/TagEkyc.UnitTests/TestResults/a3-unit-snapshot-model.trx	EXISTING	tip_88c1_c6b_a3_implementation_ledger.md:193
a3-unit-stage-current.trx	server	tests/TagEkyc.UnitTests/TestResults/a3-unit-stage-current.trx	EXISTING	tip_88c1_c6b_a3_implementation_ledger.md:255
a3-w1-go21-adjacent-green-diagnostic.trx	server	tests/TagEkyc.IntegrationTests/TestResults/a3-w1-go21-adjacent-green-diagnostic.trx	EXISTING	tip_88c1_c6b_a3_proof_reconciliation_v0_2.md:745,a3_macro_wave_w1_r2r6_trx_inventory.tsv:3,a3_macro_wave_w1_r2r6_review_packet_v1.md:32
a3-w1-go21-broker-projection-red.trx	server	tests/TagEkyc.IntegrationTests/TestResults/a3-w1-go21-broker-projection-red.trx	EXISTING	tip_88c1_c6b_a3_proof_reconciliation_v0_2.md:745,a3_macro_wave_w1_r2r6_trx_inventory.tsv:4,a3_macro_wave_w1_r2r6_failed_run_census.tsv:2,a3_macro_wave_w1_r2r6_review_packet_v1.md:30
a3-w1-p21-baseline-current.trx	server	tests/TagEkyc.IntegrationTests/TestResults/a3-w1-p21-baseline-current.trx	EXISTING	a3_macro_wave_w1_r2r6_trx_inventory.tsv:2,a3_macro_wave_w1_r2r6_review_packet_v1.md:28
a3-w1-r2r6-restored-joined-final.trx	server	tests/TagEkyc.IntegrationTests/TestResults/a3-w1-r2r6-restored-joined-final.trx	EXISTING	tip_88c1_c6b_a3_proof_reconciliation_v0_2.md:747,a3_r2r6_remaining_cluster_execution_matrix_v2.md:83,a3_macro_wave_w1_r2r6_trx_inventory.tsv:5,a3_macro_wave_w1_r2r6_review_packet_v1.md:45
a3-w2-assembly-shared-baseline.trx	server	TestResults/a3-w2/a3-w2-assembly-shared-baseline.trx	EXISTING	a3_macro_wave_w2_trx_inventory_v2.tsv:9,a3_macro_wave_w2_failed_run_census_v2.tsv:5
a3-w2-assembly-shared-restored.trx	server	TestResults/a3-w2/a3-w2-assembly-shared-restored.trx	EXISTING	a3_macro_wave_w2_trx_inventory_v2.tsv:10,a3_macro_wave_w2_failed_run_census_v2.tsv:5
a3-w2-current-source-ratified-sentinel.trx	server	tests/TagEkyc.IntegrationTests/TestResults/a3-w2/a3-w2-current-source-ratified-sentinel.trx	EXISTING	tip_88c1_c6b_a3_proof_reconciliation_v0_2.md:787,a3_macro_wave_w2_trx_inventory_v2.tsv:14,a3_macro_wave_w2_review_packet_v2.md:61
a3-w2-horizontal-baseline.trx	server	TestResults/a3-w2/a3-w2-horizontal-baseline.trx	EXISTING	a3_macro_wave_w2_trx_inventory_v2.tsv:11,a3_macro_wave_w2_failed_run_census_v2.tsv:6
a3-w2-horizontal-current-baseline.trx	server	tests/TagEkyc.IntegrationTests/TestResults/a3-w2/a3-w2-horizontal-current-baseline.trx	EXISTING	a3_macro_wave_w2_trx_inventory.tsv:2,a3_macro_wave_w2_review_packet_v1.md:22,a3_macro_wave_w2_trx_inventory_v2.tsv:2,a3_macro_wave_w2_failed_run_census_v2.tsv:6
a3-w2-horizontal-current-guards-red.trx	server	tests/TagEkyc.IntegrationTests/TestResults/a3-w2/a3-w2-horizontal-current-guards-red.trx	EXISTING	a3_macro_wave_w2_trx_inventory.tsv:3,a3_macro_wave_w2_failed_run_census.tsv:2,a3_macro_wave_w2_failed_run_census.tsv:3,a3_macro_wave_w2_review_packet_v1.md:32,a3_macro_wave_w2_trx_inventory_v2.tsv:3,a3_macro_wave_w2_failed_run_census_v2.tsv:2,a3_macro_wave_w2_failed_run_census_v2.tsv:3
a3-w2-horizontal-final-restored-joined.trx	server	tests/TagEkyc.IntegrationTests/TestResults/a3-w2/a3-w2-horizontal-final-restored-joined.trx	EXISTING	tip_88c1_c6b_a3_proof_reconciliation_v0_2.md:769,a3_macro_wave_w2_trx_inventory.tsv:8,a3_macro_wave_w2_review_packet_v1.md:65,a3_macro_wave_w2_trx_inventory_v2.tsv:8
a3-w2-horizontal-guard-matrix-red.trx	server	tests/TagEkyc.IntegrationTests/TestResults/a3-w2/a3-w2-horizontal-guard-matrix-red.trx	EXISTING	a3_macro_wave_w2_trx_inventory.tsv:4,a3_macro_wave_w2_failed_run_census.tsv:3,a3_macro_wave_w2_review_packet_v1.md:40,a3_macro_wave_w2_trx_inventory_v2.tsv:4,a3_macro_wave_w2_failed_run_census_v2.tsv:3
a3-w2-horizontal-restored-joined.trx	server	tests/TagEkyc.IntegrationTests/TestResults/a3-w2/a3-w2-horizontal-restored-joined.trx	EXISTING	a3_macro_wave_w2_trx_inventory.tsv:5,a3_macro_wave_w2_trx_inventory_v2.tsv:5
a3-w2-horizontal-retry.trx	server	TestResults/a3-w2/a3-w2-horizontal-retry.trx	EXISTING	a3_macro_wave_w2_trx_inventory_v2.tsv:12,a3_macro_wave_w2_failed_run_census_v2.tsv:7
a3-w2-o12-restored.trx	server	TestResults/a3-w2/a3-w2-o12-restored.trx	EXISTING	a3_macro_wave_w2_trx_inventory_v2.tsv:13,a3_macro_wave_w2_failed_run_census_v2.tsv:7
a3-w2-worker-caller-red.trx	server	tests/TagEkyc.IntegrationTests/TestResults/a3-w2/a3-w2-worker-caller-red.trx	EXISTING	a3_macro_wave_w2_trx_inventory.tsv:7,a3_macro_wave_w2_failed_run_census.tsv:4,a3_macro_wave_w2_review_packet_v1.md:48,a3_macro_wave_w2_trx_inventory_v2.tsv:7,a3_macro_wave_w2_failed_run_census_v2.tsv:4
a3-w2-worker-current-baseline.trx	server	tests/TagEkyc.IntegrationTests/TestResults/a3-w2/a3-w2-worker-current-baseline.trx	EXISTING	a3_macro_wave_w2_trx_inventory.tsv:6,a3_macro_wave_w2_review_packet_v1.md:28,a3_macro_wave_w2_trx_inventory_v2.tsv:6
terminal-object-restored-v2.trx	server	tests/TagEkyc.IntegrationTests/TestResults/A3TerminalObjectCleanup/terminal-object-restored-v2.trx	EXISTING	tip_88c1_c6b_a3_implementation_ledger.md:2745
terminal-resource-class-green.trx	server	tests/TagEkyc.IntegrationTests/TestResults/A3TerminalResource/terminal-resource-class-green.trx	EXISTING	tip_88c1_c6b_a3_implementation_ledger.md:2536
tip88c1-a3-broker-qualification-arch.trx	server	tests/TagEkyc.ArchTests/TestResults/tip88c1-a3-broker-qualification-arch.trx	EXISTING	tip_88c1_c6b_a3_implementation_ledger.md:1028
tip88c1-a3-broker-qualification-dml-red.trx	server	tests/TagEkyc.IntegrationTests/TestResults/tip88c1-a3-broker-qualification-dml-red.trx	EXISTING	tip_88c1_c6b_a3_implementation_ledger.md:1024
tip88c1-a3-broker-qualification-final-arch.trx	server	tests/TagEkyc.ArchTests/TestResults/tip88c1-a3-broker-qualification-final-arch.trx	EXISTING	tip_88c1_c6b_a3_implementation_ledger.md:1083
tip88c1-a3-broker-qualification-final-census-red.trx	server	tests/TagEkyc.IntegrationTests/TestResults/tip88c1-a3-broker-qualification-final-census-red.trx	EXISTING	tip_88c1_c6b_a3_implementation_ledger.md:1081
tip88c1-a3-broker-qualification-final-dml-red.trx	server	tests/TagEkyc.IntegrationTests/TestResults/tip88c1-a3-broker-qualification-final-dml-red.trx	EXISTING	tip_88c1_c6b_a3_implementation_ledger.md:1079
tip88c1-a3-broker-qualification-final-functions-red.trx	server	tests/TagEkyc.IntegrationTests/TestResults/tip88c1-a3-broker-qualification-final-functions-red.trx	EXISTING	tip_88c1_c6b_a3_implementation_ledger.md:1078
tip88c1-a3-broker-qualification-final-green.trx	server	tests/TagEkyc.IntegrationTests/TestResults/tip88c1-a3-broker-qualification-final-green.trx	EXISTING	tip_88c1_c6b_a3_implementation_ledger.md:1077
tip88c1-a3-broker-qualification-final-provider-red.trx	server	tests/TagEkyc.IntegrationTests/TestResults/tip88c1-a3-broker-qualification-final-provider-red.trx	EXISTING	tip_88c1_c6b_a3_implementation_ledger.md:1080
tip88c1-a3-broker-qualification-final-regression.trx	server	tests/TagEkyc.IntegrationTests/TestResults/tip88c1-a3-broker-qualification-final-regression.trx	EXISTING	tip_88c1_c6b_a3_implementation_ledger.md:1084
tip88c1-a3-broker-qualification-final-unit.trx	server	tests/TagEkyc.UnitTests/TestResults/tip88c1-a3-broker-qualification-final-unit.trx	EXISTING	tip_88c1_c6b_a3_implementation_ledger.md:1082
tip88c1-a3-broker-qualification-functions-red.trx	server	tests/TagEkyc.IntegrationTests/TestResults/tip88c1-a3-broker-qualification-functions-red.trx	EXISTING	tip_88c1_c6b_a3_implementation_ledger.md:1025
tip88c1-a3-broker-qualification-provider-red.trx	server	tests/TagEkyc.IntegrationTests/TestResults/tip88c1-a3-broker-qualification-provider-red.trx	EXISTING	tip_88c1_c6b_a3_implementation_ledger.md:1026
tip88c1-a3-broker-qualification-regression.trx	server	tests/TagEkyc.IntegrationTests/TestResults/tip88c1-a3-broker-qualification-regression.trx	EXISTING	tip_88c1_c6b_a3_implementation_ledger.md:1043
tip88c1-a3-broker-qualification-unit.trx	server	tests/TagEkyc.UnitTests/TestResults/tip88c1-a3-broker-qualification-unit.trx	EXISTING	tip_88c1_c6b_a3_implementation_ledger.md:1027
tip88c1-a3-broker-qualification-v3.trx	server	tests/TagEkyc.IntegrationTests/TestResults/tip88c1-a3-broker-qualification-v3.trx	EXISTING	tip_88c1_c6b_a3_implementation_ledger.md:1023
tip88c1-a3-continuation-disposition-defect-red.trx	server	tests/TagEkyc.IntegrationTests/TestResults/tip88c1-a3-continuation-disposition-defect-red.trx	EXISTING	tip_88c1_c6b_a3_implementation_ledger.md:1709
tip88c1-a3-continuation-expanded-v2.trx	server	tests/TagEkyc.IntegrationTests/TestResults/tip88c1-a3-continuation-expanded-v2.trx	EXISTING	tip_88c1_c6b_a3_implementation_ledger.md:1712
tip88c1-a3-continuation-expanded.trx	server	tests/TagEkyc.IntegrationTests/TestResults/tip88c1-a3-continuation-expanded.trx	EXISTING	tip_88c1_c6b_a3_implementation_ledger.md:1711
tip88c1-a3-continuation-initial.trx	server	tests/TagEkyc.IntegrationTests/TestResults/tip88c1-a3-continuation-initial.trx	EXISTING	tip_88c1_c6b_a3_implementation_ledger.md:1704
tip88c1-a3-continuation-migration.trx	server	tests/TagEkyc.IntegrationTests/TestResults/tip88c1-a3-continuation-migration.trx	EXISTING	tip_88c1_c6b_a3_implementation_ledger.md:1705
tip88c1-a3-cp-core-red.trx	server	tests/TagEkyc.IntegrationTests/TestResults/tip88c1-a3-cp-core-red.trx	EXISTING	tip_88c1_c6b_a3_implementation_ledger.md:1717
tip88c1-a3-cp-intent-red.trx	server	tests/TagEkyc.IntegrationTests/TestResults/tip88c1-a3-cp-intent-red.trx	EXISTING	tip_88c1_c6b_a3_implementation_ledger.md:1714
tip88c1-a3-cp-key-red.trx	server	tests/TagEkyc.IntegrationTests/TestResults/tip88c1-a3-cp-key-red.trx	EXISTING	tip_88c1_c6b_a3_implementation_ledger.md:1713
tip88c1-a3-cp-pending-red.trx	server	tests/TagEkyc.IntegrationTests/TestResults/tip88c1-a3-cp-pending-red.trx	EXISTING	tip_88c1_c6b_a3_implementation_ledger.md:1716
tip88c1-a3-cp-scan-red.trx	server	tests/TagEkyc.IntegrationTests/TestResults/tip88c1-a3-cp-scan-red.trx	EXISTING	tip_88c1_c6b_a3_implementation_ledger.md:1715
tip88c1-a3-cp-v3-global-count-red.trx	server	tests/TagEkyc.IntegrationTests/TestResults/tip88c1-a3-cp-v3-global-count-red.trx	EXISTING	tip_88c1_c6b_a3_implementation_ledger.md:1805
tip88c1-a3-cp-v3-isolation-green.trx	server	tests/TagEkyc.IntegrationTests/TestResults/tip88c1-a3-cp-v3-isolation-green.trx	EXISTING	tip_88c1_c6b_a3_implementation_ledger.md:1804
tip88c1-a3-cp-v3-isolation-restored.trx	server	tests/TagEkyc.IntegrationTests/TestResults/tip88c1-a3-cp-v3-isolation-restored.trx	EXISTING	tip_88c1_c6b_a3_implementation_ledger.md:1806
tip88c1-a3-input-authority-fallback-red.trx	server	tests/TagEkyc.IntegrationTests/TestResults/tip88c1-a3-input-authority-fallback-red.trx	EXISTING	tip_88c1_c6b_a3_implementation_ledger.md:1956
tip88c1-a3-input-authority-tag-red.trx	server	tests/TagEkyc.IntegrationTests/TestResults/tip88c1-a3-input-authority-tag-red.trx	EXISTING	tip_88c1_c6b_a3_implementation_ledger.md:1957
tip88c1-a3-input-await-red.trx	server	tests/TagEkyc.IntegrationTests/TestResults/tip88c1-a3-input-await-red.trx	EXISTING	tip_88c1_c6b_a3_implementation_ledger.md:1958
tip88c1-a3-input-counter-red.trx	server	tests/TagEkyc.IntegrationTests/TestResults/tip88c1-a3-input-counter-red.trx	EXISTING	tip_88c1_c6b_a3_implementation_ledger.md:1959
tip88c1-a3-input-early-complete-red.trx	server	tests/TagEkyc.IntegrationTests/TestResults/tip88c1-a3-input-early-complete-red.trx	EXISTING	tip_88c1_c6b_a3_implementation_ledger.md:1960
tip88c1-a3-input-latch-red.trx	server	tests/TagEkyc.IntegrationTests/TestResults/tip88c1-a3-input-latch-red.trx	EXISTING	tip_88c1_c6b_a3_implementation_ledger.md:1961
tip88c1-a3-input-legacy-codec-restored.trx	server	tests/TagEkyc.IntegrationTests/TestResults/tip88c1-a3-input-legacy-codec-restored.trx	EXISTING	tip_88c1_c6b_a3_implementation_ledger.md:1962
tip88c1-a3-input-legacy-codec.trx	server	tests/TagEkyc.IntegrationTests/TestResults/tip88c1-a3-input-legacy-codec.trx	EXISTING	tip_88c1_c6b_a3_implementation_ledger.md:1963
tip88c1-a3-input-overwrite-red.trx	server	tests/TagEkyc.IntegrationTests/TestResults/tip88c1-a3-input-overwrite-red.trx	EXISTING	tip_88c1_c6b_a3_implementation_ledger.md:1964
tip88c1-a3-input-pre-mutation-green.trx	server	tests/TagEkyc.IntegrationTests/TestResults/tip88c1-a3-input-pre-mutation-green.trx	EXISTING	tip_88c1_c6b_a3_implementation_ledger.md:1965
tip88c1-a3-input-reader-roundtrip.trx	server	tests/TagEkyc.IntegrationTests/TestResults/tip88c1-a3-input-reader-roundtrip.trx	EXISTING	tip_88c1_c6b_a3_implementation_ledger.md:1966
tip88c1-a3-input-restored-green.trx	server	tests/TagEkyc.IntegrationTests/TestResults/tip88c1-a3-input-restored-green.trx	EXISTING	tip_88c1_c6b_a3_implementation_ledger.md:1967
tip88c1-a3-input-v1-green.trx	server	tests/TagEkyc.IntegrationTests/TestResults/tip88c1-a3-input-v1-green.trx	EXISTING	tip_88c1_c6b_a3_implementation_ledger.md:1968
tip88c1-a3-input-v2-green.trx	server	tests/TagEkyc.IntegrationTests/TestResults/tip88c1-a3-input-v2-green.trx	EXISTING	tip_88c1_c6b_a3_implementation_ledger.md:1969
tip88c1-a3-input-v4-await-red.trx	server	tests/TagEkyc.IntegrationTests/TestResults/tip88c1-a3-input-v4-await-red.trx	EXISTING	tip_88c1_c6b_a3_implementation_ledger.md:1970
tip88c1-a3-input-v4-final-arch.trx	server	tests/TagEkyc.ArchTests/TestResults/tip88c1-a3-input-v4-final-arch.trx	EXISTING	tip_88c1_c6b_a3_implementation_ledger.md:1990
tip88c1-a3-input-v4-final-regression.trx	server	tests/TagEkyc.IntegrationTests/TestResults/tip88c1-a3-input-v4-final-regression.trx	EXISTING	tip_88c1_c6b_a3_implementation_ledger.md:1988
tip88c1-a3-input-v4-final-unit.trx	server	tests/TagEkyc.UnitTests/TestResults/tip88c1-a3-input-v4-final-unit.trx	EXISTING	tip_88c1_c6b_a3_implementation_ledger.md:1989
tip88c1-a3-input-v4-hardening-green.trx	server	tests/TagEkyc.IntegrationTests/TestResults/tip88c1-a3-input-v4-hardening-green.trx	EXISTING	tip_88c1_c6b_a3_implementation_ledger.md:1971
tip88c1-a3-input-v4-latch-red.trx	server	tests/TagEkyc.IntegrationTests/TestResults/tip88c1-a3-input-v4-latch-red.trx	EXISTING	tip_88c1_c6b_a3_implementation_ledger.md:1972
tip88c1-a3-input-writer-green.trx	server	tests/TagEkyc.IntegrationTests/TestResults/tip88c1-a3-input-writer-green.trx	EXISTING	tip_88c1_c6b_a3_implementation_ledger.md:1973
tip88c1-a3-input-writer-observation-red.trx	server	tests/TagEkyc.IntegrationTests/TestResults/tip88c1-a3-input-writer-observation-red.trx	EXISTING	tip_88c1_c6b_a3_implementation_ledger.md:1974
tip88c1-a3-no-provider-commit-red.trx	server	tests/TagEkyc.IntegrationTests/TestResults/tip88c1-a3-no-provider-commit-red.trx	EXISTING	tip_88c1_c6b_a3_implementation_ledger.md:2404
tip88c1-a3-no-provider-shape-guards-red.trx	server	tests/TagEkyc.IntegrationTests/TestResults/tip88c1-a3-no-provider-shape-guards-red.trx	EXISTING	tip_88c1_c6b_a3_implementation_ledger.md:2403
tip88c1-a3-no-provider-v2-boundaries.trx	server	tests/TagEkyc.IntegrationTests/TestResults/tip88c1-a3-no-provider-v2-boundaries.trx	EXISTING	tip_88c1_c6b_a3_implementation_ledger.md:2426
tip88c1-a3-no-provider-v3-final-arch.trx	server	tests/TagEkyc.ArchTests/TestResults/tip88c1-a3-no-provider-v3-final-arch.trx	EXISTING	tip_88c1_c6b_a3_implementation_ledger.md:2402
tip88c1-a3-no-provider-v3-final-regression.trx	server	tests/TagEkyc.IntegrationTests/TestResults/tip88c1-a3-no-provider-v3-final-regression.trx	EXISTING	tip_88c1_c6b_a3_implementation_ledger.md:2452
tip88c1-a3-no-provider-v3-final-unit.trx	server	tests/TagEkyc.UnitTests/TestResults/tip88c1-a3-no-provider-v3-final-unit.trx	EXISTING	tip_88c1_c6b_a3_implementation_ledger.md:2401
tip88c1-a3-no-provider-worker-dispatch-red.trx	server	tests/TagEkyc.IntegrationTests/TestResults/tip88c1-a3-no-provider-worker-dispatch-red.trx	EXISTING	tip_88c1_c6b_a3_implementation_ledger.md:2405
tip88c1-a3-nps-absence-red.trx	server	tests/TagEkyc.IntegrationTests/TestResults/tip88c1-a3-nps-absence-red.trx	EXISTING	tip_88c1_c6b_a3_implementation_ledger.md:1198
tip88c1-a3-nps-absence-retry-red.trx	server	tests/TagEkyc.IntegrationTests/TestResults/tip88c1-a3-nps-absence-retry-red.trx	EXISTING	tip_88c1_c6b_a3_implementation_ledger.md:1187
tip88c1-a3-nps-acl-red.trx	server	tests/TagEkyc.IntegrationTests/TestResults/tip88c1-a3-nps-acl-red.trx	EXISTING	tip_88c1_c6b_a3_implementation_ledger.md:1189
tip88c1-a3-nps-actor-order-green.trx	server	tests/TagEkyc.IntegrationTests/TestResults/tip88c1-a3-nps-actor-order-green.trx	EXISTING	tip_88c1_c6b_a3_implementation_ledger.md:1253
tip88c1-a3-nps-clock-red.trx	server	tests/TagEkyc.IntegrationTests/TestResults/tip88c1-a3-nps-clock-red.trx	EXISTING	tip_88c1_c6b_a3_implementation_ledger.md:1186
tip88c1-a3-nps-final-arch.trx	server	tests/TagEkyc.ArchTests/TestResults/tip88c1-a3-nps-final-arch.trx	EXISTING	tip_88c1_c6b_a3_implementation_ledger.md:1191
tip88c1-a3-nps-final-regression.trx	server	tests/TagEkyc.IntegrationTests/TestResults/tip88c1-a3-nps-final-regression.trx	EXISTING	tip_88c1_c6b_a3_implementation_ledger.md:1218
tip88c1-a3-nps-final-unit.trx	server	tests/TagEkyc.UnitTests/TestResults/tip88c1-a3-nps-final-unit.trx	EXISTING	tip_88c1_c6b_a3_implementation_ledger.md:1190
tip88c1-a3-nps-final-v4-arch.trx	server	tests/TagEkyc.ArchTests/TestResults/tip88c1-a3-nps-final-v4-arch.trx	EXISTING	tip_88c1_c6b_a3_implementation_ledger.md:1259
tip88c1-a3-nps-final-v4-regression.trx	server	tests/TagEkyc.IntegrationTests/TestResults/tip88c1-a3-nps-final-v4-regression.trx	EXISTING	tip_88c1_c6b_a3_implementation_ledger.md:1266
tip88c1-a3-nps-final-v4-unit.trx	server	tests/TagEkyc.UnitTests/TestResults/tip88c1-a3-nps-final-v4-unit.trx	EXISTING	tip_88c1_c6b_a3_implementation_ledger.md:1257
tip88c1-a3-nps-focused-green.trx	server	tests/TagEkyc.IntegrationTests/TestResults/tip88c1-a3-nps-focused-green.trx	EXISTING	tip_88c1_c6b_a3_implementation_ledger.md:1185
tip88c1-a3-nps-initial.trx	server	tests/TagEkyc.IntegrationTests/TestResults/tip88c1-a3-nps-initial.trx	EXISTING	tip_88c1_c6b_a3_implementation_ledger.md:1194
tip88c1-a3-nps-prefix-exact-red.trx	server	tests/TagEkyc.IntegrationTests/TestResults/tip88c1-a3-nps-prefix-exact-red.trx	EXISTING	tip_88c1_c6b_a3_implementation_ledger.md:1188
tip88c1-a3-nps-prefix-red.trx	server	tests/TagEkyc.IntegrationTests/TestResults/tip88c1-a3-nps-prefix-red.trx	EXISTING	tip_88c1_c6b_a3_implementation_ledger.md:1200
tip88c1-a3-nps-r2-boundary-regression.trx	server	tests/TagEkyc.IntegrationTests/TestResults/tip88c1-a3-nps-r2-boundary-regression.trx	EXISTING	tip_88c1_c6b_a3_implementation_ledger.md:1278
tip88c1-a3-nps-race-diagnostic.trx	server	tests/TagEkyc.IntegrationTests/TestResults/tip88c1-a3-nps-race-diagnostic.trx	EXISTING	tip_88c1_c6b_a3_implementation_ledger.md:1196
tip88c1-a3-re01-final-arch.trx	server	tests/TagEkyc.ArchTests/TestResults/tip88c1-a3-re01-final-arch.trx	EXISTING	tip_88c1_c6b_a3_implementation_ledger.md:1438
tip88c1-a3-re01-final-regression.trx	server	tests/TagEkyc.IntegrationTests/TestResults/tip88c1-a3-re01-final-regression.trx	EXISTING	tip_88c1_c6b_a3_implementation_ledger.md:1442
tip88c1-a3-re01-final-unit.trx	server	tests/TagEkyc.UnitTests/TestResults/tip88c1-a3-re01-final-unit.trx	EXISTING	tip_88c1_c6b_a3_implementation_ledger.md:1436
tip88c1-a3-re01-green.trx	server	tests/TagEkyc.IntegrationTests/TestResults/tip88c1-a3-re01-green.trx	EXISTING	tip_88c1_c6b_a3_implementation_ledger.md:1389
tip88c1-a3-re01-initial.trx	server	tests/TagEkyc.IntegrationTests/TestResults/tip88c1-a3-re01-initial.trx	EXISTING	tip_88c1_c6b_a3_implementation_ledger.md:1323
tip88c1-a3-re01-live-key-red.trx	server	tests/TagEkyc.IntegrationTests/TestResults/tip88c1-a3-re01-live-key-red.trx	EXISTING	tip_88c1_c6b_a3_implementation_ledger.md:1401
tip88c1-a3-re01-old-branch-red.trx	server	tests/TagEkyc.IntegrationTests/TestResults/tip88c1-a3-re01-old-branch-red.trx	EXISTING	tip_88c1_c6b_a3_implementation_ledger.md:1400
tip88c1-a3-re01-old-lease-red.trx	server	tests/TagEkyc.IntegrationTests/TestResults/tip88c1-a3-re01-old-lease-red.trx	EXISTING	tip_88c1_c6b_a3_implementation_ledger.md:1402
tip88c1-a3-re01-v3.trx	server	tests/TagEkyc.IntegrationTests/TestResults/tip88c1-a3-re01-v3.trx	EXISTING	tip_88c1_c6b_a3_implementation_ledger.md:1386
tip88c1-a3-recorder-actor-red.trx	server	tests/TagEkyc.IntegrationTests/TestResults/tip88c1-a3-recorder-actor-red.trx	EXISTING	tip_88c1_c6b_a3_implementation_ledger.md:1706
tip88c1-a3-recorder-commit-red.trx	server	tests/TagEkyc.IntegrationTests/TestResults/tip88c1-a3-recorder-commit-red.trx	EXISTING	tip_88c1_c6b_a3_implementation_ledger.md:1708
tip88c1-a3-recorder-cp-final-regression.trx	server	tests/TagEkyc.IntegrationTests/TestResults/tip88c1-a3-recorder-cp-final-regression.trx	EXISTING	tip_88c1_c6b_a3_implementation_ledger.md:1785
tip88c1-a3-recorder-cp-restored-green.trx	server	tests/TagEkyc.IntegrationTests/TestResults/tip88c1-a3-recorder-cp-restored-green.trx	EXISTING	tip_88c1_c6b_a3_implementation_ledger.md:1718
tip88c1-a3-recorder-cp-v4-arch.trx	server	tests/TagEkyc.ArchTests/TestResults/tip88c1-a3-recorder-cp-v4-arch.trx	EXISTING	tip_88c1_c6b_a3_implementation_ledger.md:1809
tip88c1-a3-recorder-cp-v4-final-regression.trx	server	tests/TagEkyc.IntegrationTests/TestResults/tip88c1-a3-recorder-cp-v4-final-regression.trx	EXISTING	tip_88c1_c6b_a3_implementation_ledger.md:1807
tip88c1-a3-recorder-cp-v4-unit.trx	server	tests/TagEkyc.UnitTests/TestResults/tip88c1-a3-recorder-cp-v4-unit.trx	EXISTING	tip_88c1_c6b_a3_implementation_ledger.md:1808
tip88c1-a3-recorder-disposition-restored.trx	server	tests/TagEkyc.IntegrationTests/TestResults/tip88c1-a3-recorder-disposition-restored.trx	EXISTING	tip_88c1_c6b_a3_implementation_ledger.md:1710
tip88c1-a3-recorder-initial.trx	server	tests/TagEkyc.IntegrationTests/TestResults/tip88c1-a3-recorder-initial.trx	EXISTING	tip_88c1_c6b_a3_implementation_ledger.md:1703
tip88c1-a3-recorder-request-red.trx	server	tests/TagEkyc.IntegrationTests/TestResults/tip88c1-a3-recorder-request-red.trx	EXISTING	tip_88c1_c6b_a3_implementation_ledger.md:1707
tip88c1-a3-scopes-ambient-red.trx	server	tests/TagEkyc.IntegrationTests/TestResults/tip88c1-a3-scopes-ambient-red.trx	EXISTING	tip_88c1_c6b_a3_implementation_ledger.md:2067
tip88c1-a3-scopes-combined-credential-red.trx	server	tests/TagEkyc.IntegrationTests/TestResults/tip88c1-a3-scopes-combined-credential-red.trx	EXISTING	tip_88c1_c6b_a3_implementation_ledger.md:2069
tip88c1-a3-scopes-continuity-arch.trx	server	tests/TagEkyc.ArchTests/TestResults/tip88c1-a3-scopes-continuity-arch.trx	EXISTING	tip_88c1_c6b_a3_implementation_ledger.md:2199
tip88c1-a3-scopes-continuity-unit.trx	server	tests/TagEkyc.UnitTests/TestResults/tip88c1-a3-scopes-continuity-unit.trx	EXISTING	tip_88c1_c6b_a3_implementation_ledger.md:2198
tip88c1-a3-scopes-cross-role-red.trx	server	tests/TagEkyc.IntegrationTests/TestResults/tip88c1-a3-scopes-cross-role-red.trx	EXISTING	tip_88c1_c6b_a3_implementation_ledger.md:2068
tip88c1-a3-scopes-final-arch.trx	server	tests/TagEkyc.ArchTests/TestResults/tip88c1-a3-scopes-final-arch.trx	EXISTING	tip_88c1_c6b_a3_implementation_ledger.md:2084
tip88c1-a3-scopes-final-unit.trx	server	tests/TagEkyc.UnitTests/TestResults/tip88c1-a3-scopes-final-unit.trx	EXISTING	tip_88c1_c6b_a3_implementation_ledger.md:2082
tip88c1-a3-scopes-full-regression-continuity.trx	server	tests/TagEkyc.IntegrationTests/TestResults/tip88c1-a3-scopes-full-regression-continuity.trx	EXISTING	tip_88c1_c6b_a3_implementation_ledger.md:2195
tip88c1-a3-scopes-incoming-red.trx	server	tests/TagEkyc.IntegrationTests/TestResults/tip88c1-a3-scopes-incoming-red.trx	EXISTING	tip_88c1_c6b_a3_implementation_ledger.md:2066
tip88c1-a3-scopes-qualification-regression.trx	server	tests/TagEkyc.IntegrationTests/TestResults/tip88c1-a3-scopes-qualification-regression.trx	EXISTING	tip_88c1_c6b_a3_implementation_ledger.md:2071
tip88c1-a3-scopes-restored-green.trx	server	tests/TagEkyc.IntegrationTests/TestResults/tip88c1-a3-scopes-restored-green.trx	EXISTING	tip_88c1_c6b_a3_implementation_ledger.md:2070
tip88c1-a3-scopes-v4-acl-red.trx	server	tests/TagEkyc.IntegrationTests/TestResults/tip88c1-a3-scopes-v4-acl-red.trx	EXISTING	tip_88c1_c6b_a3_implementation_ledger.md:2138
tip88c1-a3-scopes-v4-complete-green.trx	server	tests/TagEkyc.IntegrationTests/TestResults/tip88c1-a3-scopes-v4-complete-green.trx	EXISTING	tip_88c1_c6b_a3_implementation_ledger.md:2136
tip88c1-a3-scopes-v4-final-qualification.trx	server	tests/TagEkyc.IntegrationTests/TestResults/tip88c1-a3-scopes-v4-final-qualification.trx	EXISTING	tip_88c1_c6b_a3_implementation_ledger.md:2139
tip88c1-a3-scopes-v4-owned-connection-green.trx	server	tests/TagEkyc.IntegrationTests/TestResults/tip88c1-a3-scopes-v4-owned-connection-green.trx	EXISTING	tip_88c1_c6b_a3_implementation_ledger.md:2137
tip88c1-a3-scopes-v5-delegation-red.trx	server	tests/TagEkyc.IntegrationTests/TestResults/tip88c1-a3-scopes-v5-delegation-red.trx	EXISTING	tip_88c1_c6b_a3_implementation_ledger.md:2143
tip88c1-a3-scopes-v5-final-arch.trx	server	tests/TagEkyc.ArchTests/TestResults/tip88c1-a3-scopes-v5-final-arch.trx	EXISTING	tip_88c1_c6b_a3_implementation_ledger.md:2157
tip88c1-a3-scopes-v5-final-qualification.trx	server	tests/TagEkyc.IntegrationTests/TestResults/tip88c1-a3-scopes-v5-final-qualification.trx	EXISTING	tip_88c1_c6b_a3_implementation_ledger.md:2144
tip88c1-a3-scopes-v5-final-unit.trx	server	tests/TagEkyc.UnitTests/TestResults/tip88c1-a3-scopes-v5-final-unit.trx	EXISTING	tip_88c1_c6b_a3_implementation_ledger.md:2155
tip88c1-a3-scopes-v5-fixed-green.trx	server	tests/TagEkyc.IntegrationTests/TestResults/tip88c1-a3-scopes-v5-fixed-green.trx	EXISTING	tip_88c1_c6b_a3_implementation_ledger.md:2141
tip88c1-a3-scopes-v5-green.trx	server	tests/TagEkyc.IntegrationTests/TestResults/tip88c1-a3-scopes-v5-green.trx	EXISTING	tip_88c1_c6b_a3_implementation_ledger.md:2140
tip88c1-a3-scopes-v5-read-red.trx	server	tests/TagEkyc.IntegrationTests/TestResults/tip88c1-a3-scopes-v5-read-red.trx	EXISTING	tip_88c1_c6b_a3_implementation_ledger.md:2142
tip88c1-a3-ti-clock-red.trx	server	tests/TagEkyc.IntegrationTests/TestResults/tip88c1-a3-ti-clock-red.trx	EXISTING	tip_88c1_c6b_a3_implementation_ledger.md:1527
tip88c1-a3-ti-down-restored.trx	server	tests/TagEkyc.IntegrationTests/TestResults/tip88c1-a3-ti-down-restored.trx	EXISTING	tip_88c1_c6b_a3_implementation_ledger.md:1524
tip88c1-a3-ti-fence-red.trx	server	tests/TagEkyc.IntegrationTests/TestResults/tip88c1-a3-ti-fence-red.trx	EXISTING	tip_88c1_c6b_a3_implementation_ledger.md:1525
tip88c1-a3-ti-final-arch.trx	server	tests/TagEkyc.ArchTests/TestResults/tip88c1-a3-ti-final-arch.trx	EXISTING	tip_88c1_c6b_a3_implementation_ledger.md:1563
tip88c1-a3-ti-final-regression.trx	server	tests/TagEkyc.IntegrationTests/TestResults/tip88c1-a3-ti-final-regression.trx	EXISTING	tip_88c1_c6b_a3_implementation_ledger.md:1561
tip88c1-a3-ti-final-unit.trx	server	tests/TagEkyc.UnitTests/TestResults/tip88c1-a3-ti-final-unit.trx	EXISTING	tip_88c1_c6b_a3_implementation_ledger.md:1562
tip88c1-a3-ti-initial.trx	server	tests/TagEkyc.IntegrationTests/TestResults/tip88c1-a3-ti-initial.trx	EXISTING	tip_88c1_c6b_a3_implementation_ledger.md:1522
tip88c1-a3-ti-live-key-red.trx	server	tests/TagEkyc.IntegrationTests/TestResults/tip88c1-a3-ti-live-key-red.trx	EXISTING	tip_88c1_c6b_a3_implementation_ledger.md:1526
tip88c1-a3-ti-restored-green.trx	server	tests/TagEkyc.IntegrationTests/TestResults/tip88c1-a3-ti-restored-green.trx	EXISTING	tip_88c1_c6b_a3_implementation_ledger.md:1560
tip88c1-a3-ti-v1-green.trx	server	tests/TagEkyc.IntegrationTests/TestResults/tip88c1-a3-ti-v1-green.trx	EXISTING	tip_88c1_c6b_a3_implementation_ledger.md:1523
tip88c1-a3-worker-cursor-red.trx	server	tests/TagEkyc.IntegrationTests/TestResults/tip88c1-a3-worker-cursor-red.trx	EXISTING	tip_88c1_c6b_a3_implementation_ledger.md:2278
tip88c1-a3-worker-failure-shape-red.trx	server	tests/TagEkyc.IntegrationTests/TestResults/tip88c1-a3-worker-failure-shape-red.trx	EXISTING	tip_88c1_c6b_a3_implementation_ledger.md:2279
tip88c1-a3-worker-final-regression.trx	server	tests/TagEkyc.IntegrationTests/TestResults/tip88c1-a3-worker-final-regression.trx	EXISTING	tip_88c1_c6b_a3_implementation_ledger.md:2281
tip88c1-a3-worker-stale-cas-red.trx	server	tests/TagEkyc.IntegrationTests/TestResults/tip88c1-a3-worker-stale-cas-red.trx	EXISTING	tip_88c1_c6b_a3_implementation_ledger.md:2280
tip88c1-a3-worker-v2-green.trx	server	tests/TagEkyc.IntegrationTests/TestResults/tip88c1-a3-worker-v2-green.trx	EXISTING	tip_88c1_c6b_a3_implementation_ledger.md:2277
tip88c1-a3-worker-v4-final-arch.trx	server	tests/TagEkyc.ArchTests/TestResults/tip88c1-a3-worker-v4-final-arch.trx	EXISTING	tip_88c1_c6b_a3_implementation_ledger.md:2327
tip88c1-a3-worker-v4-final-regression.trx	server	tests/TagEkyc.IntegrationTests/TestResults/tip88c1-a3-worker-v4-final-regression.trx	EXISTING	tip_88c1_c6b_a3_implementation_ledger.md:2337
tip88c1-a3-worker-v4-final-unit.trx	server	tests/TagEkyc.UnitTests/TestResults/tip88c1-a3-worker-v4-final-unit.trx	EXISTING	tip_88c1_c6b_a3_implementation_ledger.md:2324
tip88c1-a3-worker-v4-isolation-green.trx	server	tests/TagEkyc.IntegrationTests/TestResults/tip88c1-a3-worker-v4-isolation-green.trx	EXISTING	tip_88c1_c6b_a3_implementation_ledger.md:2282
