"id"	"repo"	"path"	"sha256"	"total"	"passed"	"failed"	"skipped"	"failing_tests"	"first_assertion_or_exception"	"classification"	"classification_source"	"successor_trx"	"reason"
"P04FR0001"	"server"	"TestResults/a1-binding-derived-session/a1-binding-derived-session-r2.trx"	"554AEDF843FCCE4DFDDF993D36EAE87B0F3B49204B5BB506EDC730D093F0F5D4"	"67"	"66"	"1"	"0"	"TagEkyc.IntegrationTests.Tip88C1C6BA1RotationTests.Rotation_DualProofAtomicCutoverAndSameRouteReplay"	"NOT_READY"	"EXCLUDED_HISTORICAL_OUTSIDE_SLICE"	"WHOLE_REPO_SWEEP"	""	"Historical failed run is outside the bounded P04/site-qualification slice and is inventoried without being used as current evidence."
"P04FR0002"	"server"	"TestResults/a1-binding-derived-session/a1-binding-derived-session.trx"	"D828C4105B31C52C9D1D19C6D538DEE4E033C1A682BE056AA3CB1FECCAE0B0C8"	"61"	"58"	"3"	"0"	"TagEkyc.IntegrationTests.Tip88C1C6BA1AppendAuthorityTests.SevenArgumentHelper_DerivesSession_AndHasNoOldOverloadOrTableGrant; TagEkyc.IntegrationTests.Tip88C1C6BA1AppendAuthorityTests.BothDiscoveredLockKeys_AreRechecked_WithExecutableRedControl(column: ""VerificationSessionId"", local: ""discovered_session_id""); TagEkyc.IntegrationTests.Tip88C1C6BA1AppendAuthorityTests.BothDiscoveredLockKeys_AreRechecked_WithExecutableRedControl(column: ""CaptureCapabilityId"", local: ""discovered_capability_id"")"	"Npgsql.PostgresException : 23502: null value in column ""SubjectRef"" of relation ""verification_sessions"" violates not-null constraint DETAIL: Failing row contains (90000000-0000-4000-8000-000000000001, 91000000-0000-4000-8000-000000000001, null, null, null, null, null, null, synthetic-challenge, r, c, Pending, null, null, null, null, null, null, null, null, null, null, null, null, null, null, 2026-09-12 13:54:33.537871+00, null, null)."	"EXCLUDED_HISTORICAL_OUTSIDE_SLICE"	"WHOLE_REPO_SWEEP"	""	"Historical failed run is outside the bounded P04/site-qualification slice and is inventoried without being used as current evidence."
"P04FR0003"	"server"	"TestResults/a1-global-pepper/a1-global-pepper-r1.trx"	"EF8CA5ADA978872554C93C196117C8C5F05E21762BB7C754F00994533D3C454A"	"85"	"73"	"12"	"0"	"TagEkyc.IntegrationTests.Tip88C1C6BA1PersistenceTests.FoundationMigration_ApplyRollbackReapplyEnforcesAllShapes; TagEkyc.IntegrationTests.Tip88C1C6BA1AclTests.Foundation_functions_are_security_definer_deployer_owned_and_not_public; TagEkyc.IntegrationTests.Tip88C1C6BA1AppendAuthorityTests.Exact47Manifest_RejectsOldOverloadAndMissingNewIdentity; TagEkyc.IntegrationTests.Tip88C1C6BA1StartupReadinessDiagnosticTests.RequiredPepperVersions_Parity_AllBranchesHaveIndependentRedControls; TagEkyc.IntegrationTests.Tip88C1C6BA1AclTests.CapabilityRolePreflight_RejectsBothMembershipDirectionsWithoutRepair; TagEkyc.IntegrationTests.Tip88C1C6BA1AclTests.Public_entrypoints_have_an_explicit_single_capability_role_or_the_frozen_dual_runtime_grant; TagEkyc.IntegrationTests.Tip88C1C6BA1AclTests.DatabaseAcl_ExactOwnersGranteesNoTableDmlAndSafeDown; TagEkyc.IntegrationTests.Tip88C1C6BA1AclTests.Stage1_internal_helpers_are_callable_only_by_their_exact_roles; TagEkyc.IntegrationTests.Tip88C1C6BA1AclTests.Owner_role_identity_and_acl_negative_controls_are_discriminating; TagEkyc.IntegrationTests.Tip88C1C6BA1AppendAuthorityTests.BothDiscoveredLockKeys_AreRechecked_WithExecutableRedControl(column: ""CaptureCapabilityId"", local: ""discovered_capability_id""); TagEkyc.IntegrationTests.Tip88C1C6BA1AppendAuthorityTests.SevenArgumentHelper_DerivesSession_AndHasNoOldOverloadOrTableGrant; TagEkyc.IntegrationTests.Tip88C1C6BA1AppendAuthorityTests.BothDiscoveredLockKeys_AreRechecked_WithExecutableRedControl(column: ""VerificationSessionId"", local: ""discovered_session_id"")"	"Assert.Equal() Failure: Collections differ ↓ (pos 30) Expected: [···, ""tagekyc.capture_runtime_publish_trust_profile(uuid""···, ""tagekyc.capture_runtime_reactivate(uuid, uuid, uui""···, ""tagekyc.capture_runtime_read_cutover_state(text,ti""···, ""tagekyc.capture_runtime_read_readiness(uuid, times""···, ""tagekyc.capture_runtime_reconcile_binding(uuid, uu""···, ···] Actual: [···, ""tagekyc.capture_runtime_publish_trust_profile(uuid""···, ""tagekyc.capture_runtime_reactivate(uuid, uuid, uui""···, ""tagekyc.capture_runtime_read_cutover_state(text, t""···, ""tagekyc.capture_runtime_read_readiness(uuid, times""···, ""tagekyc.capture_runtime_reconcile_binding(uuid, uu""···, ···] ↑ (pos 30)"	"EXCLUDED_HISTORICAL_OUTSIDE_SLICE"	"WHOLE_REPO_SWEEP"	""	"Historical failed run is outside the bounded P04/site-qualification slice and is inventoried without being used as current evidence."
"P04FR0004"	"server"	"TestResults/a1-global-pepper/a1-global-pepper-r2.trx"	"CB7D40610BE5D6BAE7DDFC55E7074FBFAF37F8123B67C4B7C45E121D3EE17130"	"88"	"84"	"4"	"0"	"TagEkyc.IntegrationTests.Tip88C1C6BA1StartupReadinessDiagnosticTests.R28_GlobalProjection_DoesNotRequireRuntime_AndR19KeepsAbsentSelectorBehavior; TagEkyc.IntegrationTests.Tip88C1C6BA1StartupCompositionTests.RealReader_ThreeRestrictedLogins_PreparedPasses_ActivatedRequiresAdmissionAndReadiness; TagEkyc.IntegrationTests.Tip88C1C6BA1RuntimeAppendTransactionTests.R24_FaultAfterActualWrite_RollsBackArtifactIdempotencyAndAudit; TagEkyc.IntegrationTests.Tip88C1C6BA1RuntimeAppendTransactionTests.R24R25_RealHelperPlannerWriter_CommitTogether_AndMismatchDoesNotWrite"	"Assert.Equal() Failure: Values differ Expected: 0 Actual: 38"	"EXCLUDED_HISTORICAL_OUTSIDE_SLICE"	"WHOLE_REPO_SWEEP"	""	"Historical failed run is outside the bounded P04/site-qualification slice and is inventoried without being used as current evidence."
"P04FR0005"	"server"	"TestResults/a1-principal-stage1/a1-principal-arch.trx"	"61EA2EBC4A8D5BB6C9DCA7A62646A2A525E01BE74CF5CCD27CD9A2A296BD2635"	"150"	"148"	"2"	"0"	"TagEkyc.ArchTests.Tip88C1C5RecipientManagementArchTests.C527_model_snapshot_tripwires_are_platform_independent_and_lockstep; TagEkyc.ArchTests.Tip88C1B2R2DurableCustodyEncryptionArchTests.R2A4_no_production_raw_source_registration_or_runtime_activation_is_added"	"OBSERVED_RED:C527-THREE-TRIPWIRE-LOCKSTEP; details=C527-THREE-TRIPWIRE-LOCKSTEP: observed=sha=945FD9C6028CE3B310891F21FF3F20E033928CA8C88CDD3DEBAB09F551C7B92E;count=0"	"EXCLUDED_HISTORICAL_OUTSIDE_SLICE"	"WHOLE_REPO_SWEEP"	""	"Historical failed run is outside the bounded P04/site-qualification slice and is inventoried without being used as current evidence."
"P04FR0006"	"server"	"TestResults/a1-principal-stage1/a1-stage1-principal-02.trx"	"4DBC61F7A8ABEA842A2B6A53541CE41DF7837C9831802427AB48559A7ADDE5CB"	"9"	"8"	"1"	"0"	"TagEkyc.IntegrationTests.Tip88C1C6BA1PersistenceTests.R01R02Replay_UsesDurableOperationFingerprintAndFrozenResult"	"Assert.All() Failure: 2 out of 2 items in the collection did not pass. [0]: Item: ""c6ba_root_provision_platform_credential:CREATE OR ""··· Error: Assert.Contains() Failure: Sub-string not found String: ""c6ba_root_provision_platform_credential:C""··· Not found: ""ResultCode"" [1]: Item: ""c6ba_root_revoke_platform_credential:CREATE OR REP""··· Error: Assert.Contains() Failure: Sub-string not found String: ""c6ba_root_revoke_platform_credential:CREA""··· Not found: ""ResultCode"""	"EXCLUDED_HISTORICAL_OUTSIDE_SLICE"	"WHOLE_REPO_SWEEP"	""	"Historical failed run is outside the bounded P04/site-qualification slice and is inventoried without being used as current evidence."
"P04FR0007"	"server"	"TestResults/a1-principal-stage1/a1-stage1-principal-03.trx"	"BC012A72A074EEE78390BF0395267D2C4E4C5C945B7EDFF8507C410D13BFF2B3"	"9"	"8"	"1"	"0"	"TagEkyc.IntegrationTests.Tip88C1C6BA1PersistenceTests.FoundationMigration_ApplyRollbackReapplyEnforcesAllShapes"	"System.FormatException : Input string was not in a correct format. Failure to parse near offset 2468. Expected an ASCII digit."	"EXCLUDED_HISTORICAL_OUTSIDE_SLICE"	"WHOLE_REPO_SWEEP"	""	"Historical failed run is outside the bounded P04/site-qualification slice and is inventoried without being used as current evidence."
"P04FR0008"	"server"	"TestResults/a1-principal-stage1/a1-stage1-principal.trx"	"CE661A4A5E77634864B797523C60FFBEF16CF0F072A2E4769415F06E01E75B87"	"9"	"0"	"9"	"0"	"TagEkyc.IntegrationTests.Tip88C1C6BA1AclTests.Owner_role_identity_and_acl_negative_controls_are_discriminating; TagEkyc.IntegrationTests.Tip88C1C6BA1PersistenceTests.R01R02Replay_UsesDurableOperationFingerprintAndFrozenResult; TagEkyc.IntegrationTests.Tip88C1C6BA1PersistenceTests.FoundationMigration_ApplyRollbackReapplyEnforcesAllShapes; TagEkyc.IntegrationTests.Tip88C1C6BA1AclTests.DatabaseAcl_ExactOwnersGranteesNoTableDmlAndSafeDown; TagEkyc.IntegrationTests.Tip88C1C6BA1PersistenceTests.Foundation_catalogue_contains_the_lineage_event_and_expiry_guards; TagEkyc.IntegrationTests.Tip88C1C6BA1AclTests.Foundation_functions_are_security_definer_deployer_owned_and_not_public; TagEkyc.IntegrationTests.Tip88C1C6BA1PersistenceTests.Stage1_internal_authority_helpers_have_closed_shapes_and_null_safe_rotation_candidates; TagEkyc.IntegrationTests.Tip88C1C6BA1AclTests.Stage1_internal_helpers_are_callable_only_by_their_exact_roles; TagEkyc.IntegrationTests.Tip88C1C6BA1AclTests.Public_entrypoints_have_an_explicit_single_capability_role_or_the_frozen_dual_runtime_grant"	"System.InvalidOperationException : docker compose failed with exit code 1. unable to get image 'postgres:16': failed to connect to the docker API at npipe:////./pipe/dockerDesktopLinuxEngine; check if the path is correct and if the daemon is running: open //./pipe/dockerDesktopLinuxEngine: The system cannot find the file specified."	"EXCLUDED_HISTORICAL_OUTSIDE_SLICE"	"WHOLE_REPO_SWEEP"	""	"Historical failed run is outside the bounded P04/site-qualification slice and is inventoried without being used as current evidence."
"P04FR0009"	"server"	"TestResults/a1-r26-correction/a1-v5-r1.trx"	"F85C8175019F272D9DCD41B08A945B5DB54B3DF79B1A967B6EDD9C509317BDD8"	"124"	"123"	"1"	"0"	"TagEkyc.IntegrationTests.Tip88C1C6BA1CancellationHttpTests.R26_InternalFingerprintCorruption_IsNotCallerConflictAndCreatesNoReplayRows"	"Npgsql.PostgresException : P0001: TIP88C1C6BA_APPEND_ONLY"	"EXCLUDED_HISTORICAL_OUTSIDE_SLICE"	"WHOLE_REPO_SWEEP"	""	"Historical failed run is outside the bounded P04/site-qualification slice and is inventoried without being used as current evidence."
"P04FR0010"	"server"	"TestResults/a1-r26-correction/a1-v8.trx"	"69B1CEE0F31E834E97D81C6D2701E11CDA52BCF130E9DAD0495DF74A564CE826"	"139"	"126"	"13"	"0"	"TagEkyc.IntegrationTests.Tip88C1C6BA1LifecycleRaceTests.IssuanceReplay_OverlapsRevocation_WithoutResurrectionOrFalseNotFound(rotation: True); TagEkyc.IntegrationTests.Tip88C1C6BA1LifecycleRaceTests.CredentialRevoke_ConcurrentRotation_BothSerialOrdersHaveOneWinner(revokeFirst: False); TagEkyc.IntegrationTests.Tip88C1C6BA1NormativeSqlProofTests.CompleteNormativeSqlFences_ExecuteAgainstCurrentMigration_AndLeaveNoSharedResidue(family: ""core_identity""); TagEkyc.IntegrationTests.Tip88C1C6BA1NormativeSqlProofTests.CompleteNormativeSqlFences_ExecuteAgainstCurrentMigration_AndLeaveNoSharedResidue(family: ""expiry""); TagEkyc.IntegrationTests.Tip88C1C6BA1LifecycleRaceTests.RotationExpiry_ConcurrentRevoke_HasOneTerminalPairAndFrozenDenial(expiryFirst: True); TagEkyc.IntegrationTests.Tip88C1C6BA1LifecycleRaceTests.BindConcurrentReplayOrReplace_OneBindingNoSuccessor(replace: False); TagEkyc.IntegrationTests.Tip88C1C6BA1TransitionCoverageTests.CapabilityReplace_WrongRevisionAndBoundDeny_SecondRuntimeCannotTakeOver; TagEkyc.IntegrationTests.Tip88C1C6BA1CanonicalDdlProjectionTests.CanonicalDdl_IndependentExpectedSchema_ExactColumnsConstraintsIndexes_ThreeMutationsAreRed; TagEkyc.IntegrationTests.Tip88C1C6BA1LifecycleRaceTests.CredentialRevoke_ConcurrentRotation_BothSerialOrdersHaveOneWinner(revokeFirst: True); TagEkyc.IntegrationTests.Tip88C1C6BA1RuntimeAppendTransactionTests.A1_23_RealCrt1NonceCommits_BAuditFailureRollsBackOnlyAppend; TagEkyc.IntegrationTests.Tip88C1C6BA1NormativeSqlProofTests.CompleteNormativeSqlFences_ExecuteAgainstCurrentMigration_AndLeaveNoSharedResidue(family: ""runtime""); TagEkyc.IntegrationTests.Tip88C1C6BA1LifecycleRaceTests.BindConcurrentReplayOrReplace_OneBindingNoSuccessor(replace: True); TagEkyc.IntegrationTests.Tip88C1C6BA1LifecycleRaceTests.RotationExpiry_ConcurrentRevoke_HasOneTerminalPairAndFrozenDenial(expiryFirst: False)"	"Npgsql.PostgresException : 42804: structure of query does not match function result type DETAIL: Returned type integer does not match expected type bigint in column 8."	"EXCLUDED_HISTORICAL_OUTSIDE_SLICE"	"WHOLE_REPO_SWEEP"	""	"Historical failed run is outside the bounded P04/site-qualification slice and is inventoried without being used as current evidence."
"P04FR0011"	"server"	"TestResults/a1-r26-correction/a1-v9.trx"	"D45F821496533A1251F0334CC66E11506548E685B287AAE6D3BF2B67741A4561"	"139"	"137"	"2"	"0"	"TagEkyc.IntegrationTests.Tip88C1C6BA1NormativeSqlProofTests.CompleteNormativeSqlFences_ExecuteAgainstCurrentMigration_AndLeaveNoSharedResidue(family: ""runtime""); TagEkyc.IntegrationTests.Tip88C1C6BA1NormativeSqlProofTests.CompleteNormativeSqlFences_ExecuteAgainstCurrentMigration_AndLeaveNoSharedResidue(family: ""core_identity"")"	"Npgsql.PostgresException : 08001: could not establish connection DETAIL: connection to server on socket ""/var/run/postgresql/.s.PGSQL.5432"" failed: FATAL: role ""postgres"" does not exist"	"EXCLUDED_HISTORICAL_OUTSIDE_SLICE"	"WHOLE_REPO_SWEEP"	""	"Historical failed run is outside the bounded P04/site-qualification slice and is inventoried without being used as current evidence."
"P04FR0012"	"server"	"TestResults/a1-r26-correction/arch-v7.trx"	"C6F645240BD7237E8546E0FEF1D4C7BB80F1F683184960645A6B3FDE3B6325C5"	"153"	"152"	"1"	"0"	"TagEkyc.ArchTests.Tip88C1C6BA1DispatchCatalogueTests.DispatchCatalogue_IsClosedAndBidirectionallyJoined"	"Catalogue relation has missing, extra, duplicate or mismatched edges."	"EXCLUDED_HISTORICAL_OUTSIDE_SLICE"	"WHOLE_REPO_SWEEP"	""	"Historical failed run is outside the bounded P04/site-qualification slice and is inventoried without being used as current evidence."
"P04FR0013"	"server"	"TestResults/a1-r26-correction/arch-v8.trx"	"773A1B60E036A2DDECB8D1A0EDA2B2AD1E52D7254C6A9E8E939FA4A2331FBBE3"	"153"	"151"	"2"	"0"	"TagEkyc.ArchTests.Tip88C1C6BA1DispatchCatalogueTests.DispatchCatalogue_IsClosedAndBidirectionallyJoined; TagEkyc.ArchTests.DockerTestResourceLifecycleTests.PostgreSql_test_harnesses_do_not_leave_anonymous_data_volumes"	"Assert.Matches() Failure: Pattern not found in value Regex: ""\\bR07\\b"" Value: ""# TIP-88C1-C6B-A1 — Server Identity and Control Fo""···"	"EXCLUDED_HISTORICAL_OUTSIDE_SLICE"	"WHOLE_REPO_SWEEP"	""	"Historical failed run is outside the bounded P04/site-qualification slice and is inventoried without being used as current evidence."
"P04FR0014"	"server"	"TestResults/a1-r26-correction/integration-full-r1.trx"	"52019479EDC9AC41D8794C02FC0B74949071ECA455358D7820847DC1382DDF86"	"551"	"489"	"61"	"0"	"TagEkyc.IntegrationTests.Tip68ProdHsmSigningTests.RequireHardwareSigner_fails_closed_on_host_startup_without_pkcs11_backend; TagEkyc.IntegrationTests.Tip83ASigningKeyJwksTests.Jwks_previous_key_registry_fails_closed_for_unsafe_entries(caseName: ""private-d"", expectedCode: ""JWKS_PRIVATE_KEY_MATERIAL_FORBIDDEN""); TagEkyc.IntegrationTests.Tip84BHashedApiKeyStoreTests.Signing_configuration_error_is_not_masked_by_api_key_store; TagEkyc.IntegrationTests.Tip86DecisionThresholdConfigTests.Production_rejects_invalid_liveness_threshold_with_stable_code(configuredValue: ""-1""); TagEkyc.IntegrationTests.Tip86DecisionThresholdConfigTests.Production_rejects_invalid_liveness_threshold_with_stable_code(configuredValue: ""1.5""); TagEkyc.IntegrationTests.Tip83ASigningKeyJwksTests.Jwks_previous_key_registry_fails_closed_for_unsafe_entries(caseName: ""malformed-p256"", expectedCode: ""JWKS_PUBLIC_KEY_INVALID""); TagEkyc.IntegrationTests.Tip83BPostgresProductionInfraTests.Development_inmemory_persistence_still_starts; TagEkyc.IntegrationTests.Tip83ASigningKeyJwksTests.ProductionTrialP12_fails_closed_for_invalid_required_config(pathKind: ""missing"", secretRef: ""env:irrelevant"", keyId: ""tagekyc-es256-2026-v1"", expectedCode: ""PROD_SIGNING_P12_FILE_NOT_FOUND""); TagEkyc.IntegrationTests.Tip86DecisionThresholdConfigTests.Production_rejects_missing_liveness_threshold_after_face_match_is_present; TagEkyc.IntegrationTests.Tip83ASigningKeyJwksTests.Jwks_previous_key_registry_fails_closed_for_unsafe_entries(caseName: ""duplicate-current"", expectedCode: ""JWKS_DUPLICATE_KID""); TagEkyc.IntegrationTests.Tip83E3RetentionConfigTests.Production_rejects_invalid_retention_window_with_stable_code(configuredValue: ""-5""); TagEkyc.IntegrationTests.Tip83E1ReadinessEndpointTests.Readiness_reports_all_failure_codes_distinct_and_ordered; TagEkyc.IntegrationTests.Tip83ASigningKeyJwksTests.ProductionTrialP12_fails_closed_for_invalid_required_config(pathKind: ""valid"", secretRef: ""vault:irrelevant"", keyId: ""tagekyc-es256-2026-v1"", expectedCode: ""PROD_SIGNING_P12_PASSWORD_SECRET_REF_INVALID""); TagEkyc.IntegrationTests.Tip83E1ReadinessEndpointTests.Readiness_times_out_hung_async_checks_without_hanging_or_leaking; TagEkyc.IntegrationTests.Tip83E1ReadinessEndpointTests.RQ2_timeout_cancellation_quiesces_before_scope_disposal; TagEkyc.IntegrationTests.Tip86DecisionThresholdConfigTests.Production_rejects_invalid_face_match_threshold_with_stable_code(configuredValue: ""abc""); TagEkyc.IntegrationTests.Tip83E3RetentionConfigTests.Production_rejects_invalid_retention_window_with_stable_code(configuredValue: ""0""); TagEkyc.IntegrationTests.Tip83E1ReadinessEndpointTests.RQ4_normal_success_and_ordinary_database_failure_remain_unchanged; TagEkyc.IntegrationTests.Tip83E3RetentionConfigTests.Development_starts_without_retention_policy; TagEkyc.IntegrationTests.Tip83ASigningKeyJwksTests.ProductionTrialP12_fails_closed_for_invalid_required_config(pathKind: ""relative.p12"", secretRef: ""env:irrelevant"", keyId: ""tagekyc-es256-2026-v1"", expectedCode: ""PROD_SIGNING_P12_PATH_NOT_ABSOLUTE""); TagEkyc.IntegrationTests.Tip83E1ReadinessEndpointTests.Production_object_custody_host_matrix_is_fail_closed_without_removing_real_checks; TagEkyc.IntegrationTests.Tip86DecisionThresholdConfigTests.Production_rejects_invalid_face_match_threshold_with_stable_code(configuredValue: ""0.75""); TagEkyc.IntegrationTests.Tip68ProdHsmSigningTests.Pkcs11_backend_missing_config_fails_closed_on_host_startup_without_echoing_pin; TagEkyc.IntegrationTests.Tip83ASigningKeyJwksTests.ProductionTrialP12_fails_closed_for_invalid_required_config(pathKind: ""valid"", secretRef: ""env:irrelevant"", keyId: ""test-p12-es256-v1"", expectedCode: ""PROD_SIGNING_KEY_ID_INVALID""); TagEkyc.IntegrationTests.Tip83E1ReadinessEndpointTests.Readiness_maps_untyped_exceptions_to_generic_without_leaking_message; TagEkyc.IntegrationTests.Tip86DecisionThresholdConfigTests.Production_accepts_approved_threshold_value_and_binds_options(configuredValue: ""0.80""); TagEkyc.IntegrationTests.Tip83ASigningKeyJwksTests.ProductionTrialP12_fails_closed_for_invalid_required_config(pathKind: ""valid"", secretRef: ""env:irrelevant"", keyId: ""localdev-es256-v1"", expectedCode: ""PROD_SIGNING_KEY_ID_DEV_FORBIDDEN""); TagEkyc.IntegrationTests.Tip86DecisionThresholdConfigTests.Production_rejects_invalid_face_match_threshold_with_stable_code(configuredValue: ""1.5""); TagEkyc.IntegrationTests.Tip83ASigningKeyJwksTests.Jwks_previous_key_registry_fails_closed_for_unsafe_entries(caseName: ""missing-validity"", expectedCode: ""JWKS_PREVIOUS_KEY_VALIDITY_REQUIRED""); TagEkyc.IntegrationTests.Tip86DecisionThresholdConfigTests.Production_rejects_invalid_face_match_threshold_with_stable_code(configuredValue: ""0""); TagEkyc.IntegrationTests.Tip83E1ReadinessEndpointTests.RQ1_existing_two_second_timeout_semantics_remain_unchanged; TagEkyc.IntegrationTests.Tip88C1B2R2DurableCustodyEncryptionTests.R214_r2_owned_buffers_are_zeroized_and_source_stream_remains_caller_owned; TagEkyc.IntegrationTests.Tip84BHashedApiKeyStoreTests.Pepper_secret_ref_taxonomy_is_sanitized(secretRefKind: ""vault:missing"", expectedCode: ""PROD_APIKEY_PEPPER_SECRET_REF_INVALID""); TagEkyc.IntegrationTests.Tip83ASigningKeyJwksTests.ProductionTrialP12_fails_closed_for_invalid_required_config(pathKind: null, secretRef: ""env:irrelevant"", keyId: ""tagekyc-es256-2026-v1"", expectedCode: ""PROD_SIGNING_P12_PATH_REQUIRED""); TagEkyc.IntegrationTests.Tip86DecisionThresholdConfigTests.Production_accepts_approved_threshold_value_and_binds_options(configuredValue: ""0.8""); TagEkyc.IntegrationTests.Tip88AE2PolicyPermitTtlConfigTests.Readiness_reports_invalid_permit_ttl_bounds_without_startup_failfast_or_value_leak; TagEkyc.IntegrationTests.Tip83ASigningKeyJwksTests.ProductionTrialP12_starts_self_tests_and_serves_current_plus_previous_public_jwks; TagEkyc.IntegrationTests.Tip88AE2PolicyPermitTtlConfigTests.Catalog_approve_revalidates_persisted_ttl_against_rebuilt_provider_bounds; TagEkyc.IntegrationTests.Tip83BPostgresProductionInfraTests.Production_startup_accepts_secret_ref_postgres_after_signing_self_test_and_readiness; TagEkyc.IntegrationTests.Tip83E1ReadinessEndpointTests.Readiness_returns_ready_with_no_store_headers_when_all_checks_pass; TagEkyc.IntegrationTests.Tip68ProdHsmSigningTests.Unknown_backend_fails_closed_on_host_startup; TagEkyc.IntegrationTests.Tip88AE2PolicyPermitTtlConfigTests.Readiness_accepts_absent_bounds_as_immutable_default_state; TagEkyc.IntegrationTests.Tip84BHashedApiKeyStoreTests.Production_rejects_localdev_api_key_store; TagEkyc.IntegrationTests.Tip86DecisionThresholdConfigTests.Production_rejects_invalid_liveness_threshold_with_stable_code(configuredValue: ""0""); TagEkyc.IntegrationTests.Tip83BPostgresProductionInfraTests.Signing_configuration_errors_are_not_masked_by_db_readiness; TagEkyc.IntegrationTests.Tip83ASigningKeyJwksTests.RequireHardwareSigner_still_forces_pkcs11; TagEkyc.IntegrationTests.Tip83E3RetentionConfigTests.Production_rejects_invalid_retention_window_with_stable_code(configuredValue: ""abc""); TagEkyc.IntegrationTests.Tip86DecisionThresholdConfigTests.Production_rejects_missing_face_match_threshold_first; TagEkyc.IntegrationTests.Tip83E1ReadinessEndpointTests.RQ3_repeated_database_timeouts_return_to_server_and_client_quiescence; TagEkyc.IntegrationTests.Tip86DecisionThresholdConfigTests.Production_rejects_invalid_liveness_threshold_with_stable_code(configuredValue: ""0.75""); TagEkyc.IntegrationTests.Tip83ASigningKeyJwksTests.ProductionTrialP12_fails_closed_for_invalid_required_config(pathKind: ""valid"", secretRef: null, keyId: ""tagekyc-es256-2026-v1"", expectedCode: ""PROD_SIGNING_P12_PASSWORD_SECRET_REQUIRED""); TagEkyc.IntegrationTests.Tip84BHashedApiKeyStoreTests.Pepper_secret_ref_taxonomy_is_sanitized(secretRefKind: null, expectedCode: ""PROD_APIKEY_PEPPER_SECRET_UNAVAILABLE""); TagEkyc.IntegrationTests.Tip83E1ReadinessEndpointTests.Health_stays_liveness_only_when_readiness_fails; TagEkyc.IntegrationTests.Tip86DecisionThresholdConfigTests.Production_rejects_invalid_liveness_threshold_with_stable_code(configuredValue: ""abc""); TagEkyc.IntegrationTests.Tip83E3RetentionConfigTests.Production_rejects_invalid_retention_window_with_stable_code(configuredValue: ""999999999""); TagEkyc.IntegrationTests.Tip84BHashedApiKeyStoreTests.Pepper_secret_ref_taxonomy_is_sanitized(secretRefKind: ""short"", expectedCode: ""PROD_APIKEY_PEPPER_SECRET_REF_INVALID""); TagEkyc.IntegrationTests.Tip83E3RetentionConfigTests.Production_rejects_missing_retention_policy; TagEkyc.IntegrationTests.Tip84BHashedApiKeyStoreTests.Production_rejects_plaintext_pepper_config; TagEkyc.IntegrationTests.Tip86DecisionThresholdConfigTests.Production_rejects_invalid_face_match_threshold_with_stable_code(configuredValue: ""-1""); TagEkyc.IntegrationTests.Tip83E3RetentionConfigTests.Production_accepts_valid_retention_window_and_binds_options; TagEkyc.IntegrationTests.Tip83E1ReadinessEndpointTests.Non_production_readiness_returns_ready_without_running_checks"	"Assert.Contains() Failure: Sub-string not found String: ""System.AggregateException: Some services ""··· Not found: ""Invalid evidence signing backend configur""···"	"EXCLUDED_HISTORICAL_OUTSIDE_SLICE"	"WHOLE_REPO_SWEEP"	""	"Historical failed run is outside the bounded P04/site-qualification slice and is inventoried without being used as current evidence."
"P04FR0015"	"server"	"TestResults/a1-r26-correction/integration-full-v6.trx"	"C1106B7B22034B59D71A4A77E491FAAB931AC8480EF8797B4AC701BC531A41EA"	"975"	"970"	"4"	"0"	"TagEkyc.IntegrationTests.Tip88C1C5RecipientManagementTests.C528_migration_down_and_reapply_are_disposable_and_catalog_stable; TagEkyc.IntegrationTests.Tip88C1C3RecipientPackageDeliveryTests.C325_apply_down_reapply_pending_model_and_snapshot_tripwires_are_clean; TagEkyc.IntegrationTests.Tip88C1C4RecipientPackageReferenceTests.C417_disposable_apply_down_reapply_does_not_mutate_shared_database; TagEkyc.IntegrationTests.Tip88C1C3RecipientPackageDeliveryTests.C6A18_down_reapply_is_clean"	"Npgsql.PostgresException : P0001: TIP88C1C6BA_CAPABILITY_ROLE_DEPENDENCY: tagekyc_capture_runtime_operator"	"EXCLUDED_HISTORICAL_OUTSIDE_SLICE"	"WHOLE_REPO_SWEEP"	""	"Historical failed run is outside the bounded P04/site-qualification slice and is inventoried without being used as current evidence."
"P04FR0016"	"server"	"TestResults/a1-r26-correction/r26-commit-diagnostic.trx"	"FC1C1DAF5E15832D36327F597F8E06DA3CDAA01F67C5612EC139E3B117440132"	"1"	"0"	"1"	"0"	"TagEkyc.IntegrationTests.Tip88C1C6BA1CancellationHttpTests.R26_NoHeader_InternalFingerprint_ExactReplay_ChangedMetadataAndHeadersKeepFirstWinner"	"HTTP 503: {""error"":{""code"":""NOT_READY"",""message"":""Cancellation is not ready."",""correlationId"":""correlation-a""}} Synthetic DB evidence:"	"EXCLUDED_HISTORICAL_OUTSIDE_SLICE"	"WHOLE_REPO_SWEEP"	""	"Historical failed run is outside the bounded P04/site-qualification slice and is inventoried without being used as current evidence."
"P04FR0017"	"server"	"TestResults/a1-r26-correction/r26-diagnostic.trx"	"F3429939532F653A54B6D39282D3C16F6A10D0B60E5695B0B3B512651BE9226F"	"4"	"0"	"4"	"0"	"TagEkyc.IntegrationTests.Tip88C1C6BA1CancellationHttpTests.R26_BindCancelRace_SessionAndCapabilityTerminalizeAtomically; TagEkyc.IntegrationTests.Tip88C1C6BA1CancellationHttpTests.R26_CrossClientCannotCancelOrReplay_NoCancelHistoryFromDeniedActor; TagEkyc.IntegrationTests.Tip88C1C6BA1CancellationHttpTests.R26_ConcurrentDifferentMetadata_ConvergesWithoutOverwritingWinner; TagEkyc.IntegrationTests.Tip88C1C6BA1CancellationHttpTests.R26_NoHeader_InternalFingerprint_ExactReplay_ChangedMetadataAndHeadersKeepFirstWinner"	"HTTP 503: {""error"":{""code"":""NOT_READY"",""message"":""Cancellation is not ready."",""correlationId"":""race-correlation""}} Synthetic DB evidence:"	"EXCLUDED_HISTORICAL_OUTSIDE_SLICE"	"WHOLE_REPO_SWEEP"	""	"Historical failed run is outside the bounded P04/site-qualification slice and is inventoried without being used as current evidence."
"P04FR0018"	"server"	"TestResults/a1-r26-correction/r26-first.trx"	"FADD881B4B19E53F4A3FEA4C28D83D75473C7E3D86A883F1BF43E609A6B92BD4"	"4"	"0"	"4"	"0"	"TagEkyc.IntegrationTests.Tip88C1C6BA1CancellationHttpTests.R26_CrossClientCannotCancelOrReplay_NoCancelHistoryFromDeniedActor; TagEkyc.IntegrationTests.Tip88C1C6BA1CancellationHttpTests.R26_BindCancelRace_SessionAndCapabilityTerminalizeAtomically; TagEkyc.IntegrationTests.Tip88C1C6BA1CancellationHttpTests.R26_NoHeader_InternalFingerprint_ExactReplay_ChangedMetadataAndHeadersKeepFirstWinner; TagEkyc.IntegrationTests.Tip88C1C6BA1CancellationHttpTests.R26_ConcurrentDifferentMetadata_ConvergesWithoutOverwritingWinner"	"HTTP 503: {""error"":{""code"":""NOT_READY"",""message"":""Cancellation is not ready."",""correlationId"":""0HNOGC22QFFGJ""}}"	"EXCLUDED_HISTORICAL_OUTSIDE_SLICE"	"WHOLE_REPO_SWEEP"	""	"Historical failed run is outside the bounded P04/site-qualification slice and is inventoried without being used as current evidence."
"P04FR0019"	"server"	"TestResults/a1-r26-correction/r26-sql-diagnostic.trx"	"5A5C129D2DA97D279F4888D47CE101DE2F8D17268A9E7808CD7D34646E5BCF1E"	"1"	"0"	"1"	"0"	"TagEkyc.IntegrationTests.Tip88C1C6BA1CancellationHttpTests.R26_SqlBoundary_CommitsBoundCancellation"	"Npgsql.PostgresException : 42501: permission denied for table audit_events"	"EXCLUDED_HISTORICAL_OUTSIDE_SLICE"	"WHOLE_REPO_SWEEP"	""	"Historical failed run is outside the bounded P04/site-qualification slice and is inventoried without being used as current evidence."
"P04FR0020"	"server"	"TestResults/a1-r26-correction/unit-r1.trx"	"1C9662AB952A68ACC3951A5460198996DAD205D5F06E2034555127A7BE65D3F5"	"282"	"279"	"3"	"0"	"TagEkyc.UnitTests.Tip82SSessionCancelTests.R26_concurrent_loser_returns_actual_boundary_winner_metadata; TagEkyc.UnitTests.Tip88C1C6BA1RouteRegistrationTests.ActualEndpointDataSources_AreExactExclusiveRouteSets(state: Prepared); TagEkyc.UnitTests.Tip88C1C6BA1RouteRegistrationTests.ActualEndpointDataSources_AreExactExclusiveRouteSets(state: Activated)"	"Assert.Equal() Failure: Values differ Expected: 2 Actual: 1"	"EXCLUDED_HISTORICAL_OUTSIDE_SLICE"	"WHOLE_REPO_SWEEP"	""	"Historical failed run is outside the bounded P04/site-qualification slice and is inventoried without being used as current evidence."
"P04FR0021"	"server"	"TestResults/a2-acceptance/3AVNN_LEARNPC_2026-09-13_01_39_03.trx"	"B72C0F1FB2F283E230EBD443CEA79B045C6D6E298836D1EC7C660C852A91F916"	"1"	"0"	"1"	"0"	"TagEkyc.IntegrationTests.Tip88C1C6BA2ClientServerAcceptanceTests.Enroll_TransportExactReplayAndCrt1Configuration_ServerBoundary"	"Npgsql.PostgresException : 42P01: relation ""tagekyc.capture_runtime_rotation_completions"" does not exist POSITION: 22"	"EXCLUDED_HISTORICAL_OUTSIDE_SLICE"	"WHOLE_REPO_SWEEP"	""	"Historical failed run is outside the bounded P04/site-qualification slice and is inventoried without being used as current evidence."
"P04FR0022"	"server"	"TestResults/a2-acceptance/3AVNN_LEARNPC_2026-09-13_02_21_58.trx"	"C51852F06881259F6DDD034D89718A5051995B1FAD7A5E195E92EDB16947CE0E"	"3"	"0"	"3"	"0"	"TagEkyc.IntegrationTests.Tip88C1C6BA2ClientServerAcceptanceTests.Bind_RestartReconcile_UsesNonsecretJournal; TagEkyc.IntegrationTests.Tip88C1C6BA2ClientServerAcceptanceTests.Enroll_TransportExactReplayAndCrt1Configuration_ServerBoundary; TagEkyc.IntegrationTests.Tip88C1C6BA2ClientServerAcceptanceTests.RuntimeAppend_UsesBindingAndNoApiKey"	"Npgsql.PostgresException : 23514: new row for relation ""capture_runtime_role_policy_revisions"" violates check constraint ""CK_role_policy_roles"" DETAIL: Detail redacted as it may contain sensitive data. Specify 'Include Error Detail' in the connection string to include this information."	"EXCLUDED_HISTORICAL_OUTSIDE_SLICE"	"WHOLE_REPO_SWEEP"	""	"Historical failed run is outside the bounded P04/site-qualification slice and is inventoried without being used as current evidence."
"P04FR0023"	"server"	"TestResults/a2-acceptance/3AVNN_LEARNPC_2026-09-13_02_37_54.trx"	"CA360AB26EE5BF4509E2E00C47D8FBB31EC2D612B106B3B16A7C46A08674F713"	"6"	"5"	"1"	"0"	"TagEkyc.IntegrationTests.Tip88C1C6BA2ClientServerAcceptanceTests.Rotate_SuccessorReplay_RetainsExactBody"	"Assert.Equal() Failure: Strings differ ↓ (pos 0) Expected: ""Active"" Actual: ""RotationPending"" ↑ (pos 0)"	"EXCLUDED_HISTORICAL_OUTSIDE_SLICE"	"WHOLE_REPO_SWEEP"	""	"Historical failed run is outside the bounded P04/site-qualification slice and is inventoried without being used as current evidence."
"P04FR0024"	"server"	"TestResults/a2-acceptance/3AVNN_LEARNPC_2026-09-13_02_38_58.trx"	"33BE2C26D3D6F66401D59B2B9CD76164EAD708AE65118E3BE870963FA8EC3D8B"	"6"	"5"	"1"	"0"	"TagEkyc.IntegrationTests.Tip88C1C6BA2ClientServerAcceptanceTests.Rotate_SuccessorReplay_RetainsExactBody"	"Assert.Equal() Failure: Collections differ ↓ (pos 0) Expected: HttpStatusCode[] [OK] Actual: List<HttpStatusCode> [Conflict] ↑ (pos 0)"	"EXCLUDED_HISTORICAL_OUTSIDE_SLICE"	"WHOLE_REPO_SWEEP"	""	"Historical failed run is outside the bounded P04/site-qualification slice and is inventoried without being used as current evidence."
"P04FR0025"	"server"	"TestResults/a2-acceptance/3AVNN_LEARNPC_2026-09-13_02_49_41.trx"	"BE1AE78CEB156A59E44C233B7939BD9F954061D100C58C03881CA1A113CE8A38"	"6"	"5"	"1"	"0"	"TagEkyc.IntegrationTests.Tip88C1C6BA2ClientServerAcceptanceTests.Crt1_ExactBytes_ServerVerifierAccepts"	"Assert.Equal() Failure: Values differ Expected: 403 Actual: 400"	"EXCLUDED_HISTORICAL_OUTSIDE_SLICE"	"WHOLE_REPO_SWEEP"	""	"Historical failed run is outside the bounded P04/site-qualification slice and is inventoried without being used as current evidence."
"P04FR0026"	"server"	"TestResults/a2-acceptance/3AVNN_LEARNPC_2026-09-13_02_51_56.trx"	"2A1AD30BD6AA833B4ECF75BF2C84BA2EEA27C0CB70E659B1FF389E26971A0275"	"6"	"5"	"1"	"0"	"TagEkyc.IntegrationTests.Tip88C1C6BA2ClientServerAcceptanceTests.Crt1_ExactBytes_ServerVerifierAccepts"	"Assert.Equal() Failure: Values differ Expected: 400 Actual: 403"	"EXCLUDED_HISTORICAL_OUTSIDE_SLICE"	"WHOLE_REPO_SWEEP"	""	"Historical failed run is outside the bounded P04/site-qualification slice and is inventoried without being used as current evidence."
"P04FR0027"	"server"	"TestResults/a2-acceptance/3AVNN_LEARNPC_2026-09-13_02_54_13.trx"	"F553F843959C5C45B060A26D5C872D80A1E58C5E505E2C3CBB5400DE4973A1AC"	"6"	"5"	"1"	"0"	"TagEkyc.IntegrationTests.Tip88C1C6BA2ClientServerAcceptanceTests.RuntimeAppend_UsesBindingAndNoApiKey"	"TagEkyc.CaptureAgent.Core.CaptureAgentFlowException : LIVENESS_METHOD_UNEARNED"	"EXCLUDED_HISTORICAL_OUTSIDE_SLICE"	"WHOLE_REPO_SWEEP"	""	"Historical failed run is outside the bounded P04/site-qualification slice and is inventoried without being used as current evidence."
"P04FR0028"	"server"	"TestResults/a3-a1-roundtrip-fix/a3-a1-roundtrip-fix.trx"	"C153A746AD0F10070E52C2F19FC1A63EB0AD2EF3A47573CB12C84700302CB99A"	"1"	"0"	"1"	"0"	"TagEkyc.IntegrationTests.Tip88C1C6BA1PersistenceTests.FoundationMigration_ApplyRollbackReapplyEnforcesAllShapes"	"Npgsql.PostgresException : P0001: TIP88C1C6BA_CAPABILITY_ROLE_DEPENDENCY: tagekyc_capture_runtime_operator"	"EXCLUDED_HISTORICAL_OUTSIDE_SLICE"	"WHOLE_REPO_SWEEP"	""	"Historical failed run is outside the bounded P04/site-qualification slice and is inventoried without being used as current evidence."
"P04FR0029"	"server"	"TestResults/a3-a1-roundtrip-isolated/a3-a1-roundtrip-isolated.trx"	"3A92E13B771AFA12F940A16FFBC86780BA0555C665ED3557BCF2F86BEB2565DB"	"1"	"0"	"1"	"0"	"TagEkyc.IntegrationTests.Tip88C1C6BA1PersistenceTests.FoundationMigration_ApplyRollbackReapplyEnforcesAllShapes"	"Assert.Equal() Failure: Collections differ ↓ (pos 562) Expected: [···, ""function:tagekyc.capture_runtime_assign_role_polic""···, ""function:tagekyc.capture_runtime_authorize_rotatio""···, ""function:tagekyc.capture_runtime_bind_capability(u""···, ""function:tagekyc.capture_runtime_cancel_session_wi""···, ""function:tagekyc.capture_runtime_claim_nonce(uuid,""···, ···] Actual: [···, ""function:tagekyc.capture_runtime_assign_role_polic""···, ""function:tagekyc.capture_runtime_authorize_rotatio""···, ""function:tagekyc.capture_runtime_bind_capability(u""···, ""function:tagekyc.capture_runtime_cancel_session_wi""···, ""function:tagekyc.capture_runtime_claim_nonce(uuid,""···, ···] ↑ (pos 562)"	"EXCLUDED_HISTORICAL_OUTSIDE_SLICE"	"WHOLE_REPO_SWEEP"	""	"Historical failed run is outside the bounded P04/site-qualification slice and is inventoried without being used as current evidence."
"P04FR0030"	"server"	"TestResults/a3-client-server-focused/a3-client-server-focused.trx"	"076D1376E143E7FB5C4B0F37E6476AEF0D076CAF05CAA6E62C7A04EFFF7110AE"	"2"	"0"	"2"	"0"	"TagEkyc.IntegrationTests.Tip88C1C6BA3ClientServerAcceptanceTests.AgentRequestCrossesExactServerCrt1AndUnreadBodyBoundary(rawClass: LiveSelfieImage, expectedRawClass: ""LiveSelfieImage""); TagEkyc.IntegrationTests.Tip88C1C6BA3ClientServerAcceptanceTests.AgentRequestCrossesExactServerCrt1AndUnreadBodyBoundary(rawClass: ChipDg2Portrait, expectedRawClass: ""ChipDg2Portrait"")"	"TagEkyc.CaptureAgent.Core.CaptureRuntimeLocalException : NOT_READY"	"EXCLUDED_HISTORICAL_OUTSIDE_SLICE"	"WHOLE_REPO_SWEEP"	""	"Historical failed run is outside the bounded P04/site-qualification slice and is inventoried without being used as current evidence."
"P04FR0031"	"server"	"TestResults/a3-cp11-targeted/a3-cp11-targeted.trx"	"6ADAA25E90B5A895F83C9A401323D353719DA84F037A6F68EE5681EE512246A7"	"44"	"43"	"1"	"0"	"TagEkyc.IntegrationTests.Tip88C1C6BA1PersistenceTests.FoundationMigration_ApplyRollbackReapplyEnforcesAllShapes"	"Assert.Equal() Failure: Collections differ ↓ (pos 24) Expected: [···, ""tagekyc.capture_runtime_complete_rotation(uuid, uu""···, ""tagekyc.capture_runtime_issue_bootstrap(uuid, uuid""···, ""tagekyc.capture_runtime_issue_or_replace_capabilit""···, ""tagekyc.capture_runtime_materialize_capability_exp""···, ""tagekyc.capture_runtime_publish_configuration(uuid""···, ···] Actual: [···, ""tagekyc.capture_runtime_complete_rotation(uuid, uu""···, ""tagekyc.capture_runtime_issue_bootstrap(uuid, uuid""···, ""tagekyc.capture_runtime_issue_or_replace_capabilit""···, ""tagekyc.capture_runtime_materialize_capability_exp""···, ""tagekyc.capture_runtime_publish_configuration(uuid""···, ···] ↑ (pos 24)"	"EXCLUDED_HISTORICAL_OUTSIDE_SLICE"	"WHOLE_REPO_SWEEP"	""	"Historical failed run is outside the bounded P04/site-qualification slice and is inventoried without being used as current evidence."
"P04FR0032"	"server"	"TestResults/a3-e01-credential-lifetime-recheck/a3-e01-credential-lifetime-recheck.trx"	"DAA96D005DB3C1B0CA02D5A4221FE6D9F7991F9CAC243B907600B107945F8831"	"1"	"0"	"1"	"0"	"TagEkyc.IntegrationTests.Tip88C1C6BA3ConsentRetentionTests.E01_ReferenceSurvivesCredentialRevocationAndReplacement"	"Npgsql.PostgresException : P0001: DK-PROD canonical LOGIN role attributes invalid: tagekyc_raw_export_encryptor_login"	"EXCLUDED_HISTORICAL_OUTSIDE_SLICE"	"WHOLE_REPO_SWEEP"	""	"Historical failed run is outside the bounded P04/site-qualification slice and is inventoried without being used as current evidence."
"P04FR0033"	"server"	"TestResults/a3-final-v3/a3-final-integration-v3.trx"	"02D6ADD0D974210DE514369FE1FFD8F57606981EF427A287EF282568AA27F6F7"	"125"	"118"	"6"	"0"	"TagEkyc.IntegrationTests.Tip88C1C6BA2ClientServerAcceptanceTests.RuntimeAppend_UsesBindingAndNoApiKey; TagEkyc.IntegrationTests.Tip88C1C6BA2ClientServerAcceptanceTests.Bind_RestartReconcile_UsesNonsecretJournal; TagEkyc.IntegrationTests.Tip88C1C6BA2ClientServerAcceptanceTests.Enroll_TransportExactReplayAndCrt1Configuration_ServerBoundary; TagEkyc.IntegrationTests.Tip88C1C6BA2ClientServerAcceptanceTests.Rotate_SuccessorReplay_RetainsExactBody; TagEkyc.IntegrationTests.Tip88C1C6BA2ClientServerAcceptanceTests.Enroll_LostResponse_ReplaysExactBodyAndKeepsCandidate; TagEkyc.IntegrationTests.Tip88C1C6BA2ClientServerAcceptanceTests.Crt1_ExactBytes_ServerVerifierAccepts"	"System.InvalidOperationException : A2 acceptance requires its isolated runner."	"EXCLUDED_HISTORICAL_OUTSIDE_SLICE"	"WHOLE_REPO_SWEEP"	""	"Historical failed run is outside the bounded P04/site-qualification slice and is inventoried without being used as current evidence."
"P04FR0034"	"server"	"TestResults/a3-final/a3-final-arch.trx"	"7FC707534723F0A2D2784F835F420DC008E06290249E0302CC0BDC53F2DFF6EE"	"156"	"155"	"1"	"0"	"TagEkyc.ArchTests.Tip88C1C6BA1DispatchCatalogueTests.DispatchCatalogue_IsClosedAndBidirectionallyJoined"	"Missing: tagekyc.capture_runtime_issue_or_replace_capability(uuid, uuid, text, uuid, bigint, uuid, uuid, text, bytea, integer, bytea, timestamp with time zone, uuid, uuid, jsonb) Extra: tagekyc.capture_runtime_issue_or_replace_capability(uuid, uuid, text, uuid, bigint, uuid, uuid, text, bytea, integer, bytea, timestamp with time zone) Duplicates:"	"EXCLUDED_HISTORICAL_OUTSIDE_SLICE"	"WHOLE_REPO_SWEEP"	""	"Historical failed run is outside the bounded P04/site-qualification slice and is inventoried without being used as current evidence."
"P04FR0035"	"server"	"TestResults/a3-final/a3-final-concurrency-rerun.trx"	"EFE7144D6C6A46AC0E0918706FD13AC7DC9290AC4A1F090988EBEA14C0DD6FFC"	"1"	"0"	"1"	"0"	"TagEkyc.IntegrationTests.PostgresPersistenceSliceTests.Concurrent_finalization_uses_xmin_conflict_without_partial_rows_or_pk_collision"	"System.TimeoutException : The operation has timed out."	"EXCLUDED_HISTORICAL_OUTSIDE_SLICE"	"WHOLE_REPO_SWEEP"	""	"Historical failed run is outside the bounded P04/site-qualification slice and is inventoried without being used as current evidence."
"P04FR0036"	"server"	"TestResults/a3-final/a3-final-integration-v2.trx"	"16BD255E752DB905B0082B1BFAC7A89B5A1A3747CDD1488E7DF610CCDD801DF9"	"1340"	"1335"	"4"	"0"	"TagEkyc.IntegrationTests.Tip88C1C6BA1NormativeSqlProofTests.CompleteNormativeSqlFences_ExecuteAgainstCurrentMigration_AndLeaveNoSharedResidue(family: ""core_identity""); TagEkyc.IntegrationTests.Tip88C1B2AuthoritySnapshotTests.C1B2_shape_and_closed_fixture_values_are_database_enforced; TagEkyc.IntegrationTests.PostgresPersistenceSliceTests.Concurrent_finalization_uses_xmin_conflict_without_partial_rows_or_pk_collision; TagEkyc.IntegrationTests.Tip88C1C6BA1NormativeSqlProofTests.CompleteNormativeSqlFences_ExecuteAgainstCurrentMigration_AndLeaveNoSharedResidue(family: ""expiry"")"	"Npgsql.PostgresException : P0001: A3_CAPTURE_AUTHORITY_LINEAGE_MISMATCH"	"EXCLUDED_HISTORICAL_OUTSIDE_SLICE"	"WHOLE_REPO_SWEEP"	""	"Historical failed run is outside the bounded P04/site-qualification slice and is inventoried without being used as current evidence."
"P04FR0037"	"server"	"TestResults/a3-final/a3-final-integration.trx"	"D251691F605B049F0911BEE350932C236AFA21266080AE1F62DC6453292FE0E3"	"1340"	"104"	"1235"	"0"	"TagEkyc.IntegrationTests.Tip88C1C6BA3R2TerminalProjectionTests.EncryptionContext_CurrentSchemaNeverFallsBackToUntaggedAuthority(mutation: ""null-tag""); TagEkyc.IntegrationTests.Tip88B4RawExportJobFoundationTests.M10_named_class_constraint_body_mutations_go_red; TagEkyc.IntegrationTests.Tip88C1B2DurableKeyFixtureProofTests.FixtureWrap_ProviderOrContextMismatch_RaisesPinnedFailureWithoutMutation; TagEkyc.IntegrationTests.Tip88C1C6BA3BrokerQualificationTests.ApiCustodyRoleScopes_RejectCrossRoleSqlPrivileges(role: 2, defect: ""direct""); TagEkyc.IntegrationTests.Tip88B4RawExportJobFoundationTests.M3_claim_function_permit_lock_wait_rechecks_physical_time; TagEkyc.IntegrationTests.Tip88C1C6BA3RetentionCheckpointTests.A3_RetainedSnapshot_InsertLineageMutationIsRejected(field: ""RetentionAuthorityId""); TagEkyc.IntegrationTests.Tip88C1C1ResolverAssemblyTests.C126_disabled_is_valid_and_fixtureproof_is_nonproduction_only; TagEkyc.IntegrationTests.Tip88B4RawExportJobFoundationTests.B4_connection_is_closed_and_transaction_free_after_every_exit(method: ""Acquire"", exit: ""ProviderException""); TagEkyc.IntegrationTests.Tip88C1C6BA3R2TerminalProjectionTests.IncompleteR2_PresentObjectWithWrongOperationBindingBecomesConflict; TagEkyc.IntegrationTests.Tip83BPostgresProductionInfraTests.Production_connection_secret_ref_taxonomy_is_fail_closed_and_sanitized(secretRef: ""env:TAGEKYC_TIP83B_UNSET_f513cae7a04f4f11a133eeaf9""···, expectedCode: ""PROD_DB_CONNECTION_SECRET_MISSING"", forbiddenText: ""TAGEKYC_TIP83B_UNSET_f513cae7a04f4f11a133eeaf990b2""···); TagEkyc.IntegrationTests.Tip88B1E3ResolverReadBoundaryTests.F3_eligibility_projection_execute_is_required_by_inactive_engine_path; TagEkyc.IntegrationTests.Tip88B34AuthorizationEngineTests.L6_bounds_invalid_is_operational_and_rolls_back_the_claim; TagEkyc.IntegrationTests.Tip88B33AuthorizationPersistTests.K1_intended_b33_identifiers_are_within_63_bytes_and_round_trip_exactly; TagEkyc.IntegrationTests.Tip88C1C6BA3ConsentRetentionTests.E01_ReferenceSurvivesCredentialRevocationAndReplacement; TagEkyc.IntegrationTests.Tip88C1C6BA3BrokerQualificationTests.ApiCustodyRoleScopes_RejectMissingOrCombinedOwnersBeforeConnection(defect: ""wrong-login""); TagEkyc.IntegrationTests.Tip88C1B2DurableKeyProdTests.DKPROD_02_PrepareFresh; TagEkyc.IntegrationTests.Tip88C1B2R3VerifiedCiphertextStagingTests.R307_stage_precedence_is_exact_under_simultaneous_failures; TagEkyc.IntegrationTests.Tip88C1C6BA3R2TerminalProjectionTests.Re01_UnknownProviderCannotReenterOrEraseEvidence; TagEkyc.IntegrationTests.Tip84BHashedApiKeyStoreTests.Credential_status_down_maps_fail_closed(credentialStatus: ""RotatedReplaced"", expected: Revoked); TagEkyc.IntegrationTests.Tip88B33AuthorizationOracleTests.K6_requested_raw_classes_not_allowed_exact_accepts_over_and_under_reject; TagEkyc.IntegrationTests.Tip88B31RawExportAuthorizationSchemaTests.G6_owner_update_and_delete_are_rejected_on_all_7_tables; TagEkyc.IntegrationTests.Tip88C1C6BA3ConsentRetentionTests.E01_B2WithdrawalAndDirectWithdrawal_SerializeWithoutDuplicateProjection(b2First: True); TagEkyc.IntegrationTests.Tip83BPostgresProductionInfraTests.Production_rejects_plaintext_connection_string; TagEkyc.IntegrationTests.Tip88B4RawExportJobFoundationTests.B4_all_six_methods_reject_existing_provider_transaction_before_database(method: ""Renew""); TagEkyc.IntegrationTests.Tip88B4RawExportJobFoundationTests.B4_same_scope_landed_repository_can_reopen_after_B4(method: ""Terminalize"", exit: ""Cancellation""); TagEkyc.IntegrationTests.Tip88ARawExportPolicyCatalogTests.Legacy_null_ttl_survives_migration_but_cannot_be_catalog_approved; TagEkyc.IntegrationTests.Tip86DecisionThresholdConfigTests.Signing_configuration_error_is_not_masked_by_threshold_config; TagEkyc.IntegrationTests.Tip88C1C6BA3R2TerminalProjectionTests.TerminalIntent_PresentObjectProcessKillRecoversWithoutSecondPutOrDelete(cut: 3); TagEkyc.IntegrationTests.Tip86DecisionThresholdConfigTests.Production_rejects_invalid_liveness_threshold_with_stable_code(configuredValue: ""-1""); TagEkyc.IntegrationTests.Tip88C1C5RecipientManagementTests.C521_functions_acquire_recipient_authority_before_single_fresh_clock; TagEkyc.IntegrationTests.Tip88C1C6BA1LifecycleRaceTests.BindConcurrentReplayOrReplace_OneBindingNoSuccessor(replace: False); TagEkyc.IntegrationTests.Tip88B4RawExportJobFoundationTests.B4_all_six_methods_preflight_precedes_transaction_admission(method: ""Read"", topology: ""Ambient""); TagEkyc.IntegrationTests.Tip88B1RawExportControlPlaneTests.E3_abandoned_and_plain_not_approved_both_resolve_not_catalog_approved; TagEkyc.IntegrationTests.Tip88C1C3RecipientPackageDeliveryTests.C6A07A_latest_withdrawn_fulfillment_blocks_delivery; TagEkyc.IntegrationTests.Tip88B4RawExportJobFoundationTests.M8_head_first_terminalization_does_not_grant_stale_worker_authority; TagEkyc.IntegrationTests.Tip88C1B2DurableKeyProdTests.DKPROD_13_CleanupRequired; TagEkyc.IntegrationTests.Tip88B4RawExportJobFoundationTests.M6_foreign_direct_claim_cannot_use_existing_job_as_existence_oracle; TagEkyc.IntegrationTests.Tip88B4RawExportJobFoundationTests.M3_direct_claim_rejects_repeatable_read_and_serializable(isolation: Serializable); TagEkyc.IntegrationTests.Tip88C1C6BA3ContinuationWorkerTests.PublicationFailurePayloadMustBeEmpty(stage: 4, outcome: ""SourceRetentionNotAuthorized""); TagEkyc.IntegrationTests.Tip88C1C6BA1RawIngressBoundaryTests.RawIngressInvalidA3Result_FailsClosedAfterCommittedNonce(scenario: ""binding-forbidden-field""); TagEkyc.IntegrationTests.Tip88C1C6BA1PersistenceTests.Foundation_catalogue_contains_the_lineage_event_and_expiry_guards; TagEkyc.IntegrationTests.Tip88B1RawExportControlPlaneTests.E5_every_b1_eligibility_cause_matches_the_exact_b3_vocabulary; TagEkyc.IntegrationTests.Tip88C1C2RecipientPackageTests.C202_roles_memberships_table_function_owners_and_acl_are_exact; TagEkyc.IntegrationTests.Tip88C1C5RecipientManagementTests.C509_key_profile_and_postlock_admission_are_exact_at_application_and_sql_layers; TagEkyc.IntegrationTests.Tip88C1C5RecipientManagementTests.C518_recovery_returns_readiness_green_with_same_family_and_fresh_material; TagEkyc.IntegrationTests.Tip88C1C6BA3BrokerQualificationTests.ApiCustodyRoleScopes_RejectCrossRoleSqlPrivileges(role: 1, defect: ""missing""); TagEkyc.IntegrationTests.Tip88C1C6BA1RawIngressBoundaryTests.RawIngressAuthDenial_DoesNotReadBodyOrInvokeA3(scenario: ""wrong-generation"", status: 403, registerA3: True); TagEkyc.IntegrationTests.Tip88B4RawExportJobFoundationTests.B4_same_scope_landed_repository_can_reopen_after_B4(method: ""Read"", exit: ""Success""); TagEkyc.IntegrationTests.Tip88B4RawExportJobFoundationTests.M4_api_key_rotation_preserves_fingerprint_and_original_creator; TagEkyc.IntegrationTests.Tip88C1C6BA3RetentionCheckpointTests.A3_RetainedSnapshot_InsertLineageMutationIsRejected(field: ""RuntimeBindingId""); TagEkyc.IntegrationTests.Tip88B4RawExportJobFoundationTests.M3_lost_response_replay_returns_existing_job_after_authority_changes; TagEkyc.IntegrationTests.Tip88C1C6BA1PersistenceTests.FoundationMigration_ApplyRollbackReapplyEnforcesAllShapes; TagEkyc.IntegrationTests.Tip88C1C6BA3BrokerQualificationTests.ActivatedReadinessFailsClosedWhenRequiredHostCapacityIsMissing; TagEkyc.IntegrationTests.Tip88C1C6BA3RetentionCheckpointTests.A3_RetainedSnapshot_ExactReplayAndReferenceWithdrawal; TagEkyc.IntegrationTests.Tip88B1E3ResolverReadBoundaryTests.R4_every_invalid_fulfillment_cell_fails_in_materialization_with_zero_authorization_residue; TagEkyc.IntegrationTests.Tip88C1C1ResolverAssemblyTests.C118_exact_seal_replay_precedes_stale_revision; TagEkyc.IntegrationTests.Tip88C1C6BA3R2TerminalProjectionTests.Continuation_ContradictoryDurableTuplesAreNotExecutableWork(mutation: ""key-fingerprint""); TagEkyc.IntegrationTests.Tip88B1E3ResolverReadBoundaryTests.F1_landed_security_definer_capabilities_still_succeed; TagEkyc.IntegrationTests.Tip88C1B2DurableKeyProdTests.DKPROD_50_Migration_DownReapply_NoOrphan_ExtensionPreserved; TagEkyc.IntegrationTests.Tip88C1C6BA1RawIngressBoundaryTests.RawIngressAuthDenial_DoesNotReadBodyOrInvokeA3(scenario: ""invalid-signature"", status: 403, registerA3: True); TagEkyc.IntegrationTests.Tip88B4RawExportJobFoundationTests.B4_all_six_methods_preflight_precedes_transaction_admission(method: ""Acquire"", topology: ""EfTransaction""); TagEkyc.IntegrationTests.Tip88C1B2DurableObjectCustodyTests.O20_readiness_precedence_and_exact_codes_are_total; TagEkyc.IntegrationTests.Tip88B33AuthorizationPersistTests.K3_array_over_64_and_fractional_integer_raise_only_payload_invalid; TagEkyc.IntegrationTests.Tip88B31RawExportAuthorizationSchemaTests.G5_runtime_selects_all_7_tables_and_every_dml_kind_fails_with_42501; TagEkyc.IntegrationTests.Tip88B4RawExportJobFoundationTests.B4_connection_is_closed_and_transaction_free_after_every_exit(method: ""Terminalize"", exit: ""TypedFailure""); TagEkyc.IntegrationTests.Tip88C1C6BA3RetentionCheckpointTests.A3_RetainedCompletion_UsesExistingConsentWithoutEarlyExport(completed: False, withdrawn: True); TagEkyc.IntegrationTests.Tip88C1C6BA1CancellationHttpTests.R26_PreA1CancelledSessionWithoutA1CancelOperation_PreservesHistoricalResult(expiredLiveCapability: False); TagEkyc.IntegrationTests.Tip88C1B2DurableKeyProdTests.DKPROD_22j_FinalizeRejectsIncompleteCleanup; TagEkyc.IntegrationTests.Tip88C1B2SourceFinalizationTests.F409_R6_cleanup_plan_excludes_winning_object_and_key_under_every_census; TagEkyc.IntegrationTests.Tip88B4RawExportJobFoundationTests.B4_connection_is_closed_and_transaction_free_after_every_exit(method: ""Bind"", exit: ""Cancellation""); TagEkyc.IntegrationTests.Tip88C1C6BA1TransitionCoverageTests.CatalogExpectedHead_RejectsStaleWriter_RollbackPublishesNewAuditedRevision(family: ""configuration"", diagnostic: ""CONFIGURATION"", catalog: ""30000000-0000-4000-8000-000000000001""); TagEkyc.IntegrationTests.Tip88C1B2DurableKeyFixtureProofTests.FixtureIdentifiers_IntendedNamesUnder63AndRoundTripExactly; TagEkyc.IntegrationTests.Tip88C1C6BA3R2TerminalProjectionTests.Nps01_AdjacentObjectAndTerminatorReplayTakeSessionPrefix(terminatedReplay: False); TagEkyc.IntegrationTests.PostgresPersistenceSliceTests.Stale_finalization_write_returns_state_mismatch; TagEkyc.IntegrationTests.Tip88B4RawExportJobFoundationTests.M5_head_wait_crossing_consent_or_fulfillment_expiry_fails_authority(finiteAuthority: ""fulfillment""); TagEkyc.IntegrationTests.Tip88C1C6BA3R2TerminalProjectionTests.Ti01_Ti02_ExactRoleCatalogArgumentsAndDirectWritesAreClosed; TagEkyc.IntegrationTests.Tip88B34AuthorizationEngineTests.L5_consent_withdraw_waits_for_authorization_commit_without_stale_authorized; TagEkyc.IntegrationTests.Tip88C1C6BA3RetentionCheckpointTests.A3_RetainedSnapshot_TerminalKindCannotBeBypassed(revoke: True); TagEkyc.IntegrationTests.Tip88B1RawExportControlPlaneTests.Readiness_fails_when_required_root_is_missing_or_dev_default; TagEkyc.IntegrationTests.Tip88B4RawExportJobFoundationTests.M12_readiness_returns_exact_code_for_each_manifest_drift; TagEkyc.IntegrationTests.Tip88C1C1ResolverAssemblyTests.C124_schema_function_owner_and_acl_shapes_are_exact; TagEkyc.IntegrationTests.Tip88C1B2R3VerifiedCiphertextStagingTests.R305_only_VerifiedCompleted_object_state_can_stage; TagEkyc.IntegrationTests.Tip88B4RawExportJobFoundationTests.B4_all_six_methods_preflight_precedes_transaction_admission(method: ""Acquire"", topology: ""Ambient""); TagEkyc.IntegrationTests.Tip88C1C5RecipientManagementTests.C504_credential_response_does_not_expose_policy_authority; TagEkyc.IntegrationTests.Tip88C1C6BA3RetentionCheckpointTests.A3_C1Seal_ActualB2WithdrawalSessionOrder(withdrawalFirst: False); TagEkyc.IntegrationTests.Tip88C1C6BA1RawIngressBoundaryTests.RawIngressAuthDenial_DoesNotReadBodyOrInvokeA3(scenario: ""malformed-metadata"", status: 400, registerA3: True); TagEkyc.IntegrationTests.Tip88B4RawExportJobFoundationTests.M3_new_bind_permit_lock_wait_crossing_finite_authority_rolls_back; TagEkyc.IntegrationTests.Tip88C1C6BA3BrokerQualificationTests.ApiCustodyRoleScopes_RejectCrossRoleSqlPrivileges(role: 1, defect: ""direct""); TagEkyc.IntegrationTests.Tip88C1C6BA3CapabilityLineageTests.A3_R20_ClosedJsonRejectsBeforePersistence(body: ""{\""action\"":\""Replace\"",\""currentCapabilityId\"":\""""···); TagEkyc.IntegrationTests.Tip88C1C6BA3CapabilityLineageTests.A3_R20_ClosedJsonRejectsBeforePersistence(body: ""{\""action\"":\""Issue\"",\""action\"":\""Issue\""}""); TagEkyc.IntegrationTests.Tip83ASigningKeyJwksTests.Jwks_previous_key_registry_fails_closed_for_unsafe_entries(caseName: ""duplicate-current"", expectedCode: ""JWKS_DUPLICATE_KID""); TagEkyc.IntegrationTests.Tip88C1B2CoreTests.C1B2CORE_envelope_mismatch_is_token_invalid_with_zero_residue; TagEkyc.IntegrationTests.Tip88C1B2R3VerifiedCiphertextStagingTests.R311_R3_function_owner_acl_role_and_table_privileges_are_exact; TagEkyc.IntegrationTests.Tip84BHashedApiKeyStoreTests.Malformed_key_returns_null_without_throwing(presentedKey: ""tek_abcdefghijklmno+_AAAAAAAAAAAAAAAAAAAAAAAAAAAAA""···); TagEkyc.IntegrationTests.Tip88C1C6BA3R2TerminalProjectionTests.Continuation_TypedRepositoryReadsExactCommittedMetadata; TagEkyc.IntegrationTests.Tip88C1B2DurableKeyProdTests.DKPROD_07_FirstUnknown; TagEkyc.IntegrationTests.Tip88C1C6BA1RootCliTests.R01_ActualCli_RejectsExactMalformedFileWithoutMutation(suffix: ""\n""); TagEkyc.IntegrationTests.Tip88B1RawExportControlPlaneTests.Readiness_rejects_owner_or_migration_principal_as_runtime_for_control_plane_tables; TagEkyc.IntegrationTests.Tip88C1C6BA1RawIngressBoundaryTests.RawIngressA3Outcome_MapsWithoutReadingBody(outcome: ResumePending, status: 202, code: ""RAW_EXPORT_SOURCE_RESUME_PENDING""); TagEkyc.IntegrationTests.Tip88C1C6BA1RawIngressBoundaryTests.RawIngressA3Outcome_MapsWithoutReadingBody(outcome: TemporarilyUnavailable, status: 503, code: ""RAW_EXPORT_SOURCE_TEMPORARILY_UNAVAILABLE""); TagEkyc.IntegrationTests.Tip88B4RawExportJobFoundationTests.B4_all_six_methods_preflight_precedes_transaction_admission(method: ""Terminalize"", topology: ""OpenConnection""); TagEkyc.IntegrationTests.Tip88B4RawExportJobFoundationTests.M12_apply_rollback_reapply_preserves_pre_b4_catalog_and_acls; TagEkyc.IntegrationTests.Tip88C1C6BA1EnrollmentTests.Enrollment_InvalidSecretOrPop_HasNoMutation; TagEkyc.IntegrationTests.Tip88C1B2BetaExistingCandidateTests.BETA_exact_existing_match_and_digest_only_conflict_create_no_second_source; TagEkyc.IntegrationTests.Tip88C1B2R2DurableCustodyEncryptionDatabaseTests.R213_no_database_transaction_spans_source_key_aead_or_object_io; TagEkyc.IntegrationTests.Tip88C1C3RecipientPackageDeliveryTests.C319_only_three_delivery_routes_are_mapped_and_no_HEAD_or_discovery_surface_exists; TagEkyc.IntegrationTests.Tip88B1E3ResolverReadBoundaryTests.F3_root_health_execute_is_required_by_readiness_path; TagEkyc.IntegrationTests.Tip88C1C6BA3RetentionCheckpointTests.A3_RetainedBegin_SameKeyLostResponseDoesNotRearmReservedAttempt; TagEkyc.IntegrationTests.Tip88C1C6BA3CapabilityLineageTests.A3_R20_ClosedJsonRejectsBeforePersistence(body: ""{\""action\"":\""Replace\"",\""currentCapabilityId\"":\""""···); TagEkyc.IntegrationTests.Tip88C1B2DurableKeyProdTests.DKPROD_22b_AbandonCleanupUnavailable; TagEkyc.IntegrationTests.Tip83ASigningKeyJwksTests.ProductionTrialP12_fails_closed_for_invalid_required_config(pathKind: ""valid"", secretRef: ""vault:irrelevant"", keyId: ""tagekyc-es256-2026-v1"", expectedCode: ""PROD_SIGNING_P12_PASSWORD_SECRET_REF_INVALID""); TagEkyc.IntegrationTests.Tip88C1B2DurableKeyFixtureProofTests.FixtureAdapter_DivergentReturnedMaterialHandleOrReceipt_IsRejected; TagEkyc.IntegrationTests.Tip88C1B2DurableKeyFixtureProofTests.FixtureJournal_UpdateDeleteDenied_AndFixtureRoleInsertSucceeds; TagEkyc.IntegrationTests.Tip88C1B2DurableKeyProdTests.DKPROD_09a_UnavailableFromLive; TagEkyc.IntegrationTests.Tip88B1RawExportControlPlaneTests.Two_connection_resolver_shared_lock_blocks_revoke_until_authorization_transaction_finishes; TagEkyc.IntegrationTests.Tip88AE2PolicyPermitTtlConfigTests.Permit_ttl_bounds_resolve_once_into_valid_or_invalid_state(min: ""60"", max: null, expectedValid: False, expectedMin: 0, expectedMax: 0); TagEkyc.IntegrationTests.Tip88C1C6BA3R2TerminalProjectionTests.EncryptionContext_CurrentSchemaNeverFallsBackToUntaggedAuthority(mutation: ""unknown-tag""); TagEkyc.IntegrationTests.Tip88C1C6BA3R2TerminalProjectionTests.EncryptionContext_CurrentSchemaNeverFallsBackToUntaggedAuthority(mutation: ""historical-shape-on-current-schema""); TagEkyc.IntegrationTests.Tip88C1C6BA3MigrationTests.A3_MigrationDiscovery_FromEmptyMatchesCurrentModelAndHistory; TagEkyc.IntegrationTests.Tip83E3RetentionConfigTests.Signing_configuration_error_is_not_masked_by_retention_config; TagEkyc.IntegrationTests.Tip88C1C6BA1CancellationHttpTests.R26_TerminalHistoricalGraph_RejectsMissingBindingOrMissingBoundAt(state: ""Revoked"", removeBinding: True); TagEkyc.IntegrationTests.Tip88C1B2DurableKeyProdTests.DKPROD_08_RepeatedUnknown; TagEkyc.IntegrationTests.PostgresPersistenceSliceTests.Verification_session_uses_xmin_as_concurrency_token; TagEkyc.IntegrationTests.Tip88C1C2RecipientPackageTests.C222_global_key_then_package_lock_order_has_no_reverse_edge; TagEkyc.IntegrationTests.Tip83BPostgresProductionInfraTests.Readiness_rejects_non_npgsql_provider; TagEkyc.IntegrationTests.Tip88B4RawExportJobFoundationTests.B4_same_scope_landed_repository_can_reopen_after_B4(method: ""Read"", exit: ""Cancellation""); TagEkyc.IntegrationTests.Tip88B4RawExportJobFoundationTests.B4_same_scope_landed_repository_can_reopen_after_B4(method: ""Failure"", exit: ""TypedFailure""); TagEkyc.IntegrationTests.Tip88C1C6BA3R2TerminalProjectionTests.NoProviderRecovery_UnknownProviderDoesNotBecomeAnAbsenceWitness; TagEkyc.IntegrationTests.Tip88C1B2DurableKeyFixtureProofTests.FixtureJournal_SpoofedGucAndDirectInsertDenied; TagEkyc.IntegrationTests.Tip88C1C6BA1RawIngressBoundaryTests.RawIngressInvalidA3Result_FailsClosedAfterCommittedNonce(scenario: ""port-throws""); TagEkyc.IntegrationTests.Tip88C1B2R2DurableCustodyEncryptionDatabaseTests.R207_fresh_key_provisioning_precedes_active_context_and_partitions_every_outcome; TagEkyc.IntegrationTests.Tip88C1B2R3VerifiedCiphertextStagingTests.R314_restart_recovery_verified_object_advances_to_Staged_without_process_result_handoff; TagEkyc.IntegrationTests.Tip88B1E3ResolverReadBoundaryTests.F1_each_forbidden_privilege_cell_turns_readiness_red; TagEkyc.IntegrationTests.Tip88C1C6BA3RetentionCheckpointTests.A3_ExportRequiresIndependentAuthorityForRetainedSource(withdrawBeforeFreeze: True); TagEkyc.IntegrationTests.Tip88C1C3RecipientPackageDeliveryTests.C318_integrity_failure_is_delivery_local_and_new_delivery_reads_fresh; TagEkyc.IntegrationTests.Tip88C1C6BA3BrokerQualificationTests.ApiCustodyRoleScopes_RejectCrossRoleSqlPrivileges(role: 2, defect: ""column-read""); TagEkyc.IntegrationTests.Tip88ARawExportPolicyCatalogTests.Permit_ttl_column_and_migration_owned_constraint_are_present_without_validation_backfill; TagEkyc.IntegrationTests.Tip88C1C1ResolverAssemblyTests.C106_exact_object_is_reopened_without_public_locator_surface; TagEkyc.IntegrationTests.Tip88B4RawExportJobFoundationTests.B4_all_six_methods_preflight_precedes_transaction_admission(method: ""Acquire"", topology: ""ProviderTransaction""); TagEkyc.IntegrationTests.Tip88B4RawExportJobFoundationTests.B4_same_scope_landed_repository_can_reopen_after_B4(method: ""Read"", exit: ""TypedFailure""); TagEkyc.IntegrationTests.Tip88C1C6BA3R2TerminalProjectionTests.Nps01_CatalogAndWriteGuardAreClosed; TagEkyc.IntegrationTests.Tip88C1B2DurableKeyFixtureProofTests.E3_ModelSnapshotDelta_IsAdditiveAndTripwireRoundTrips; TagEkyc.IntegrationTests.Tip88C1C6BA3R2TerminalProjectionTests.NoProviderRecovery_ProcessKillUsesDurableNpsIntentAndFinalization(cut: 1); TagEkyc.IntegrationTests.Tip88M1ModelSnapshotDriftTests.Landed_withdrawn_event_shape_rejects_whitespace_decision_ref_and_accepts_null; TagEkyc.IntegrationTests.Tip88C1C6BA3ContinuationWorkerTests.PublicationFailurePayloadMustBeEmpty(stage: 5, outcome: ""SourceRetentionNotAuthorized""); TagEkyc.IntegrationTests.Tip88B31RawExportAuthorizationSchemaTests.G9_readiness_returns_503_with_table_mutation_code; TagEkyc.IntegrationTests.Tip88C1B2DurableKeyProdTests.DKPROD_36_WriteGuard_SecurityDefinerPositiveAndContextRestored; TagEkyc.IntegrationTests.Tip88C1C3RecipientPackageDeliveryTests.C6A20_decision_job_client_and_recipient_are_compared; TagEkyc.IntegrationTests.Tip88B32AuthorizationIdentityFunctionTests.H1_intended_b32_identifiers_are_within_63_bytes_and_round_trip_exactly; TagEkyc.IntegrationTests.Tip88C1C3RecipientPackageDeliveryTests.C322_status_and_create_replay_remain_historical_after_key_revoke; TagEkyc.IntegrationTests.Tip88C1C6BA1LifecycleRaceTests.BindConcurrentReplayOrReplace_OneBindingNoSuccessor(replace: True); TagEkyc.IntegrationTests.Tip88C1B2DurableKeyProdTests.DKPROD_56_WriteGuard_UnknownTable_FailsClosed; TagEkyc.IntegrationTests.Tip88B4RawExportJobFoundationTests.B4_same_scope_landed_repository_can_reopen_after_B4(method: ""Bind"", exit: ""ProviderException""); TagEkyc.IntegrationTests.Tip88B34AuthorizationEngineTests.L2_authorized_produces_permit_and_expiry; TagEkyc.IntegrationTests.Tip88C1B2AuthoritySnapshotTests.C1B2_authority_identifiers_round_trip_and_acl_is_exact; TagEkyc.IntegrationTests.Tip83BPostgresProductionInfraTests.Production_connection_secret_ref_taxonomy_is_fail_closed_and_sanitized(secretRef: ""vault:db"", expectedCode: ""PROD_DB_CONNECTION_SECRET_INVALID"", forbiddenText: null); TagEkyc.IntegrationTests.Tip88C1C2RecipientPackageTests.C213_prepared_finalize_and_exact_finalized_replay_are_guarded; TagEkyc.IntegrationTests.Tip88B31RawExportAuthorizationSchemaTests.G2_pg_constraint_contains_all_43_exact_names_and_deferred_fk_shape; TagEkyc.IntegrationTests.Tip83ASigningKeyJwksTests.ProductionTrialP12_rejects_plaintext_p12_password_config; TagEkyc.IntegrationTests.Tip88C1C6BA3CapabilityLineageTests.A3_R20_ClosedJsonRejectsBeforePersistence(body: ""{\""action\"":null}""); TagEkyc.IntegrationTests.Tip88C1B1IngressClaimTests.C1B1_identifiers_round_trip_and_acl_manifest_is_exact; TagEkyc.IntegrationTests.Tip88C1C6BA3R2TerminalProjectionTests.Ti02_SessionWaitUsesPostLockTerminationClock; TagEkyc.IntegrationTests.Tip88C1C6BA3R2TerminalProjectionTests.CleanShortEofDiffersFromInterruptedPrefix(mode: ""cancelled""); TagEkyc.IntegrationTests.Tip88C1C6BA3ContinuationWorkerTests.ProcessKill_RestartUsesDurablePublicationState(cut: 3); TagEkyc.IntegrationTests.Tip88C1C6BA1LifecycleRaceTests.IssuanceReplay_OverlapsRevocation_WithoutResurrectionOrFalseNotFound(rotation: False); TagEkyc.IntegrationTests.Tip88C1C6BA3ContinuationWorkerTests.PublicationSelectionCannotOvertakeTerminalState(terminal: ""operational""); TagEkyc.IntegrationTests.Tip88C1B2R3VerifiedCiphertextStagingTests.R302_exact_verified_object_stages_once_with_complete_persisted_shape; TagEkyc.IntegrationTests.Tip88C1C3RecipientPackageDeliveryTests.C326_proof_census_hygiene_and_allowlist_are_exact; TagEkyc.IntegrationTests.Tip88C1B2DurableKeyProdTests.DKPROD_11_PositiveAbsenceLeaseGate; TagEkyc.IntegrationTests.Tip88B4RawExportJobFoundationTests.M7_public_terminalize_accepts_released_assembling_head; TagEkyc.IntegrationTests.Tip88C1C1ResolverAssemblyTests.C113_second_fresh_barrier_immediately_precedes_prepare; TagEkyc.IntegrationTests.Tip88B31RawExportAuthorizationSchemaTests.G8_xmin_child_guard_mutation_is_detected; TagEkyc.IntegrationTests.Tip88C1C6BA3BrokerQualificationTests.ActivatedReadinessRequiresAcceptancePolicyForEveryRetainedClient; TagEkyc.IntegrationTests.Tip88B4RawExportJobFoundationTests.B4_all_six_methods_reject_open_connection_before_database(method: ""Bind""); TagEkyc.IntegrationTests.Tip88B34AuthorizationEngineTests.L2_policy_permit_ttl_invalid_is_a_durable_business_denial; TagEkyc.IntegrationTests.Tip88C1B2DurableKeyProdTests.DKPROD_34_WriteGuard_MissingGucRejected; TagEkyc.IntegrationTests.Tip88C1C6BA1RawIngressBoundaryTests.RawIngressAuthSuccess_HandsUnreadBodyToA3ExactlyOnce; TagEkyc.IntegrationTests.Tip88C1C6BA3BrokerQualificationTests.ApiCustodyRoleScopes_RejectActualDatabaseRoleDrift(defect: ""incoming-login""); TagEkyc.IntegrationTests.Tip88C1C1ResolverAssemblyTests.C122_finalize_follows_committed_seal; TagEkyc.IntegrationTests.Tip88B4RawExportJobFoundationTests.M7_invalid_actor_precedes_invalid_lease_bound(function: ""raw_export_renew_job_lease""); TagEkyc.IntegrationTests.Tip88C1C5RecipientManagementTests.C529_strict_revocation_reason_and_predecessor_writes_are_preserved; TagEkyc.IntegrationTests.Tip88B34AuthorizationEngineTests.L6_each_b2_snapshot_mismatch_rolls_back_claim_and_decision(_: ""evaluated-at"", mutation: Func`2 { Method = TagEkyc.Domain.RawExportSubjectConsentSnapshot <ConsentIntegrityMutations>b__27_6(TagEkyc.Domain.RawExportSubjectConsentSnapshot), Target = <>c { } }); TagEkyc.IntegrationTests.Tip88C1B2DurableObjectCustodyTests.O06_writer_arm_is_revision_fenced_and_idempotent; TagEkyc.IntegrationTests.Tip88C1B2SourceFinalizationTests.F414_schema_contracts_services_results_and_logs_contain_no_raw_plaintext_digest_or_key_material; TagEkyc.IntegrationTests.Tip83E3RetentionConfigTests.Production_rejects_invalid_retention_window_with_stable_code(configuredValue: ""0""); TagEkyc.IntegrationTests.Tip88C1C6BA3BrokerQualificationTests.ApiCustodyRoleScopes_StageManifestMatchesExactMigratedGrants; TagEkyc.IntegrationTests.Tip88C1C3RecipientPackageDeliveryTests.C6A18_down_reapply_is_clean; TagEkyc.IntegrationTests.Tip88C1B2DurableKeyProdTests.DKPROD_20_RecoveredFromAwaitingStates; TagEkyc.IntegrationTests.Tip88C1C6BA3BrokerQualificationTests.ApiCustodyRoleScopes_RejectMissingOrCombinedOwnersBeforeConnection(defect: ""wrong-capability""); TagEkyc.IntegrationTests.Tip88B2SubjectExportConsentTests.Consent_record_shared_authority_lock_blocks_authority_revoke_until_commit; TagEkyc.IntegrationTests.Tip88C1B2DurableKeyProdTests.DKPROD_55a_WriteGuard_RoutesReservations; TagEkyc.IntegrationTests.Tip88C1B2DurableObjectCustodyTests.O16_minio_restart_preserves_conditional_object_and_recovery; TagEkyc.IntegrationTests.Tip84BHashedApiKeyStoreTests.Postgres_store_accepts_exact_key_and_rejects_trimmed_variant; TagEkyc.IntegrationTests.Tip83BPostgresProductionInfraTests.Production_connection_secret_ref_taxonomy_is_fail_closed_and_sanitized(secretRef: ""env:"", expectedCode: ""PROD_DB_CONNECTION_SECRET_INVALID"", forbiddenText: null); TagEkyc.IntegrationTests.Tip88C1C6BA3R2TerminalProjectionTests.TerminalIntent_LostProviderResponseIsCleanedBeforeAbandonAndTi02; TagEkyc.IntegrationTests.Tip88B4RawExportJobFoundationTests.M7_direct_renew_invalid_lease_bound_precedes_job_lookup; TagEkyc.IntegrationTests.Tip88C1C6BA3ConsentRetentionTests.E01_B2WithoutMatchingReference_PreservesLandedWithdrawal(differentSubject: False); TagEkyc.IntegrationTests.Tip88C1C1ResolverAssemblyTests.C109_pass_one_absolute_assembly_digest_vector; TagEkyc.IntegrationTests.Tip88C1C6BA3BrokerQualificationTests.ApiCustodyRoleScopes_RejectCrossRoleSqlPrivileges(role: 0, defect: ""column""); TagEkyc.IntegrationTests.Tip88ARawExportPolicyCatalogTests.Runtime_privilege_validator_rejects_rule_table_mutation_privilege; TagEkyc.IntegrationTests.Tip88B4RawExportJobFoundationTests.M6_unrelated_column_grants_fail_readiness; TagEkyc.IntegrationTests.Tip88C1C6BA1PersistenceTests.Stage1_internal_authority_helpers_have_closed_shapes_and_null_safe_rotation_candidates; TagEkyc.IntegrationTests.Tip88C1C4RecipientPackageReferenceTests.C410_reference_visibility_has_no_live_recipient_key_join; TagEkyc.IntegrationTests.Tip88C1B2DurableKeyProdTests.DKPROD_54_Cleanup_ResultObservedLineage_WrappedFamilyByteIdentical; TagEkyc.IntegrationTests.Tip88C1B2AuthoritySnapshotTests.C1B2_append_only_direct_insert_and_actor_guards_fail_closed; TagEkyc.IntegrationTests.Tip88C1C4RecipientPackageReferenceTests.C424_allowlist_proof_census_diff_and_test_resource_lifecycle_closeout_are_machine_checkable; TagEkyc.IntegrationTests.Tip88AE2PolicyPermitTtlConfigTests.Readiness_reports_invalid_permit_ttl_bounds_without_startup_failfast_or_value_leak; TagEkyc.IntegrationTests.Tip88ARawExportPolicyCatalogTests.Migration_rollback_restores_pre_e2_closure_function_and_pre_e2_sql_paths; TagEkyc.IntegrationTests.Tip88B2SubjectExportConsentTests.Stale_target_revision_conflicts_even_when_session_is_not_completed; TagEkyc.IntegrationTests.Tip88C1C6BA3R2TerminalProjectionTests.NoProviderRecovery_CommitFailureNeverAcknowledges(finalize: True); TagEkyc.IntegrationTests.Tip88B4RawExportJobFoundationTests.M10_owner_missing_head_mutation_context_is_rejected; TagEkyc.IntegrationTests.Tip88C1C4RecipientPackageReferenceTests.C411_real_c1_c2_package_flows_through_c4_http_into_real_c3_without_test_substitute; TagEkyc.IntegrationTests.Tip88C1C3RecipientPackageDeliveryTests.C6A09_consent_is_resolved_per_source_class; TagEkyc.IntegrationTests.Tip88C1C6BA3RetentionCheckpointTests.A3_C1Freeze_ActualB2WithdrawalSessionOrder(withdrawalFirst: False); TagEkyc.IntegrationTests.Tip88ARawExportPolicyCatalogTests.Permit_ttl_app_guards_reject_invalid_values_without_appending_closure; TagEkyc.IntegrationTests.Tip88B34AuthorizationEngineTests.L5_session_transition_waits_for_authorization_commit_without_stale_authorized; TagEkyc.IntegrationTests.Tip88C1B2DurableKeyFixtureProofTests.FixtureWrap_ProbeMissingThenCreate_PersistsSqlDerivedDigest; TagEkyc.IntegrationTests.Tip88C1C6BA3RetentionCheckpointTests.A3_RetentionCheckpoint_WithdrawalSerializesWithR1R3R4R5(checkpoint: 1, withdrawalFirst: False); TagEkyc.IntegrationTests.Tip88C1C6BA3R2TerminalProjectionTests.Ti02_FailureAfterOperationalWriteRollsBackBothTerminalWrites; TagEkyc.IntegrationTests.Tip84BHashedApiKeyStoreTests.Postgres_api_key_store_requires_postgres_persistence; TagEkyc.IntegrationTests.Tip88C1B2CoreTests.C1B2CORE_identifiers_round_trip_exactly_from_catalog; TagEkyc.IntegrationTests.Tip88C1C6BA1AclTests.Stage1_internal_helpers_are_callable_only_by_their_exact_roles; TagEkyc.IntegrationTests.Tip88C1C6BA3R2TerminalProjectionTests.R6_ProcessKillResumesFromDurableCleanupItemsWithoutTouchingWinner(cut: 0); TagEkyc.IntegrationTests.Tip88ARawExportPolicyCatalogTests.Permit_ttl_check_constraint_rejects_direct_null_or_nonpositive_post_e2_versions; TagEkyc.IntegrationTests.Tip88C1C6BA1RootCliTests.R01_ActualCli_CommitsBeforeSecret_AndReplayDoesNotReemit; TagEkyc.IntegrationTests.Tip88B34AuthorizationEngineTests.L1_each_invalid_input_is_typed_and_creates_no_transaction_claim_or_decision(_: ""key-over-256"", command: AuthorizeRawExportCommand { Actor = AuthenticatedRawExportActor { PrincipalId = 88b34000-0000-5000-8000-000000000003, ClientApplicationId = 88b34000-0000-5000-8000-000000000004, ApiKeyId = 88b34000-0000-5000-8000-000000000005 }, RequestedVerificationSessionId = a8824ef0-3f9b-4e29-a4a8-a61cbe5d2dca, PolicyId = 46f40c84-da89-408d-b3e6-52fd3fd13074, PolicyVersion = 1, RequestedRawClasses = , IdempotencyKey = aaaaaaaaaaaaaaaaaaaaaaaaaaaaaaaaaaaaaaaaaaaaaaaaaaaaaaaaaaaaaaaaaaaaaaaaaaaaaaaaaaaaaaaaaaaaaaaaaaaaaaaaaaaaaaaaaaaaaaaaaaaaaaaaaaaaaaaaaaaaaaaaaaaaaaaaaaaaaaaaaaaaaaaaaaaaaaaaaaaaaaaaaaaaaaaaaaaaaaaaaaaaaaaaaaaaaaaaaaaaaaaaaaaaaaaaaaaaaaaaaaaaaaaaaaaaaaaaa }); TagEkyc.IntegrationTests.Tip83ASigningKeyJwksTests.ProductionTrialP12_fails_closed_for_invalid_required_config(pathKind: ""valid"", secretRef: ""env:irrelevant"", keyId: ""test-p12-es256-v1"", expectedCode: ""PROD_SIGNING_KEY_ID_INVALID""); TagEkyc.IntegrationTests.Tip88B4RawExportJobFoundationTests.M3_committed_graph_invalid_claimed_terminalizes_and_returns_terminal; TagEkyc.IntegrationTests.Tip88C1C6BA1CancellationHttpTests.R26_BindCancelRace_SessionAndCapabilityTerminalizeAtomically; TagEkyc.IntegrationTests.Tip88C1C6BA3RetentionCheckpointTests.A3_RetentionCheckpoint_WithdrawalSerializesWithR1R3R4R5(checkpoint: 5, withdrawalFirst: True); TagEkyc.IntegrationTests.Tip88B4RawExportJobFoundationTests.B4_same_scope_landed_repository_can_reopen_after_B4(method: ""Renew"", exit: ""Success""); TagEkyc.IntegrationTests.Tip88B1E3ResolverReadBoundaryTests.F1_forbidden_privilege_code_maps_to_http_503; TagEkyc.IntegrationTests.Tip88C1C3RecipientPackageDeliveryTests.C324_topology_is_closed_and_profile_limits_are_compile_time_exact; TagEkyc.IntegrationTests.Tip88C1C4RecipientPackageReferenceTests.C415_indexed_configuration_topology_and_typed_readiness_precedence_are_closed; TagEkyc.IntegrationTests.Tip88B4RawExportJobFoundationTests.B4_all_six_methods_preflight_precedes_transaction_admission(method: ""Read"", topology: ""EfTransaction""); TagEkyc.IntegrationTests.Tip88B32AuthorizationIdentityFunctionTests.H6_decision_id_reuse_across_distinct_tuples_fails_on_named_unique_constraint; TagEkyc.IntegrationTests.Tip88C1B2DurableObjectCustodyTests.O03_one_attempt_can_create_only_one_object_custody_row; TagEkyc.IntegrationTests.Tip88C1B2DurableKeyProdTests.DKPROD_44_Csprng_OutputLengthNot32; TagEkyc.IntegrationTests.Tip88B1RawExportControlPlaneTests.Fulfillment_renewal_withdrawal_and_half_open_validity_are_enforced; TagEkyc.IntegrationTests.Tip88C1C6BA3ConsentRetentionTests.A3_R20_RetainedReplace_RechecksExpiryAfterReferenceWait(expireDuringWait: True); TagEkyc.IntegrationTests.Tip88C1C6BA1RotationTests.Rotation_DenialsDoNotFallbackAndKeepCommittedN(scenario: ""next-role-unassigned"", nonces: 1, calls: 1, status: 409); TagEkyc.IntegrationTests.Tip88C1C6BA3BrokerQualificationTests.ApiCustodyRoleScopes_RejectCrossRoleSqlPrivileges(role: 1, defect: ""broker""); TagEkyc.IntegrationTests.Tip88C1B2CoreTests.C1B2CORE_source_reservation_is_append_only_even_as_owner; TagEkyc.IntegrationTests.Tip88C1B2DurableKeyFixtureProofTests.FixtureUnwrap_ExactAadRoundTrips_AndWrongContextFails; TagEkyc.IntegrationTests.Tip88C1C6BA3BrokerQualificationTests.BrokerQualification_RealLoginAndProviderFailClosed(defect: ""search-path""); TagEkyc.IntegrationTests.Tip88C1C6BA3R2TerminalProjectionTests.IncompleteR2_RecoveredCorruptCiphertextRecordsO20AndSettlesExactResources; TagEkyc.IntegrationTests.Tip83ASigningKeyJwksTests.ProductionTrialP12_fails_closed_for_invalid_required_config(pathKind: ""relative.p12"", secretRef: ""env:irrelevant"", keyId: ""tagekyc-es256-2026-v1"", expectedCode: ""PROD_SIGNING_P12_PATH_NOT_ABSOLUTE""); TagEkyc.IntegrationTests.Tip88B4RawExportJobFoundationTests.M7_renewal_keeps_fence_and_increments_revision; TagEkyc.IntegrationTests.Tip88C1B2CoreTests.C1B2CORE_new_candidate_commits_full_recovery_context_atomically; TagEkyc.IntegrationTests.Tip88C1C6BA3BrokerQualificationTests.BrokerQualification_RealLoginAndProviderFailClosed(defect: ""inverse-owner-set-only""); TagEkyc.IntegrationTests.Tip88C1C6BA3ContinuationWorkerTests.PublicationSelectionCannotOvertakeTerminalState(terminal: ""intent""); TagEkyc.IntegrationTests.Tip88B4RawExportJobFoundationTests.B4_connection_is_closed_and_transaction_free_after_every_exit(method: ""Terminalize"", exit: ""Cancellation""); TagEkyc.IntegrationTests.Tip88B4RawExportJobFoundationTests.B4_connection_is_closed_and_transaction_free_after_every_exit(method: ""Acquire"", exit: ""Cancellation""); TagEkyc.IntegrationTests.Tip88B4RawExportJobFoundationTests.B4_same_scope_landed_repository_can_reopen_after_B4(method: ""Acquire"", exit: ""ProviderException""); TagEkyc.IntegrationTests.Tip88B33AuthorizationPersistTests.K3_unknown_or_missing_key_and_wrong_kind_raise_only_payload_invalid; TagEkyc.IntegrationTests.Tip88B4RawExportJobFoundationTests.B4_all_six_methods_reject_existing_ef_transaction_before_database(method: ""Read""); TagEkyc.IntegrationTests.Tip88C1C2RecipientPackageTests.C206_envelope_frame_and_completion_absolute_vector_is_byte_exact; TagEkyc.IntegrationTests.Tip88C1C6BA3R2TerminalProjectionTests.TerminalIntent_LostProviderResponseProcessKillRecoversFromDurableCleanupState(cut: 4); TagEkyc.IntegrationTests.Tip88C1C5RecipientManagementTests.C511_key_admission_serialization_one_active_and_strict_history_are_real; TagEkyc.IntegrationTests.Tip83BPostgresProductionInfraTests.Production_connection_secret_ref_taxonomy_is_fail_closed_and_sanitized(secretRef: ""file:C:\\Users\\Admin\\AppData\\Local\\Temp\\tagek""···, expectedCode: ""PROD_DB_CONNECTION_SECRET_MISSING"", forbiddenText: ""C:\\Users\\Admin\\AppData\\Local\\Temp\\tagekyc-ti""···); TagEkyc.IntegrationTests.Tip88C1C3RecipientPackageDeliveryTests.C311_concurrent_begin_has_one_attempt_fence_and_stale_CAS_cannot_write; TagEkyc.IntegrationTests.Tip88B4RawExportJobFoundationTests.B4_all_six_methods_preflight_precedes_transaction_admission(method: ""Failure"", topology: ""ProviderTransaction""); TagEkyc.IntegrationTests.Tip88B33AuthorizationOracleTests.K6_subject_consent_coverage_insufficient_exact_accepts_over_and_under_reject; TagEkyc.IntegrationTests.Tip88C1B2DurableKeyProdTests.DKPROD_22e_AbandonCleanupCleaned; TagEkyc.IntegrationTests.Tip88C1B2DurableObjectCustodyTests.O07_created_put_records_exact_bounded_ciphertext_and_canonical_evidence; TagEkyc.IntegrationTests.Tip88B2SubjectExportConsentTests.Migration_rollback_restores_b1_acl_snapshot_and_reapply_succeeds; TagEkyc.IntegrationTests.Tip88C1C3RecipientPackageDeliveryTests.C307_frozen_key_state_fingerprint_revision_and_window_are_revalidated; TagEkyc.IntegrationTests.Tip88C1C1ResolverAssemblyTests.C117_post_lock_admission_clock_is_single_and_fresh; TagEkyc.IntegrationTests.Tip88C1B2DurableKeyProdTests.DKPROD_22c_AbandonCleanupUnknown; TagEkyc.IntegrationTests.Tip88C1B2R2DurableCustodyEncryptionDatabaseTests.R211_typed_aead_stage_keeps_key_uncertainty_pending_and_auth_failure_requires_cleanup; TagEkyc.IntegrationTests.Tip88C1C6BA3R2TerminalProjectionTests.NoProviderRecovery_LiveLeaseAndLiveOriginalHorizonRemainNonterminal; TagEkyc.IntegrationTests.Tip88C1C6BA3ConsentRetentionTests.E01_B2WithdrawalSynchronizes_PreservesOriginalDecisionAndInvalidatesPermit(decision: ""wide-unicode""); TagEkyc.IntegrationTests.Tip88B4RawExportJobFoundationTests.M7_retryable_release_and_reclaim_create_new_attempt_and_fence; TagEkyc.IntegrationTests.Tip88C1C2RecipientPackageTests.C211_durable_replay_and_equality_conflict_precede_generic_revision_rejection; TagEkyc.IntegrationTests.Tip88C1C3RecipientPackageDeliveryTests.C313_expiry_and_stale_stream_restart_terminalize_from_durable_state; TagEkyc.IntegrationTests.Tip83ASigningKeyJwksTests.ProductionTrialP12_fails_closed_for_invalid_required_config(pathKind: ""valid"", secretRef: ""env:irrelevant"", keyId: ""localdev-es256-v1"", expectedCode: ""PROD_SIGNING_KEY_ID_DEV_FORBIDDEN""); TagEkyc.IntegrationTests.Tip88B34AuthorizationEngineTests.L1_each_invalid_input_is_typed_and_creates_no_transaction_claim_or_decision(_: ""empty-key"", command: AuthorizeRawExportCommand { Actor = AuthenticatedRawExportActor { PrincipalId = 88b34000-0000-5000-8000-000000000003, ClientApplicationId = 88b34000-0000-5000-8000-000000000004, ApiKeyId = 88b34000-0000-5000-8000-000000000005 }, RequestedVerificationSessionId = a8824ef0-3f9b-4e29-a4a8-a61cbe5d2dca, PolicyId = 46f40c84-da89-408d-b3e6-52fd3fd13074, PolicyVersion = 1, RequestedRawClasses = , IdempotencyKey = }); TagEkyc.IntegrationTests.Tip88C1C6BA1EnrollmentTests.Enrollment_ReferencedPepperUnavailable_Is503AndNotCredentialMismatch; TagEkyc.IntegrationTests.Tip88C1C6BA3BrokerQualificationTests.ApiCustodyRoleScopes_RejectCrossRoleSqlPrivileges(role: 1, defect: ""column""); TagEkyc.IntegrationTests.Tip88B4RawExportJobFoundationTests.B4_connection_is_closed_and_transaction_free_after_every_exit(method: ""Read"", exit: ""Cancellation""); TagEkyc.IntegrationTests.Tip88C1C3RecipientPackageDeliveryTests.C6A09A_withdrawn_consent_blocks_retry; TagEkyc.IntegrationTests.Tip88B4RawExportJobFoundationTests.M5_bind_and_attempt_revalidate_all_authority_gates(mutation: ""lifecycle""); TagEkyc.IntegrationTests.Tip88C1C4RecipientPackageReferenceTests.C408_descending_total_order_boundary_and_page_plus_one_are_exact; TagEkyc.IntegrationTests.Tip88B1E3ResolverReadBoundaryTests.F7_root_health_is_bounded_and_returns_no_authority_identifiers; TagEkyc.IntegrationTests.Tip88C1B2DurableKeyProdTests.DKPROD_61_Lifecycle_Restart_ResolvesCurrentGenerationWithoutReadGrant; TagEkyc.IntegrationTests.Tip88C1B2DurableObjectCustodyTests.O08_lost_success_response_recovers_the_existing_exact_object; TagEkyc.IntegrationTests.Tip88C1C6BA3BrokerQualificationTests.ApiCustodyRoleScopes_RejectCrossRoleSqlPrivileges(role: 0, defect: ""table-read""); TagEkyc.IntegrationTests.Tip88C1B2DurableKeyProdTests.DKPROD_12_DirectCorrupt; TagEkyc.IntegrationTests.Tip88C1C6BA3R2TerminalProjectionTests.Nps01_PrepareAndNoStartSerialize(prepareFirst: True); TagEkyc.IntegrationTests.Tip88B4RawExportJobFoundationTests.B4_all_six_methods_reject_existing_ef_transaction_before_database(method: ""Acquire""); TagEkyc.IntegrationTests.Tip86DecisionThresholdConfigTests.Production_rejects_invalid_face_match_threshold_with_stable_code(configuredValue: ""0.75""); TagEkyc.IntegrationTests.Tip88C1C6BA3BrokerQualificationTests.ApiCustodyRoleScopes_RejectCrossRoleSqlPrivileges(role: 0, defect: ""broker""); TagEkyc.IntegrationTests.Tip88C1C6BA3R2TerminalProjectionTests.Continuation_ExactAclAndBoundedScanArguments; TagEkyc.IntegrationTests.Tip84BHashedApiKeyStoreTests.Credential_status_down_maps_fail_closed(credentialStatus: ""FutureStatus"", expected: Revoked); TagEkyc.IntegrationTests.Tip88C1C6BA3R2TerminalProjectionTests.TerminalIntent_LostProviderResponseProcessKillRecoversFromDurableCleanupState(cut: 3); TagEkyc.IntegrationTests.Tip88C1C4RecipientPackageReferenceTests.C413_exact_single_sql_signature_projection_guard_and_overload_surface; TagEkyc.IntegrationTests.Tip88C1B2SourceFinalizationTests.F405_R5_post_lock_admission_time_publication_shape_and_precedence_are_exact; TagEkyc.IntegrationTests.Tip88C1C1ResolverAssemblyTests.C111_deterministic_identifiers_and_fingerprints_are_absolute; TagEkyc.IntegrationTests.Tip88C1C1ResolverAssemblyTests.C107_typed_source_failure_partition_is_exact; TagEkyc.IntegrationTests.Tip84BHashedApiKeyStoreTests.Pepper_secret_ref_taxonomy_is_sanitized(secretRefKind: ""short"", expectedCode: ""PROD_APIKEY_PEPPER_SECRET_REF_INVALID""); TagEkyc.IntegrationTests.Tip88B4RawExportJobFoundationTests.B4_all_six_methods_reject_ambient_transaction_before_database(method: ""Read""); TagEkyc.IntegrationTests.Tip83BPostgresProductionInfraTests.Production_refuses_inmemory_or_missing_persistence_provider(provider: ""InMemory""); TagEkyc.IntegrationTests.Tip88B34AuthorizationEngineTests.L8_same_key_different_fingerprint_conflicts_without_exposing_or_creating_graph; TagEkyc.IntegrationTests.Tip88ARawExportPolicyCatalogTests.Concurrent_approve_vs_abandon_allows_exactly_one_closure; TagEkyc.IntegrationTests.Tip88C1C6BA3ContinuationWorkerTests.WorkerRunsSequentiallyAndRefusesOverlappingLoop; TagEkyc.IntegrationTests.Tip88B34AuthorizationEngineTests.L6_each_b2_snapshot_mismatch_rolls_back_claim_and_decision(_: ""scope-hash"", mutation: Func`2 { Method = TagEkyc.Domain.RawExportSubjectConsentSnapshot <ConsentIntegrityMutations>b__27_7(TagEkyc.Domain.RawExportSubjectConsentSnapshot), Target = <>c { } }); TagEkyc.IntegrationTests.Tip88C1C6BA3ConsentRetentionTests.E01_CrossClientBindingMutationRejects(changeSession: False); TagEkyc.IntegrationTests.Tip88C1C5RecipientManagementTests.C510_historical_fingerprint_nonreuse_is_recipient_scoped; TagEkyc.IntegrationTests.Tip88C1B2SourceFinalizationTests.F411_R6_completes_only_from_durable_exact_object_and_key_terminal_evidence; TagEkyc.IntegrationTests.Tip83ASigningKeyJwksTests.ProductionTrialP12_fails_closed_for_invalid_required_config(pathKind: ""valid"", secretRef: null, keyId: ""tagekyc-es256-2026-v1"", expectedCode: ""PROD_SIGNING_P12_PASSWORD_SECRET_REQUIRED""); TagEkyc.IntegrationTests.Tip84BHashedApiKeyStoreTests.Credential_status_down_maps_fail_closed(credentialStatus: ""Active"", expected: Active); TagEkyc.IntegrationTests.Tip88C1C6BA3CapabilityLineageTests.A3_R20_ReplaceCannotTransferPrincipal; TagEkyc.IntegrationTests.Tip88B4RawExportJobFoundationTests.B4_all_six_methods_preflight_precedes_transaction_admission(method: ""Bind"", topology: ""EfTransaction""); TagEkyc.IntegrationTests.Tip88C1B2DurableKeyProdTests.DKPROD_42_Csprng_WrongOwnerOrAcl; TagEkyc.IntegrationTests.Tip88C1C3RecipientPackageDeliveryTests.C320_copy_completion_and_late_lease_have_distinct_terminal_outcomes; TagEkyc.IntegrationTests.Tip88B34AuthorizationEngineTests.L1_each_invalid_input_is_typed_and_creates_no_transaction_claim_or_decision(_: ""policy-version-zero"", command: AuthorizeRawExportCommand { Actor = AuthenticatedRawExportActor { PrincipalId = 88b34000-0000-5000-8000-000000000003, ClientApplicationId = 88b34000-0000-5000-8000-000000000004, ApiKeyId = 88b34000-0000-5000-8000-000000000005 }, RequestedVerificationSessionId = a8824ef0-3f9b-4e29-a4a8-a61cbe5d2dca, PolicyId = 46f40c84-da89-408d-b3e6-52fd3fd13074, PolicyVersion = 0, RequestedRawClasses = , IdempotencyKey = l1-f }); TagEkyc.IntegrationTests.Tip88C1C6BA3R2TerminalProjectionTests.Re01_TerminatedNoObjectStillRequiresSettledKeyAndPreservesOldRows; TagEkyc.IntegrationTests.Tip88B4RawExportJobFoundationTests.M3_bind_rejects_caller_owned_or_ambient_transaction; TagEkyc.IntegrationTests.Tip88C1C6BA3R2TerminalProjectionTests.IncompleteR2_ProcessKillRecoversDurablyToAvailableWithoutSecondPut(cut: 0); TagEkyc.IntegrationTests.Tip88B4RawExportJobFoundationTests.B4_connection_is_closed_and_transaction_free_after_every_exit(method: ""Failure"", exit: ""Cancellation""); TagEkyc.IntegrationTests.Tip88B4RawExportJobFoundationTests.M10_attempt_fence_check_rejects_nonpositive; TagEkyc.IntegrationTests.Tip88C1C6BA3RetentionCheckpointTests.A3_RetainedStages_CrossBorderFulfillmentWaitUsesFreshClock(checkpoint: 5, expiresWhileWaiting: True); TagEkyc.IntegrationTests.Tip88B1RawExportControlPlaneTests.Scope_matching_negatives_and_consent_artifact_fulfillment_are_denied; TagEkyc.IntegrationTests.Tip88C1C6BA3RetentionCheckpointTests.A3_BoundReader_DerivesCustodyActorAndRequiresExactRawIngress(rawIngress: False); TagEkyc.IntegrationTests.Tip83BPostgresProductionInfraTests.Readiness_rejects_pending_migrations; TagEkyc.IntegrationTests.Tip88C1C3RecipientPackageDeliveryTests.C303_recipient_scoped_delivery_read_does_not_disclose_cross_recipient_rows; TagEkyc.IntegrationTests.Tip88C1B2DurableKeyProdTests.DKPROD_33_LandedAttempt_FK_23503; TagEkyc.IntegrationTests.Tip88B4RawExportJobFoundationTests.B4_all_six_methods_reject_ambient_transaction_before_database(method: ""Bind""); TagEkyc.IntegrationTests.Tip88C1C6BA3RetentionCheckpointTests.A3_RetainedSnapshot_InsertLineageMutationIsRejected(field: ""ControllerIdentity""); TagEkyc.IntegrationTests.Tip88C1C6BA3R2TerminalProjectionTests.PublicBodyPipeline_ReusesR2ThroughR5AndPublishesAvailable(rawClass: ""LiveSelfieImage""); TagEkyc.IntegrationTests.Tip88C1C6BA3RetentionCheckpointTests.A3_RetainedCompletion_UsesExistingConsentWithoutEarlyExport(completed: False, withdrawn: False); TagEkyc.IntegrationTests.Tip88C1B2R3VerifiedCiphertextStagingTests.R303_response_loss_replay_returns_existing_match_before_fresh_authority; TagEkyc.IntegrationTests.Tip88B1RawExportControlPlaneTests.Two_connection_same_revision_grant_race_has_exactly_one_winner; TagEkyc.IntegrationTests.Tip88C1C6BA3RetentionCheckpointTests.A3_RetainedSnapshot_TerminalWaitRejectsInvisibleOrExpiredTarget(revoke: False, expire: False); TagEkyc.IntegrationTests.Tip88C1C6BA1NormativeSqlProofTests.CompleteNormativeSqlFences_ExecuteAgainstCurrentMigration_AndLeaveNoSharedResidue(family: ""runtime""); TagEkyc.IntegrationTests.Tip88B4RawExportJobFoundationTests.M5_bind_and_attempt_revalidate_all_authority_gates(mutation: ""consent""); TagEkyc.IntegrationTests.Tip88C1C6BA1RootCliTests.R01_ActualCli_RejectsExactMalformedFileWithoutMutation(suffix: ""\r\n""); TagEkyc.IntegrationTests.Tip88C1C6BA1AclTests.Foundation_functions_are_security_definer_deployer_owned_and_not_public; TagEkyc.IntegrationTests.Tip88C1C6BA3ResultAcceptanceTests.AcceptanceWriter_DoesNotAcknowledgeRolledBackTransaction; TagEkyc.IntegrationTests.Tip88B4RawExportJobFoundationTests.M5_grant_revoke_blocks_behind_attempt_revalidation; TagEkyc.IntegrationTests.Tip88C1B1IngressClaimTests.C1B1_bounded_lookup_lock_contention_is_busy_not_live_evaluation; TagEkyc.IntegrationTests.Tip88C1C3RecipientPackageDeliveryTests.C6A12_failed_barrier_has_no_stream_event; TagEkyc.IntegrationTests.Tip88C1C6BA3RetentionCheckpointTests.A3_RetainedSeal_RechecksAuthorityAfterProviderPreparation; TagEkyc.IntegrationTests.Tip88C1C6BA1RawIngressBoundaryTests.RawIngressAuthDenial_DoesNotReadBodyOrInvokeA3(scenario: ""mixed-client-key"", status: 403, registerA3: True); TagEkyc.IntegrationTests.Tip88C1B2DurableObjectCustodyTests.O21_per_source_object_capacity_is_config_bound_and_atomic; TagEkyc.IntegrationTests.Tip88C1B2SourceFinalizationTests.F402_R4_identity_revision_fence_fingerprint_and_fresh_authority_barriers_are_exact; TagEkyc.IntegrationTests.Tip88C1C6BA1AppendAuthorityTests.SevenArgumentHelper_DerivesSession_AndHasNoOldOverloadOrTableGrant; TagEkyc.IntegrationTests.Tip88B4RawExportJobFoundationTests.B4_same_scope_landed_repository_can_reopen_after_B4(method: ""Read"", exit: ""ProviderException""); TagEkyc.IntegrationTests.Tip88C1C3RecipientPackageDeliveryTests.C314_provider_surface_is_one_exact_GET_operation_without_second_adapter_member; TagEkyc.IntegrationTests.Tip88B4RawExportJobFoundationTests.B4_all_six_methods_preflight_precedes_transaction_admission(method: ""Terminalize"", topology: ""ProviderTransaction""); TagEkyc.IntegrationTests.Tip88B2SubjectExportConsentTests.Deployer_role_reaches_trigger_defence_in_depth_for_direct_dml_invariants; TagEkyc.IntegrationTests.Tip88C1B2DurableObjectCustodyTests.O04_object_binding_composite_fk_rejects_cross_attempt_values; TagEkyc.IntegrationTests.Tip83BPostgresProductionInfraTests.Production_connection_secret_ref_taxonomy_is_fail_closed_and_sanitized(secretRef: ""file:C:\\Users\\Admin\\AppData\\Local\\Temp\\tagek""···, expectedCode: ""PROD_DB_CONNECTION_SECRET_INVALID"", forbiddenText: ""C:\\Users\\Admin\\AppData\\Local\\Temp\\tagekyc-ti""···); TagEkyc.IntegrationTests.Tip88C1C6BA3RetentionCheckpointTests.A3_RetainedStages_RealCiphertextPreservesWithdrawalResidue(checkpoint: 5, withdrawn: True); TagEkyc.IntegrationTests.Tip88B4RawExportJobFoundationTests.M5_head_wait_then_revocation_is_visible_to_revalidation; TagEkyc.IntegrationTests.Tip88B4RawExportJobFoundationTests.M11_terminal_jobs_cannot_reenter_or_reacquire; TagEkyc.IntegrationTests.Tip88B2SubjectExportConsentTests.Runtime_role_positive_matrix_uses_only_high_level_surfaces; TagEkyc.IntegrationTests.Tip88B4RawExportJobFoundationTests.M6_actor_context_missing_invalid_mismatch_and_valid_are_distinct; TagEkyc.IntegrationTests.Tip88C1C6BA3R2TerminalProjectionTests.CleanShortEofDiffersFromInterruptedPrefix(mode: ""short""); TagEkyc.IntegrationTests.Tip88B1E3ResolverReadBoundaryTests.F2_each_function_manifest_drift_turns_readiness_red; TagEkyc.IntegrationTests.Tip88C1C6BA3BrokerQualificationTests.BrokerQualification_RealLoginAndProviderFailClosed(defect: ""core-execute""); TagEkyc.IntegrationTests.Tip88C1C6BA3BrokerTransactionTests.BrokerCommitResponseLossDoesNotCreateAnotherHandoff; TagEkyc.IntegrationTests.Tip88C1B2DurableKeyProdTests.DKPROD_22f_AbandonCleanupAlreadyAbsent; TagEkyc.IntegrationTests.Tip88B34AuthorizationEngineTests.L2_session_not_completed_persists_locked_session_evidence; TagEkyc.IntegrationTests.Tip88C1C5RecipientManagementTests.C520_operation_check_admits_only_provisional_or_exact_completed_shapes; TagEkyc.IntegrationTests.Tip88B4RawExportJobFoundationTests.B4_all_six_methods_preflight_precedes_transaction_admission(method: ""Renew"", topology: ""EfTransaction""); TagEkyc.IntegrationTests.Tip88B4RawExportJobFoundationTests.M1_intended_b4_identifiers_fit_and_round_trip_exactly; TagEkyc.IntegrationTests.Tip84BHashedApiKeyStoreTests.Malformed_key_returns_null_without_throwing(presentedKey: ""tek_abcdefghijklmnop_short""); TagEkyc.IntegrationTests.Tip88C1C3RecipientPackageDeliveryTests.C6A19_wrong_principal_is_ineligible; TagEkyc.IntegrationTests.Tip88C1B2DurableObjectCustodyTests.O14_head_guard_and_event_append_only_rules_bite_as_owner; TagEkyc.IntegrationTests.Tip88C1C6BA1CancellationHttpTests.R26_TerminalHistoricalGraph_RejectsMissingBindingOrMissingBoundAt(state: ""Expired"", removeBinding: False); TagEkyc.IntegrationTests.Tip88B4RawExportJobFoundationTests.B4_all_six_methods_reject_existing_ef_transaction_before_database(method: ""Terminalize""); TagEkyc.IntegrationTests.Tip88C1C6BA3R2TerminalProjectionTests.TerminalIntent_PresentObjectProcessKillRecoversWithoutSecondPutOrDelete(cut: 4); TagEkyc.IntegrationTests.Tip88B4RawExportJobFoundationTests.B4_all_six_methods_preflight_precedes_transaction_admission(method: ""Failure"", topology: ""EfTransaction""); TagEkyc.IntegrationTests.Tip88C1C6BA3BrokerQualificationTests.BrokerQualification_RealLoginAndProviderFailClosed(defect: ""missing-provider""); TagEkyc.IntegrationTests.Tip88B4RawExportJobFoundationTests.M3_committed_graph_invalid_stale_tuple_rolls_back_without_mutation; TagEkyc.IntegrationTests.Tip88C1C6BA1RotationTests.Rotation_DualProofAtomicCutoverAndSameRouteReplay; TagEkyc.IntegrationTests.Tip88C1C6BA3BrokerQualificationTests.ApiCustodyRoleScopes_RejectCrossRoleSqlPrivileges(role: 2, defect: ""public""); TagEkyc.IntegrationTests.Tip88AE2PolicyPermitTtlConfigTests.Permit_ttl_bounds_resolve_once_into_valid_or_invalid_state(min: ""60"", max: ""abc"", expectedValid: False, expectedMin: 0, expectedMax: 0); TagEkyc.IntegrationTests.Tip88C1C6BA1AclTests.Owner_role_identity_and_acl_negative_controls_are_discriminating; TagEkyc.IntegrationTests.Tip88C1C6BA3R2TerminalProjectionTests.Recorder_HostStopOrDeadlineRollsBackBlockedIntent(stopHost: False); TagEkyc.IntegrationTests.Tip88B4RawExportJobFoundationTests.M3_committed_graph_invalid_deadline_crossing_returns_expired; TagEkyc.IntegrationTests.Tip88C1C6BA1RawIngressBoundaryTests.RawIngressInvalidA3Result_FailsClosedAfterCommittedNonce(scenario: ""available-forbidden-retry""); TagEkyc.IntegrationTests.Tip88C1C6BA3BrokerQualificationTests.ApiCustodyRoleScopes_RejectCrossRoleSqlPrivileges(role: 1, defect: ""public-read""); TagEkyc.IntegrationTests.Tip88B1E3ResolverReadBoundaryTests.R5_entry_normalization_mutation_turns_input_immediate_gate_red; TagEkyc.IntegrationTests.Tip88B33AuthorizationOracleTests.K6_authorized_exact_accepts_over_rejects_and_under_is_incomplete; TagEkyc.IntegrationTests.Tip88C1C6BA1RawIngressBoundaryTests.RawIngressInvalidA3Result_FailsClosedAfterCommittedNonce(scenario: ""capacity-forbidden-field""); TagEkyc.IntegrationTests.Tip88C1C6BA1LifecycleRaceTests.RotationExpiry_ConcurrentRevoke_HasOneTerminalPairAndFrozenDenial(expiryFirst: True); TagEkyc.IntegrationTests.Tip88C1C5RecipientManagementTests.C526_canonical_chain_uses_real_c1_c2_c3_c4_and_managed_auth_surfaces; TagEkyc.IntegrationTests.Tip88B1E3ResolverReadBoundaryTests.F1_runtime_has_zero_of_seven_privileges_on_all_fourteen_tables; TagEkyc.IntegrationTests.Tip88C1C6BA3RetentionCheckpointTests.A3_RetentionCheckpoint_WithdrawalSerializesWithR1R3R4R5(checkpoint: 4, withdrawalFirst: True); TagEkyc.IntegrationTests.Tip88C1C6BA3RetentionCheckpointTests.A3_BoundReader_AllA1AdvisoryDomainsPrecedeRuntimeRowLocks; TagEkyc.IntegrationTests.Tip88ARawExportPolicyCatalogTests.Repository_adds_system_derived_policy_and_catalog_approves_inert_closure; TagEkyc.IntegrationTests.Tip88C1C6BA3BrokerQualificationTests.ApiCustodyRoleScopes_RejectCrossRoleSqlPrivileges(role: 2, defect: ""missing""); TagEkyc.IntegrationTests.Tip88C1C6BA3BrokerQualificationTests.ApiCustodyRoleScopes_RejectCrossRoleSqlPrivileges(role: 0, defect: ""direct""); TagEkyc.IntegrationTests.Tip88C1C6BA1AppendAuthorityTests.BothDiscoveredLockKeys_AreRechecked_WithExecutableRedControl(column: ""VerificationSessionId"", local: ""discovered_session_id""); TagEkyc.IntegrationTests.Tip86DecisionThresholdConfigTests.Production_rejects_invalid_liveness_threshold_with_stable_code(configuredValue: ""1.5""); TagEkyc.IntegrationTests.Tip88B4RawExportJobFoundationTests.M5_attempt_lock_rejects_non_read_committed_isolation(isolation: Serializable); TagEkyc.IntegrationTests.Tip88C1B2DurableKeyProdTests.DKPROD_22h_FinalizeFromCleaned; TagEkyc.IntegrationTests.Tip88B34AuthorizationEngineTests.L1_each_invalid_input_is_typed_and_creates_no_transaction_claim_or_decision(_: ""empty-api-key"", command: AuthorizeRawExportCommand { Actor = AuthenticatedRawExportActor { PrincipalId = 88b34000-0000-5000-8000-000000000003, ClientApplicationId = 88b34000-0000-5000-8000-000000000004, ApiKeyId = 00000000-0000-0000-0000-000000000000 }, RequestedVerificationSessionId = a8824ef0-3f9b-4e29-a4a8-a61cbe5d2dca, PolicyId = 46f40c84-da89-408d-b3e6-52fd3fd13074, PolicyVersion = 1, RequestedRawClasses = , IdempotencyKey = l1-c }); TagEkyc.IntegrationTests.Tip88C1C6BA3R2TerminalProjectionTests.ExactLengthChangedBytes_RecordMismatch(mode: ""match""); TagEkyc.IntegrationTests.Tip88C1C6BA3R2TerminalProjectionTests.Writer_PreservesObservationAcrossProviderCatchAndPersistenceFailure(mode: ""record-put-fails""); TagEkyc.IntegrationTests.Tip88C1C5RecipientManagementTests.C515_revoke_vs_c2_reserve_uses_exact_revision_and_rolls_back_with_event; TagEkyc.IntegrationTests.Tip88C1B2AuthoritySnapshotTests.C1B2_withdraw_and_revoke_make_latest_authority_resolve_none; TagEkyc.IntegrationTests.Tip88B1RawExportControlPlaneTests.Resolver_projects_fulfillment_expiry_from_current_persisted_row; TagEkyc.IntegrationTests.Tip84BHashedApiKeyStoreTests.Signing_configuration_error_is_not_masked_by_api_key_store; TagEkyc.IntegrationTests.Tip88C1C6BA3R2TerminalProjectionTests.NoProviderRecovery_ProcessKillUsesDurableNpsIntentAndFinalization(cut: 0); TagEkyc.IntegrationTests.Tip88C1C6BA1LifecycleRaceTests.CredentialRevoke_ConcurrentRotation_BothSerialOrdersHaveOneWinner(revokeFirst: True); TagEkyc.IntegrationTests.Tip88C1B2R2DurableCustodyEncryptionDatabaseTests.R210_complete_existing_object_is_verified_without_reencrypt; TagEkyc.IntegrationTests.Tip86DecisionThresholdConfigTests.Production_rejects_invalid_liveness_threshold_with_stable_code(configuredValue: ""abc""); TagEkyc.IntegrationTests.Tip88C1B2DurableKeyProdTests.DKPROD_25_ResolutionDeadlineExhaustion; TagEkyc.IntegrationTests.Tip88B34AuthorizationEngineTests.L5_b1_mutation_waits_for_authorization_commit_without_stale_authorized(mutationKind: ""fulfillment-withdraw""); TagEkyc.IntegrationTests.Tip88B4RawExportJobFoundationTests.M6_deployer_owner_attributes_fail_readiness; TagEkyc.IntegrationTests.Tip88AE2PolicyPermitTtlConfigTests.Permit_ttl_bounds_resolve_once_into_valid_or_invalid_state(min: null, max: ""900"", expectedValid: False, expectedMin: 0, expectedMax: 0); TagEkyc.IntegrationTests.Tip88C1C6BA3R2TerminalProjectionTests.Continuation_OperationalTerminationMustAgreeWithDurableIntent(matching: True); TagEkyc.IntegrationTests.Tip88B2SubjectExportConsentTests.Resolver_requires_ambient_transaction_and_holds_session_row_lock; TagEkyc.IntegrationTests.Tip86DecisionThresholdConfigTests.Production_rejects_invalid_liveness_threshold_with_stable_code(configuredValue: ""0.75""); TagEkyc.IntegrationTests.Tip83E3RetentionConfigTests.Production_rejects_missing_retention_policy; TagEkyc.IntegrationTests.Tip88C1C6BA1NormativeSqlProofTests.CompleteNormativeSqlFences_ExecuteAgainstCurrentMigration_AndLeaveNoSharedResidue(family: ""expiry""); TagEkyc.IntegrationTests.Tip88C1C6BA3R2TerminalProjectionTests.R6_ProcessKillResumesFromDurableCleanupItemsWithoutTouchingWinner(cut: 2); TagEkyc.IntegrationTests.Tip88B4RawExportJobFoundationTests.M3_bind_rejects_matching_read_committed_ambient_before_database; TagEkyc.IntegrationTests.Tip88C1B2SourceFinalizationTests.F406_Committed_is_non_readable_and_only_Available_is_descriptor_eligible; TagEkyc.IntegrationTests.Tip88C1C6BA1CancellationHttpTests.R26_TerminalHistoricalGraph_RejectsMissingBindingOrMissingBoundAt(state: ""Revoked"", removeBinding: False); TagEkyc.IntegrationTests.Tip88C1C6BA1CancellationHttpTests.R26_PreA1CancelledSessionWithoutA1CancelOperation_PreservesHistoricalResult(expiredLiveCapability: True); TagEkyc.IntegrationTests.Tip88C1C6BA3R2TerminalProjectionTests.Writer_PreservesObservationAcrossProviderCatchAndPersistenceFailure(mode: ""changed""); TagEkyc.IntegrationTests.Tip83BPostgresProductionInfraTests.Readiness_rejects_unreachable_database_with_sanitized_code; TagEkyc.IntegrationTests.Tip88C1B2DurableKeyProdTests.DKPROD_23_RevokeActive; TagEkyc.IntegrationTests.Tip88C1C6BA3BrokerQualificationTests.BrokerQualification_RealLoginAndProviderFailClosed(defect: ""direct-column""); TagEkyc.IntegrationTests.Tip88B4RawExportJobFoundationTests.M5_lifecycle_suspend_or_revoke_blocks_behind_bind_and_attempt_revalidation; TagEkyc.IntegrationTests.Tip88B4RawExportJobFoundationTests.M6_direct_claim_rejects_invalid_idempotency_grammar; TagEkyc.IntegrationTests.Tip88C1C6BA3ConsentRetentionTests.ExistingConsentReference_IsBoundNotAssumed; TagEkyc.IntegrationTests.Tip88C1C5RecipientManagementTests.C525_disabled_invalid_and_postgres_configuration_partition_is_exact; TagEkyc.IntegrationTests.Tip88B4RawExportJobFoundationTests.B4_all_six_methods_reject_existing_provider_transaction_before_database(method: ""Terminalize""); TagEkyc.IntegrationTests.Tip88B34AuthorizationEngineTests.L1_each_invalid_input_is_typed_and_creates_no_transaction_claim_or_decision(_: ""key-with-whitespace"", command: AuthorizeRawExportCommand { Actor = AuthenticatedRawExportActor { PrincipalId = 88b34000-0000-5000-8000-000000000003, ClientApplicationId = 88b34000-0000-5000-8000-000000000004, ApiKeyId = 88b34000-0000-5000-8000-000000000005 }, RequestedVerificationSessionId = a8824ef0-3f9b-4e29-a4a8-a61cbe5d2dca, PolicyId = 46f40c84-da89-408d-b3e6-52fd3fd13074, PolicyVersion = 1, RequestedRawClasses = , IdempotencyKey = invalid key }); TagEkyc.IntegrationTests.Tip88C1B2DurableKeyProdTests.DKPROD_10_PositiveAbsence; TagEkyc.IntegrationTests.Tip88C1C6BA3ContinuationWorkerTests.ProcessKill_RestartUsesDurablePublicationState(cut: 0); TagEkyc.IntegrationTests.Tip88C1C6BA3R2TerminalProjectionTests.Nps01_KeyPreparationUsesPostLockLeaseClock; TagEkyc.IntegrationTests.Tip88C1B2R3VerifiedCiphertextStagingTests.R316_model_snapshot_catalog_and_E3_tripwire_are_synchronized; TagEkyc.IntegrationTests.Tip88B32AuthorizationIdentityFunctionTests.H5_actor_binding_rejects_mismatch_and_missing_context; TagEkyc.IntegrationTests.Tip88C1C6BA3RetentionCheckpointTests.A3_RetainedSnapshot_TerminalUsesPostGrantClock(revoke: False, sameTransaction: False); TagEkyc.IntegrationTests.Tip88C1B2DurableKeyProdTests.DKPROD_51_Cleanup_CallerCannotForgeSuccess; TagEkyc.IntegrationTests.Tip88C1C5RecipientManagementTests.C502_management_authorization_precedes_malformed_body_parsing; TagEkyc.IntegrationTests.Tip88C1C1ResolverAssemblyTests.C112_first_fresh_barrier_precedes_source_read; TagEkyc.IntegrationTests.Tip88C1B2SourceFinalizationTests.F418_restart_after_each_R4_R5_R6_commit_recovers_only_from_durable_state; TagEkyc.IntegrationTests.Tip88B4RawExportJobFoundationTests.B4_all_six_methods_preflight_precedes_transaction_admission(method: ""Terminalize"", topology: ""EfTransaction""); TagEkyc.IntegrationTests.Tip86DecisionThresholdConfigTests.Production_accepts_approved_threshold_value_and_binds_options(configuredValue: ""0.80""); TagEkyc.IntegrationTests.Tip88C1C6BA3R2TerminalProjectionTests.InputReadCannotUnwindBeforeTerminalIntentAcknowledgement; TagEkyc.IntegrationTests.Tip88C1C6BA3MigrationTests.A3_CaptureLineageMigration_EmptyRoundTripRestoresPredecessor; TagEkyc.IntegrationTests.Tip88C1C6BA3R2TerminalProjectionTests.PublicBodyPipeline_DoesNotReturnMismatchBeforeDurableFinalization; TagEkyc.IntegrationTests.Tip88B1RawExportControlPlaneTests.Two_connection_resolver_shared_lock_blocks_withdraw_until_authorization_transaction_finishes; TagEkyc.IntegrationTests.Tip88C1C6BA3RetentionCheckpointTests.A3_RetainedStages_RealCiphertextPreservesWithdrawalResidue(checkpoint: 3, withdrawn: True); TagEkyc.IntegrationTests.Tip88C1C6BA3RetentionCheckpointTests.A3_RetainedStages_RealCiphertextPreservesWithdrawalResidue(checkpoint: 4, withdrawn: True); TagEkyc.IntegrationTests.Tip88C1C6BA1RawIngressBoundaryTests.RawIngressInvalidA3Result_FailsClosedAfterCommittedNonce(scenario: ""evaluation-forbidden-id""); TagEkyc.IntegrationTests.Tip88C1C6BA1StartupReadinessDiagnosticTests.R28_GlobalProjection_DoesNotRequireRuntime_AndR19KeepsAbsentSelectorBehavior; TagEkyc.IntegrationTests.Tip88C1B2DurableKeyProdTests.DKPROD_53_Cleanup_IssuedLineage_WrappedFamilyStaysNull; TagEkyc.IntegrationTests.Tip88C1B2CoreTests.C1B2CORE_effective_cap_completes_evaluation_without_r1_rows; TagEkyc.IntegrationTests.Tip88C1C6BA1CancellationHttpTests.R26_ElapsedSessionAndCapability_CommitsExpiryOnDeniedAndReplayDoesNotDuplicate(previouslyBound: False); TagEkyc.IntegrationTests.Tip88B34AuthorizationEngineTests.L7_expiry_is_minimum_of_present_db_time_bounds_without_sentinel(scenario: ""consent""); TagEkyc.IntegrationTests.Tip88C1C6BA3RetentionCheckpointTests.A3_RetentionCheckpoint_WithdrawalSerializesWithR1R3R4R5(checkpoint: 3, withdrawalFirst: True); TagEkyc.IntegrationTests.PostgresPersistenceSliceTests.Evidence_manifest_rejects_orphan_evidence_package_id; TagEkyc.IntegrationTests.Tip88C1C6BA1EnrollmentTests.Enrollment_AtomicActivationAndLostResponseReplay; TagEkyc.IntegrationTests.Tip88C1B2DurableKeyProdTests.DKPROD_57_EventSingleton_IsPerPreparationGeneration; TagEkyc.IntegrationTests.Tip88C1B2DurableObjectCustodyTests.O15_role_acl_and_membership_manifests_are_exact; TagEkyc.IntegrationTests.Tip88C1B2R3VerifiedCiphertextStagingTests.R306_fresh_authority_snapshot_consent_and_deadlines_gate_new_stage; TagEkyc.IntegrationTests.Tip88B4RawExportJobFoundationTests.B4_all_six_methods_reject_open_connection_before_database(method: ""Terminalize""); TagEkyc.IntegrationTests.Tip88B33AuthorizationPersistTests.K8b_valid_non_empty_payload_commits_or_mutation_mode_proves_deferred_backstop; TagEkyc.IntegrationTests.Tip88C1C6BA3R2TerminalProjectionTests.NoProviderRecovery_CommitFailureNeverAcknowledges(finalize: False); TagEkyc.IntegrationTests.Tip88C1B2DurableKeyProdTests.DKPROD_32_StaleStateFinalize; TagEkyc.IntegrationTests.Tip88B4RawExportJobFoundationTests.B4_same_scope_landed_repository_can_reopen_after_B4(method: ""Acquire"", exit: ""Success""); TagEkyc.IntegrationTests.Tip88C1B2SourceFinalizationTests.F403_R4_R5_have_no_S3_key_provider_AEAD_plaintext_or_external_service_edge; TagEkyc.IntegrationTests.Tip88B34AuthorizationEngineTests.L4_one_actor_atomically_drives_guc_b1_owner_idempotency_and_evidence; TagEkyc.IntegrationTests.Tip88C1C6BA3RetentionCheckpointTests.A3_C1Freeze_ActualB2WithdrawalSessionOrder(withdrawalFirst: True); TagEkyc.IntegrationTests.Tip88C1B2DurableKeyFixtureProofTests.FixtureLookup_MissingRow_IsUnknownNeverPositiveAbsence; TagEkyc.IntegrationTests.Tip88C1C5RecipientManagementTests.C516_emergency_revoke_captures_replays_and_preserves_three_real_c3_states; TagEkyc.IntegrationTests.Tip88C1B2DurableKeyProdTests.DKPROD_09c_UnavailableFromUnknown; TagEkyc.IntegrationTests.Tip88C1C6BA3R2TerminalProjectionTests.Continuation_ContradictoryDurableTuplesAreNotExecutableWork(mutation: ""terminal-disposition""); TagEkyc.IntegrationTests.Tip88C1C6BA3R2TerminalProjectionTests.ActualDeclaredAndClassOverflow_StopFirstExcess(mode: ""declared""); TagEkyc.IntegrationTests.Tip88C1C6BA1PersistenceTests.R24_BindingDerivedSession_HasNoCallerSessionInputOrDirectBindingRead; TagEkyc.IntegrationTests.Tip83ASigningKeyJwksTests.ProductionTrialP12_starts_self_tests_and_serves_current_plus_previous_public_jwks; TagEkyc.IntegrationTests.Tip88C1C6BA3ConsentRetentionTests.E01_B2WithdrawalSynchronizes_PreservesOriginalDecisionAndInvalidatesPermit(decision: null); TagEkyc.IntegrationTests.Tip88B1E3ResolverReadBoundaryTests.R3_default_acl_grantee_and_alternate_grantor_each_abort_e3_apply; TagEkyc.IntegrationTests.Tip88C1C6BA3R2TerminalProjectionTests.R6_ProcessKillResumesFromDurableCleanupItemsWithoutTouchingWinner(cut: 3); TagEkyc.IntegrationTests.Tip88B4RawExportJobFoundationTests.B4_same_scope_landed_repository_can_reopen_after_B4(method: ""Terminalize"", exit: ""TypedFailure""); TagEkyc.IntegrationTests.Tip88C1B2DurableKeyFixtureProofTests.PositiveAbsence_OnlyIndependentProvider_LeavesFixtureJournalUntouched; TagEkyc.IntegrationTests.Tip88C1C6BA1RawIngressBoundaryTests.RawIngressA3Outcome_MapsWithoutReadingBody(outcome: ContentCommitmentMismatch, status: 422, code: ""CONTENT_COMMITMENT_MISMATCH""); TagEkyc.IntegrationTests.Tip88C1B2DurableKeyProdTests.DKPROD_58b_PairConstraint_MappingTrigger_BitesAtCommit; TagEkyc.IntegrationTests.Tip88C1C6BA3RetentionCheckpointTests.A3_RetainedSnapshot_InsertLineageMutationIsRejected(field: ""ConsentPolicyId""); TagEkyc.IntegrationTests.Tip88C1C6BA3BrokerQualificationTests.BrokerQualification_RealLoginAndProviderFailClosed(defect: ""missing-membership""); TagEkyc.IntegrationTests.Tip88C1C6BA1RawIngressBoundaryTests.RawIngressA3Outcome_MapsWithoutReadingBody(outcome: EvaluationInProgress, status: 409, code: ""RAW_EXPORT_SOURCE_CLAIM_EVALUATION_IN_PROGRESS""); TagEkyc.IntegrationTests.Tip88C1C3RecipientPackageDeliveryTests.C6A08_permit_and_job_deadlines_are_live; TagEkyc.IntegrationTests.Tip88B1E3ResolverReadBoundaryTests.F2_intended_function_names_are_within_63_bytes_and_round_trip_exactly; TagEkyc.IntegrationTests.Tip83ASigningKeyJwksTests.ProductionTrialP12_load_errors_are_sanitized; TagEkyc.IntegrationTests.Tip88C1C6BA3R2TerminalProjectionTests.TerminalIntent_PresentObjectProcessKillRecoversWithoutSecondPutOrDelete(cut: 0); TagEkyc.IntegrationTests.Tip88C1C6BA3R2TerminalProjectionTests.Continuation_PreKeyAndProviderUnknownAreDiscoverableWithoutFabricatedOutcome(populatedHistory: True); TagEkyc.IntegrationTests.Tip88C1B2DurableObjectCustodyTests.O18_apply_down_reapply_restores_catalog_and_acl; TagEkyc.IntegrationTests.Tip86DecisionThresholdConfigTests.Production_rejects_missing_face_match_threshold_first; TagEkyc.IntegrationTests.Tip88C1C6BA3BrokerQualificationTests.ApiCustodyRoleScopes_RejectCrossRoleSqlPrivileges(role: 1, defect: ""grant-option""); TagEkyc.IntegrationTests.Tip88B4RawExportJobFoundationTests.B4_all_six_methods_reject_ambient_transaction_before_database(method: ""Terminalize""); TagEkyc.IntegrationTests.Tip88C1B2SourceFinalizationTests.F401_exact_Staged_winner_with_fresh_authority_commits_once_without_provider_operation; TagEkyc.IntegrationTests.Tip88B33AuthorizationPersistTests.K8a_authorized_absent_or_empty_permit_classes_rejects_before_return; TagEkyc.IntegrationTests.Tip88C1C6BA3RetentionCheckpointTests.A3_C1Seal_MultiSessionReverseInputLocksSessionsInUuidOrder; TagEkyc.IntegrationTests.Tip88C1B2DurableKeyProdTests.DKPROD_35_WriteGuard_SpoofedGucWithoutOwnerRejected; TagEkyc.IntegrationTests.Tip88B1E3ResolverReadBoundaryTests.R1_server_version_control_seam_rejects_pre_16; TagEkyc.IntegrationTests.Tip88B33AuthorizationPersistTests.K5_wrong_tuple_is_missing_and_fingerprint_id_or_cross_copy_divergence_is_mismatch; TagEkyc.IntegrationTests.Tip88C1B2SourceFinalizationTests.F415_apply_occupied_Down_rejection_teardown_Down_reapply_restores_R3; TagEkyc.IntegrationTests.Tip88B34AuthorizationEngineTests.L2_session_not_found_persists_exact_denial; TagEkyc.IntegrationTests.Tip88C1C6BA1PlatformAuthenticationTests.PlatformAuthentication_RealPersistedVersionAndDigest_ContextIsolationAndClosedDenials; TagEkyc.IntegrationTests.Tip88C1C2RecipientPackageTests.C224_recipient_parser_rejects_truncation_duplication_reorder_tags_completion_and_assembly_digest; TagEkyc.IntegrationTests.Tip88B34AuthorizationEngineTests.L8_authorized_and_denied_replay_return_the_same_immutable_graph; TagEkyc.IntegrationTests.Tip88C1C6BA1RawIngressBoundaryTests.RawIngressInvalidA3Result_FailsClosedAfterCommittedNonce(scenario: ""already-available-missing-id""); TagEkyc.IntegrationTests.Tip88C1C3RecipientPackageDeliveryTests.C6A06A_latest_revoked_grant_blocks_delivery; TagEkyc.IntegrationTests.Tip88B4RawExportJobFoundationTests.B4_connection_is_closed_and_transaction_free_after_every_exit(method: ""Read"", exit: ""Success""); TagEkyc.IntegrationTests.Tip88C1B2R3VerifiedCiphertextStagingTests.R312_R3_schema_contract_result_and_logs_contain_no_raw_plaintext_digest_or_key_material; TagEkyc.IntegrationTests.Tip88C1C1ResolverAssemblyTests.C125_migration_model_is_clean_and_b4_down_contract_is_present; TagEkyc.IntegrationTests.Tip88B4RawExportJobFoundationTests.M6_column_alternate_grantor_or_grant_option_fails_readiness; TagEkyc.IntegrationTests.Tip88C1B2R3VerifiedCiphertextStagingTests.R308_staged_ciphertext_v2_codec_matches_absolute_vector_and_every_field_bites; TagEkyc.IntegrationTests.Tip88C1C1ResolverAssemblyTests.C119_two_pass_streaming_has_no_complete_plaintext_buffer_or_temp_file; TagEkyc.IntegrationTests.Tip88B32AuthorizationIdentityFunctionTests.H9_migration_apply_rollback_reapply_preserves_acl_and_b31_objects; TagEkyc.IntegrationTests.PostgresPersistenceSliceTests.S1_flow_persists_idempotently_and_survives_service_restart; TagEkyc.IntegrationTests.Tip88C1C6BA3ResultAcceptanceTests.AcceptedEvidence_CommitsAndReplayUsesStoredPolicyVersion; TagEkyc.IntegrationTests.Tip88B4RawExportJobFoundationTests.M7_direct_entries_fail_closed_for_null_cas_and_transition_tokens; TagEkyc.IntegrationTests.Tip88C1C6BA3R2TerminalProjectionTests.Ti02_ActiveKeyWaitsThenRevocationFinalizesExactReplay; TagEkyc.IntegrationTests.Tip88C1C6BA1AppendAuthorityTests.BothDiscoveredLockKeys_AreRechecked_WithExecutableRedControl(column: ""CaptureCapabilityId"", local: ""discovered_capability_id""); TagEkyc.IntegrationTests.Tip88C1C4RecipientPackageReferenceTests.C422_sibling_principals_share_client_ownership_but_remain_distinct_cursor_actors; TagEkyc.IntegrationTests.Tip88B4RawExportJobFoundationTests.M6_internal_helper_public_execute_fails_readiness; TagEkyc.IntegrationTests.Tip88B1E3ResolverReadBoundaryTests.F1_application_login_extra_membership_turns_readiness_role_invalid; TagEkyc.IntegrationTests.Tip88C1C6BA1RawIngressBoundaryTests.RawIngressAuthDenial_DoesNotReadBodyOrInvokeA3(scenario: ""metadata-tampered"", status: 403, registerA3: True); TagEkyc.IntegrationTests.Tip88B4RawExportJobFoundationTests.B4_all_six_methods_preflight_precedes_transaction_admission(method: ""Renew"", topology: ""ProviderTransaction""); TagEkyc.IntegrationTests.Tip88C1C6BA3RetentionCheckpointTests.A3_RetentionCheckpoint_WithdrawalSerializesWithR1R3R4R5(checkpoint: 1, withdrawalFirst: True); TagEkyc.IntegrationTests.Tip88C1C6BA3R2TerminalProjectionTests.Recorder_IndependentCommitIgnoresDeadRequestAndRestoresActor; TagEkyc.IntegrationTests.Tip88B2SubjectExportConsentTests.Consent_withdraw_shared_authority_lock_blocks_authority_revoke_until_commit; TagEkyc.IntegrationTests.Tip88C1C6BA3RetentionCheckpointTests.A3_BoundReader_DerivesCustodyActorAndRequiresExactRawIngress(rawIngress: True); TagEkyc.IntegrationTests.Tip88C1C6BA3ConsentRetentionTests.E01_RequestCannotInjectClientIdentity(member: ""ClientApplicationId""); TagEkyc.IntegrationTests.Tip88B4RawExportJobFoundationTests.B4_all_six_methods_preflight_precedes_transaction_admission(method: ""Terminalize"", topology: ""Ambient""); TagEkyc.IntegrationTests.Tip88C1B2DurableKeyProdTests.DKPROD_15_CleanupOutcomeUnknown; TagEkyc.IntegrationTests.Tip88B1E3ResolverReadBoundaryTests.R1_isolated_role_manifests_edges_and_cycle_handling_are_exact; TagEkyc.IntegrationTests.Tip88B33AuthorizationOracleTests.K6_policy_permit_ttl_invalid_exact_accepts_over_and_under_reject; TagEkyc.IntegrationTests.Tip88C1C6BA3R2TerminalProjectionTests.InputIntentFailureNeverAcknowledgesOrResumes(mode: ""recorder-denied""); TagEkyc.IntegrationTests.Tip88B1E3ResolverReadBoundaryTests.F2_each_e3_function_has_exact_signature_result_language_body_owner_search_path_and_acl; TagEkyc.IntegrationTests.Tip88B1RawExportControlPlaneTests.Resolver_uses_current_accepted_row_for_expiry_and_does_not_fallback_after_expiry; TagEkyc.IntegrationTests.Tip88C1C6BA3BrokerQualificationTests.ApiCustodyRoleScopes_RejectCrossRoleSqlPrivileges(role: 0, defect: ""grant-option""); TagEkyc.IntegrationTests.Tip88B4RawExportJobFoundationTests.B4_same_scope_landed_repository_can_reopen_after_B4(method: ""Acquire"", exit: ""TypedFailure""); TagEkyc.IntegrationTests.Tip83BPostgresProductionInfraTests.Signing_configuration_errors_are_not_masked_by_db_readiness; TagEkyc.IntegrationTests.Tip88C1C1ResolverAssemblyTests.C115_pending_requires_exact_receipt_and_revision; TagEkyc.IntegrationTests.Tip88C1C6BA1RotationTests.Rotation_ExpiredAuthorizationCommitsTerminalPairDespiteDenial; TagEkyc.IntegrationTests.Tip88C1C6BA1LifecycleRaceTests.RotationExpiry_ConcurrentRevoke_HasOneTerminalPairAndFrozenDenial(expiryFirst: False); TagEkyc.IntegrationTests.Tip88AE2PolicyPermitTtlConfigTests.Permit_ttl_bounds_resolve_once_into_valid_or_invalid_state(min: ""900"", max: ""60"", expectedValid: False, expectedMin: 0, expectedMax: 0); TagEkyc.IntegrationTests.Tip88C1C3RecipientPackageDeliveryTests.C6A10A_terminal_authority_snapshot_blocks_delivery; TagEkyc.IntegrationTests.Tip88B2SubjectExportConsentTests.DecisionRef_is_optional_but_blank_is_rejected_for_consent_and_authority_events; TagEkyc.IntegrationTests.Tip88C1C1ResolverAssemblyTests.C120_seal_commits_preparation_identity_items_head_and_event; TagEkyc.IntegrationTests.Tip84BHashedApiKeyStoreTests.Provisioning_inserts_hash_only_and_returns_plaintext_once_to_caller; TagEkyc.IntegrationTests.Tip88C1B2DurableKeyProdTests.DKPROD_14_CleanupUnavailable; TagEkyc.IntegrationTests.Tip88B4RawExportJobFoundationTests.M5_bind_and_attempt_revalidate_all_authority_gates(mutation: ""grant""); TagEkyc.IntegrationTests.Tip88C1B2BetaExistingCandidateTests.BETA_historic_commitment_key_unavailable_preserves_existing_graph; TagEkyc.IntegrationTests.Tip88C1B2DurableKeyProdTests.DKPROD_29_FinalizeReplay; TagEkyc.IntegrationTests.Tip88B4RawExportJobFoundationTests.M2_bind_freezes_exact_authoritative_identity_mode_and_classes; TagEkyc.IntegrationTests.Tip88B4RawExportJobFoundationTests.M11_each_command_obeys_expiry_and_authority_precedence; TagEkyc.IntegrationTests.Tip84BHashedApiKeyStoreTests.Source_uses_fixed_time_hash_compare_and_no_plaintext_columns; TagEkyc.IntegrationTests.Tip88C1C6BA1CancellationHttpTests.R26_InternalFingerprintCorruption_IsNotCallerConflictAndCreatesNoReplayRows; TagEkyc.IntegrationTests.Tip83BPostgresProductionInfraTests.Readiness_accepts_current_postgres_migrations; TagEkyc.IntegrationTests.Tip88C1C6BA3ConsentRetentionTests.E01_CrossClientBindingMutationRejects(changeSession: True); TagEkyc.IntegrationTests.Tip88C1C6BA3R2TerminalProjectionTests.R6_WorkerDeletesOnlyObsoleteObjectAndKeyThenFinalizesCleanup; TagEkyc.IntegrationTests.Tip88C1C6BA3ConsentRetentionTests.E01_RequestCannotInjectClientIdentity(member: ""clientApplicationId""); TagEkyc.IntegrationTests.Tip88B4RawExportJobFoundationTests.B4_connection_is_closed_and_transaction_free_after_every_exit(method: ""Renew"", exit: ""ProviderException""); TagEkyc.IntegrationTests.Tip88B34AuthorizationEngineTests.L3_requested_and_resolved_session_identities_follow_foundness; TagEkyc.IntegrationTests.Tip88C1C6BA3R2TerminalProjectionTests.TerminalIntent_PresentObjectProcessKillRecoversWithoutSecondPutOrDelete(cut: 1); TagEkyc.IntegrationTests.Tip88C1C6BA3MigrationTests.A3_CaptureLineageMigration_BodyDriftRejectsDownAtomically(drift: ""\r""); TagEkyc.IntegrationTests.Tip83BPostgresProductionInfraTests.Development_inmemory_persistence_still_starts; TagEkyc.IntegrationTests.Tip88C1C6BA3BrokerQualificationTests.ActivatedCompositionQualifiesThreeOwnersAndExposesClosedPorts; TagEkyc.IntegrationTests.Tip88C1C6BA1CancellationHttpTests.R26_PreviouslyBoundTerminalCapability_PreservesImmutableBindingAndDeniesAppend(expireFirst: True); TagEkyc.IntegrationTests.Tip88C1C6BA1RotationTests.Rotation_DenialsDoNotFallbackAndKeepCommittedN(scenario: ""missing-role"", nonces: 0, calls: 0, status: 403); TagEkyc.IntegrationTests.Tip88B34AuthorizationEngineTests.L2_subject_consent_coverage_insufficient_persists_all_reached_class_sets; TagEkyc.IntegrationTests.Tip88C1C6BA3R2TerminalProjectionTests.PublicBodyPipeline_ReusesR2ThroughR5AndPublishesAvailable(rawClass: ""ChipDg2Portrait""); TagEkyc.IntegrationTests.Tip88B4RawExportJobFoundationTests.M5_bind_and_attempt_revalidate_all_authority_gates(mutation: ""session""); TagEkyc.IntegrationTests.Tip88C1C1ResolverAssemblyTests.C102_missing_duplicate_or_mismatched_source_has_zero_bindings; TagEkyc.IntegrationTests.Tip88B1RawExportControlPlaneTests.Activation_and_resolver_ignore_subject_scoped_consent_artifact_but_bind_policy_refs; TagEkyc.IntegrationTests.Tip88C1C6BA3R2TerminalProjectionTests.ActivatedHttpRoute_UsesBrokerAndBodyPipelineToPublishBothRawClasses(rawClass: ""LiveSelfieImage""); TagEkyc.IntegrationTests.Tip88C1C6BA1RawIngressBoundaryTests.RawIngressInvalidA3Result_FailsClosedAfterCommittedNonce(scenario: ""already-available-forbidden-disposition""); TagEkyc.IntegrationTests.Tip88C1C6BA3R2TerminalProjectionTests.Continuation_ContradictoryDurableTuplesAreNotExecutableWork(mutation: ""object-key""); TagEkyc.IntegrationTests.Tip88C1C3RecipientPackageDeliveryTests.C6A02_snapshot_is_server_derived; TagEkyc.IntegrationTests.Tip88C1C6BA1RawIngressBoundaryTests.RawIngressAuthDenial_DoesNotReadBodyOrInvokeA3(scenario: ""missing-a3"", status: 503, registerA3: False); TagEkyc.IntegrationTests.Tip88C1B2DurableKeyProdTests.DKPROD_05_ActivateDirect; TagEkyc.IntegrationTests.Tip88C1C6BA3R2TerminalProjectionTests.ActivatedHttpRoute_UsesBrokerAndBodyPipelineToPublishBothRawClasses(rawClass: ""ChipDg2Portrait""); TagEkyc.IntegrationTests.Tip88B4RawExportJobFoundationTests.M6_alternate_function_acl_grantor_aborts_apply; TagEkyc.IntegrationTests.Tip88C1C6BA3RetentionCheckpointTests.A3_C3Begin_ActualB2WithdrawalSessionOrder(withdrawalFirst: True); TagEkyc.IntegrationTests.Tip84BHashedApiKeyStoreTests.Malformed_key_returns_null_without_throwing(presentedKey: ""localdev-business-key""); TagEkyc.IntegrationTests.Tip88B4RawExportJobFoundationTests.B4_all_six_methods_reject_ambient_transaction_before_database(method: ""Acquire""); TagEkyc.IntegrationTests.Tip88C1C6BA3R2TerminalProjectionTests.Ti01_ExactTupleAndCauseReplayPreservesOnlyIntent(code: ""CONTENT_COMMITMENT_MISMATCH""); TagEkyc.IntegrationTests.Tip83E3RetentionConfigTests.Production_rejects_invalid_retention_window_with_stable_code(configuredValue: ""abc""); TagEkyc.IntegrationTests.Tip88C1C3RecipientPackageDeliveryTests.C6A04_admission_precedes_source_byte_surface; TagEkyc.IntegrationTests.Tip88C1C6BA3RetentionCheckpointTests.A3_C1Seal_ActualB2WithdrawalSessionOrder(withdrawalFirst: True); TagEkyc.IntegrationTests.Tip88C1B2R2DurableCustodyEncryptionDatabaseTests.R209_unknown_and_conditional_conflict_never_reencrypt_same_attempt; TagEkyc.IntegrationTests.Tip88C1B2SourceFinalizationTests.F407_opaque_locator_and_results_expose_no_bucket_key_provider_or_secret; TagEkyc.IntegrationTests.Tip88C1C6BA1TransitionCoverageTests.CatalogExpectedHead_RejectsStaleWriter_RollbackPublishesNewAuditedRevision(family: ""trust_profile"", diagnostic: ""TRUST"", catalog: ""20000000-0000-4000-8000-000000000001""); TagEkyc.IntegrationTests.Tip88B4RawExportJobFoundationTests.M5_session_transition_blocks_behind_attempt_revalidation; TagEkyc.IntegrationTests.Tip88C1C6BA3BrokerTransactionTests.BrokerUsesOneTransactionAndDerivedActor(scenario: ""preflight-failure""); TagEkyc.IntegrationTests.Tip88C1C4RecipientPackageReferenceTests.C402_surface_is_one_get_list_route_without_package_lookup_or_download_contract; TagEkyc.IntegrationTests.Tip88B4RawExportJobFoundationTests.B4_all_six_methods_reject_existing_provider_transaction_before_database(method: ""Read""); TagEkyc.IntegrationTests.Tip88C1C6BA1RawIngressBoundaryTests.RawIngressA3Outcome_MapsWithoutReadingBody(outcome: ArtifactSizeLimitExceeded, status: 413, code: ""RAW_EXPORT_SOURCE_ARTIFACT_SIZE_LIMIT_EXCEEDED""); TagEkyc.IntegrationTests.Tip88C1B2R3VerifiedCiphertextStagingTests.R301_apply_down_reapply_restores_R2_catalog_model_and_acl; TagEkyc.IntegrationTests.Tip88B4RawExportJobFoundationTests.M5_attempt_rejects_active_read_committed_connection_transaction; TagEkyc.IntegrationTests.Tip88C1B2DurableKeyProdTests.DKPROD_17b_CleanupAck_NoCallerDigest_RecomputedAuthorityBites; TagEkyc.IntegrationTests.Tip88C1B2R2DurableCustodyEncryptionDatabaseTests.R212_verified_transition_binds_exact_object_frame_and_content_evidence; TagEkyc.IntegrationTests.Tip88B4RawExportJobFoundationTests.B4_same_scope_landed_repository_can_reopen_after_B4(method: ""Terminalize"", exit: ""Success""); TagEkyc.IntegrationTests.Tip88C1C3RecipientPackageDeliveryTests.C305_create_replay_conflict_precedence_and_zero_mutation_are_exact; TagEkyc.IntegrationTests.Tip88C1C6BA3BrokerQualificationTests.BrokerQualification_RealLoginAndProviderFailClosed(defect: ""inverse-membership""); TagEkyc.IntegrationTests.Tip84BHashedApiKeyStoreTests.Provisioning_retries_duplicate_prefix_without_printing_failed_key; TagEkyc.IntegrationTests.Tip88C1C3RecipientPackageDeliveryTests.C6A01_exact_migration_topology_is_frozen; TagEkyc.IntegrationTests.Tip88C1C6BA3BrokerQualificationTests.BrokerQualification_RealLoginAndProviderFailClosed(defect: ""missing-key""); TagEkyc.IntegrationTests.Tip88C1B2CoreTests.C1B2CORE_nonce_and_framing_codecs_are_pinned_and_plaintext_digest_is_absent; TagEkyc.IntegrationTests.Tip88B4RawExportJobFoundationTests.M5_attempt_lock_rejects_non_read_committed_isolation(isolation: RepeatableRead); TagEkyc.IntegrationTests.Tip88B4RawExportJobFoundationTests.M9_every_head_mutation_has_same_transaction_transition; TagEkyc.IntegrationTests.Tip88C1C6BA3CapabilityLineageTests.A3_R20_ClosedJsonRejectsBeforePersistence(body: ""{\""action\"":\""Issue\"",\""consentBindingId\"":\""00000""···); TagEkyc.IntegrationTests.Tip88B4RawExportJobFoundationTests.B4_connection_is_closed_and_transaction_free_after_every_exit(method: ""Renew"", exit: ""TypedFailure""); TagEkyc.IntegrationTests.Tip88B34AuthorizationEngineTests.L6_b1_active_but_exact_policy_missing_is_an_invariant_rollback; TagEkyc.IntegrationTests.Tip88C1B2DurableKeyProdTests.DKPROD_27_CleanupDeadlineIntervention; TagEkyc.IntegrationTests.Tip88B4RawExportJobFoundationTests.B4_invalid_config_registration_is_not_replaced_by_default_and_readiness_fails_closed; TagEkyc.IntegrationTests.Tip88C1C6BA1RawIngressBoundaryTests.RawIngressA3Outcome_MapsWithoutReadingBody(outcome: TransportProtocolInvalid, status: 400, code: ""RAW_EXPORT_SOURCE_TRANSPORT_PROTOCOL_INVALID""); TagEkyc.IntegrationTests.Tip88B34AuthorizationEngineTests.L1_each_invalid_input_is_typed_and_creates_no_transaction_claim_or_decision(_: ""blank-key"", command: AuthorizeRawExportCommand { Actor = AuthenticatedRawExportActor { PrincipalId = 88b34000-0000-5000-8000-000000000003, ClientApplicationId = 88b34000-0000-5000-8000-000000000004, ApiKeyId = 88b34000-0000-5000-8000-000000000005 }, RequestedVerificationSessionId = a8824ef0-3f9b-4e29-a4a8-a61cbe5d2dca, PolicyId = 46f40c84-da89-408d-b3e6-52fd3fd13074, PolicyVersion = 1, RequestedRawClasses = , IdempotencyKey = }); TagEkyc.IntegrationTests.Tip88C1B2DurableKeyProdTests.DKPROD_62_FreshGeneration_ResetsBothAttemptCountsAndInterventionFalse; TagEkyc.IntegrationTests.Tip88C1C6BA3BrokerQualificationTests.BrokerQualification_RealLoginAndProviderFailClosed(defect: ""public-execute""); TagEkyc.IntegrationTests.Tip88C1C6BA1RawIngressBoundaryTests.RawIngressA3Outcome_MapsWithoutReadingBody(outcome: CapabilityUnavailable, status: 503, code: ""RAW_EXPORT_SOURCE_CAPABILITY_UNAVAILABLE""); TagEkyc.IntegrationTests.Tip88B4RawExportJobFoundationTests.B4_all_six_methods_reject_existing_provider_transaction_before_database(method: ""Failure""); TagEkyc.IntegrationTests.Tip88C1B2DurableObjectCustodyTests.O11_mismatched_existing_object_becomes_quarantined; TagEkyc.IntegrationTests.Tip88C1C6BA1LifecycleRaceTests.IssuanceReplay_OverlapsRevocation_WithoutResurrectionOrFalseNotFound(rotation: True); TagEkyc.IntegrationTests.Tip88B4RawExportJobFoundationTests.M6_runtime_only_login_can_use_all_b4_entries; TagEkyc.IntegrationTests.Tip88C1B2DurableKeyProdTests.DKPROD_22g_AbandonPositiveAbsence; TagEkyc.IntegrationTests.Tip83E3RetentionConfigTests.Development_starts_without_retention_policy; TagEkyc.IntegrationTests.Tip88C1B2SourceFinalizationTests.F404_fresh_authority_consent_and_deadlines_publish_exact_Available_shape; TagEkyc.IntegrationTests.Tip88AE2PolicyPermitTtlConfigTests.Readiness_accepts_absent_bounds_as_immutable_default_state; TagEkyc.IntegrationTests.Tip88C1C6BA3BrokerQualificationTests.BrokerQualification_RealLoginAndProviderFailClosed(defect: ""public-column""); TagEkyc.IntegrationTests.Tip88C1C6BA3ConsentRetentionTests.E01_RequestCannotInjectClientIdentity(member: ""principalId""); TagEkyc.IntegrationTests.Tip88C1C6BA1RootCliTests.R01_ActualCli_DeferredCommitFailure_EmitsNoSuccessOrSecret; TagEkyc.IntegrationTests.Tip88C1C6BA1RuntimeAppendTransactionTests.R24_FaultAfterActualWrite_RollsBackArtifactIdempotencyAndAudit; TagEkyc.IntegrationTests.Tip88B34AuthorizationEngineTests.L5_concurrent_duplicate_blocks_then_replays_exactly_one_decision; TagEkyc.IntegrationTests.Tip88C1C2RecipientPackageTests.C210_single_part_conditional_create_uses_final_key_without_prefix_rewrite; TagEkyc.IntegrationTests.Tip88C1C6BA3R2TerminalProjectionTests.TerminalIntent_LostProviderResponseProcessKillRecoversFromDurableCleanupState(cut: 1); TagEkyc.IntegrationTests.Tip88B4RawExportJobFoundationTests.B4_all_six_methods_preflight_precedes_transaction_admission(method: ""Bind"", topology: ""Ambient""); TagEkyc.IntegrationTests.Tip84BHashedApiKeyStoreTests.Credential_status_down_maps_fail_closed(credentialStatus: ""Revoked"", expected: Revoked); TagEkyc.IntegrationTests.Tip88B4RawExportJobFoundationTests.B4_all_six_methods_preflight_precedes_transaction_admission(method: ""Failure"", topology: ""OpenConnection""); TagEkyc.IntegrationTests.Tip88B1E3ResolverReadBoundaryTests.R3_alternate_function_acl_grantor_turns_readiness_red_in_isolated_cluster; TagEkyc.IntegrationTests.Tip88C1C4RecipientPackageReferenceTests.C418_four_census_families_are_exact_and_c4_catalog_has_no_wildcard; TagEkyc.IntegrationTests.Tip88C1C6BA3BrokerQualificationTests.ApiCustodyRoleScopes_RejectMissingOrCombinedOwnersBeforeConnection(defect: ""missing-credential""); TagEkyc.IntegrationTests.Tip88C1C3RecipientPackageDeliveryTests.C6A11_both_source_horizons_are_live; TagEkyc.IntegrationTests.Tip88B4RawExportJobFoundationTests.B4_connection_is_closed_and_transaction_free_after_every_exit(method: ""Failure"", exit: ""Success""); TagEkyc.IntegrationTests.Tip88C1C6BA3BrokerTransactionTests.BrokerUsesOneTransactionAndDerivedActor(scenario: ""extended-bounds""); TagEkyc.IntegrationTests.Tip88B1RawExportControlPlaneTests.Lifecycle_activation_bypass_and_revoked_terminal_are_rejected; TagEkyc.IntegrationTests.Tip88C1C6BA1CancellationHttpTests.R26_ElapsedSessionAndCapability_CommitsExpiryOnDeniedAndReplayDoesNotDuplicate(previouslyBound: True); TagEkyc.IntegrationTests.Tip88B4RawExportJobFoundationTests.M5_consent_withdraw_blocks_behind_attempt_revalidation; TagEkyc.IntegrationTests.Tip84BHashedApiKeyStoreTests.Production_rejects_zero_active_api_keys; TagEkyc.IntegrationTests.Tip88C1C6BA3R2TerminalProjectionTests.Re01_LostR1RetryAppendsOneFreshAttemptAndRenewsOnlyDerivedLease; TagEkyc.IntegrationTests.Tip88C1B2R2DurableCustodyEncryptionDatabaseTests.R216_reconciliation_can_terminate_but_cannot_allocate_replacement_attempt; TagEkyc.IntegrationTests.Tip88C1C6BA3R2TerminalProjectionTests.IncompleteR2_LostPutResponseRecoversExactObjectWithoutSecondPut; TagEkyc.IntegrationTests.Tip88B1RawExportControlPlaneTests.E1_policy_with_latest_revoked_grant_resolves_grant_revoked; TagEkyc.IntegrationTests.Tip83BPostgresProductionInfraTests.Readiness_rejects_missing_migration_history; TagEkyc.IntegrationTests.Tip83BPostgresProductionInfraTests.Runtime_example_uses_secret_ref_not_plaintext_connection_string; TagEkyc.IntegrationTests.Tip88C1C2RecipientPackageTests.C215_conflicting_object_evidence_has_quarantine_not_overwrite_or_delete_transition; TagEkyc.IntegrationTests.Tip88C1C4RecipientPackageReferenceTests.C414_exact_role_login_membership_function_acl_and_zero_table_privilege; TagEkyc.IntegrationTests.Tip88C1B2SourceFinalizationTests.F413_publication_cleanup_shapes_and_write_guards_are_total_one_way; TagEkyc.IntegrationTests.Tip83BPostgresProductionInfraTests.Readiness_rejects_missing_append_idempotency_table; TagEkyc.IntegrationTests.Tip88B34AuthorizationEngineTests.L2_requested_raw_classes_not_allowed_persists_policy_and_effective_sets; TagEkyc.IntegrationTests.Tip88C1C3RecipientPackageDeliveryTests.C308_key_package_delivery_lock_order_and_fresh_clock_are_global; TagEkyc.IntegrationTests.Tip88B34AuthorizationEngineTests.L6_each_b2_snapshot_mismatch_rolls_back_claim_and_decision(_: ""session"", mutation: Func`2 { Method = TagEkyc.Domain.RawExportSubjectConsentSnapshot <ConsentIntegrityMutations>b__27_0(TagEkyc.Domain.RawExportSubjectConsentSnapshot), Target = <>c { } }); TagEkyc.IntegrationTests.Tip88C1C6BA3BrokerQualificationTests.ApiCustodyRoleScopes_RejectCrossRoleSqlPrivileges(role: 0, defect: ""missing""); TagEkyc.IntegrationTests.Tip88C1C1ResolverAssemblyTests.C105_resolver_and_sealer_acl_manifests_are_separate; TagEkyc.IntegrationTests.Tip88C1C6BA1RawIngressBoundaryTests.RawIngressAuthDenial_DoesNotReadBodyOrInvokeA3(scenario: ""missing-role"", status: 403, registerA3: True); TagEkyc.IntegrationTests.Tip88C1C6BA1RawIngressBoundaryTests.RawIngressAuthDenial_DoesNotReadBodyOrInvokeA3(scenario: ""mixed-platform-key"", status: 403, registerA3: True); TagEkyc.IntegrationTests.Tip88B4RawExportJobFoundationTests.B4_all_six_methods_reject_existing_provider_transaction_before_database(method: ""Bind""); TagEkyc.IntegrationTests.Tip88ARawExportPolicyCatalogTests.Closure_timestamp_is_database_stamped_and_empty_actor_or_ref_is_rejected; TagEkyc.IntegrationTests.Tip88B33AuthorizationPersistTests.K9_valid_authorized_and_denied_payloads_persist_and_reload_full_graph; TagEkyc.IntegrationTests.Tip88C1C6BA1StartupCompositionTests.RealReader_ThreeRestrictedLogins_PreparedPasses_ActivatedRequiresAdmissionAndReadiness; TagEkyc.IntegrationTests.Tip88ARawExportPolicyCatalogTests.Requirement_rule_set_v1_matches_golden_vector; TagEkyc.IntegrationTests.Tip88C1B2DurableKeyProdTests.DKPROD_24_RevokeReplayAndNotActive; TagEkyc.IntegrationTests.Tip88C1C6BA3RetentionCheckpointTests.A3_RetainedSnapshot_TerminalUsesPostGrantClock(revoke: True, sameTransaction: True); TagEkyc.IntegrationTests.PostgresPersistenceSliceTests.Production_inmemory_configuration_refuses_to_start; TagEkyc.IntegrationTests.Tip88B1E3ResolverReadBoundaryTests.F3_policy_projection_execute_is_required_by_authorized_engine_path; TagEkyc.IntegrationTests.Tip88C1C6BA3R2TerminalProjectionTests.Nps01_ProviderUnknownIsEvidenceNotAbsence; TagEkyc.IntegrationTests.Tip88B1E3ResolverReadBoundaryTests.R1_active_set_role_from_elevated_session_is_rejected_first; TagEkyc.IntegrationTests.Tip88B4RawExportJobFoundationTests.M6_valid_c1_job_functions_do_not_pollute_b4_readiness; TagEkyc.IntegrationTests.Tip88C1B2DurableKeyProdTests.DKPROD_18_CleanupAcknowledgedAlreadyAbsent; TagEkyc.IntegrationTests.Tip83BPostgresProductionInfraTests.Production_connection_secret_ref_taxonomy_is_fail_closed_and_sanitized(secretRef: ""file:relative-secret.txt"", expectedCode: ""PROD_DB_CONNECTION_SECRET_INVALID"", forbiddenText: ""relative-secret.txt""); TagEkyc.IntegrationTests.Tip88B4RawExportJobFoundationTests.M11_bound_revalidation_and_safe_graph_failures_terminalize_with_exact_evidence; TagEkyc.IntegrationTests.Tip88B31RawExportAuthorizationSchemaTests.G4_migration_apply_rollback_reapply_preserves_acl_equivalence; TagEkyc.IntegrationTests.Tip88C1C6BA3BrokerQualificationTests.BrokerQualification_RealLoginAndProviderFailClosed(defect: ""invalid-profile""); TagEkyc.IntegrationTests.Tip88B4RawExportJobFoundationTests.B4_same_scope_landed_repository_can_reopen_after_B4(method: ""Acquire"", exit: ""Cancellation""); TagEkyc.IntegrationTests.Tip88C1C6BA3BrokerQualificationTests.BrokerQualification_RealPrivateHttpCommitsAsDedicatedLogin; TagEkyc.IntegrationTests.Tip88C1C6BA3ConsentRetentionTests.E01_B2WithdrawalAndDirectWithdrawal_SerializeWithoutDuplicateProjection(b2First: False); TagEkyc.IntegrationTests.Tip88C1C6BA3R2TerminalProjectionTests.NoProviderRecovery_ProcessKillUsesDurableNpsIntentAndFinalization(cut: 2); TagEkyc.IntegrationTests.Tip88C1C6BA3RetentionCheckpointTests.A3_RetainedStages_CrossBorderFulfillmentWaitUsesFreshClock(checkpoint: 4, expiresWhileWaiting: False); TagEkyc.IntegrationTests.Tip88C1C5RecipientManagementTests.C508_credential_revoke_is_nonretroactive_and_next_resolution_is_denied; TagEkyc.IntegrationTests.Tip88C1C1ResolverAssemblyTests.C114_preparing_is_durable_before_provider_call_and_recoverable; TagEkyc.IntegrationTests.Tip88C1C6BA1RawIngressBoundaryTests.RawIngressA3Outcome_MapsWithoutReadingBody(outcome: PlaintextRetentionInvalid, status: 422, code: ""RAW_EXPORT_SOURCE_PLAINTEXT_RETENTION_INVALID""); TagEkyc.IntegrationTests.Tip88C1C6BA1CancellationHttpTests.R26_ConcurrentDifferentMetadata_ConvergesWithoutOverwritingWinner; TagEkyc.IntegrationTests.Tip88C1C5RecipientManagementTests.C507_replacement_preserves_principal_revokes_orphan_and_rolls_back_atomically; TagEkyc.IntegrationTests.Tip88C1C6BA3R2TerminalProjectionTests.Nps01_AdjacentObjectAndTerminatorReplayTakeSessionPrefix(terminatedReplay: True); TagEkyc.IntegrationTests.Tip88B1RawExportControlPlaneTests.Append_functions_reject_missing_blank_malformed_actor_and_set_local_does_not_leak; TagEkyc.IntegrationTests.Tip86DecisionThresholdConfigTests.Production_accepts_approved_threshold_value_and_binds_options(configuredValue: ""0.8""); TagEkyc.IntegrationTests.Tip88C1C5RecipientManagementTests.C513_rotation_is_atomic_hard_cutover_with_one_required_event; TagEkyc.IntegrationTests.Tip88C1B2SourceFinalizationTests.F408_R3_R4_R5_response_loss_replays_are_exact_zero_write_and_deadlock_free; TagEkyc.IntegrationTests.Tip88B4RawExportJobFoundationTests.B4_same_scope_landed_repository_can_reopen_after_B4(method: ""Bind"", exit: ""Success""); TagEkyc.IntegrationTests.Tip88C1B2CoreTests.C1B2CORE_three_fingerprint_golden_vectors_are_pinned; TagEkyc.IntegrationTests.Tip88C1C6BA1RawIngressBoundaryTests.RawIngressA3Outcome_MapsWithoutReadingBody(outcome: IdempotencyBusy, status: 409, code: ""RAW_EXPORT_SOURCE_IDEMPOTENCY_BUSY""); TagEkyc.IntegrationTests.Tip88C1C6BA3BrokerQualificationTests.BrokerQualification_RealLoginAndProviderFailClosed(defect: ""inverse-owner-membership""); TagEkyc.IntegrationTests.Tip88C1C6BA1RootCliTests.R01_ActualCli_RejectsExactMalformedFileWithoutMutation(suffix: "" ""); TagEkyc.IntegrationTests.Tip88C1C6BA3BrokerQualificationTests.BrokerQualification_RealLoginAndProviderFailClosed(defect: ""inverse-superuser""); TagEkyc.IntegrationTests.PostgresPersistenceSliceTests.Legacy_transaction_bound_session_row_reads_as_challenge_bound_profile; TagEkyc.IntegrationTests.Tip86DecisionThresholdConfigTests.Production_rejects_invalid_face_match_threshold_with_stable_code(configuredValue: ""1.5""); TagEkyc.IntegrationTests.Tip88B4RawExportJobFoundationTests.B4_all_six_methods_reject_existing_ef_transaction_before_database(method: ""Failure""); TagEkyc.IntegrationTests.Tip88C1C6BA3BrokerQualificationTests.BrokerQualification_FrozenStageCensusMatchesMigratedAuthority; TagEkyc.IntegrationTests.Tip88C1C6BA3R2TerminalProjectionTests.NoProviderRecovery_ProcessKillUsesDurableNpsIntentAndFinalization(cut: 3); TagEkyc.IntegrationTests.Tip88C1C6BA1RawIngressBoundaryTests.RawIngressA3Outcome_MapsWithoutReadingBody(outcome: AlreadyAvailable, status: 200, code: ""RAW_EXPORT_SOURCE_ALREADY_AVAILABLE""); TagEkyc.IntegrationTests.Tip88B34AuthorizationEngineTests.L1_each_invalid_input_is_typed_and_creates_no_transaction_claim_or_decision(_: ""explicit-empty"", command: AuthorizeRawExportCommand { Actor = AuthenticatedRawExportActor { PrincipalId = 88b34000-0000-5000-8000-000000000003, ClientApplicationId = 88b34000-0000-5000-8000-000000000004, ApiKeyId = 88b34000-0000-5000-8000-000000000005 }, RequestedVerificationSessionId = a8824ef0-3f9b-4e29-a4a8-a61cbe5d2dca, PolicyId = 46f40c84-da89-408d-b3e6-52fd3fd13074, PolicyVersion = 1, RequestedRawClasses = TagEkyc.Domain.RawExportRawClass[], IdempotencyKey = l1-g }); TagEkyc.IntegrationTests.Tip88C1C6BA3ContinuationWorkerTests.PublicationFailurePayloadMustBeEmpty(stage: 5, outcome: ""StateConflict""); TagEkyc.IntegrationTests.Tip88B4RawExportJobFoundationTests.B4_same_scope_landed_repository_can_reopen_after_B4(method: ""Renew"", exit: ""TypedFailure""); TagEkyc.IntegrationTests.Tip88B2SubjectExportConsentTests.Repository_lifecycle_reactivation_paths_do_not_fallback; TagEkyc.IntegrationTests.Tip88C1B1IngressClaimTests.C1B1_unique_alias_and_exact_artifact_edges_reject_duplicates; TagEkyc.IntegrationTests.Tip88B34AuthorizationEngineTests.L1_each_invalid_input_is_typed_and_creates_no_transaction_claim_or_decision(_: ""explicit-duplicate"", command: AuthorizeRawExportCommand { Actor = AuthenticatedRawExportActor { PrincipalId = 88b34000-0000-5000-8000-000000000003, ClientApplicationId = 88b34000-0000-5000-8000-000000000004, ApiKeyId = 88b34000-0000-5000-8000-000000000005 }, RequestedVerificationSessionId = a8824ef0-3f9b-4e29-a4a8-a61cbe5d2dca, PolicyId = 46f40c84-da89-408d-b3e6-52fd3fd13074, PolicyVersion = 1, RequestedRawClasses = <>z__ReadOnlyArray`1[TagEkyc.Domain.RawExportRawClass], IdempotencyKey = l1-i }); TagEkyc.IntegrationTests.Tip88C1C6BA3BrokerQualificationTests.BrokerQualification_RealLoginAndProviderFailClosed(defect: ""role-admin""); TagEkyc.IntegrationTests.Tip88C1C6BA1LifecycleRaceTests.CatalogPublication_ConcurrentHeadCas_OneAuditedWinner(family: ""role_policy"", diagnostic: ""ROLE"", catalog: ""10000000-0000-4000-8000-000000000001""); TagEkyc.IntegrationTests.Tip88AE2PolicyPermitTtlConfigTests.Permit_ttl_bounds_resolve_once_into_valid_or_invalid_state(min: null, max: null, expectedValid: True, expectedMin: 60, expectedMax: 900); TagEkyc.IntegrationTests.Tip88C1B2DurableKeyFixtureProofTests.FixtureMigration_ApplyDownReapply_RestoresExactCatalogAndAcl; TagEkyc.IntegrationTests.Tip88B34AuthorizationEngineTests.L8_re_evaluation_after_denial_requires_a_new_idempotency_key; TagEkyc.IntegrationTests.Tip88C1C6BA3ConsentRetentionTests.E01_B2WithdrawalSynchronizes_PreservesOriginalDecisionAndInvalidatesPermit(decision: ""decision\r\nverbatim""); TagEkyc.IntegrationTests.Tip86DecisionThresholdConfigTests.Production_rejects_missing_liveness_threshold_after_face_match_is_present; TagEkyc.IntegrationTests.Tip88C1B2AuthoritySnapshotTests.C1B2_readiness_profile_is_exact_and_fail_closed; TagEkyc.IntegrationTests.Tip88C1C6BA3BrokerQualificationTests.BrokerQualification_RealLoginAndProviderFailClosed(defect: ""create-role""); TagEkyc.IntegrationTests.Tip88C1C6BA3BrokerQualificationTests.ApiCustodyRoleScopes_RejectCrossRoleSqlPrivileges(role: 1, defect: ""public""); TagEkyc.IntegrationTests.Tip88C1C6BA1RawIngressBoundaryTests.RawIngressA3Outcome_MapsWithoutReadingBody(outcome: CapacityUnavailable, status: 503, code: ""RAW_EXPORT_SOURCE_CAPACITY_UNAVAILABLE""); TagEkyc.IntegrationTests.Tip88C1C6BA1RawIngressBoundaryTests.RawIngressAuthDenial_DoesNotReadBodyOrInvokeA3(scenario: ""revoked-credential"", status: 403, registerA3: True); TagEkyc.IntegrationTests.Tip88C1C3RecipientPackageDeliveryTests.C6A06_current_grant_is_required; TagEkyc.IntegrationTests.Tip88C1B2AuthoritySnapshotTests.C1B2_latest_grant_after_withdraw_wins_without_reusing_snapshot_identity; TagEkyc.IntegrationTests.Tip83BPostgresProductionInfraTests.Production_refuses_inmemory_or_missing_persistence_provider(provider: null); TagEkyc.IntegrationTests.Tip88B4RawExportJobFoundationTests.M6_column_nonowner_acl_manifest_is_empty; TagEkyc.IntegrationTests.Tip88C1B2DurableObjectCustodyTests.O02_head_event_sparse_and_typed_value_manifests_are_exact; TagEkyc.IntegrationTests.Tip88C1C1ResolverAssemblyTests.C101_exact_selection_and_ordered_class_freeze; TagEkyc.IntegrationTests.Tip88C1C6BA3R2TerminalProjectionTests.ActualCounter_Int64BoundaryCannotWrap; TagEkyc.IntegrationTests.Tip88B33AuthorizationOracleTests.K6_session_not_completed_exact_accepts_over_and_under_reject; TagEkyc.IntegrationTests.Tip88B4RawExportJobFoundationTests.B4_all_six_methods_reject_existing_provider_transaction_before_database(method: ""Acquire""); TagEkyc.IntegrationTests.Tip88B4RawExportJobFoundationTests.B4_connection_is_closed_and_transaction_free_after_every_exit(method: ""Renew"", exit: ""Success""); TagEkyc.IntegrationTests.Tip88C1C6BA3RetentionCheckpointTests.A3_RetainedCompletion_UsesExistingConsentWithoutEarlyExport(completed: True, withdrawn: True); TagEkyc.IntegrationTests.Tip88C1C6BA1LifecycleRaceTests.CatalogPublication_ConcurrentHeadCas_OneAuditedWinner(family: ""configuration"", diagnostic: ""CONFIGURATION"", catalog: ""30000000-0000-4000-8000-000000000001""); TagEkyc.IntegrationTests.Tip88C1C6BA1RawIngressBoundaryTests.RawIngressA3Outcome_MapsWithoutReadingBody(outcome: FingerprintConflict, status: 409, code: ""RAW_EXPORT_SOURCE_FINGERPRINT_CONFLICT""); TagEkyc.IntegrationTests.Tip88B1RawExportControlPlaneTests.Resolver_projects_renewed_fulfillment_and_keeps_each_requirement_expiry; TagEkyc.IntegrationTests.Tip88C1C6BA3BrokerQualificationTests.ApiCustodyRoleScopes_RejectActualDatabaseRoleDrift(defect: ""transitive-role""); TagEkyc.IntegrationTests.Tip88ARawExportPolicyCatalogTests.Csharp_and_database_requirement_derivation_have_parity_for_home_jurisdiction_vectors; TagEkyc.IntegrationTests.Tip88C1C6BA3R2TerminalProjectionTests.ActualDeclaredAndClassOverflow_StopFirstExcess(mode: ""class""); TagEkyc.IntegrationTests.Tip88C1B2DurableKeyFixtureProofTests.FixtureWrap_ConcurrentDifferentCandidates_OneRowOneCanonicalResult; TagEkyc.IntegrationTests.Tip88C1C6BA3R2TerminalProjectionTests.IncompleteR2_ProcessKillRecoversDurablyToAvailableWithoutSecondPut(cut: 1); TagEkyc.IntegrationTests.Tip88B34AuthorizationEngineTests.L6_each_b2_snapshot_mismatch_rolls_back_claim_and_decision(_: ""recipient"", mutation: Func`2 { Method = TagEkyc.Domain.RawExportSubjectConsentSnapshot <ConsentIntegrityMutations>b__27_5(TagEkyc.Domain.RawExportSubjectConsentSnapshot), Target = <>c { } }); TagEkyc.IntegrationTests.Tip88C1C6BA3ConsentRetentionTests.E01_RecordSqlCommitsRealGraph; TagEkyc.IntegrationTests.Tip88C1C6BA3BrokerQualificationTests.ApiCustodyRoleScopes_RejectMissingOrCombinedOwnersBeforeConnection(defect: ""different-bucket""); TagEkyc.IntegrationTests.Tip86DecisionThresholdConfigTests.Production_rejects_invalid_liveness_threshold_with_stable_code(configuredValue: ""0""); TagEkyc.IntegrationTests.Tip88B2SubjectExportConsentTests.Subject_consent_readiness_validator_passes_as_runtime_and_rejects_function_acl_drift; TagEkyc.IntegrationTests.Tip88C1C2RecipientPackageTests.C201_additive_model_migration_tripwires_and_three_tables_are_exact; TagEkyc.IntegrationTests.Tip88B34AuthorizationEngineTests.L6_each_b2_snapshot_mismatch_rolls_back_claim_and_decision(_: ""purpose"", mutation: Func`2 { Method = TagEkyc.Domain.RawExportSubjectConsentSnapshot <ConsentIntegrityMutations>b__27_4(TagEkyc.Domain.RawExportSubjectConsentSnapshot), Target = <>c { } }); TagEkyc.IntegrationTests.Tip88C1C6BA1CancellationHttpTests.R26_TerminalHistoricalGraph_RejectsMissingBindingOrMissingBoundAt(state: ""Expired"", removeBinding: True); TagEkyc.IntegrationTests.Tip88C1C6BA3RetentionCheckpointTests.A3_ExportRequiresIndependentAuthorityForRetainedSource(withdrawBeforeFreeze: False); TagEkyc.IntegrationTests.Tip88B34AuthorizationEngineTests.L1_each_invalid_input_is_typed_and_creates_no_transaction_claim_or_decision(_: ""empty-principal"", command: AuthorizeRawExportCommand { Actor = AuthenticatedRawExportActor { PrincipalId = 00000000-0000-0000-0000-000000000000, ClientApplicationId = 88b34000-0000-5000-8000-000000000004, ApiKeyId = 88b34000-0000-5000-8000-000000000005 }, RequestedVerificationSessionId = a8824ef0-3f9b-4e29-a4a8-a61cbe5d2dca, PolicyId = 46f40c84-da89-408d-b3e6-52fd3fd13074, PolicyVersion = 1, RequestedRawClasses = , IdempotencyKey = l1-a }); TagEkyc.IntegrationTests.Tip88C1B2DurableKeyProdTests.DKPROD_22k_CrossReservationLineageRejected; TagEkyc.IntegrationTests.Tip88C1C6BA3R2TerminalProjectionTests.ExactLengthChangedBytes_RecordMismatch(mode: ""changed""); TagEkyc.IntegrationTests.Tip88C1C6BA3BrokerTransactionTests.BrokerUsesOneTransactionAndDerivedActor(scenario: ""commit-failure""); TagEkyc.IntegrationTests.Tip88C1C6BA3R2TerminalProjectionTests.Ti01_ExactTupleAndCauseReplayPreservesOnlyIntent(code: ""RAW_EXPORT_SOURCE_ARTIFACT_SIZE_LIMIT_EXCEEDED""); TagEkyc.IntegrationTests.Tip88B4RawExportJobFoundationTests.M10_two_valid_binds_in_one_transaction_preserve_constraint_mode; TagEkyc.IntegrationTests.Tip88C1C3RecipientPackageDeliveryTests.C6A17_no_recipient_management_surface_is_added; TagEkyc.IntegrationTests.Tip88B4RawExportJobFoundationTests.B4_all_six_methods_preflight_precedes_transaction_admission(method: ""Failure"", topology: ""Ambient""); TagEkyc.IntegrationTests.Tip88B4RawExportJobFoundationTests.B4_same_scope_landed_repository_can_reopen_after_B4(method: ""Failure"", exit: ""Success""); TagEkyc.IntegrationTests.Tip88B34AuthorizationEngineTests.L5_b1_mutation_waits_for_authorization_commit_without_stale_authorized(mutationKind: ""grant-revoke""); TagEkyc.IntegrationTests.Tip88C1C6BA1RawIngressBoundaryTests.RawIngressInvalidA3Result_FailsClosedAfterCommittedNonce(scenario: ""evaluation-forbidden-disposition""); TagEkyc.IntegrationTests.Tip88C1B2BetaExistingCandidateTests.BETA_fresh_authority_barrier_precedes_historic_key_unavailable; TagEkyc.IntegrationTests.Tip88C1C6BA3BrokerQualificationTests.BrokerQualification_RealLoginAndProviderFailClosed(defect: ""stage-moved""); TagEkyc.IntegrationTests.Tip88C1C3RecipientPackageDeliveryTests.C6A22_wrapper_and_begin_share_lock_order_without_duplicate_identity; TagEkyc.IntegrationTests.Tip88C1C6BA3R2TerminalProjectionTests.TerminalIntent_LostProviderResponseProcessKillRecoversFromDurableCleanupState(cut: 0); TagEkyc.IntegrationTests.Tip88C1C6BA1AppendAuthorityTests.Exact47Manifest_RejectsOldOverloadAndMissingNewIdentity; TagEkyc.IntegrationTests.Tip88B4RawExportJobFoundationTests.M3_concurrent_bind_same_fingerprint_returns_one_job; TagEkyc.IntegrationTests.Tip88B4RawExportJobFoundationTests.B4_all_six_methods_preflight_precedes_transaction_admission(method: ""Read"", topology: ""ProviderTransaction""); TagEkyc.IntegrationTests.Tip88C1C6BA3BrokerQualificationTests.ApiCustodyRoleScopes_RejectCrossRoleSqlPrivileges(role: 0, defect: ""public""); TagEkyc.IntegrationTests.Tip88AE2PolicyPermitTtlConfigTests.Catalog_approve_revalidates_persisted_ttl_against_rebuilt_provider_bounds; TagEkyc.IntegrationTests.Tip88B4RawExportJobFoundationTests.M10_runtime_bind_forces_named_class_constraint_and_restores_deferred; TagEkyc.IntegrationTests.Tip88C1C6BA3RetentionCheckpointTests.A3_RetainedSnapshot_TerminalWaitRejectsInvisibleOrExpiredTarget(revoke: True, expire: False); TagEkyc.IntegrationTests.Tip88C1C1ResolverAssemblyTests.C104_frozen_binding_is_insert_once_and_exact_replay_only; TagEkyc.IntegrationTests.Tip88C1B2DurableKeyProdTests.DKPROD_01_PrepareFirst; TagEkyc.IntegrationTests.Tip88C1B2DurableKeyFixtureProofTests.FixtureWrap_SameTokenSameContext_ReturnsCanonicalExistingMatch; TagEkyc.IntegrationTests.Tip88C1C6BA3R2TerminalProjectionTests.IncompleteR2_ProcessKillRecoversDurablyToAvailableWithoutSecondPut(cut: 3); TagEkyc.IntegrationTests.Tip88B32AuthorizationIdentityFunctionTests.H2_function_manifest_matches_signature_security_owner_search_path_and_acl; TagEkyc.IntegrationTests.Tip88C1C6BA3R2TerminalProjectionTests.CommitmentProviderUnavailableIsNotDifferentMac(mode: ""commitment-throws""); TagEkyc.IntegrationTests.Tip88C1C6BA1RotationTests.Rotation_DenialsDoNotFallbackAndKeepCommittedN(scenario: ""rotate1"", nonces: 1, calls: 0, status: 403); TagEkyc.IntegrationTests.Tip88B33AuthorizationPersistTests.K4_z_and_plus_zero_timestamps_accept_but_seven_digits_and_non_utc_reject; TagEkyc.IntegrationTests.Tip88C1C6BA3BrokerQualificationTests.BrokerQualification_RealLoginAndProviderFailClosed(defect: ""stage-execute""); TagEkyc.IntegrationTests.Tip88C1C6BA1PersistenceTests.R01R02Replay_UsesDurableOperationFingerprintAndFrozenResult; TagEkyc.IntegrationTests.Tip88C1C6BA1RawIngressBoundaryTests.RawIngressAuthDenial_DoesNotReadBodyOrInvokeA3(scenario: ""missing-authenticator"", status: 503, registerA3: True); TagEkyc.IntegrationTests.Tip88C1B2AuthoritySnapshotTests.C1B2_grant_rejects_unknown_consent_policy_version_binding; TagEkyc.IntegrationTests.Tip88C1B2DurableKeyProdTests.DKPROD_55b_WriteGuard_RoutesEvents; TagEkyc.IntegrationTests.Tip86DecisionThresholdConfigTests.Production_rejects_invalid_face_match_threshold_with_stable_code(configuredValue: ""0""); TagEkyc.IntegrationTests.Tip88B4RawExportJobFoundationTests.B4_same_scope_landed_repository_can_reopen_after_B4(method: ""Failure"", exit: ""ProviderException""); TagEkyc.IntegrationTests.Tip88B4RawExportJobFoundationTests.B4_all_six_methods_preflight_precedes_transaction_admission(method: ""Read"", topology: ""OpenConnection""); TagEkyc.IntegrationTests.Tip88C1C1ResolverAssemblyTests.C108_r2_and_c1_share_framed_verification_service; TagEkyc.IntegrationTests.Tip88B2SubjectExportConsentTests.Resolver_shared_lock_blocks_withdraw_until_authorization_transaction_finishes; TagEkyc.IntegrationTests.Tip88C1C6BA3R2TerminalProjectionTests.Nps01_LostR1WithoutProviderPersistsOnlyOperationalPair; TagEkyc.IntegrationTests.Tip88C1B2DurableObjectCustodyTests.O09_absence_requires_not_armed_or_quiesced_two_exact_observations; TagEkyc.IntegrationTests.Tip88C1C6BA3R2TerminalProjectionTests.Re01_ConcurrentSameOwnerRetryHasOneHandoff; TagEkyc.IntegrationTests.Tip88B2SubjectExportConsentTests.Golden_vectors_pin_rfc4122_guid_hash_and_signed_big_endian_lock_key; TagEkyc.IntegrationTests.PostgresPersistenceSliceTests.Concurrent_finalization_uses_xmin_conflict_without_partial_rows_or_pk_collision; TagEkyc.IntegrationTests.Tip88C1C6BA3R2TerminalProjectionTests.TerminalIntent_AbsenceMustRemainPositiveAcrossQuiescence; TagEkyc.IntegrationTests.Tip88C1C6BA1RawIngressBoundaryTests.RawIngressInvalidA3Result_FailsClosedAfterCommittedNonce(scenario: ""undefined-enum""); TagEkyc.IntegrationTests.Tip88B1E3ResolverReadBoundaryTests.F5_both_projection_times_equal_b2_and_persisted_decision_time; TagEkyc.IntegrationTests.Tip88C1C6BA3BrokerQualificationTests.ApiCustodyRoleScopes_RejectMissingOrCombinedOwnersBeforeConnection(defect: ""different-database""); TagEkyc.IntegrationTests.Tip88C1C3RecipientPackageDeliveryTests.C6A07_policy_rules_and_fulfillments_are_current; TagEkyc.IntegrationTests.Tip88C1B2CoreTests.C1B2CORE_complete_is_broker_only_and_tables_reject_direct_dml; TagEkyc.IntegrationTests.Tip83E3RetentionConfigTests.Production_rejects_invalid_retention_window_with_stable_code(configuredValue: ""-5""); TagEkyc.IntegrationTests.Tip88C1C6BA3R2TerminalProjectionTests.TerminalIntent_LostDeleteResponseUsesTwoAbsenceObservationsBeforeTi02; TagEkyc.IntegrationTests.Tip88C1C6BA1TransitionCoverageTests.ConfigurationOverride_NarrowingIsAllowed_WideningFailsWithoutChangingBase; TagEkyc.IntegrationTests.Tip88B1E3ResolverReadBoundaryTests.R5_input_immediate_two_runtime_calls_and_successful_return_deferred_mode_are_proven; TagEkyc.IntegrationTests.Tip88B34AuthorizationEngineTests.L10_postgres_registration_resolves_the_authorization_port; TagEkyc.IntegrationTests.Tip88C1B2AuthoritySnapshotTests.C1B2_grant_resolves_exact_frozen_authority_and_foreign_bindings_do_not; TagEkyc.IntegrationTests.Tip88B4RawExportJobFoundationTests.M3_committed_graph_invalid_already_terminal_returns_exact_result; TagEkyc.IntegrationTests.Tip88C1B2DurableObjectCustodyTests.O01_intended_identifiers_round_trip_exactly_and_fit_63_bytes; TagEkyc.IntegrationTests.Tip88C1C6BA3RetentionCheckpointTests.A3_C3Begin_ActualB2WithdrawalSessionOrder(withdrawalFirst: False); TagEkyc.IntegrationTests.Tip88C1C6BA3ConsentRetentionTests.E01_ProfileHorizonFrozen_RealIssuerAndResolver; TagEkyc.IntegrationTests.Tip88C1C6BA3BrokerQualificationTests.BrokerQualification_RealLoginAndProviderFailClosed(defect: ""role-option""); TagEkyc.IntegrationTests.Tip88C1C5RecipientManagementTests.C528_migration_down_and_reapply_are_disposable_and_catalog_stable; TagEkyc.IntegrationTests.Tip88B4RawExportJobFoundationTests.B4_all_six_methods_reject_existing_ef_transaction_before_database(method: ""Renew""); TagEkyc.IntegrationTests.Tip88C1C6BA1EnrollmentTests.Enrollment_ExpiryDenialCommitsAndReplaysWithoutSecondEvent; TagEkyc.IntegrationTests.Tip88C1C4RecipientPackageReferenceTests.C404_page_size_cardinality_and_continuation_values_are_not_model_bound_away; TagEkyc.IntegrationTests.Tip88B33AuthorizationPersistTests.K2_exact_three_function_manifest_and_readiness_503_on_acl_drift; TagEkyc.IntegrationTests.Tip88B4RawExportJobFoundationTests.M3_blocked_bind_rechecks_physical_time_after_winner_rollback; TagEkyc.IntegrationTests.Tip88C1C6BA3RetentionCheckpointTests.A3_RetainedSnapshot_TerminalUsesPostGrantClock(revoke: True, sameTransaction: False); TagEkyc.IntegrationTests.Tip88C1C6BA3ConsentRetentionTests.E01_B2WithoutMatchingReference_PreservesLandedWithdrawal(differentSubject: True); TagEkyc.IntegrationTests.Tip88B4RawExportJobFoundationTests.M8_stale_worker_cannot_mutate_after_reclaim; TagEkyc.IntegrationTests.Tip88C1C6BA3ContinuationWorkerTests.PublicationSelectionCannotOvertakeTerminalState(terminal: ""final""); TagEkyc.IntegrationTests.Tip88B4RawExportJobFoundationTests.M5_bind_and_attempt_revalidate_all_authority_gates(mutation: ""fulfillment""); TagEkyc.IntegrationTests.Tip88C1AAcceptanceSurfaceTests.C1A_fk_actor_revision_and_direct_insert_guards_fail_closed; TagEkyc.IntegrationTests.Tip83E3RetentionConfigTests.Production_rejects_invalid_retention_window_with_stable_code(configuredValue: ""999999999""); TagEkyc.IntegrationTests.Tip88C1C6BA3RetentionCheckpointTests.A3_RetainedSnapshot_TerminalKindCannotBeBypassed(revoke: False); TagEkyc.IntegrationTests.Tip88C1B2DurableKeyProdTests.DKPROD_17c_CleanupAck_CallerDigestParam_AbsentInCatalog; TagEkyc.IntegrationTests.Tip88C1C6BA3R2TerminalProjectionTests.TerminalIntent_LostProviderResponseProcessKillRecoversFromDurableCleanupState(cut: 2); TagEkyc.IntegrationTests.Tip88C1B2DurableKeyProdTests.DKPROD_55c_WriteGuard_RoutesMapping; TagEkyc.IntegrationTests.Tip88C1C5RecipientManagementTests.C512_planned_rotation_drains_exact_c3_states_without_wait_or_mutation; TagEkyc.IntegrationTests.Tip88C1C5RecipientManagementTests.C523_exact_owned_table_function_and_index_sets_are_present; TagEkyc.IntegrationTests.Tip88C1C6BA3BrokerQualificationTests.BrokerQualification_RealLoginAndProviderFailClosed(defect: ""extra-membership""); TagEkyc.IntegrationTests.Tip88B4RawExportJobFoundationTests.M10_idempotency_key_function_and_table_guards_bite; TagEkyc.IntegrationTests.Tip88C1B2DurableKeyProdTests.DKPROD_20b_Recovered_SingleCanonicalSurface; TagEkyc.IntegrationTests.Tip88B4RawExportJobFoundationTests.M5_attempt_rejects_matching_read_committed_ambient_before_database; TagEkyc.IntegrationTests.Tip86DecisionThresholdConfigTests.Production_rejects_invalid_face_match_threshold_with_stable_code(configuredValue: ""-1""); TagEkyc.IntegrationTests.Tip88B2SubjectExportConsentTests.Inertness_no_raw_byte_surface_exists; TagEkyc.IntegrationTests.Tip88B4RawExportJobFoundationTests.B4_all_six_methods_preflight_precedes_transaction_admission(method: ""Renew"", topology: ""Ambient""); TagEkyc.IntegrationTests.Tip88B34AuthorizationEngineTests.L6_each_b2_snapshot_mismatch_rolls_back_claim_and_decision(_: ""policy"", mutation: Func`2 { Method = TagEkyc.Domain.RawExportSubjectConsentSnapshot <ConsentIntegrityMutations>b__27_2(TagEkyc.Domain.RawExportSubjectConsentSnapshot), Target = <>c { } }); TagEkyc.IntegrationTests.Tip88C1C6BA3BrokerQualificationTests.ApiCustodyRoleScopes_DoNotEnlistInCallerAmbientTransaction; TagEkyc.IntegrationTests.Tip88C1C6BA3R2TerminalProjectionTests.Continuation_ContradictoryDurableTuplesAreNotExecutableWork(mutation: ""object-fence""); TagEkyc.IntegrationTests.Tip88C1C4RecipientPackageReferenceTests.C416_partial_index_additive_model_and_three_raw_worktree_tripwires_are_exact; TagEkyc.IntegrationTests.PostgresPersistenceSliceTests.Evidence_package_and_manifest_reads_fail_closed_for_unknown_hash_metadata; TagEkyc.IntegrationTests.Tip88C1C3RecipientPackageDeliveryTests.C6A16_profile_error_codes_remain_exact; TagEkyc.IntegrationTests.Tip88B1RawExportControlPlaneTests.Readiness_function_acl_manifest_uses_actual_validator_and_rejects_drift; TagEkyc.IntegrationTests.Tip88C1B2DurableKeyProdTests.DKPROD_30_StaleFencePrepare; TagEkyc.IntegrationTests.Tip88C1B2SourceFinalizationTests.F417_R3_Staged_to_R4_Committed_to_R5_Available_preserves_exact_fingerprint; TagEkyc.IntegrationTests.Tip88C1C6BA1RawIngressBoundaryTests.RawIngressInvalidA3Result_FailsClosedAfterCommittedNonce(scenario: ""transport-forbidden-field""); TagEkyc.IntegrationTests.Tip84BHashedApiKeyStoreTests.Production_rejects_plaintext_pepper_config; TagEkyc.IntegrationTests.Tip88C1C6BA3R2TerminalProjectionTests.Recorder_DeniedTupleActorAndRoleHaveNoResidue; TagEkyc.IntegrationTests.Tip88C1C6BA3BrokerQualificationTests.ApiCustodyRoleScopes_RejectActualDatabaseRoleDrift(defect: ""combined-login""); TagEkyc.IntegrationTests.Tip88B34AuthorizationEngineTests.L5_b1_mutation_waits_for_authorization_commit_without_stale_authorized(mutationKind: ""lifecycle-suspend""); TagEkyc.IntegrationTests.Tip88B4RawExportJobFoundationTests.B4_same_scope_landed_repository_can_reopen_after_B4(method: ""Terminalize"", exit: ""ProviderException""); TagEkyc.IntegrationTests.Tip88C1C6BA3BrokerQualificationTests.ApiCustodyRoleScopes_RejectMissingOrCombinedOwnersBeforeConnection(defect: ""combined-object-credential""); TagEkyc.IntegrationTests.Tip88C1C3RecipientPackageDeliveryTests.C6A23_composition_acl_is_broker_only; TagEkyc.IntegrationTests.Tip88C1C6BA3R2TerminalProjectionTests.Continuation_PreKeyAndProviderUnknownAreDiscoverableWithoutFabricatedOutcome(populatedHistory: False); TagEkyc.IntegrationTests.PostgresPersistenceSliceTests.Finalization_rollback_keeps_session_and_derived_records_consistent; TagEkyc.IntegrationTests.Tip88B4RawExportJobFoundationTests.M10_attempt_ordinal_check_rejects_negative; TagEkyc.IntegrationTests.Tip88C1B2DurableObjectCustodyTests.O10_conditional_conflict_is_reconciled_without_overwrite_or_auto_delete; TagEkyc.IntegrationTests.Tip84BHashedApiKeyStoreTests.Check_constraint_rejects_non_32_byte_key_hash; TagEkyc.IntegrationTests.Tip88C1C6BA3R2TerminalProjectionTests.TerminalIntent_ActiveKeyProcessKillRecoversFromDurableResourceState(cut: 1); TagEkyc.IntegrationTests.Tip88C1B2R3VerifiedCiphertextStagingTests.R304_stale_reservation_attempt_fence_or_object_revision_cannot_stage; TagEkyc.IntegrationTests.Tip88C1C3RecipientPackageDeliveryTests.C6A15_barrier_uses_post_lock_clock; TagEkyc.IntegrationTests.Tip88C1C6BA1CancellationHttpTests.R26_CrossClientCannotCancelOrReplay_NoCancelHistoryFromDeniedActor; TagEkyc.IntegrationTests.Tip88C1B2BetaExistingCandidateTests.BETA_alternate_alias_requires_all_immutable_identity_fields_to_match; TagEkyc.IntegrationTests.Tip88B4RawExportJobFoundationTests.B4_connection_is_closed_and_transaction_free_after_every_exit(method: ""Read"", exit: ""TypedFailure""); TagEkyc.IntegrationTests.Tip88C1B2R2DurableCustodyEncryptionDatabaseTests.R218_minio_restart_recovers_and_verifies_exact_single_part_object; TagEkyc.IntegrationTests.Tip88B2SubjectExportConsentTests.Direct_sql_negatives_and_security_definer_manifest_are_enforced; TagEkyc.IntegrationTests.Tip88B4RawExportJobFoundationTests.M10_attempt_phase_check_rejects_non_assembling; TagEkyc.IntegrationTests.Tip88C1C6BA3R2TerminalProjectionTests.IncompleteR2_ObjectAppearingDuringQuiescenceCannotBecomePositiveAbsence; TagEkyc.IntegrationTests.Tip88C1AAcceptanceSurfaceTests.C1A_both_tables_reject_update_and_delete_even_as_owner; TagEkyc.IntegrationTests.Tip88B4RawExportJobFoundationTests.M10_attempt_lease_time_check_rejects_nonincreasing; TagEkyc.IntegrationTests.Tip88C1B2DurableKeyProdTests.DKPROD_22a_AbandonCleanupEntry; TagEkyc.IntegrationTests.Tip88C1C6BA3BrokerQualificationTests.BrokerQualification_RealLoginAndProviderFailClosed(defect: ""inverse-broker-set-only""); TagEkyc.IntegrationTests.Tip83BPostgresProductionInfraTests.Production_connection_secret_ref_taxonomy_is_fail_closed_and_sanitized(secretRef: ""file:C:\\Users\\Admin\\AppData\\Local\\Temp\\tagek""···, expectedCode: ""PROD_DB_CONNECTION_SECRET_MISSING"", forbiddenText: ""C:\\Users\\Admin\\AppData\\Local\\Temp\\tagekyc-ti""···); TagEkyc.IntegrationTests.Tip88C1C6BA3ConsentRetentionTests.A3_R20_RetainedReplace_RechecksExpiryAfterReferenceWait(expireDuringWait: False); TagEkyc.IntegrationTests.Tip83BPostgresProductionInfraTests.Production_startup_accepts_secret_ref_postgres_after_signing_self_test_and_readiness; TagEkyc.IntegrationTests.Tip88C1C6BA3BrokerTransactionTests.BrokerUsesOneTransactionAndDerivedActor(scenario: ""http-commit-failure""); TagEkyc.IntegrationTests.Tip88C1B1IngressClaimTests.C1B1_binding_actor_and_direct_dml_fail_closed; TagEkyc.IntegrationTests.Tip86DecisionThresholdConfigTests.Production_rejects_invalid_face_match_threshold_with_stable_code(configuredValue: ""abc""); TagEkyc.IntegrationTests.Tip88B4RawExportJobFoundationTests.M3_direct_claim_rejects_repeatable_read_and_serializable(isolation: RepeatableRead); TagEkyc.IntegrationTests.Tip88C1B2DurableKeyProdTests.DKPROD_17_CleanupAcknowledgedCleaned; TagEkyc.IntegrationTests.Tip88B4RawExportJobFoundationTests.M11_expiry_uses_database_time_and_never_extends_deadlines; TagEkyc.IntegrationTests.Tip88B1E3ResolverReadBoundaryTests.F2_actor_context_positive_and_six_negative_controls_are_exact; TagEkyc.IntegrationTests.Tip88C1C5RecipientManagementTests.C514_landed_c2_stale_exact_key_is_unavailable_without_silent_reselection; TagEkyc.IntegrationTests.Tip88C1C6BA3R2TerminalProjectionTests.Writer_PreservesObservationAcrossProviderCatchAndPersistenceFailure(mode: ""missing-bound""); TagEkyc.IntegrationTests.Tip88C1C6BA1ExecutionHttpTests.R20ToR23_RealHttpCryptoNonceAndBusinessPersistence_ReplayAndConditionalRefresh; TagEkyc.IntegrationTests.Tip88C1C6BA3R2TerminalProjectionTests.TerminalIntent_ActiveKeyProcessKillRecoversFromDurableResourceState(cut: 2); TagEkyc.IntegrationTests.Tip88B4RawExportJobFoundationTests.B4_all_six_methods_reject_ambient_transaction_before_database(method: ""Failure""); TagEkyc.IntegrationTests.PostgresPersistenceSliceTests.Append_only_tables_reject_update_and_delete; TagEkyc.IntegrationTests.Tip88B1RawExportControlPlaneTests.Export_grant_does_not_authorize_policy_fulfillment_recording; TagEkyc.IntegrationTests.Tip88B4RawExportJobFoundationTests.M3_concurrent_bind_different_fingerprint_fails_closed; TagEkyc.IntegrationTests.Tip88B33AuthorizationOracleTests.K6_subject_consent_not_effective_exact_accepts_over_and_under_reject; TagEkyc.IntegrationTests.Tip88ARawExportPolicyCatalogTests.Version_chain_rejects_open_draft_gap_and_allows_abandon_then_reauthor; TagEkyc.IntegrationTests.Tip88C1C6BA3BrokerQualificationTests.ApiCustodyRoleScopes_RejectCrossRoleSqlPrivileges(role: 2, defect: ""column""); TagEkyc.IntegrationTests.Tip88C1C6BA1RawIngressBoundaryTests.RawIngressA3Outcome_MapsWithoutReadingBody(outcome: ReservationBusy, status: 409, code: ""RAW_EXPORT_SOURCE_RESERVATION_BUSY""); TagEkyc.IntegrationTests.Tip88C1C6BA3R2TerminalProjectionTests.IncompleteR2_ProcessKillRecoversDurablyToAvailableWithoutSecondPut(cut: 5); TagEkyc.IntegrationTests.Tip88B1RawExportControlPlaneTests.E2_lifecycle_states_resolve_policy_specific_causes; TagEkyc.IntegrationTests.Tip88B4RawExportJobFoundationTests.M6_default_function_acl_grantee_aborts_apply; TagEkyc.IntegrationTests.Tip88B31RawExportAuthorizationSchemaTests.G3_all_check_constraint_categories_reject_invalid_rows; TagEkyc.IntegrationTests.Tip88B34AuthorizationEngineTests.L4_b3_entry_functions_run_through_ephemeral_noinherit_runtime_role; TagEkyc.IntegrationTests.Tip88C1C6BA3ContinuationWorkerTests.PublicationFailurePayloadMustBeEmpty(stage: 4, outcome: ""StateConflict""); TagEkyc.IntegrationTests.Tip88ARawExportPolicyCatalogTests.Rule_set_publication_and_binding_are_current_family_and_ruleful; TagEkyc.IntegrationTests.Tip84BHashedApiKeyStoreTests.Production_rejects_localdev_api_key_store; TagEkyc.IntegrationTests.Tip88C1B2SourceFinalizationTests.F412_function_catalog_owner_ACL_roles_memberships_and_table_privileges_are_exact; TagEkyc.IntegrationTests.Tip88C1C2RecipientPackageTests.C223_readiness_first_code_order_is_exact_and_lock_precedes_versioning; TagEkyc.IntegrationTests.Tip88B4RawExportJobFoundationTests.M5_rule_set_publish_blocks_behind_bind_and_attempt_revalidation; TagEkyc.IntegrationTests.Tip88C1C6BA3BrokerQualificationTests.BrokerQualification_RealLoginAndProviderFailClosed(defect: ""inherited-column""); TagEkyc.IntegrationTests.Tip88C1C6BA1RuntimeAppendTransactionTests.R24R25_RealHelperPlannerWriter_CommitTogether_AndMismatchDoesNotWrite; TagEkyc.IntegrationTests.Tip88AE2PolicyPermitTtlConfigTests.Permit_ttl_bounds_resolve_once_into_valid_or_invalid_state(min: ""60"", max: ""3601"", expectedValid: False, expectedMin: 0, expectedMax: 0); TagEkyc.IntegrationTests.Tip88C1C1ResolverAssemblyTests.C103_source_eligibility_is_closed_and_fail_closed; TagEkyc.IntegrationTests.Tip88C1C4RecipientPackageReferenceTests.C417_disposable_apply_down_reapply_does_not_mutate_shared_database; TagEkyc.IntegrationTests.PostgresPersistenceSliceTests.Production_postgres_composition_does_not_register_fault_injector; TagEkyc.IntegrationTests.Tip88C1C6BA3R2TerminalProjectionTests.IncompleteR2_LivePutInFlightLeaseDefersWithoutMutation; TagEkyc.IntegrationTests.Tip88AE2PolicyPermitTtlConfigTests.Permit_ttl_bounds_resolve_once_into_valid_or_invalid_state(min: ""abc"", max: ""900"", expectedValid: False, expectedMin: 0, expectedMax: 0); TagEkyc.IntegrationTests.Tip83BPostgresProductionInfraTests.Production_connection_secret_ref_taxonomy_is_fail_closed_and_sanitized(secretRef: ""env:TAGEKYC_TIP83B_EMPTY_d3b672ce37664ecb8eb9add0b""···, expectedCode: ""PROD_DB_CONNECTION_SECRET_MISSING"", forbiddenText: ""TAGEKYC_TIP83B_EMPTY_d3b672ce37664ecb8eb9add0bd3f2""···); TagEkyc.IntegrationTests.Tip88C1C6BA3CapabilityLineageTests.A3_R20_ClosedJsonRejectsBeforePersistence(body: ""{\""action\"":\""Issue\"",\""expectedRevision\"":1}""); TagEkyc.IntegrationTests.Tip88C1C6BA1CancellationHttpTests.R26_PreviouslyBoundTerminalCapability_PreservesImmutableBindingAndDeniesAppend(expireFirst: False); TagEkyc.IntegrationTests.Tip88C1C4RecipientPackageReferenceTests.C412_reference_listing_has_no_provider_dependency_or_persistence_mutation_surface; TagEkyc.IntegrationTests.Tip88B33AuthorizationPersistTests.K5_both_principal_copies_bind_to_actor_and_missing_guc_fails_closed; TagEkyc.IntegrationTests.Tip88AE2PolicyPermitTtlConfigTests.Permit_ttl_bounds_resolve_once_into_valid_or_invalid_state(min: ""60"", max: ""900"", expectedValid: True, expectedMin: 60, expectedMax: 900); TagEkyc.IntegrationTests.Tip88B4RawExportJobFoundationTests.B4_connection_is_closed_and_transaction_free_after_every_exit(method: ""Read"", exit: ""ProviderException""); TagEkyc.IntegrationTests.Tip88C1C6BA3R2TerminalProjectionTests.Continuation_ContradictoryDurableTuplesAreNotExecutableWork(mutation: ""key-attempt""); TagEkyc.IntegrationTests.Tip88C1C6BA1RawIngressBoundaryTests.RawIngressA3Outcome_MapsWithoutReadingBody(outcome: SourceRetentionNotAuthorized, status: 403, code: ""SOURCE_RETENTION_NOT_AUTHORIZED""); TagEkyc.IntegrationTests.Tip88C1C6BA3ResultAcceptanceTests.Completion_SelectsExactlyTwoAvailableSourcesInOwningTransaction; TagEkyc.IntegrationTests.Tip88C1C6BA3R2TerminalProjectionTests.Recorder_CommitFailureNeverAcknowledgesPersistence; TagEkyc.IntegrationTests.Tip83ASigningKeyJwksTests.RequireHardwareSigner_still_forces_pkcs11; TagEkyc.IntegrationTests.Tip88AE2PolicyPermitTtlConfigTests.Permit_ttl_bounds_resolve_once_into_valid_or_invalid_state(min: ""-1"", max: ""900"", expectedValid: False, expectedMin: 0, expectedMax: 0); TagEkyc.IntegrationTests.Tip88B4RawExportJobFoundationTests.B4_all_six_methods_reject_open_connection_before_database(method: ""Acquire""); TagEkyc.IntegrationTests.Tip88B1E3ResolverReadBoundaryTests.F6_migration_apply_rollback_reapply_restores_snapshot_functions_and_acls_exactly; TagEkyc.IntegrationTests.Tip88C1B2DurableKeyProdTests.DKPROD_06_MarkExpired; TagEkyc.IntegrationTests.Tip88C1C6BA1RawIngressBoundaryTests.RawIngressInvalidA3Result_FailsClosedAfterCommittedNonce(scenario: ""available-forbidden-state""); TagEkyc.IntegrationTests.Tip88C1C6BA1NormativeSqlProofTests.CompleteNormativeSqlFences_ExecuteAgainstCurrentMigration_AndLeaveNoSharedResidue(family: ""core_identity""); TagEkyc.IntegrationTests.Tip88B4RawExportJobFoundationTests.B4_all_six_methods_reject_open_connection_before_database(method: ""Read""); TagEkyc.IntegrationTests.Tip88C1C1ResolverAssemblyTests.C110_manifest_and_authentication_absolute_vectors; TagEkyc.IntegrationTests.Tip88C1B2DurableKeyFixtureProofTests.FixtureProviderIdentityTextBoundsTokensAndRedaction_AreExact; TagEkyc.IntegrationTests.Tip88C1C6BA3RetentionCheckpointTests.A3_RetainedStages_CrossBorderFulfillmentWaitUsesFreshClock(checkpoint: 3, expiresWhileWaiting: True); TagEkyc.IntegrationTests.Tip88B2SubjectExportConsentTests.Resolver_blocks_on_shared_consent_scope_lock_without_session_row_lock; TagEkyc.IntegrationTests.Tip88C1C6BA1RawIngressBoundaryTests.RawIngressInvalidA3Result_FailsClosedAfterCommittedNonce(scenario: ""evaluation-forbidden-field""); TagEkyc.IntegrationTests.Tip88C1B2DurableKeyFixtureProofTests.FixtureRecovery_FreshProcess_RecoversExactWrappedResult; TagEkyc.IntegrationTests.Tip88C1B2DurableKeyProdTests.DKPROD_60_CapabilityRoles_PrepareWrapRecordActivateRestartReadUnwrap_NoTableGrant; TagEkyc.IntegrationTests.Tip88B2SubjectExportConsentTests.Normal_grant_and_privileged_direct_insert_block_on_exclusive_consent_scope_lock_without_session_row_lock; TagEkyc.IntegrationTests.Tip88B4RawExportJobFoundationTests.M7_blocked_acquire_rechecks_physical_time_after_head_lock; TagEkyc.IntegrationTests.Tip88C1B2DurableKeyFixtureProofTests.FixtureFunctions_RolesMembershipAclOwnerGrantorAndOverloads_AreExact; TagEkyc.IntegrationTests.Tip88C1B2DurableKeyProdTests.DKPROD_43_Csprng_ShadowFunction; TagEkyc.IntegrationTests.Tip88C1C6BA3R2TerminalProjectionTests.Writer_PreservesObservationAcrossProviderCatchAndPersistenceFailure(mode: ""match""); TagEkyc.IntegrationTests.Tip88C1C6BA3RetentionCheckpointTests.A3_RetainedSnapshot_OnlyBrokerCanAppendAndHelperRemainsInternal; TagEkyc.IntegrationTests.Tip88B1RawExportControlPlaneTests.Resolver_returns_deterministic_causes_and_authoritative_db_time_boundaries; TagEkyc.IntegrationTests.Tip88B1E3ResolverReadBoundaryTests.R5_successful_return_restore_mutation_turns_second_record_gate_red; TagEkyc.IntegrationTests.Tip84BHashedApiKeyStoreTests.Pepper_secret_ref_taxonomy_is_sanitized(secretRefKind: null, expectedCode: ""PROD_APIKEY_PEPPER_SECRET_UNAVAILABLE""); TagEkyc.IntegrationTests.Tip88B4RawExportJobFoundationTests.B4_connection_is_closed_and_transaction_free_after_every_exit(method: ""Terminalize"", exit: ""Success""); TagEkyc.IntegrationTests.Tip88B4RawExportJobFoundationTests.B4_all_six_methods_preflight_precedes_transaction_admission(method: ""Bind"", topology: ""ProviderTransaction""); TagEkyc.IntegrationTests.Tip88C1C3RecipientPackageDeliveryTests.C6A10_current_authority_identity_and_revision_are_exact; TagEkyc.IntegrationTests.Tip88C1C6BA1LifecycleRaceTests.CredentialRevoke_ConcurrentRotation_BothSerialOrdersHaveOneWinner(revokeFirst: False); TagEkyc.IntegrationTests.Tip88C1C5RecipientManagementTests.C517_c4_historical_visibility_and_frozen_package_survive_managed_key_revoke; TagEkyc.IntegrationTests.Tip88C1B2DurableKeyProdTests.DKPROD_03_PrepareReplay; TagEkyc.IntegrationTests.Tip88C1C3RecipientPackageDeliveryTests.C306_only_exact_finalized_C2_package_snapshot_is_admitted; TagEkyc.IntegrationTests.Tip88C1C6BA3ContinuationWorkerTests.ProcessKill_RestartUsesDurablePublicationState(cut: 1); TagEkyc.IntegrationTests.Tip88C1AAcceptanceSurfaceTests.C1A_identifiers_round_trip_exactly_and_acl_is_minimal; TagEkyc.IntegrationTests.Tip88B1E3ResolverReadBoundaryTests.R2_each_deployer_backing_read_is_required_and_capability_drift_is_rejected; TagEkyc.IntegrationTests.Tip88B4RawExportJobFoundationTests.B4_connection_is_closed_and_transaction_free_after_every_exit(method: ""Renew"", exit: ""Cancellation""); TagEkyc.IntegrationTests.Tip88C1C6BA3RetentionCheckpointTests.A3_RetainedStages_CrossBorderFulfillmentWaitUsesFreshClock(checkpoint: 5, expiresWhileWaiting: False); TagEkyc.IntegrationTests.Tip88C1C6BA3RetentionCheckpointTests.A3_RetainedCompletion_UsesExistingConsentWithoutEarlyExport(completed: True, withdrawn: False); TagEkyc.IntegrationTests.Tip84BHashedApiKeyStoreTests.Malformed_key_returns_null_without_throwing(presentedKey: """"); TagEkyc.IntegrationTests.Tip88B34AuthorizationEngineTests.L1_each_invalid_input_is_typed_and_creates_no_transaction_claim_or_decision(_: ""empty-policy"", command: AuthorizeRawExportCommand { Actor = AuthenticatedRawExportActor { PrincipalId = 88b34000-0000-5000-8000-000000000003, ClientApplicationId = 88b34000-0000-5000-8000-000000000004, ApiKeyId = 88b34000-0000-5000-8000-000000000005 }, RequestedVerificationSessionId = a8824ef0-3f9b-4e29-a4a8-a61cbe5d2dca, PolicyId = 00000000-0000-0000-0000-000000000000, PolicyVersion = 1, RequestedRawClasses = , IdempotencyKey = l1-e }); TagEkyc.IntegrationTests.Tip88C1C6BA1AclTests.Public_entrypoints_have_an_explicit_single_capability_role_or_the_frozen_dual_runtime_grant; TagEkyc.IntegrationTests.Tip88C1C6BA1StartupReadinessDiagnosticTests.RequiredPepperVersions_Parity_AllBranchesHaveIndependentRedControls; TagEkyc.IntegrationTests.Tip88C1B1IngressClaimTests.C1B1_token_validator_rejects_tamper_wrong_manifest_expiry_and_stale_cas; TagEkyc.IntegrationTests.Tip88B31RawExportAuthorizationSchemaTests.G7_insert_guard_accepts_correct_tokens_and_rejects_wrong_or_missing_token; TagEkyc.IntegrationTests.Tip88C1C6BA3RetentionCheckpointTests.A3_RetainedStages_RealCiphertextPreservesWithdrawalResidue(checkpoint: 3, withdrawn: False); TagEkyc.IntegrationTests.Tip88B1E3ResolverReadBoundaryTests.F3_runtime_only_login_authorizes_and_denies_without_set_role; TagEkyc.IntegrationTests.Tip88B4RawExportJobFoundationTests.B4_connection_is_closed_and_transaction_free_after_every_exit(method: ""Failure"", exit: ""TypedFailure""); TagEkyc.IntegrationTests.Tip84BHashedApiKeyStoreTests.Malformed_key_returns_null_without_throwing(presentedKey: ""tek_short_AAAAAAAAAAAAAAAAAAAAAAAAAAAAAAAAAAAAAAAA""···); TagEkyc.IntegrationTests.Tip88AE2PolicyPermitTtlConfigTests.Permit_ttl_bounds_resolve_once_into_valid_or_invalid_state(min: ""1"", max: ""3600"", expectedValid: True, expectedMin: 1, expectedMax: 3600); TagEkyc.IntegrationTests.Tip88B4RawExportJobFoundationTests.M7_direct_acquire_invalid_lease_bound_precedes_job_lookup; TagEkyc.IntegrationTests.Tip88C1C6BA1RawIngressBoundaryTests.RawIngressEvaluation_RetryHorizonIsAllowedWithoutOtherFields; TagEkyc.IntegrationTests.Tip88B34AuthorizationEngineTests.L2_session_not_owned_does_not_persist_foreign_subject; TagEkyc.IntegrationTests.Tip88C1C5RecipientManagementTests.C519_committed_enrollment_event_recomputes_exact_audit_v2; TagEkyc.IntegrationTests.Tip88C1C6BA3RetentionCheckpointTests.A3_RetentionCheckpoint_WithdrawalSerializesWithR1R3R4R5(checkpoint: 3, withdrawalFirst: False); TagEkyc.IntegrationTests.Tip88C1C6BA3BrokerQualificationTests.RoleScopesDoNotCombineObjectCapabilities; TagEkyc.IntegrationTests.Tip88C1C4RecipientPackageReferenceTests.C409_foreign_rows_are_excluded_in_sql_and_never_filtered_in_application_memory; TagEkyc.IntegrationTests.Tip88C1C6BA3BrokerQualificationTests.ActivatedReadinessRejectsMissingA3CatalogueMember; TagEkyc.IntegrationTests.Tip88B31RawExportAuthorizationSchemaTests.G8_deferred_permit_has_classes_trigger_mutation_is_detected; TagEkyc.IntegrationTests.Tip88C1C6BA1AclTests.CapabilityRolePreflight_RejectsBothMembershipDirectionsWithoutRepair; TagEkyc.IntegrationTests.Tip88B1RawExportControlPlaneTests.E1_policy_with_no_grant_resolves_grant_missing; TagEkyc.IntegrationTests.Tip84BHashedApiKeyStoreTests.Readiness_rejects_missing_api_keys_table; TagEkyc.IntegrationTests.Tip88C1B2DurableKeyFixtureProofTests.FixtureLookup_CorruptedStoredWrappedField_ReturnsCorruptNeverFound; TagEkyc.IntegrationTests.Tip88C1C6BA1RawIngressBoundaryTests.RawIngressA3Outcome_MapsWithoutReadingBody(outcome: BindingInvalid, status: 403, code: ""RAW_EXPORT_SOURCE_BINDING_INVALID""); TagEkyc.IntegrationTests.Tip88C1C2RecipientPackageTests.C214_abort_does_not_admit_armed_put_and_requires_positive_absence_completion; TagEkyc.IntegrationTests.Tip88C1C3RecipientPackageDeliveryTests.C6A05_begin_stream_calls_current_barrier_before_started_event; TagEkyc.IntegrationTests.Tip88B4RawExportJobFoundationTests.B4_connection_is_closed_and_transaction_free_after_every_exit(method: ""Failure"", exit: ""ProviderException""); TagEkyc.IntegrationTests.Tip88C1C4RecipientPackageReferenceTests.C407_sql_has_owner_leading_finalized_non_null_and_non_empty_predicates; TagEkyc.IntegrationTests.Tip88C1C6BA1LifecycleRaceTests.Lifecycle_ConcurrentExpectedRevisionLoser_AndFrozenReplay(terminal: False); TagEkyc.IntegrationTests.Tip88C1C6BA3ConsentRetentionTests.E01_PreservesExactExistingSessionSubjectRef(subjectRef: ""subject\nA""); TagEkyc.IntegrationTests.Tip88B4RawExportJobFoundationTests.B4_same_scope_landed_repository_can_reopen_after_B4(method: ""Renew"", exit: ""ProviderException""); TagEkyc.IntegrationTests.Tip88C1C5RecipientManagementTests.C506_replay_never_regenerates_or_reveals_plaintext_and_candidates_are_bounded; TagEkyc.IntegrationTests.Tip88C1B1IngressClaimTests.C1B1_same_key_is_idempotent_live_slot_is_not_replaced_and_codec_round_trips; TagEkyc.IntegrationTests.Tip88C1C6BA1CancellationHttpTests.R26_NoHeader_InternalFingerprint_ExactReplay_ChangedMetadataAndHeadersKeepFirstWinner; TagEkyc.IntegrationTests.Tip88AE2PolicyPermitTtlConfigTests.Permit_ttl_bounds_resolve_once_into_valid_or_invalid_state(min: ""999999999999"", max: ""900"", expectedValid: False, expectedMin: 0, expectedMax: 0); TagEkyc.IntegrationTests.Tip88C1C2RecipientPackageTests.C216_armed_put_has_no_reset_or_fresh_CEK_transition; TagEkyc.IntegrationTests.Tip88B4RawExportJobFoundationTests.M3_bind_rejects_active_read_committed_connection_transaction; TagEkyc.IntegrationTests.Tip88B4RawExportJobFoundationTests.M6_function_acl_manifest_is_exact_and_grantor_aware; TagEkyc.IntegrationTests.Tip88C1C6BA3R2TerminalProjectionTests.Recorder_HostStopOrDeadlineRollsBackBlockedIntent(stopHost: True); TagEkyc.IntegrationTests.Tip83ASigningKeyJwksTests.Jwks_previous_key_registry_fails_closed_for_unsafe_entries(caseName: ""malformed-p256"", expectedCode: ""JWKS_PUBLIC_KEY_INVALID""); TagEkyc.IntegrationTests.Tip88C1B2DurableKeyProdTests.DKPROD_59_ResultObserved_LeaseExpiry_Restart_Activates; TagEkyc.IntegrationTests.Tip88C1B2DurableKeyProdTests.DKPROD_45_Csprng_TokenLengthNot43; TagEkyc.IntegrationTests.Tip88B4RawExportJobFoundationTests.M13_b4_database_contains_no_raw_byte_package_or_delivery_surface; TagEkyc.IntegrationTests.Tip88B4RawExportJobFoundationTests.B4_connection_is_closed_and_transaction_free_after_every_exit(method: ""Bind"", exit: ""TypedFailure""); TagEkyc.IntegrationTests.Tip88B31RawExportAuthorizationSchemaTests.G1_intended_b3_identifiers_are_within_63_bytes_and_round_trip_exactly; TagEkyc.IntegrationTests.Tip88C1B2DurableObjectCustodyTests.O13_cleanup_delete_ack_absence_and_quarantine_evidence_are_exact; TagEkyc.IntegrationTests.Tip88C1C6BA3RetentionCheckpointTests.A3_RetainedStages_RealCiphertextPreservesWithdrawalResidue(checkpoint: 4, withdrawn: False); TagEkyc.IntegrationTests.Tip88C1C6BA3R2TerminalProjectionTests.TerminalIntent_LostProviderResponseProcessKillRecoversFromDurableCleanupState(cut: 5); TagEkyc.IntegrationTests.Tip88C1C6BA3BrokerQualificationTests.BrokerQualification_RealLoginAndProviderFailClosed(defect: ""wrong-login""); TagEkyc.IntegrationTests.Tip88C1B2AuthoritySnapshotTests.C1B2_shape_and_closed_fixture_values_are_database_enforced; TagEkyc.IntegrationTests.Tip88C1B2DurableKeyFixtureProofTests.FixtureCapabilities_ReadinessAndCleanupContract_AreExact; TagEkyc.IntegrationTests.Tip83ASigningKeyJwksTests.Jwks_previous_key_registry_fails_closed_for_unsafe_entries(caseName: ""missing-validity"", expectedCode: ""JWKS_PREVIOUS_KEY_VALIDITY_REQUIRED""); TagEkyc.IntegrationTests.Tip88B4RawExportJobFoundationTests.B4_connection_is_closed_and_transaction_free_after_every_exit(method: ""Acquire"", exit: ""TypedFailure""); TagEkyc.IntegrationTests.Tip88C1B2DurableKeyProdTests.DKPROD_21_RequestAbandon; TagEkyc.IntegrationTests.Tip88C1C6BA3BrokerQualificationTests.BrokerQualification_RealLoginAndProviderFailClosed(defect: ""bypass-rls""); TagEkyc.IntegrationTests.Tip88B34AuthorizationEngineTests.L1_each_invalid_input_is_typed_and_creates_no_transaction_claim_or_decision(_: ""empty-client"", command: AuthorizeRawExportCommand { Actor = AuthenticatedRawExportActor { PrincipalId = 88b34000-0000-5000-8000-000000000003, ClientApplicationId = 00000000-0000-0000-0000-000000000000, ApiKeyId = 88b34000-0000-5000-8000-000000000005 }, RequestedVerificationSessionId = a8824ef0-3f9b-4e29-a4a8-a61cbe5d2dca, PolicyId = 46f40c84-da89-408d-b3e6-52fd3fd13074, PolicyVersion = 1, RequestedRawClasses = , IdempotencyKey = l1-b }); TagEkyc.IntegrationTests.Tip88B4RawExportJobFoundationTests.M6_unrelated_table_grantee_fails_readiness; TagEkyc.IntegrationTests.Tip88C1C4RecipientPackageReferenceTests.C406_cursor_binds_actor_profile_time_and_key_rotation_without_unsigned_fallback; TagEkyc.IntegrationTests.Tip88C1C6BA3R2TerminalProjectionTests.Re01_InternalHelperRejectsWrongActorBindingTupleAndStageRoles; TagEkyc.IntegrationTests.Tip88C1C3RecipientPackageDeliveryTests.C6A14_c1_c2_functions_are_not_replaced; TagEkyc.IntegrationTests.Tip88C1C6BA3R2TerminalProjectionTests.Continuation_PendingIntentRemainsUntilExactSettledFinalization; TagEkyc.IntegrationTests.Tip88C1C6BA3ConsentRetentionTests.E01_PreservesExactExistingSessionSubjectRef(subjectRef: ""subject\rA""); TagEkyc.IntegrationTests.Tip88C1B2DurableObjectCustodyTests.O22_writer_deadline_is_frozen_to_the_earliest_landed_expiry; TagEkyc.IntegrationTests.Tip88C1B2SourceFinalizationTests.F416_model_snapshot_catalog_and_E3_tripwire_are_synchronized; TagEkyc.IntegrationTests.PostgresPersistenceSliceTests.Legacy_placeholder_manifest_has_no_envelope_and_signed_without_envelope_fails_closed; TagEkyc.IntegrationTests.Tip88B2SubjectExportConsentTests.Session_state_matrix_grant_requires_completed_and_withdraw_survives_terminal_transitions; TagEkyc.IntegrationTests.Tip84BHashedApiKeyStoreTests.Credential_status_down_maps_fail_closed(credentialStatus: ""Expired"", expected: Expired); TagEkyc.IntegrationTests.Tip88C1C6BA3RetentionCheckpointTests.A3_RetainedSnapshot_InsertLineageMutationIsRejected(field: ""SupersededReference""); TagEkyc.IntegrationTests.Tip88C1C6BA3CapabilityLineageTests.A3_R20_PrincipalPartitionAndSecretOnceReplay; TagEkyc.IntegrationTests.Tip88C1C5RecipientManagementTests.C522_managed_identity_credential_key_and_readiness_are_live; TagEkyc.IntegrationTests.Tip88C1B2DurableObjectCustodyTests.O05_begin_derives_key_binding_and_absolute_digest_vectors; TagEkyc.IntegrationTests.Tip88C1C6BA3R2TerminalProjectionTests.Nps01_PrepareAndNoStartSerialize(prepareFirst: False); TagEkyc.IntegrationTests.Tip88B4RawExportJobFoundationTests.B4_all_six_methods_preflight_precedes_transaction_admission(method: ""Bind"", topology: ""OpenConnection""); TagEkyc.IntegrationTests.Tip88C1B2R3VerifiedCiphertextStagingTests.R309_concurrent_exact_stage_has_one_winner_and_one_existing_match; TagEkyc.IntegrationTests.Tip88C1C1ResolverAssemblyTests.C123_abort_requires_durable_authorization; TagEkyc.IntegrationTests.Tip88C1C4RecipientPackageReferenceTests.C401_concrete_localdev_identity_is_isolated_non_empty_and_exactly_scoped; TagEkyc.IntegrationTests.Tip88C1C4RecipientPackageReferenceTests.C403_cursor_omission_and_present_empty_remain_distinct_at_the_raw_boundary; TagEkyc.IntegrationTests.Tip88C1C6BA1RawIngressBoundaryTests.RawIngressA3Outcome_MapsWithoutReadingBody(outcome: NotFoundOrNotAllowed, status: 403, code: ""NOT_FOUND_OR_NOT_ALLOWED""); TagEkyc.IntegrationTests.Tip88B34AuthorizationEngineTests.L1_each_invalid_input_is_typed_and_creates_no_transaction_claim_or_decision(_: ""explicit-unknown"", command: AuthorizeRawExportCommand { Actor = AuthenticatedRawExportActor { PrincipalId = 88b34000-0000-5000-8000-000000000003, ClientApplicationId = 88b34000-0000-5000-8000-000000000004, ApiKeyId = 88b34000-0000-5000-8000-000000000005 }, RequestedVerificationSessionId = a8824ef0-3f9b-4e29-a4a8-a61cbe5d2dca, PolicyId = 46f40c84-da89-408d-b3e6-52fd3fd13074, PolicyVersion = 1, RequestedRawClasses = <>z__ReadOnlySingleElementList`1[TagEkyc.Domain.RawExportRawClass], IdempotencyKey = l1-h }); TagEkyc.IntegrationTests.Tip88C1C6BA3BrokerQualificationTests.BrokerQualification_RealLoginAndProviderFailClosed(defect: ""direct-table""); TagEkyc.IntegrationTests.Tip88C1B2SourceFinalizationTests.F410_Available_remains_stable_while_cleanup_is_pending_or_retried; TagEkyc.IntegrationTests.Tip88C1C6BA1RawIngressBoundaryTests.RawIngressA3Outcome_MapsWithoutReadingBody(outcome: ClaimRestartRequired, status: 409, code: ""RAW_EXPORT_SOURCE_CLAIM_RESTART_REQUIRED""); TagEkyc.IntegrationTests.Tip88C1C3RecipientPackageDeliveryTests.C317_real_C2_finalized_metadata_is_consumed_without_test_substitute; TagEkyc.IntegrationTests.Tip88B4RawExportJobFoundationTests.B4_same_scope_landed_repository_can_reopen_after_B4(method: ""Bind"", exit: ""TypedFailure""); TagEkyc.IntegrationTests.Tip88C1C3RecipientPackageDeliveryTests.C312_known_interruption_allows_byte_zero_retry_with_incremented_fence; TagEkyc.IntegrationTests.Tip88C1C3RecipientPackageDeliveryTests.C310_two_permits_fail_fast_before_any_stream_mutation; TagEkyc.IntegrationTests.Tip88C1C6BA3R2TerminalProjectionTests.IncompleteR2_ProcessKillRecoversDurablyToAvailableWithoutSecondPut(cut: 4); TagEkyc.IntegrationTests.Tip88B4RawExportJobFoundationTests.M7_direct_acquire_folds_absent_stale_null_and_terminal_into_concurrency_conflict; TagEkyc.IntegrationTests.Tip83ASigningKeyJwksTests.Jwks_previous_key_registry_fails_closed_for_unsafe_entries(caseName: ""private-d"", expectedCode: ""JWKS_PRIVATE_KEY_MATERIAL_FORBIDDEN""); TagEkyc.IntegrationTests.Tip88C1C6BA3CapabilityLineageTests.A3_R20_ClosedJsonRejectsBeforePersistence(body: ""{\""action\"":\""Issue\"",\""currentCapabilityId\"":null""···); TagEkyc.IntegrationTests.Tip88C1C6BA3R2TerminalProjectionTests.Ti01_NoKeyRequiresNpsAndOriginalExpiryBeforeO20Finalization; TagEkyc.IntegrationTests.Tip88B33AuthorizationOracleTests.K6_session_not_found_exact_accepts_over_and_under_reject; TagEkyc.IntegrationTests.Tip88C1C6BA1RuntimeAppendTransactionTests.A1_23_RealCrt1NonceCommits_BAuditFailureRollsBackOnlyAppend; TagEkyc.IntegrationTests.Tip88C1C6BA3RetentionCheckpointTests.A3_RetainedStages_RealCiphertextPreservesWithdrawalResidue(checkpoint: 5, withdrawn: False); TagEkyc.IntegrationTests.Tip88C1B2DurableKeyProdTests.DKPROD_22d_AbandonCleanupFailed; TagEkyc.IntegrationTests.Tip88B4RawExportJobFoundationTests.B4_all_six_methods_reject_open_connection_before_database(method: ""Failure""); TagEkyc.IntegrationTests.Tip88B1RawExportControlPlaneTests.PrincipalId_is_surfaced_from_postgres_api_key_store; TagEkyc.IntegrationTests.PostgresPersistenceSliceTests.Ef_append_boundary_rechecks_cancelled_session_before_stale_nonterminal_write; TagEkyc.IntegrationTests.Tip88C1B2DurableObjectCustodyTests.O12_verified_completion_requires_authenticated_verification_evidence; TagEkyc.IntegrationTests.Tip88B33AuthorizationPersistTests.K10_migration_apply_rollback_reapply_preserves_b31_b32_acl_and_drops_only_b33; TagEkyc.IntegrationTests.Tip88C1B2DurableKeyProdTests.DKPROD_04_RecordWrappedDirect; TagEkyc.IntegrationTests.Tip88C1B2DurableKeyProdTests.DKPROD_37_Roles_Attributes_NoCrossMembership; TagEkyc.IntegrationTests.Tip88C1C6BA3CapabilityLineageTests.A3_R20_ClosedJsonRejectsBeforePersistence(body: ""{\""Action\"":\""Issue\""}""); TagEkyc.IntegrationTests.Tip88B4RawExportJobFoundationTests.M5_each_fulfillment_withdraw_blocks_behind_bind_and_attempt_revalidation; TagEkyc.IntegrationTests.Tip88C1C6BA3R2TerminalProjectionTests.R6_ProcessKillResumesFromDurableCleanupItemsWithoutTouchingWinner(cut: 1); TagEkyc.IntegrationTests.Tip88C1C6BA3BrokerQualificationTests.ApiCustodyRoleScopes_RejectCrossRoleSqlPrivileges(role: 2, defect: ""grant-option""); TagEkyc.IntegrationTests.Tip88B1E3ResolverReadBoundaryTests.F1_runtime_direct_select_and_mutations_fail_42501_on_all_fourteen_tables; TagEkyc.IntegrationTests.Tip88B4RawExportJobFoundationTests.B4_all_six_methods_reject_open_connection_before_database(method: ""Renew""); TagEkyc.IntegrationTests.Tip88C1C2RecipientPackageTests.C221_all_persisted_states_have_closed_provider_outcome_mapping; TagEkyc.IntegrationTests.Tip88C1C3RecipientPackageDeliveryTests.C325_apply_down_reapply_pending_model_and_snapshot_tripwires_are_clean; TagEkyc.IntegrationTests.Tip88B34AuthorizationEngineTests.L4_session_not_owned_decision_identity_comes_only_from_actor; TagEkyc.IntegrationTests.Tip88C1C6BA1TransitionCoverageTests.CatalogExpectedHead_RejectsStaleWriter_RollbackPublishesNewAuditedRevision(family: ""role_policy"", diagnostic: ""ROLE"", catalog: ""10000000-0000-4000-8000-000000000001""); TagEkyc.IntegrationTests.Tip88B4RawExportJobFoundationTests.M8_expired_unreclaimed_worker_cannot_renew_or_record_failure; TagEkyc.IntegrationTests.Tip83ASigningKeyJwksTests.Production_rejects_localdev_signing_backend; TagEkyc.IntegrationTests.Tip88B33AuthorizationPersistTests.K3_malformed_hex_uuid_and_timestamp_are_p0001_while_raw_casts_are_22xxx; TagEkyc.IntegrationTests.Tip88C1C6BA1AclTests.DatabaseAcl_ExactOwnersGranteesNoTableDmlAndSafeDown; TagEkyc.IntegrationTests.Tip88C1B1IngressClaimTests.C1B1_expired_slot_reissues_with_fresh_identity_token_revision_and_fence; TagEkyc.IntegrationTests.Tip88C1C6BA3ConsentRetentionTests.E01_ExactReplayDoesNotReauthorizeAfterWithdrawal; TagEkyc.IntegrationTests.Tip88C1C6BA3RetentionCheckpointTests.A3_RetentionCheckpoint_WithdrawalSerializesWithR1R3R4R5(checkpoint: 5, withdrawalFirst: False); TagEkyc.IntegrationTests.Tip88B4RawExportJobFoundationTests.B4_same_scope_landed_repository_can_reopen_after_B4(method: ""Renew"", exit: ""Cancellation""); TagEkyc.IntegrationTests.Tip88C1B2CoreTests.C1B2CORE_reserved_claim_requires_a_source_reservation; TagEkyc.IntegrationTests.Tip88B4RawExportJobFoundationTests.B4_connection_is_closed_and_transaction_free_after_every_exit(method: ""Bind"", exit: ""ProviderException""); TagEkyc.IntegrationTests.Tip88B34AuthorizationEngineTests.L2_subject_consent_not_effective_persists_the_factual_cause; TagEkyc.IntegrationTests.Tip83ASigningKeyJwksTests.Appsettings_and_examples_do_not_contain_p12_password_or_private_jwk_material; TagEkyc.IntegrationTests.Tip88B4RawExportJobFoundationTests.B4_connection_is_closed_and_transaction_free_after_every_exit(method: ""Terminalize"", exit: ""ProviderException""); TagEkyc.IntegrationTests.Tip88C1C6BA3BrokerQualificationTests.ApiCustodyRoleScopes_RejectCrossRoleSqlPrivileges(role: 2, defect: ""broker""); TagEkyc.IntegrationTests.Tip88C1B2DurableKeyProdTests.DKPROD_09b_UnavailableFromExpired; TagEkyc.IntegrationTests.Tip88C1C3RecipientPackageDeliveryTests.C6A13_reconciler_has_no_authority_call; TagEkyc.IntegrationTests.Tip88AE2PolicyPermitTtlConfigTests.Permit_ttl_bounds_resolve_once_into_valid_or_invalid_state(min: ""0"", max: ""900"", expectedValid: False, expectedMin: 0, expectedMax: 0); TagEkyc.IntegrationTests.Tip88C1C6BA3ContinuationWorkerTests.StageAndCommitUseObservedCasTupleWithoutReencrypting; TagEkyc.IntegrationTests.Tip88C1C2RecipientPackageTests.C217_four_provider_credentials_and_clients_enforce_exact_allow_deny_matrix; TagEkyc.IntegrationTests.Tip88C1C6BA3R2TerminalProjectionTests.TerminalIntent_PresentObjectProcessKillRecoversWithoutSecondPutOrDelete(cut: 2); TagEkyc.IntegrationTests.Tip88B4RawExportJobFoundationTests.M3_bind_preflight_precedes_transaction_ownership_failure; TagEkyc.IntegrationTests.Tip83E1ReadinessEndpointTests.RQ3_repeated_database_timeouts_return_to_server_and_client_quiescence; TagEkyc.IntegrationTests.Tip88C1C6BA3BrokerTransactionTests.BrokerUsesOneTransactionAndDerivedActor(scenario: ""success""); TagEkyc.IntegrationTests.Tip88C1C3RecipientPackageDeliveryTests.C316_bounded_encrypted_spool_rejects_extra_byte_and_zeroizes_on_dispose; TagEkyc.IntegrationTests.Tip88B33AuthorizationOracleTests.K6_session_not_owned_exact_accepts_over_and_under_reject; TagEkyc.IntegrationTests.Tip88C1B2DurableKeyProdTests.DKPROD_41_Csprng_WrongSchema; TagEkyc.IntegrationTests.Tip83BPostgresProductionInfraTests.Production_connection_secret_ref_taxonomy_is_fail_closed_and_sanitized(secretRef: ""file:"", expectedCode: ""PROD_DB_CONNECTION_SECRET_INVALID"", forbiddenText: null); TagEkyc.IntegrationTests.Tip88C1C6BA1TransitionCoverageTests.CapabilityReplace_WrongRevisionAndBoundDeny_SecondRuntimeCannotTakeOver; TagEkyc.IntegrationTests.Tip88B4RawExportJobFoundationTests.M7_acquire_and_reclaim_cap_lease_at_frozen_deadlines; TagEkyc.IntegrationTests.Tip88C1C6BA3R2TerminalProjectionTests.CleanShortEofDiffersFromInterruptedPrefix(mode: ""interrupted""); TagEkyc.IntegrationTests.Tip88B4RawExportJobFoundationTests.M9_crash_after_lease_expiry_reclaims_same_job_without_duplicate_consumption; TagEkyc.IntegrationTests.Tip88C1C6BA3RetentionCheckpointTests.A3_RetentionCheckpoint_WithdrawalSerializesWithR1R3R4R5(checkpoint: 4, withdrawalFirst: False); TagEkyc.IntegrationTests.Tip88C1C6BA1LifecycleRaceTests.Lifecycle_ConcurrentExpectedRevisionLoser_AndFrozenReplay(terminal: True); TagEkyc.IntegrationTests.Tip88C1C6BA3R2TerminalProjectionTests.NoProviderRecovery_ReaderRejectsMalformedSqlResults(finalize: False); TagEkyc.IntegrationTests.Tip88C1C6BA1RawIngressBoundaryTests.RawIngressA3Outcome_MapsWithoutReadingBody(outcome: Available, status: 200, code: ""RAW_EXPORT_SOURCE_AVAILABLE""); TagEkyc.IntegrationTests.Tip88C1AAcceptanceSurfaceTests.C1A_selection_is_first_only_and_requires_existing_acceptance; TagEkyc.IntegrationTests.Tip88C1B2DurableKeyProdTests.DKPROD_22i_FinalizeFromAbsence; TagEkyc.IntegrationTests.Tip88C1C6BA3R2TerminalProjectionTests.InputIntentFailureNeverAcknowledgesOrResumes(mode: ""recorder-commit-fails""); TagEkyc.IntegrationTests.Tip88B1RawExportControlPlaneTests.Activation_rejects_policy_bound_to_stale_rule_set_after_v2_publish; TagEkyc.IntegrationTests.Tip88B34AuthorizationEngineTests.L6_each_b2_snapshot_mismatch_rolls_back_claim_and_decision(_: ""subject"", mutation: Func`2 { Method = TagEkyc.Domain.RawExportSubjectConsentSnapshot <ConsentIntegrityMutations>b__27_1(TagEkyc.Domain.RawExportSubjectConsentSnapshot), Target = <>c { } }); TagEkyc.IntegrationTests.Tip88B2SubjectExportConsentTests.Direct_deployer_insert_cannot_race_resolver_or_append_paths; TagEkyc.IntegrationTests.Tip88C1C6BA3R2TerminalProjectionTests.TerminalIntent_ActiveKeyIsRevokedByLifecycleBeforeTi02Finalization; TagEkyc.IntegrationTests.Tip88C1C6BA1CancellationHttpTests.R26_SqlBoundary_CommitsBoundCancellation; TagEkyc.IntegrationTests.Tip88C1C3RecipientPackageDeliveryTests.C6A11A_elapsed_effective_retention_horizon_blocks_delivery; TagEkyc.IntegrationTests.Tip83ASigningKeyJwksTests.ProductionTrialP12_fails_closed_for_invalid_required_config(pathKind: ""missing"", secretRef: ""env:irrelevant"", keyId: ""tagekyc-es256-2026-v1"", expectedCode: ""PROD_SIGNING_P12_FILE_NOT_FOUND""); TagEkyc.IntegrationTests.Tip88B34AuthorizationEngineTests.L7_expiry_is_minimum_of_present_db_time_bounds_without_sentinel(scenario: ""fulfillment""); TagEkyc.IntegrationTests.Tip88C1C3RecipientPackageDeliveryTests.C321_receipt_absolute_vector_sql_csharp_and_stream_actor_are_exact; TagEkyc.IntegrationTests.Tip88C1C6BA3R2TerminalProjectionTests.Ti01_ExactTupleAndCauseReplayPreservesOnlyIntent(code: ""RECAPTURE_REQUIRED""); TagEkyc.IntegrationTests.Tip88C1B2DurableKeyProdTests.DKPROD_49_Identifiers_AllUnder63_CatalogRoundTrip; TagEkyc.IntegrationTests.Tip88B4RawExportJobFoundationTests.B4_all_six_methods_reject_ambient_transaction_before_database(method: ""Renew""); TagEkyc.IntegrationTests.Tip88C1C2RecipientPackageTests.C220_all_landed_C1_tests_remain_active_and_two_pass_read_boundary_is_unchanged; TagEkyc.IntegrationTests.Tip88B33AuthorizationOracleTests.K6_export_eligibility_inactive_exact_accepts_over_and_under_reject; TagEkyc.IntegrationTests.Tip88C1C6BA1RawIngressBoundaryTests.RawIngressA3Outcome_MapsWithoutReadingBody(outcome: RecaptureRequired, status: 409, code: ""RECAPTURE_REQUIRED""); TagEkyc.IntegrationTests.Tip88B1RawExportControlPlaneTests.E4_multiple_failures_preserve_catalog_lifecycle_grant_ruleset_fulfillment_priority; TagEkyc.IntegrationTests.Tip84BHashedApiKeyStoreTests.Credential_status_down_maps_fail_closed(credentialStatus: ""Suspended"", expected: Revoked); TagEkyc.IntegrationTests.Tip88B4RawExportJobFoundationTests.M10_identity_attempt_transition_and_head_guards_bite; TagEkyc.IntegrationTests.Tip88C1C6BA3R2TerminalProjectionTests.TerminalIntent_ActiveKeyProcessKillRecoversFromDurableResourceState(cut: 0); TagEkyc.IntegrationTests.Tip88C1C6BA1RawIngressBoundaryTests.RawIngressInvalidA3Result_FailsClosedAfterCommittedNonce(scenario: ""available-missing-id""); TagEkyc.IntegrationTests.Tip88C1B2DurableObjectCustodyTests.O19_no_plaintext_or_ciphertext_bytes_persist_in_postgres; TagEkyc.IntegrationTests.Tip88B4RawExportJobFoundationTests.M7_invalid_actor_precedes_invalid_lease_bound(function: ""raw_export_acquire_or_reclaim_job_lease""); TagEkyc.IntegrationTests.Tip88B34AuthorizationEngineTests.L2_export_eligibility_inactive_passes_b1_primary_and_ordered_causes_verbatim; TagEkyc.IntegrationTests.Tip88B4RawExportJobFoundationTests.B4_same_scope_landed_repository_can_reopen_after_B4(method: ""Failure"", exit: ""Cancellation""); TagEkyc.IntegrationTests.Tip88C1C6BA3RetentionCheckpointTests.A3_RetainedStages_CrossBorderFulfillmentWaitUsesFreshClock(checkpoint: 3, expiresWhileWaiting: False); TagEkyc.IntegrationTests.Tip88C1C6BA3R2TerminalProjectionTests.NoProviderRecovery_ReaderRejectsMalformedSqlResults(finalize: True); TagEkyc.IntegrationTests.Tip88C1C6BA1RawIngressBoundaryTests.RawIngressA3Outcome_MapsWithoutReadingBody(outcome: HistoricCommitmentKeyUnavailable, status: 503, code: ""RAW_EXPORT_SOURCE_HISTORIC_COMMITMENT_KEY_UNAVAILA""···); TagEkyc.IntegrationTests.Tip88C1C6BA3ResultAcceptanceTests.AcceptancePolicyConfiguration_IsClosedAndClientScoped; TagEkyc.IntegrationTests.Tip88B34AuthorizationEngineTests.L7_expiry_is_minimum_of_present_db_time_bounds_without_sentinel(scenario: ""policy""); TagEkyc.IntegrationTests.Tip88B4RawExportJobFoundationTests.B4_same_scope_landed_repository_can_reopen_after_B4(method: ""Bind"", exit: ""Cancellation""); TagEkyc.IntegrationTests.Tip88C1C6BA1CancellationHttpTests.R26_AuditWriter_HasOnlyExactColumnInsertGrant_OnlineA1RolesHaveNone; TagEkyc.IntegrationTests.Tip88C1C6BA3RetentionCheckpointTests.A3_RetainedSnapshot_TerminalWaitRejectsInvisibleOrExpiredTarget(revoke: True, expire: True); TagEkyc.IntegrationTests.Tip88C1C6BA3R2TerminalProjectionTests.Ti02_UnknownProviderPreservesIntentAndReturnsCleanupPending; TagEkyc.IntegrationTests.Tip88C1C3RecipientPackageDeliveryTests.C6A03_replay_is_inspected_before_append; TagEkyc.IntegrationTests.Tip88B4RawExportJobFoundationTests.B4_connection_is_closed_and_transaction_free_after_every_exit(method: ""Bind"", exit: ""Success""); TagEkyc.IntegrationTests.Tip88C1C2RecipientPackageTests.C212_key_selection_revoke_and_reserve_guard_are_durable; TagEkyc.IntegrationTests.Tip88C1C1ResolverAssemblyTests.C116_global_lock_subsequence_is_preserved; TagEkyc.IntegrationTests.Tip88C1B2DurableKeyProdTests.DKPROD_19_RecoveredFromLive; TagEkyc.IntegrationTests.Tip88B4RawExportJobFoundationTests.B4_all_six_methods_reject_existing_ef_transaction_before_database(method: ""Bind""); TagEkyc.IntegrationTests.Tip88C1C6BA3ContinuationWorkerTests.ProcessKill_RestartUsesDurablePublicationState(cut: 2); TagEkyc.IntegrationTests.Tip88B32AuthorizationIdentityFunctionTests.H7_concurrent_claim_waits_then_observes_commit_or_retries_after_rollback; TagEkyc.IntegrationTests.Tip88B4RawExportJobFoundationTests.B4_connection_is_closed_and_transaction_free_after_every_exit(method: ""Acquire"", exit: ""Success""); TagEkyc.IntegrationTests.Tip88C1C6BA3BrokerQualificationTests.ApiCustodyRoleScopes_RejectActualDatabaseRoleDrift(defect: ""set-role""); TagEkyc.IntegrationTests.Tip88C1C6BA3MigrationTests.A3_MigrationPopulationGuard_WaitsForWriterThenRejectsWithoutLoss(down: True); TagEkyc.IntegrationTests.Tip88ARawExportPolicyCatalogTests.Db_invariants_reject_raw_sql_bypasses; TagEkyc.IntegrationTests.Tip88B33AuthorizationPersistTests.K7_cross_evidence_rejects_primary_cause_and_permit_class_set_or_order_divergence; TagEkyc.IntegrationTests.Tip88C1B2R3VerifiedCiphertextStagingTests.R310_staging_shapes_and_attempt_head_guards_are_exact_and_one_way; TagEkyc.IntegrationTests.Tip88C1C6BA3CapabilityLineageTests.A3_R20_ClosedJsonRejectsBeforePersistence(body: ""{\""action\"":\""Issue\"",\""principalId\"":\""a300000000""···); TagEkyc.IntegrationTests.Tip88C1C6BA3RetentionCheckpointTests.A3_RetainedSnapshot_TerminalUsesPostGrantClock(revoke: False, sameTransaction: True); TagEkyc.IntegrationTests.Tip88C1C3RecipientPackageDeliveryTests.C315_delivery_reader_is_a_distinct_fifth_credential; TagEkyc.IntegrationTests.Tip88C1C6BA3R2TerminalProjectionTests.Continuation_OperationalTerminationMustAgreeWithDurableIntent(matching: False); TagEkyc.IntegrationTests.Tip83E3RetentionConfigTests.Production_accepts_valid_retention_window_and_binds_options; TagEkyc.IntegrationTests.Tip88C1C6BA3RetentionCheckpointTests.A3_RetainedStages_CrossBorderFulfillmentWaitUsesFreshClock(checkpoint: 4, expiresWhileWaiting: True); TagEkyc.IntegrationTests.Tip88C1B2DurableKeyProdTests.DKPROD_58a_PairConstraint_HeadTrigger_BitesAtCommit; TagEkyc.IntegrationTests.Tip88C1C6BA3RetentionCheckpointTests.A3_RetainedSnapshot_InsertLineageMutationIsRejected(field: ""ConsentBindingId""); TagEkyc.IntegrationTests.Tip88C1C6BA3R2TerminalProjectionTests.NoProviderRecovery_HostStopOrDeadlineRollsBackBlockedTransaction(stopHost: False); TagEkyc.IntegrationTests.Tip88B4RawExportJobFoundationTests.M7_lease_tokens_are_monotonic_and_attempts_are_unique; TagEkyc.IntegrationTests.Tip88C1C6BA3MigrationTests.A3_MigrationPopulationGuard_WaitsForWriterThenRejectsWithoutLoss(down: False); TagEkyc.IntegrationTests.Tip88C1C6BA1RawIngressBoundaryTests.RawIngressAuthDenial_DoesNotReadBodyOrInvokeA3(scenario: ""factory-throws"", status: 503, registerA3: True); TagEkyc.IntegrationTests.Tip88B4RawExportJobFoundationTests.M5_head_wait_crossing_consent_or_fulfillment_expiry_fails_authority(finiteAuthority: ""consent""); TagEkyc.IntegrationTests.PostgresPersistenceSliceTests.Child_tables_reject_orphan_verification_session_ids; TagEkyc.IntegrationTests.Tip88C1C6BA3RetentionCheckpointTests.A3_TaggedStageFunctions_PreserveRealLegacyR2ThroughAvailableAndReplay; TagEkyc.IntegrationTests.Tip88C1C6BA3R2TerminalProjectionTests.CommitmentProviderUnavailableIsNotDifferentMac(mode: ""commitment-unavailable""); TagEkyc.IntegrationTests.Tip88C1B2DurableKeyProdTests.DKPROD_28_ActivateReplay; TagEkyc.IntegrationTests.Tip88C1C6BA1LifecycleRaceTests.CatalogPublication_ConcurrentHeadCas_OneAuditedWinner(family: ""trust_profile"", diagnostic: ""TRUST"", catalog: ""20000000-0000-4000-8000-000000000001""); TagEkyc.IntegrationTests.Tip88B4RawExportJobFoundationTests.M6_table_nonowner_acl_manifest_is_empty; TagEkyc.IntegrationTests.Tip88B2SubjectExportConsentTests.Latest_event_overall_no_fallback_for_consent_and_authority; TagEkyc.IntegrationTests.Tip88C1C3RecipientPackageDeliveryTests.C309_seven_state_sparse_matrix_ten_transitions_and_event_guard_are_closed; TagEkyc.IntegrationTests.Tip88C1C5RecipientManagementTests.C524_manager_role_topology_and_mandatory_execute_are_exact; TagEkyc.IntegrationTests.Tip88B2SubjectExportConsentTests.Runtime_withdraw_blocks_on_shared_consent_scope_lock_without_session_row_lock; TagEkyc.IntegrationTests.Tip88C1C6BA1RawIngressBoundaryTests.RawIngressA3Outcome_MapsWithoutReadingBody(outcome: ClaimTokenInvalid, status: 403, code: ""RAW_EXPORT_SOURCE_CLAIM_TOKEN_INVALID""); TagEkyc.IntegrationTests.Tip88B4RawExportJobFoundationTests.B4_all_six_methods_preflight_precedes_transaction_admission(method: ""Renew"", topology: ""OpenConnection""); TagEkyc.IntegrationTests.Tip88B1RawExportControlPlaneTests.Security_definer_functions_are_hardened_and_direct_event_insert_is_rejected; TagEkyc.IntegrationTests.Tip88B32AuthorizationIdentityFunctionTests.H4_claim_state_machine_returns_new_existing_and_conflict_without_raising; TagEkyc.IntegrationTests.Tip88C1B2R2DurableCustodyEncryptionDatabaseTests.R215_termination_is_append_once_on_exact_revision_fence_object_or_terminal_key_evidence; TagEkyc.IntegrationTests.Tip88C1C6BA3R2TerminalProjectionTests.IncompleteR2_ProcessKillRecoversDurablyToAvailableWithoutSecondPut(cut: 2); TagEkyc.IntegrationTests.Tip88C1C2RecipientPackageTests.C204_C1_contract_hands_off_exact_server_derived_recipient; TagEkyc.IntegrationTests.Tip88ARawExportPolicyCatalogTests.Requirement_rule_tuple_index_is_database_owned_unique_expression_index; TagEkyc.IntegrationTests.Tip88B4RawExportJobFoundationTests.M7_mode_specific_retry_and_reclaim_fail_closed; TagEkyc.IntegrationTests.Tip88C1B2DurableKeyProdTests.DKPROD_46_Csprng_InvalidBase64UrlChar; TagEkyc.IntegrationTests.Tip88C1C6BA3MigrationTests.A3_CaptureLineageMigration_BodyDriftRejectsDownAtomically(drift: "" ""); TagEkyc.IntegrationTests.Tip88C1C3RecipientPackageDeliveryTests.C6A21_fault_after_append_rolls_back_snapshot; TagEkyc.IntegrationTests.Tip88C1B2R2DurableCustodyEncryptionDatabaseTests.R201_identifiers_projections_acl_and_63_byte_round_trip_are_exact; TagEkyc.IntegrationTests.Tip88B32AuthorizationIdentityFunctionTests.H3_lock_function_blocks_competing_session_lock_until_transaction_end; TagEkyc.IntegrationTests.Tip88C1B2DurableKeyProdTests.DKPROD_40_Csprng_MissingExtension; TagEkyc.IntegrationTests.Tip83ASigningKeyJwksTests.ProductionTrialP12_fails_closed_for_invalid_required_config(pathKind: null, secretRef: ""env:irrelevant"", keyId: ""tagekyc-es256-2026-v1"", expectedCode: ""PROD_SIGNING_P12_PATH_REQUIRED""); TagEkyc.IntegrationTests.Tip88C1C6BA3R2TerminalProjectionTests.NoProviderRecovery_HostStopOrDeadlineRollsBackBlockedTransaction(stopHost: True); TagEkyc.IntegrationTests.Tip88B4RawExportJobFoundationTests.M11_new_bind_graph_invalid_rolls_back_without_job; TagEkyc.IntegrationTests.Tip88C1C6BA3R2TerminalProjectionTests.IncompleteR2_UnknownWithoutObjectRequiresTwoPositiveAbsenceObservations; TagEkyc.IntegrationTests.Tip88B4RawExportJobFoundationTests.M3_committed_graph_invalid_active_lease_uses_head_first_terminalization; TagEkyc.IntegrationTests.Tip88C1C6BA3BrokerTransactionTests.BrokerUsesOneTransactionAndDerivedActor(scenario: ""http-success""); TagEkyc.IntegrationTests.Tip88C1C6BA3ConsentRetentionTests.E01_PreservesExactExistingSessionSubjectRef(subjectRef: ""subject\r\nA""); TagEkyc.IntegrationTests.Tip88C1C6BA3BrokerQualificationTests.BrokerQualification_RealLoginAndProviderFailClosed(defect: ""missing-execute""); TagEkyc.IntegrationTests.Tip88C1C6BA3RetentionCheckpointTests.A3_RetainedSnapshot_TerminalWaitRejectsInvisibleOrExpiredTarget(revoke: False, expire: True); TagEkyc.IntegrationTests.Tip88C1C6BA1RotationTests.Rotation_DenialsDoNotFallbackAndKeepCommittedN(scenario: ""crt1"", nonces: 0, calls: 0, status: 403); TagEkyc.IntegrationTests.Tip88C1C6BA3R2TerminalProjectionTests.InputEncryptionFailureCannotOverwriteInputCause; TagEkyc.IntegrationTests.Tip88C1B2DurableKeyProdTests.DKPROD_16_CleanupFailed; TagEkyc.IntegrationTests.Tip88B4RawExportJobFoundationTests.B4_all_six_methods_preflight_precedes_transaction_admission(method: ""Acquire"", topology: ""OpenConnection""); TagEkyc.IntegrationTests.Tip88C1C6BA3R2TerminalProjectionTests.TerminalIntent_PresentObjectIsDeletedBeforeKeyAndTi02; TagEkyc.IntegrationTests.Tip88C1C4RecipientPackageReferenceTests.C420_disabled_invalid_and_dependency_failure_never_become_empty_success; TagEkyc.IntegrationTests.Tip88B34AuthorizationEngineTests.L1_each_invalid_input_is_typed_and_creates_no_transaction_claim_or_decision(_: ""empty-session"", command: AuthorizeRawExportCommand { Actor = AuthenticatedRawExportActor { PrincipalId = 88b34000-0000-5000-8000-000000000003, ClientApplicationId = 88b34000-0000-5000-8000-000000000004, ApiKeyId = 88b34000-0000-5000-8000-000000000005 }, RequestedVerificationSessionId = 00000000-0000-0000-0000-000000000000, PolicyId = 46f40c84-da89-408d-b3e6-52fd3fd13074, PolicyVersion = 1, RequestedRawClasses = , IdempotencyKey = l1-d }); TagEkyc.IntegrationTests.Tip88C1C1ResolverAssemblyTests.C121_assembly_sealed_is_a_closed_job_state_and_event; TagEkyc.IntegrationTests.Tip88B34AuthorizationEngineTests.L6_each_b2_snapshot_mismatch_rolls_back_claim_and_decision(_: ""policy-version"", mutation: Func`2 { Method = TagEkyc.Domain.RawExportSubjectConsentSnapshot <ConsentIntegrityMutations>b__27_3(TagEkyc.Domain.RawExportSubjectConsentSnapshot), Target = <>c { } }); TagEkyc.IntegrationTests.Tip88C1B2DurableKeyProdTests.DKPROD_31_StaleTokenResolve; TagEkyc.IntegrationTests.Tip88B1E3ResolverReadBoundaryTests.F7_root_readiness_uses_sd_health_and_preserves_exact_failure_codes; TagEkyc.IntegrationTests.Tip88C1B2R2DurableCustodyEncryptionDatabaseTests.R208_created_write_hands_off_for_verification_without_writer_read; TagEkyc.IntegrationTests.Tip88C1C6BA3R2TerminalProjectionTests.Writer_PreservesObservationAcrossProviderCatchAndPersistenceFailure(mode: ""missing-recorder""); TagEkyc.IntegrationTests.Tip84BHashedApiKeyStoreTests.Pepper_secret_ref_taxonomy_is_sanitized(secretRefKind: ""vault:missing"", expectedCode: ""PROD_APIKEY_PEPPER_SECRET_REF_INVALID""); TagEkyc.IntegrationTests.Tip88B34AuthorizationEngineTests.L7_expiry_is_minimum_of_present_db_time_bounds_without_sentinel(scenario: ""absent-optionals""); TagEkyc.IntegrationTests.Tip88C1C6BA3CapabilityLineageTests.A3_R20_ClosedJsonRejectsBeforePersistence(body: ""{\""action\"":\""Issue\"",\""consentBindingId\"":null}""); TagEkyc.IntegrationTests.Tip88C1C6BA3BrokerQualificationTests.ApiCustodyRoleScopes_RejectMissingOrCombinedOwnersBeforeConnection(defect: ""connection-options""); TagEkyc.IntegrationTests.Tip88C1B2R2DurableCustodyEncryptionDatabaseTests.R217_apply_down_reapply_restores_guard_constraint_functions_and_acl; TagEkyc.IntegrationTests.Tip88C1C6BA1CanonicalDdlProjectionTests.CanonicalDdl_IndependentExpectedSchema_ExactColumnsConstraintsIndexes_ThreeMutationsAreRed; TagEkyc.IntegrationTests.Tip88C1B2DurableObjectCustodyTests.O17_bucket_versioning_object_lock_lifecycle_and_public_access_fail_closed"	"System.InvalidOperationException : docker compose failed with exit code 1. unable to get image 'postgres:16': Error response from daemon: Docker Desktop is unable to start"	"EXCLUDED_HISTORICAL_OUTSIDE_SLICE"	"WHOLE_REPO_SWEEP"	""	"Historical failed run is outside the bounded P04/site-qualification slice and is inventoried without being used as current evidence."
"P04FR0038"	"server"	"TestResults/a3-public-focused/a3-public-r2-terminal.trx"	"1DFBE38404F716163E6F4B4B681364D4EDBFBF358B694BF2C9FEABAF65BB1F48"	"1"	"0"	"1"	"0"	"TagEkyc.IntegrationTests.Tip88C1C6BA3R2TerminalProjectionTests.PublicBodyPipeline_DoesNotReturnMismatchBeforeDurableFinalization"	"Assert.Equal() Failure: Values differ Expected: ContentCommitmentMismatch Actual: TemporarilyUnavailable"	"EXCLUDED_HISTORICAL_OUTSIDE_SLICE"	"WHOLE_REPO_SWEEP"	""	"Historical failed run is outside the bounded P04/site-qualification slice and is inventoried without being used as current evidence."
"P04FR0039"	"server"	"TestResults/a3-result-acceptance-v2/a3-result-acceptance-v2.trx"	"4941D809C5D332F542B3BA52BD2F94FEAD47751863961A50A05CA6973186AC82"	"3"	"1"	"2"	"0"	"TagEkyc.IntegrationTests.Tip88C1C6BA3ResultAcceptanceTests.AcceptedEvidence_CommitsAndReplayUsesStoredPolicyVersion; TagEkyc.IntegrationTests.Tip88C1C6BA3ResultAcceptanceTests.AcceptanceWriter_DoesNotAcknowledgeRolledBackTransaction"	"Npgsql.PostgresException : 42883: function pg_catalog.min(uuid) does not exist"	"EXCLUDED_HISTORICAL_OUTSIDE_SLICE"	"WHOLE_REPO_SWEEP"	""	"Historical failed run is outside the bounded P04/site-qualification slice and is inventoried without being used as current evidence."
"P04FR0040"	"server"	"TestResults/a3-result-acceptance-v3/a3-result-acceptance-v3.trx"	"D9C84D63BC0E5D3E3A7014BBA1EBC2CE23003841F74E13F874871ED61906D21F"	"3"	"0"	"3"	"0"	"TagEkyc.IntegrationTests.Tip88C1C6BA3ResultAcceptanceTests.AcceptedEvidence_CommitsAndReplayUsesStoredPolicyVersion; TagEkyc.IntegrationTests.Tip88C1C6BA3ResultAcceptanceTests.AcceptanceWriter_DoesNotAcknowledgeRolledBackTransaction; TagEkyc.IntegrationTests.Tip88C1C6BA3ResultAcceptanceTests.AcceptancePolicyConfiguration_IsClosedAndClientScoped"	"Npgsql.NpgsqlException : Exception while reading from stream ---- System.IO.EndOfStreamException : Attempted to read past the end of the stream."	"EXCLUDED_HISTORICAL_OUTSIDE_SLICE"	"WHOLE_REPO_SWEEP"	""	"Historical failed run is outside the bounded P04/site-qualification slice and is inventoried without being used as current evidence."
"P04FR0041"	"server"	"TestResults/a3-result-acceptance-v4/a3-result-acceptance-v4.trx"	"32C7632C3516004972CA94F76308AEFCDEF13F484A67DD50788A4DB3BAE8A20E"	"3"	"1"	"2"	"0"	"TagEkyc.IntegrationTests.Tip88C1C6BA3ResultAcceptanceTests.AcceptanceWriter_DoesNotAcknowledgeRolledBackTransaction; TagEkyc.IntegrationTests.Tip88C1C6BA3ResultAcceptanceTests.AcceptedEvidence_CommitsAndReplayUsesStoredPolicyVersion"	"Npgsql.PostgresException : 42883: function pg_catalog.coalesce(text, unknown) does not exist"	"EXCLUDED_HISTORICAL_OUTSIDE_SLICE"	"WHOLE_REPO_SWEEP"	""	"Historical failed run is outside the bounded P04/site-qualification slice and is inventoried without being used as current evidence."
"P04FR0042"	"server"	"TestResults/a3-result-acceptance-v7/a3-result-acceptance-v7.trx"	"9E09B02ED47CEF5B0DA80944A6E458C8B8102811CDD8F31C056D9DD5AA1B83C6"	"4"	"3"	"1"	"0"	"TagEkyc.IntegrationTests.Tip88C1C6BA3ResultAcceptanceTests.Completion_SelectsExactlyTwoAvailableSourcesInOwningTransaction"	"Assert.Equal() Failure: Values differ Expected: PendingVerification Actual: ReconciliationRequired"	"EXCLUDED_HISTORICAL_OUTSIDE_SLICE"	"WHOLE_REPO_SWEEP"	""	"Historical failed run is outside the bounded P04/site-qualification slice and is inventoried without being used as current evidence."
"P04FR0043"	"server"	"TestResults/a3-result-acceptance/a3-result-acceptance.trx"	"A5E6C8483798ED598328D313D9DDAEAB28031A919FA16E52F419826B9B964B4E"	"3"	"1"	"2"	"0"	"TagEkyc.IntegrationTests.Tip88C1C6BA3ResultAcceptanceTests.AcceptedEvidence_CommitsAndReplayUsesStoredPolicyVersion; TagEkyc.IntegrationTests.Tip88C1C6BA3ResultAcceptanceTests.AcceptanceWriter_DoesNotAcknowledgeRolledBackTransaction"	"Npgsql.PostgresException : 42501: permission denied for table evidence_results"	"EXCLUDED_HISTORICAL_OUTSIDE_SLICE"	"WHOLE_REPO_SWEEP"	""	"Historical failed run is outside the bounded P04/site-qualification slice and is inventoried without being used as current evidence."
"P04FR0044"	"server"	"TestResults/a3-w2/a3-w2-assembly-shared-baseline.trx"	"052A84C45CAAD9748EA1434E49FF0F97681CA0ABC0A7707BE147045031971FA1"	"1"	"0"	"1"	"0"	"TagEkyc.IntegrationTests.Tip88C1C1ResolverAssemblyTests.A3_W2_AssemblyExactOutcomeMatrixUsesOneSharedProviderFixture"	"Amazon.S3.AmazonS3Exception : Access Denied. ---- Amazon.Runtime.Internal.HttpErrorResponseException : Exception of type 'Amazon.Runtime.Internal.HttpErrorResponseException' was thrown."	"EXCLUDED_DIAGNOSTIC"	"a3_macro_wave_w2_failed_run_census_v2.tsv"	""	"Historical failed run retained with its prior canonical failed-run classification; it is not used by the current package."
"P04FR0045"	"server"	"TestResults/a3-w2/a3-w2-horizontal-baseline.trx"	"4A6551B4AB61590332B06929257D97D3A99D655B0940A6CEE60723C71ED5171E"	"26"	"22"	"4"	"0"	"TagEkyc.IntegrationTests.Tip88C1C1ResolverAssemblyTests.A3_ASSEMBLY_P33_SelectedCommittedSourceIsUnavailableWithoutProviderRead; TagEkyc.IntegrationTests.Tip88C1C6BA3R2TerminalProjectionTests.Nps01_ProviderUnknownIsEvidenceNotAbsence; TagEkyc.IntegrationTests.Tip88C1C6BA3BrokerClaimClusterTests.BrokerClaimFinalsTraverseSharedKestrelAgentWithoutReadingBody(row: ""O12"", expectedCode: ""RAW_EXPORT_SOURCE_CLAIM_RESTART_REQUIRED""); TagEkyc.IntegrationTests.Tip88C1C1ResolverAssemblyTests.A3_W2_DurableWorkerIsARealProductCallerWithExplicitWorkSource"	"Assert.Equal() Failure: Values differ Expected: SourceUnavailable Actual: SelectionNone"	"SUPERSEDED_RED"	"a3_macro_wave_w2_failed_run_census_v2.tsv"	""	"Historical failed run retained with its prior canonical failed-run classification; it is not used by the current package."
"P04FR0046"	"server"	"TestResults/a3-w2/a3-w2-horizontal-retry.trx"	"D49FBE25E6DBD2DBE64DEBB5150F1435642EEA5B48D4BD7B563AE5CAB6F73B7F"	"4"	"3"	"1"	"0"	"TagEkyc.IntegrationTests.Tip88C1C6BA3BrokerClaimClusterTests.BrokerClaimFinalsTraverseSharedKestrelAgentWithoutReadingBody(row: ""O12"", expectedCode: ""RAW_EXPORT_SOURCE_CLAIM_RESTART_REQUIRED"")"	"Assert.Equal() Failure: Collections differ ↓ (pos 0) Expected: [""alias:{\""AliasState\"": \""Bound\"", \""ProducerId\"": ""···, ""alias:{\""AliasState\"": \""Bound\"", \""ProducerId\"": ""···, ""attempt:{\""Fence\"": 1, \""KekId\"": \""fixture-kek-v1""···, ""attempt:{\""Fence\"": 1, \""KekId\"": \""fixture-kek-v1""···, ""claim:{\""RawClass\"": \""LiveSelfieImage\"", \""ClaimS""···, ···] Actual: [""alias:{\""AliasState\"": \""Bound\"", \""ProducerId\"": ""···, ""alias:{\""AliasState\"": \""Bound\"", \""ProducerId\"": ""···, ""attempt:{\""Fence\"": 1, \""KekId\"": \""fixture-kek-v1""···, ""attempt:{\""Fence\"": 1, \""KekId\"": \""fixture-kek-v1""···, ""claim:{\""RawClass\"": \""LiveSelfieImage\"", \""ClaimS""···, ···] ↑ (pos 0)"	"SUPERSEDED_RED"	"a3_macro_wave_w2_failed_run_census_v2.tsv"	""	"Historical failed run retained with its prior canonical failed-run classification; it is not used by the current package."
"P04FR0047"	"server"	"TestResults/r27-http/r27-http-arch.trx"	"72AEA3BAA3FE891ADAC641288DEED46C7DCEE30F31915FEAEEF6868EF7DDD6FD"	"151"	"149"	"2"	"0"	"TagEkyc.ArchTests.Tip88C1C5RecipientManagementArchTests.C527_model_snapshot_tripwires_are_platform_independent_and_lockstep; TagEkyc.ArchTests.Tip88C1B2R2DurableCustodyEncryptionArchTests.R2A4_no_production_raw_source_registration_or_runtime_activation_is_added"	"OBSERVED_RED:C527-THREE-TRIPWIRE-LOCKSTEP; details=C527-THREE-TRIPWIRE-LOCKSTEP: observed=sha=945FD9C6028CE3B310891F21FF3F20E033928CA8C88CDD3DEBAB09F551C7B92E;count=0"	"EXCLUDED_HISTORICAL_OUTSIDE_SLICE"	"WHOLE_REPO_SWEEP"	""	"Historical failed run is outside the bounded P04/site-qualification slice and is inventoried without being used as current evidence."
"P04FR0048"	"server"	"TestResults/r27-http/r27-http.trx"	"1DB5CE726F7BD563E5678654BE3F96B8A3037E672F9BE7D31BA0F45CF207F1BF"	"18"	"17"	"1"	"0"	"TagEkyc.IntegrationTests.Tip88C1C6BA1RawIngressBoundaryTests.RawIngressAuthDenial_DoesNotReadBodyOrInvokeA3(scenario: ""revoked-credential"", status: 403, registerA3: True)"	"Npgsql.PostgresException : P0001: TIP88C1C6BA_CURRENT_GENERATION_INCONSISTENT"	"EXCLUDED_HISTORICAL_OUTSIDE_SLICE"	"WHOLE_REPO_SWEEP"	""	"Historical failed run is outside the bounded P04/site-qualification slice and is inventoried without being used as current evidence."
"P04FR0049"	"server"	"TestResults/r27-metadata/r27-metadata-arch-full.trx"	"3092F9D8F5F99961725A8485570BFC9C226C53CB8996A409327D71B180300A0C"	"151"	"149"	"2"	"0"	"TagEkyc.ArchTests.Tip88C1C5RecipientManagementArchTests.C527_model_snapshot_tripwires_are_platform_independent_and_lockstep; TagEkyc.ArchTests.Tip88C1B2R2DurableCustodyEncryptionArchTests.R2A4_no_production_raw_source_registration_or_runtime_activation_is_added"	"OBSERVED_RED:C527-THREE-TRIPWIRE-LOCKSTEP; details=C527-THREE-TRIPWIRE-LOCKSTEP: observed=sha=945FD9C6028CE3B310891F21FF3F20E033928CA8C88CDD3DEBAB09F551C7B92E;count=0"	"EXCLUDED_HISTORICAL_OUTSIDE_SLICE"	"WHOLE_REPO_SWEEP"	""	"Historical failed run is outside the bounded P04/site-qualification slice and is inventoried without being used as current evidence."
"P04FR0050"	"server"	"tests/TagEkyc.ArchTests/TestResults/a3-ef-registration-arch.trx"	"02C710B8ABAF2E6E015902CECBCB34F0D42BC77774E8A2FC10CE7284F47C96E9"	"153"	"152"	"1"	"0"	"TagEkyc.ArchTests.Tip88C1C5RecipientManagementArchTests.C527_model_snapshot_tripwires_are_platform_independent_and_lockstep"	"OBSERVED_RED:C527-THREE-TRIPWIRE-LOCKSTEP; details=C527-THREE-TRIPWIRE-LOCKSTEP: observed=sha=7DC276ED9F1E44F840DB5680940D55F0F7C652316E2A0DA6BD2CEAF221930F5B;count=0"	"EXCLUDED_HISTORICAL_OUTSIDE_SLICE"	"WHOLE_REPO_SWEEP"	""	"Historical failed run is outside the bounded P04/site-qualification slice and is inventoried without being used as current evidence."
"P04FR0051"	"server"	"tests/TagEkyc.IntegrationTests/TestResults/3AVNN_LEARNPC_2026-09-14_10_09_16.trx"	"D37F31AAB8B289A231812C54FC0A77AAA51B8DB216A20B0808DEE4C5CA4C11AD"	"4"	"0"	"4"	"0"	"TagEkyc.IntegrationTests.Tip88C1C6BA3RetentionCheckpointTests.A3_RetainedCompletion_UsesExistingConsentWithoutEarlyExport(completed: False, withdrawn: True); TagEkyc.IntegrationTests.Tip88C1C6BA3RetentionCheckpointTests.A3_RetainedCompletion_UsesExistingConsentWithoutEarlyExport(completed: True, withdrawn: True); TagEkyc.IntegrationTests.Tip88C1C6BA3RetentionCheckpointTests.A3_RetainedCompletion_UsesExistingConsentWithoutEarlyExport(completed: False, withdrawn: False); TagEkyc.IntegrationTests.Tip88C1C6BA3RetentionCheckpointTests.A3_RetainedCompletion_UsesExistingConsentWithoutEarlyExport(completed: True, withdrawn: False)"	"Npgsql.PostgresException : P0001: RAW_EXPORT_SOURCE_BINDING_INVALID"	"EXCLUDED_HISTORICAL_OUTSIDE_SLICE"	"WHOLE_REPO_SWEEP"	""	"Historical failed run is outside the bounded P04/site-qualification slice and is inventoried without being used as current evidence."
"P04FR0052"	"server"	"tests/TagEkyc.IntegrationTests/TestResults/a3-activation-evidence/a3-activation-evidence-affected-sentinels.trx"	"B8E616E62CEEAB2423BB689E5B1BB95BB95D9BBC39866BCF6EBACD864D4A647A"	"9"	"1"	"8"	"0"	"TagEkyc.IntegrationTests.Tip88C1C6BA3BrokerTransactionTests.BrokerUsesOneTransactionAndDerivedActor(scenario: ""success""); TagEkyc.IntegrationTests.Tip88C1C6BA3BrokerTransactionTests.BrokerUsesOneTransactionAndDerivedActor(scenario: ""http-success""); TagEkyc.IntegrationTests.Tip88C1C6BA3BrokerTransactionTests.BrokerUsesOneTransactionAndDerivedActor(scenario: ""extended-bounds""); TagEkyc.IntegrationTests.Tip88C1C6BA3BrokerQualificationTests.OrdinaryProgramActivatedInvalidTimeBoundsStopsBeforeAnyIngress; TagEkyc.IntegrationTests.Tip88C1C6BA3BrokerQualificationTests.OrdinaryProgramActivatedInvalidCapacityStopsBeforeAnyIngress; TagEkyc.IntegrationTests.Tip88C1C6BA3BrokerTransactionTests.BrokerUsesOneTransactionAndDerivedActor(scenario: ""http-commit-failure""); TagEkyc.IntegrationTests.Tip88C1C6BA3BrokerTransactionTests.BrokerUsesOneTransactionAndDerivedActor(scenario: ""preflight-failure""); TagEkyc.IntegrationTests.Tip88C1C6BA3BrokerTransactionTests.BrokerUsesOneTransactionAndDerivedActor(scenario: ""commit-failure"")"	"Npgsql.NpgsqlException : Exception while reading from stream ---- System.IO.EndOfStreamException : Attempted to read past the end of the stream."	"EXCLUDED_DIAGNOSTIC"	"a3_activation_evidence_failed_run_census_v1.tsv"	""	"Historical failed run retained with its prior canonical failed-run classification; it is not used by the current package."
"P04FR0053"	"server"	"tests/TagEkyc.IntegrationTests/TestResults/a3-activation-evidence/a3-activation-evidence-attempt-a1.trx"	"D0C030A240ED243A860688769E782274BE3D77D81604ECB0A77EC316368226B1"	"7"	"5"	"2"	"0"	"TagEkyc.IntegrationTests.Tip88C1C6BA3ApiHostGraphTests.ActivatedWithIncompleteActivationEvidenceFailsBeforeRoutesStart; TagEkyc.IntegrationTests.Tip88C1C6BA3ApiHostGraphTests.ActivatedWithValidZeroOpenActivationEvidenceStarts"	"Assert.Contains() Failure: Sub-string not found String: ""System.InvalidOperationException: CAPTURE""··· Not found: ""CAPTURE_RUNTIME_ACTIVATION_EVIDENCE_INCOM""···"	"SUPERSEDED_RED"	"a3_activation_evidence_failed_run_census_v1.tsv"	""	"Historical failed run retained with its prior canonical failed-run classification; it is not used by the current package."
"P04FR0054"	"server"	"tests/TagEkyc.IntegrationTests/TestResults/a3-activation-evidence/a3-activation-evidence-attempt-a2.trx"	"414C6C90CE387F596BF1E2F858119C46E583087FE6D86BF8DE8E7398D039E197"	"7"	"4"	"3"	"0"	"TagEkyc.IntegrationTests.Tip88C1C6BA3ApiHostGraphTests.ActivatedWithIncompleteActivationEvidenceFailsBeforeRoutesStart; TagEkyc.IntegrationTests.Tip88C1C6BA3ApiHostGraphTests.ActivatedWithValidZeroOpenActivationEvidenceStarts; TagEkyc.IntegrationTests.Tip88C1C6BA3ApiHostGraphTests.ActivatedWithInvalidActivationEvidenceFailsBeforeRoutesStart(mutation: ""missing"")"	"Assert.Contains() Failure: Sub-string not found String: ""System.InvalidOperationException: CAPTURE""··· Not found: ""CAPTURE_RUNTIME_ACTIVATION_EVIDENCE_INCOM""···"	"SUPERSEDED_RED"	"a3_activation_evidence_failed_run_census_v1.tsv"	""	"Historical failed run retained with its prior canonical failed-run classification; it is not used by the current package."
"P04FR0055"	"server"	"tests/TagEkyc.IntegrationTests/TestResults/a3-activation-evidence/a3-activation-evidence-attempt-a3.trx"	"6416BD9D16D46851E20E4773E8644B47778CC45CB31534328AE4494844AC3632"	"7"	"6"	"1"	"0"	"TagEkyc.IntegrationTests.Tip88C1C6BA3ApiHostGraphTests.ActivatedWithValidZeroOpenActivationEvidenceStarts"	"System.InvalidOperationException : No service for type 'TagEkyc.Infrastructure.RawExport.CaptureRuntimeRawIngressComposition+RuntimeOwners' has been registered."	"SUPERSEDED_RED"	"a3_activation_evidence_failed_run_census_v1.tsv"	""	"Historical failed run retained with its prior canonical failed-run classification; it is not used by the current package."
"P04FR0056"	"server"	"tests/TagEkyc.IntegrationTests/TestResults/a3-activation-evidence/a3-activation-evidence-zero-guard-red.trx"	"75EF826EC723BC88EBF2B73E9803A7D8E6849A5E8D89ED3924F0D6FF9C476174"	"7"	"6"	"1"	"0"	"TagEkyc.IntegrationTests.Tip88C1C6BA3ApiHostGraphTests.ActivatedWithValidZeroOpenActivationEvidenceStarts"	"System.InvalidOperationException : CAPTURE_RUNTIME_ACTIVATION_EVIDENCE_INCOMPLETE"	"EVIDENCE_RED"	"a3_activation_evidence_failed_run_census_v1.tsv"	""	"Historical failed run retained with its prior canonical failed-run classification; it is not used by the current package."
"P04FR0057"	"server"	"tests/TagEkyc.IntegrationTests/TestResults/a3-activation-remaining/a3-bp10-lease-release-mutant.trx"	"AE76B3C7B0017DAF77202F78B36DCFAD9829DB2EB81A8B97C6DB19371C9A7D59"	"6"	"0"	"6"	"0"	"TagEkyc.IntegrationTests.Tip88C1C6BA3PublicAdmissionFacadeTests.BP10_BoundedWindowAndBothCountersReturnOnEveryAdmissionExit(exit: ""invalid-final""); TagEkyc.IntegrationTests.Tip88C1C6BA3PublicAdmissionFacadeTests.BP10_BoundedWindowAndBothCountersReturnOnEveryAdmissionExit(exit: ""pipeline-fault""); TagEkyc.IntegrationTests.Tip88C1C6BA3PublicAdmissionFacadeTests.BP10_BoundedWindowAndBothCountersReturnOnEveryAdmissionExit(exit: ""cancelled""); TagEkyc.IntegrationTests.Tip88C1C6BA3PublicAdmissionFacadeTests.BP10_BoundedWindowAndBothCountersReturnOnEveryAdmissionExit(exit: ""handoff""); TagEkyc.IntegrationTests.Tip88C1C6BA3PublicAdmissionFacadeTests.BP10_BoundedWindowAndBothCountersReturnOnEveryAdmissionExit(exit: ""final""); TagEkyc.IntegrationTests.Tip88C1C6BA3PublicAdmissionFacadeTests.BP10_BoundedWindowAndBothCountersReturnOnEveryAdmissionExit(exit: ""broker-fault"")"	"Assert.NotNull() Failure: Value is null"	"EXCLUDED_HISTORICAL_OUTSIDE_SLICE"	"WHOLE_REPO_SWEEP"	""	"Historical failed run is outside the bounded P04/site-qualification slice and is inventoried without being used as current evidence."
"P04FR0058"	"server"	"tests/TagEkyc.IntegrationTests/TestResults/a3-activation-remaining/a3-bp10-restored-joined.trx"	"3B510FFDDC9D125E373062A105723FD3FAB3DC02AE84B7848BE82920A5DA8ECE"	"7"	"6"	"1"	"0"	"TagEkyc.IntegrationTests.Tip88C1C6BA3PublicAdmissionFacadeTests.A3_S02_O08_CapacityGateDeniesBeforeBrokerAndReleasesSlot"	"Assert.Equal() Failure: Collections differ Expected: [""outcomeCode""] Actual: [""outcomeCode"", ""sourceArtifactId"", ""currentSourceState"", ""currentDisposition"", ""retryNotBeforeUtc""] ↑ (pos 1)"	"EXCLUDED_HISTORICAL_OUTSIDE_SLICE"	"WHOLE_REPO_SWEEP"	""	"Historical failed run is outside the bounded P04/site-qualification slice and is inventoried without being used as current evidence."
"P04FR0059"	"server"	"tests/TagEkyc.IntegrationTests/TestResults/a3-activation-remaining/a3-o-shape-explicit-null-mutant.trx"	"23D71C98DD71EBA015329B49D79D90C1D15A8E9C473B9DD9858CCF687D03A33F"	"1"	"0"	"1"	"0"	"TagEkyc.IntegrationTests.Tip88C1C6BA3PublicAdmissionFacadeTests.A3_S02_O08_CapacityGateDeniesBeforeBrokerAndReleasesSlot"	"Assert.Equal() Failure: Collections differ Expected: [""outcomeCode""] Actual: [""outcomeCode"", ""sourceArtifactId"", ""currentSourceState"", ""currentDisposition"", ""retryNotBeforeUtc""] ↑ (pos 1)"	"EXCLUDED_HISTORICAL_OUTSIDE_SLICE"	"WHOLE_REPO_SWEEP"	""	"Historical failed run is outside the bounded P04/site-qualification slice and is inventoried without being used as current evidence."
"P04FR0060"	"server"	"tests/TagEkyc.IntegrationTests/TestResults/a3-activation-remaining/a3-p05-inb-code-mutant.trx"	"9CA70493DA3B6D382FF559F879F289A17AF27899BBCD0C300F6C09FCECB3E9AC"	"2"	"1"	"1"	"0"	"TagEkyc.IntegrationTests.Tip88C1C6BA3BrokerTransactionTests.P05_ProviderLossInsideBReturnsO05AfterRollbackAndExactRetryCanProceed"	"Assert.Equal() Failure: Strings differ ↓ (pos 22) Expected: ""RAW_EXPORT_SOURCE_CAPABILITY_UNAVAILABLE"" Actual: ""RAW_EXPORT_SOURCE_CAPACITY_UNAVAILABLE"" ↑ (pos 22)"	"EXCLUDED_HISTORICAL_OUTSIDE_SLICE"	"WHOLE_REPO_SWEEP"	""	"Historical failed run is outside the bounded P04/site-qualification slice and is inventoried without being used as current evidence."
"P04FR0061"	"server"	"tests/TagEkyc.IntegrationTests/TestResults/a3-activation-remaining/a3-p05-preb-code-mutant.trx"	"077A06401934C5897F1E41AD8D72E44C8475EA8BBB8202FF19FA39418BA3114D"	"2"	"1"	"1"	"0"	"TagEkyc.IntegrationTests.Tip88C1C6BA3BrokerQualificationTests.P05_ActiveCommitmentKeyLossReturnsO05WithoutCustodyAndRestoredKeyCanRetry"	"Assert.Equal() Failure: Strings differ ↓ (pos 22) Expected: ""RAW_EXPORT_SOURCE_CAPABILITY_UNAVAILABLE"" Actual: ""RAW_EXPORT_SOURCE_CAPACITY_UNAVAILABLE"" ↑ (pos 22)"	"EXCLUDED_HISTORICAL_OUTSIDE_SLICE"	"WHOLE_REPO_SWEEP"	""	"Historical failed run is outside the bounded P04/site-qualification slice and is inventoried without being used as current evidence."
"P04FR0062"	"server"	"tests/TagEkyc.IntegrationTests/TestResults/a3-activation-remaining/a3-server-framing-ratified-sentinel-set2.trx"	"5B8EB54501B267680234828C65564C0605ABDA450F1A5E84D91EA78DAB58166F"	"107"	"85"	"22"	"0"	"TagEkyc.IntegrationTests.Tip88C1C6BA1RawIngressBoundaryTests.RawIngressEvaluation_RetryHorizonIsAllowedWithoutOtherFields; TagEkyc.IntegrationTests.Tip88C1C6BA1RawIngressBoundaryTests.RawIngressA3Outcome_MapsWithoutReadingBody(outcome: IdempotencyBusy, status: 409, code: ""RAW_EXPORT_SOURCE_IDEMPOTENCY_BUSY""); TagEkyc.IntegrationTests.Tip88C1C6BA1RawIngressBoundaryTests.RawIngressA3Outcome_MapsWithoutReadingBody(outcome: Available, status: 200, code: ""RAW_EXPORT_SOURCE_AVAILABLE""); TagEkyc.IntegrationTests.Tip88C1C6BA1RawIngressBoundaryTests.RawIngressA3Outcome_MapsWithoutReadingBody(outcome: RecaptureRequired, status: 409, code: ""RECAPTURE_REQUIRED""); TagEkyc.IntegrationTests.Tip88C1C6BA1RawIngressBoundaryTests.RawIngressA3Outcome_MapsWithoutReadingBody(outcome: ResumePending, status: 202, code: ""RAW_EXPORT_SOURCE_RESUME_PENDING""); TagEkyc.IntegrationTests.Tip88C1C6BA1RawIngressBoundaryTests.RawIngressA3Outcome_MapsWithoutReadingBody(outcome: ReservationBusy, status: 409, code: ""RAW_EXPORT_SOURCE_RESERVATION_BUSY""); TagEkyc.IntegrationTests.Tip88C1C6BA1RawIngressBoundaryTests.RawIngressA3Outcome_MapsWithoutReadingBody(outcome: HistoricCommitmentKeyUnavailable, status: 503, code: ""RAW_EXPORT_SOURCE_HISTORIC_COMMITMENT_KEY_UNAVAILA""···); TagEkyc.IntegrationTests.Tip88C1C6BA1RawIngressBoundaryTests.RawIngressA3Outcome_MapsWithoutReadingBody(outcome: CapacityUnavailable, status: 503, code: ""RAW_EXPORT_SOURCE_CAPACITY_UNAVAILABLE""); TagEkyc.IntegrationTests.Tip88C1C6BA1RawIngressBoundaryTests.RawIngressA3Outcome_MapsWithoutReadingBody(outcome: SourceRetentionNotAuthorized, status: 403, code: ""SOURCE_RETENTION_NOT_AUTHORIZED""); TagEkyc.IntegrationTests.Tip88C1C6BA1RawIngressBoundaryTests.RawIngressA3Outcome_MapsWithoutReadingBody(outcome: BindingInvalid, status: 403, code: ""RAW_EXPORT_SOURCE_BINDING_INVALID""); TagEkyc.IntegrationTests.Tip88C1C6BA1RawIngressBoundaryTests.RawIngressA3Outcome_MapsWithoutReadingBody(outcome: FingerprintConflict, status: 409, code: ""RAW_EXPORT_SOURCE_FINGERPRINT_CONFLICT""); TagEkyc.IntegrationTests.Tip88C1C6BA1RawIngressBoundaryTests.RawIngressA3Outcome_MapsWithoutReadingBody(outcome: ContentCommitmentMismatch, status: 422, code: ""CONTENT_COMMITMENT_MISMATCH""); TagEkyc.IntegrationTests.Tip88C1C6BA1RawIngressBoundaryTests.RawIngressA3Outcome_MapsWithoutReadingBody(outcome: PlaintextRetentionInvalid, status: 422, code: ""RAW_EXPORT_SOURCE_PLAINTEXT_RETENTION_INVALID""); TagEkyc.IntegrationTests.Tip88C1C6BA1RawIngressBoundaryTests.RawIngressA3Outcome_MapsWithoutReadingBody(outcome: AlreadyAvailable, status: 200, code: ""RAW_EXPORT_SOURCE_ALREADY_AVAILABLE""); TagEkyc.IntegrationTests.Tip88C1C6BA1RawIngressBoundaryTests.RawIngressA3Outcome_MapsWithoutReadingBody(outcome: ArtifactSizeLimitExceeded, status: 413, code: ""RAW_EXPORT_SOURCE_ARTIFACT_SIZE_LIMIT_EXCEEDED""); TagEkyc.IntegrationTests.Tip88C1C6BA1RawIngressBoundaryTests.RawIngressA3Outcome_MapsWithoutReadingBody(outcome: EvaluationInProgress, status: 409, code: ""RAW_EXPORT_SOURCE_CLAIM_EVALUATION_IN_PROGRESS""); TagEkyc.IntegrationTests.Tip88C1C6BA1RawIngressBoundaryTests.RawIngressA3Outcome_MapsWithoutReadingBody(outcome: ClaimTokenInvalid, status: 403, code: ""RAW_EXPORT_SOURCE_CLAIM_TOKEN_INVALID""); TagEkyc.IntegrationTests.Tip88C1C6BA1RawIngressBoundaryTests.RawIngressA3Outcome_MapsWithoutReadingBody(outcome: CapabilityUnavailable, status: 503, code: ""RAW_EXPORT_SOURCE_CAPABILITY_UNAVAILABLE""); TagEkyc.IntegrationTests.Tip88C1C6BA1RawIngressBoundaryTests.RawIngressA3Outcome_MapsWithoutReadingBody(outcome: TemporarilyUnavailable, status: 503, code: ""RAW_EXPORT_SOURCE_TEMPORARILY_UNAVAILABLE""); TagEkyc.IntegrationTests.Tip88C1C6BA1RawIngressBoundaryTests.RawIngressA3Outcome_MapsWithoutReadingBody(outcome: ClaimRestartRequired, status: 409, code: ""RAW_EXPORT_SOURCE_CLAIM_RESTART_REQUIRED""); TagEkyc.IntegrationTests.Tip88C1C6BA1RawIngressBoundaryTests.RawIngressA3Outcome_MapsWithoutReadingBody(outcome: TransportProtocolInvalid, status: 400, code: ""RAW_EXPORT_SOURCE_TRANSPORT_PROTOCOL_INVALID""); TagEkyc.IntegrationTests.Tip88C1C6BA1RawIngressBoundaryTests.RawIngressA3Outcome_MapsWithoutReadingBody(outcome: NotFoundOrNotAllowed, status: 403, code: ""NOT_FOUND_OR_NOT_ALLOWED"")"	"System.Collections.Generic.KeyNotFoundException : The given key was not present in the dictionary."	"EXCLUDED_HISTORICAL_OUTSIDE_SLICE"	"WHOLE_REPO_SWEEP"	""	"Historical failed run is outside the bounded P04/site-qualification slice and is inventoried without being used as current evidence."
"P04FR0063"	"server"	"tests/TagEkyc.IntegrationTests/TestResults/a3-assembly-g1-second-barrier-red.trx"	"9FC439D660948FC6E2EB55B363E1E425F5CF2352B83EE24C8F7FB6167FADC718"	"2"	"1"	"1"	"0"	"TagEkyc.IntegrationTests.Tip88C1C1ResolverAssemblyTests.C113_second_fresh_barrier_immediately_precedes_prepare"	"Assert.Equal() Failure: Values differ Expected: 1 Actual: 2"	"EVIDENCE_RED"	"a3_assembly_failed_run_census.tsv"	""	"Historical failed run retained with its prior canonical failed-run classification; it is not used by the current package."
"P04FR0064"	"server"	"tests/TagEkyc.IntegrationTests/TestResults/a3-assembly-g2-shared-unavailable-red.trx"	"4219403DFA105725E80E88B612C949914AF38C811E0CB40162F2F52F6709E001"	"2"	"0"	"2"	"0"	"TagEkyc.IntegrationTests.Tip88C1C1ResolverAssemblyTests.C102_missing_duplicate_or_mismatched_source_has_zero_bindings; TagEkyc.IntegrationTests.Tip88C1C1ResolverAssemblyTests.A3_ASSEMBLY_P33_SelectedCommittedSourceIsUnavailableWithoutProviderRead"	"Assert.Equal() Failure: Strings differ ↓ (pos 0) Expected: ""SourceUnavailable"" Actual: ""BindingConflict"" ↑ (pos 0)"	"EVIDENCE_RED"	"a3_assembly_failed_run_census.tsv"	""	"Historical failed run retained with its prior canonical failed-run classification; it is not used by the current package."
"P04FR0065"	"server"	"tests/TagEkyc.IntegrationTests/TestResults/a3-assembly-g3-fingerprint-red.trx"	"416A05C56EA53E7997EA5E4CD81DDBA613B9D458E6EA3AF43456C7DFAA1AB8ED"	"1"	"0"	"1"	"0"	"TagEkyc.IntegrationTests.Tip88C1C1ResolverAssemblyTests.C104_frozen_binding_is_insert_once_and_exact_replay_only"	"Assert.Equal() Failure: Strings differ ↓ (pos 0) Expected: ""Frozen"" Actual: ""BindingConflict"" ↑ (pos 0)"	"SUPERSEDED_RED"	"a3_assembly_failed_run_census.tsv"	""	"Historical failed run retained with its prior canonical failed-run classification; it is not used by the current package."
"P04FR0066"	"server"	"tests/TagEkyc.IntegrationTests/TestResults/a3-assembly-g3-fingerprint-replay-red-v2.trx"	"5C0F1184FF1DB7211BFB637FDE5B31A4ED1B87373AB8996ADF26CC2B1487AE8D"	"1"	"0"	"1"	"0"	"TagEkyc.IntegrationTests.Tip88C1C1ResolverAssemblyTests.C104_frozen_binding_is_insert_once_and_exact_replay_only"	"Assert.Equal() Failure: Strings differ ↓ (pos 0) Expected: ""ExistingMatch"" Actual: ""BindingConflict"" ↑ (pos 0)"	"EVIDENCE_RED"	"a3_assembly_failed_run_census.tsv"	""	"Historical failed run retained with its prior canonical failed-run classification; it is not used by the current package."
"P04FR0067"	"server"	"tests/TagEkyc.IntegrationTests/TestResults/a3-b2-hook-removed-mutation.trx"	"BA711FD733FD687BE204EC720ECCA9C2984E54019728064D42BFF9C91114104B"	"3"	"0"	"3"	"0"	"TagEkyc.IntegrationTests.Tip88C1C6BA3ConsentRetentionTests.E01_B2WithdrawalSynchronizes_PreservesOriginalDecisionAndInvalidatesPermit(decision: null); TagEkyc.IntegrationTests.Tip88C1C6BA3ConsentRetentionTests.E01_B2WithdrawalSynchronizes_PreservesOriginalDecisionAndInvalidatesPermit(decision: ""wide-unicode""); TagEkyc.IntegrationTests.Tip88C1C6BA3ConsentRetentionTests.E01_B2WithdrawalSynchronizes_PreservesOriginalDecisionAndInvalidatesPermit(decision: ""decision\r\nverbatim"")"	"Assert.Equal() Failure: Values differ Expected: 2 Actual: 1"	"EXCLUDED_HISTORICAL_OUTSIDE_SLICE"	"WHOLE_REPO_SWEEP"	""	"Historical failed run is outside the bounded P04/site-qualification slice and is inventoried without being used as current evidence."
"P04FR0068"	"server"	"tests/TagEkyc.IntegrationTests/TestResults/a3-bound-reader-first.trx"	"8B365C59C416C4BFFDCE850D095122BBF52D4175C856BE2B8BE74B4B5A259339"	"3"	"2"	"1"	"0"	"TagEkyc.IntegrationTests.Tip88C1C6BA3RetentionCheckpointTests.A3_BoundReader_DerivesCustodyActorAndRequiresExactRawIngress(rawIngress: True)"	"Npgsql.PostgresException : 42804: structure of query does not match function result type DETAIL: Returned type character varying(128) does not match expected type text in column 9."	"EXCLUDED_HISTORICAL_OUTSIDE_SLICE"	"WHOLE_REPO_SWEEP"	""	"Historical failed run is outside the bounded P04/site-qualification slice and is inventoried without being used as current evidence."
"P04FR0069"	"server"	"tests/TagEkyc.IntegrationTests/TestResults/a3-bound-reader-order-red.trx"	"DE3413D5BAEE5A9AF30FB6232605F9571C0C05AB0653BED85713B1C9D17444F3"	"3"	"2"	"1"	"0"	"TagEkyc.IntegrationTests.Tip88C1C6BA3RetentionCheckpointTests.A3_BoundReader_AllA1AdvisoryDomainsPrecedeRuntimeRowLocks"	"Npgsql.PostgresException : 55P03: could not obtain lock on row in relation ""capture_runtime_registrations"""	"EXCLUDED_HISTORICAL_OUTSIDE_SLICE"	"WHOLE_REPO_SWEEP"	""	"Historical failed run is outside the bounded P04/site-qualification slice and is inventoried without being used as current evidence."
"P04FR0070"	"server"	"tests/TagEkyc.IntegrationTests/TestResults/a3-bound-reader-second.trx"	"31ECF691F5E0CA0B4D800A79FF2B15F6D703983FF280197092C31F1C32C4CFE5"	"3"	"0"	"3"	"0"	"TagEkyc.IntegrationTests.Tip88C1C6BA3RetentionCheckpointTests.A3_BoundReader_DerivesCustodyActorAndRequiresExactRawIngress(rawIngress: True); TagEkyc.IntegrationTests.Tip88C1C6BA3MigrationTests.A3_CaptureLineageMigration_EmptyRoundTripRestoresPredecessor; TagEkyc.IntegrationTests.Tip88C1C6BA3RetentionCheckpointTests.A3_BoundReader_DerivesCustodyActorAndRequiresExactRawIngress(rawIngress: False)"	"Npgsql.NpgsqlException : Exception while reading from stream ---- System.IO.IOException : Unable to read data from the transport connection: An established connection was aborted by the software in your host machine.. -------- System.Net.Sockets.SocketException : An established connection was aborted by the software in your host machine."	"EXCLUDED_HISTORICAL_OUTSIDE_SLICE"	"WHOLE_REPO_SWEEP"	""	"Historical failed run is outside the bounded P04/site-qualification slice and is inventoried without being used as current evidence."
"P04FR0071"	"server"	"tests/TagEkyc.IntegrationTests/TestResults/a3-broker-admission-binding-red.trx"	"6F3BEE4E281D5C57EF745BDA3B2924531F59437AEF908C83C5C41660E9842372"	"2"	"1"	"1"	"0"	"TagEkyc.IntegrationTests.Tip88C1C6BA3BrokerAdmissionClusterTests.ReachableAdmissionFinalsTraverseKestrelAgentWithoutReadingBody(row: ""P02"", expectedCode: ""RAW_EXPORT_SOURCE_BINDING_INVALID"", expectedStatus: 403)"	"Assert.Equal() Failure: Strings differ ↓ (pos 18) Expected: ""RAW_EXPORT_SOURCE_BINDING_INVALID"" Actual: ""RAW_EXPORT_SOURCE_CAPABILITY_UNAVAILABLE"" ↑ (pos 18)"	"SUPERSEDED_RED"	"a3_broker_admission_failed_run_census.tsv"	""	"Historical failed run retained with its prior canonical failed-run classification; it is not used by the current package."
"P04FR0072"	"server"	"tests/TagEkyc.IntegrationTests/TestResults/a3-broker-admission-retention-red.trx"	"18F6F538C3EFDF5C44710CEE683635B39E9C9CC835BACE8B00B23862BC14A093"	"2"	"1"	"1"	"0"	"TagEkyc.IntegrationTests.Tip88C1C6BA3BrokerAdmissionClusterTests.ReachableAdmissionFinalsTraverseKestrelAgentWithoutReadingBody(row: ""P07"", expectedCode: ""RAW_EXPORT_SOURCE_PLAINTEXT_RETENTION_INVALID"", expectedStatus: 422)"	"Assert.Equal() Failure: Strings differ ↓ (pos 18) Expected: ""RAW_EXPORT_SOURCE_PLAINTEXT_RETENTION_INV""··· Actual: ""RAW_EXPORT_SOURCE_FINGERPRINT_CONFLICT"" ↑ (pos 18)"	"SUPERSEDED_RED"	"a3_broker_admission_failed_run_census.tsv"	""	"Historical failed run retained with its prior canonical failed-run classification; it is not used by the current package."
"P04FR0073"	"server"	"tests/TagEkyc.IntegrationTests/TestResults/a3-broker-admission-v2-binding-final-source-red.trx"	"316417D7FBF61EDC72B50936CC46669008E461776126AA11EFFAC71EA50AB712"	"3"	"1"	"2"	"0"	"TagEkyc.IntegrationTests.Tip88C1C6BA3BrokerAdmissionClusterTests.ReachableAdmissionFinalsTraverseKestrelAgentWithoutReadingBody(row: ""P02-missing"", expectedCode: ""RAW_EXPORT_SOURCE_BINDING_INVALID"", expectedStatus: 403); TagEkyc.IntegrationTests.Tip88C1C6BA3BrokerAdmissionClusterTests.ReachableAdmissionFinalsTraverseKestrelAgentWithoutReadingBody(row: ""P02-foreign"", expectedCode: ""RAW_EXPORT_SOURCE_BINDING_INVALID"", expectedStatus: 403)"	"Assert.Equal() Failure: Strings differ ↓ (pos 18) Expected: ""RAW_EXPORT_SOURCE_BINDING_INVALID"" Actual: ""RAW_EXPORT_SOURCE_CAPABILITY_UNAVAILABLE"" ↑ (pos 18)"	"EVIDENCE_RED"	"a3_broker_admission_failed_run_census.tsv"	""	"Historical failed run retained with its prior canonical failed-run classification; it is not used by the current package."
"P04FR0074"	"server"	"tests/TagEkyc.IntegrationTests/TestResults/a3-broker-admission-v2-binding-red.trx"	"52A3D50109DCB584802AC57F6A2CA9692312D238F25D69EB8A3C6C96167C0531"	"3"	"1"	"2"	"0"	"TagEkyc.IntegrationTests.Tip88C1C6BA3BrokerAdmissionClusterTests.ReachableAdmissionFinalsTraverseKestrelAgentWithoutReadingBody(row: ""P02-foreign"", expectedCode: ""RAW_EXPORT_SOURCE_BINDING_INVALID"", expectedStatus: 403); TagEkyc.IntegrationTests.Tip88C1C6BA3BrokerAdmissionClusterTests.ReachableAdmissionFinalsTraverseKestrelAgentWithoutReadingBody(row: ""P02-missing"", expectedCode: ""RAW_EXPORT_SOURCE_BINDING_INVALID"", expectedStatus: 403)"	"Assert.Equal() Failure: Strings differ ↓ (pos 18) Expected: ""RAW_EXPORT_SOURCE_BINDING_INVALID"" Actual: ""RAW_EXPORT_SOURCE_CAPABILITY_UNAVAILABLE"" ↑ (pos 18)"	"SUPERSEDED_RED"	"a3_broker_admission_failed_run_census.tsv"	""	"Historical failed run retained with its prior canonical failed-run classification; it is not used by the current package."
"P04FR0075"	"server"	"tests/TagEkyc.IntegrationTests/TestResults/a3-broker-admission-v2-foreign-artifact-final-source-red.trx"	"AADCE3B718D2688446ADEC692302904B7CF1562BCD816004822DB33193EFAE09"	"3"	"1"	"2"	"0"	"TagEkyc.IntegrationTests.Tip88C1C6BA3BrokerAdmissionClusterTests.ReachableAdmissionFinalsTraverseKestrelAgentWithoutReadingBody(row: ""P02-missing"", expectedCode: ""RAW_EXPORT_SOURCE_BINDING_INVALID"", expectedStatus: 403); TagEkyc.IntegrationTests.Tip88C1C6BA3BrokerAdmissionClusterTests.ReachableAdmissionFinalsTraverseKestrelAgentWithoutReadingBody(row: ""P02-foreign"", expectedCode: ""RAW_EXPORT_SOURCE_BINDING_INVALID"", expectedStatus: 403)"	"Assert.Equal() Failure: Strings differ ↓ (pos 0) Expected: ""RAW_EXPORT_SOURCE_BINDING_INVALID"" Actual: ""SOURCE_RETENTION_NOT_AUTHORIZED"" ↑ (pos 0)"	"EVIDENCE_RED"	"a3_broker_admission_failed_run_census.tsv"	""	"Historical failed run retained with its prior canonical failed-run classification; it is not used by the current package."
"P04FR0076"	"server"	"tests/TagEkyc.IntegrationTests/TestResults/a3-broker-admission-v2-foreign-artifact-guard-red-v2.trx"	"18B086B520892BB4463AB37A6250D390974931AA5865A97B718E7E1F05BF9058"	"3"	"1"	"2"	"0"	"TagEkyc.IntegrationTests.Tip88C1C6BA3BrokerAdmissionClusterTests.ReachableAdmissionFinalsTraverseKestrelAgentWithoutReadingBody(row: ""P02-missing"", expectedCode: ""RAW_EXPORT_SOURCE_BINDING_INVALID"", expectedStatus: 403); TagEkyc.IntegrationTests.Tip88C1C6BA3BrokerAdmissionClusterTests.ReachableAdmissionFinalsTraverseKestrelAgentWithoutReadingBody(row: ""P02-foreign"", expectedCode: ""RAW_EXPORT_SOURCE_BINDING_INVALID"", expectedStatus: 403)"	"Assert.Equal() Failure: Strings differ ↓ (pos 0) Expected: ""RAW_EXPORT_SOURCE_BINDING_INVALID"" Actual: ""SOURCE_RETENTION_NOT_AUTHORIZED"" ↑ (pos 0)"	"SUPERSEDED_RED"	"a3_broker_admission_failed_run_census.tsv"	""	"Historical failed run retained with its prior canonical failed-run classification; it is not used by the current package."
"P04FR0077"	"server"	"tests/TagEkyc.IntegrationTests/TestResults/a3-broker-admission-v2-foreign-artifact-guard-red.trx"	"FB0DB2DEFD376E01AD4B29ACF30D9197390BF0C443DD16A9E0A9CD0BDC5BCD67"	"3"	"0"	"3"	"0"	"TagEkyc.IntegrationTests.Tip88C1C6BA3BrokerAdmissionClusterTests.ReachableAdmissionFinalsTraverseKestrelAgentWithoutReadingBody(row: ""P02-missing"", expectedCode: ""RAW_EXPORT_SOURCE_BINDING_INVALID"", expectedStatus: 403); TagEkyc.IntegrationTests.Tip88C1C6BA3BrokerAdmissionClusterTests.ReachableAdmissionFinalsTraverseKestrelAgentWithoutReadingBody(row: ""P02-foreign"", expectedCode: ""RAW_EXPORT_SOURCE_BINDING_INVALID"", expectedStatus: 403); TagEkyc.IntegrationTests.Tip88C1C6BA3BrokerAdmissionClusterTests.ReachableAdmissionFinalsTraverseKestrelAgentWithoutReadingBody(row: ""P07"", expectedCode: ""RAW_EXPORT_SOURCE_PLAINTEXT_RETENTION_INVALID"", expectedStatus: 422)"	"Assert.Equal() Failure: Strings differ ↓ (pos 0) Expected: ""RAW_EXPORT_SOURCE_BINDING_INVALID"" Actual: ""SOURCE_RETENTION_NOT_AUTHORIZED"" ↑ (pos 0)"	"EXCLUDED_DIAGNOSTIC"	"a3_broker_admission_failed_run_census.tsv"	""	"Historical failed run retained with its prior canonical failed-run classification; it is not used by the current package."
"P04FR0078"	"server"	"tests/TagEkyc.IntegrationTests/TestResults/a3-broker-admission-v2-retention-final-source-red.trx"	"0DEC3D57F440C0730210B7ACBF7AD89F27860C999F9B7602A539CB52FC7DF01D"	"3"	"2"	"1"	"0"	"TagEkyc.IntegrationTests.Tip88C1C6BA3BrokerAdmissionClusterTests.ReachableAdmissionFinalsTraverseKestrelAgentWithoutReadingBody(row: ""P07"", expectedCode: ""RAW_EXPORT_SOURCE_PLAINTEXT_RETENTION_INVALID"", expectedStatus: 422)"	"Assert.Equal() Failure: Strings differ ↓ (pos 18) Expected: ""RAW_EXPORT_SOURCE_PLAINTEXT_RETENTION_INV""··· Actual: ""RAW_EXPORT_SOURCE_FINGERPRINT_CONFLICT"" ↑ (pos 18)"	"EVIDENCE_RED"	"a3_broker_admission_failed_run_census.tsv"	""	"Historical failed run retained with its prior canonical failed-run classification; it is not used by the current package."
"P04FR0079"	"server"	"tests/TagEkyc.IntegrationTests/TestResults/a3-broker-admission-v2-retention-red.trx"	"38E3DBE2E9D418AC2FE877B304FE1BCCD4155B9CF6A5E5E1BD382E545A6DA662"	"3"	"2"	"1"	"0"	"TagEkyc.IntegrationTests.Tip88C1C6BA3BrokerAdmissionClusterTests.ReachableAdmissionFinalsTraverseKestrelAgentWithoutReadingBody(row: ""P07"", expectedCode: ""RAW_EXPORT_SOURCE_PLAINTEXT_RETENTION_INVALID"", expectedStatus: 422)"	"Assert.Equal() Failure: Strings differ ↓ (pos 18) Expected: ""RAW_EXPORT_SOURCE_PLAINTEXT_RETENTION_INV""··· Actual: ""RAW_EXPORT_SOURCE_FINGERPRINT_CONFLICT"" ↑ (pos 18)"	"SUPERSEDED_RED"	"a3_broker_admission_failed_run_census.tsv"	""	"Historical failed run retained with its prior canonical failed-run classification; it is not used by the current package."
"P04FR0080"	"server"	"tests/TagEkyc.IntegrationTests/TestResults/a3-broker-admission-v2-server-baseline-v2.trx"	"A70D3BBF95EA888FBD1D9F80B969777F55227276E7F71DE3CDDDC9CD9D52112A"	"3"	"2"	"1"	"0"	"TagEkyc.IntegrationTests.Tip88C1C6BA3BrokerAdmissionClusterTests.ReachableAdmissionFinalsTraverseKestrelAgentWithoutReadingBody(row: ""P02-foreign"", expectedCode: ""RAW_EXPORT_SOURCE_BINDING_INVALID"", expectedStatus: 403)"	"System.InvalidOperationException : Sequence contains no elements."	"EXCLUDED_DIAGNOSTIC"	"a3_broker_admission_failed_run_census.tsv"	""	"Historical failed run retained with its prior canonical failed-run classification; it is not used by the current package."
"P04FR0081"	"server"	"tests/TagEkyc.IntegrationTests/TestResults/a3-broker-admission-v2-server-baseline.trx"	"C12AE5AA1584110B200643F6C9A324BEFE600F825C6C7024AEF2CD6D32452398"	"3"	"1"	"2"	"0"	"TagEkyc.IntegrationTests.Tip88C1C6BA3BrokerAdmissionClusterTests.ReachableAdmissionFinalsTraverseKestrelAgentWithoutReadingBody(row: ""P02-foreign"", expectedCode: ""RAW_EXPORT_SOURCE_BINDING_INVALID"", expectedStatus: 403); TagEkyc.IntegrationTests.Tip88C1C6BA3BrokerAdmissionClusterTests.ReachableAdmissionFinalsTraverseKestrelAgentWithoutReadingBody(row: ""P02-missing"", expectedCode: ""RAW_EXPORT_SOURCE_BINDING_INVALID"", expectedStatus: 403)"	"System.ArgumentException : Disposable database purpose is invalid. (Parameter 'purpose')"	"EXCLUDED_DIAGNOSTIC"	"a3_broker_admission_failed_run_census.tsv"	""	"Historical failed run retained with its prior canonical failed-run classification; it is not used by the current package."
"P04FR0082"	"server"	"tests/TagEkyc.IntegrationTests/TestResults/a3-broker-claim-family-b1-final-positive.trx"	"FEAD13D083FE23FA6BC11C3B48513905A945D8473C043115AB35A801B5EBD820"	"7"	"6"	"1"	"0"	"TagEkyc.IntegrationTests.Tip88C1C6BA3BrokerClaimClusterTests.BrokerClaimFinalsTraverseSharedKestrelAgentWithoutReadingBody(row: ""O13"", expectedCode: ""SOURCE_RETENTION_NOT_AUTHORIZED"")"	"System.InvalidOperationException : O13_SERVER_EXCEPTION:System.Threading.Tasks.TaskCanceledException:A task was canceled. ---- System.Threading.Tasks.TaskCanceledException : A task was canceled."	"EXCLUDED_DIAGNOSTIC"	"a3_broker_claim_failed_run_census.tsv"	""	"Historical failed run retained with its prior canonical failed-run classification; it is not used by the current package."
"P04FR0083"	"server"	"tests/TagEkyc.IntegrationTests/TestResults/a3-broker-claim-family-b1-observed.trx"	"311E30095B7ED033C5AFCD8E0AB7652A23607113BFBFB680ED843B58A59213EE"	"7"	"6"	"1"	"0"	"TagEkyc.IntegrationTests.Tip88C1C6BA3BrokerClaimClusterTests.BrokerClaimFinalsTraverseSharedKestrelAgentWithoutReadingBody(row: ""O13"", expectedCode: ""SOURCE_RETENTION_NOT_AUTHORIZED"")"	"System.InvalidOperationException : O13_SERVER_EXCEPTION:System.Threading.Tasks.TaskCanceledException:A task was canceled. ---- System.Threading.Tasks.TaskCanceledException : A task was canceled."	"EXCLUDED_DIAGNOSTIC"	"a3_broker_claim_failed_run_census.tsv"	""	"Historical failed run retained with its prior canonical failed-run classification; it is not used by the current package."
"P04FR0084"	"server"	"tests/TagEkyc.IntegrationTests/TestResults/a3-broker-claim-family-b1-positive-controls.trx"	"CB56D0FA56AAF434961678B34E9881BCFF1551C8A04BD618CC1EA5669987A560"	"7"	"6"	"1"	"0"	"TagEkyc.IntegrationTests.Tip88C1C6BA3BrokerClaimClusterTests.BrokerClaimFinalsTraverseSharedKestrelAgentWithoutReadingBody(row: ""O13"", expectedCode: ""SOURCE_RETENTION_NOT_AUTHORIZED"")"	"TagEkyc.CaptureAgent.Core.CaptureAgentFlowException : NOT_READY"	"EXCLUDED_DIAGNOSTIC"	"a3_broker_claim_failed_run_census.tsv"	""	"Historical failed run retained with its prior canonical failed-run classification; it is not used by the current package."
"P04FR0085"	"server"	"tests/TagEkyc.IntegrationTests/TestResults/a3-broker-claim-family-baseline.trx"	"BF45EB9EB706F5D5C4166242221A3C3447A763C6121190546E77C453EBAA38D1"	"7"	"5"	"2"	"0"	"TagEkyc.IntegrationTests.Tip88C1C6BA3BrokerClaimClusterTests.BrokerClaimFinalsTraverseSharedKestrelAgentWithoutReadingBody(row: ""O16"", expectedCode: ""RAW_EXPORT_SOURCE_RESERVATION_BUSY""); TagEkyc.IntegrationTests.Tip88C1C6BA3BrokerClaimClusterTests.BrokerClaimFinalsTraverseSharedKestrelAgentWithoutReadingBody(row: ""O13"", expectedCode: ""SOURCE_RETENTION_NOT_AUTHORIZED"")"	"Assert.Equal() Failure: Collections differ ↓ (pos 0) Expected: [""alias:{\""AliasState\"": \""Bound\"", \""ProducerId\"": ""···, ""attempt:{\""Fence\"": 1, \""KekId\"": \""fixture-kek-v1""···, ""claim:{\""RawClass\"": \""LiveSelfieImage\"", \""ClaimS""···, ""head:{\""Fence\"": 1, \""CustodyState\"": \""Reserved\""""···, ""reservation:{\""MediaType\"": \""image/jpeg\"", \""Crea""···, ···] Actual: [""alias:{\""AliasState\"": \""Bound\"", \""ProducerId\"": ""···, ""attempt:{\""Fence\"": 1, \""KekId\"": \""fixture-kek-v1""···, ""claim:{\""RawClass\"": \""LiveSelfieImage\"", \""ClaimS""···, ""head:{\""Fence\"": 1, \""CustodyState\"": \""Reserved\""""···, ""reservation:{\""MediaType\"": \""image/jpeg\"", \""Crea""···, ···] ↑ (pos 0)"	"EXCLUDED_DIAGNOSTIC"	"a3_broker_claim_failed_run_census.tsv"	""	"Historical failed run retained with its prior canonical failed-run classification; it is not used by the current package."
"P04FR0086"	"server"	"tests/TagEkyc.IntegrationTests/TestResults/a3-broker-claim-family-positive-controls-v2.trx"	"32AD552176974A81EB3EEE661BFE7F451C7D3DB996526365D7085518D8B032AC"	"7"	"6"	"1"	"0"	"TagEkyc.IntegrationTests.Tip88C1C6BA3BrokerClaimClusterTests.BrokerClaimFinalsTraverseSharedKestrelAgentWithoutReadingBody(row: ""O13"", expectedCode: ""SOURCE_RETENTION_NOT_AUTHORIZED"")"	"Npgsql.PostgresException : P0001: RAW_EXPORT_SUBJECT_CONSENT_SESSION_NOT_COMPLETED"	"EXCLUDED_DIAGNOSTIC"	"a3_broker_claim_failed_run_census.tsv"	""	"Historical failed run retained with its prior canonical failed-run classification; it is not used by the current package."
"P04FR0087"	"server"	"tests/TagEkyc.IntegrationTests/TestResults/a3-broker-claim-family-positive-controls-v3.trx"	"1884B4C7AC0CC1771A2A1D097AD0FCF8DA8916C8168A0F3429A713CE4DE9A34F"	"7"	"6"	"1"	"0"	"TagEkyc.IntegrationTests.Tip88C1C6BA3BrokerClaimClusterTests.BrokerClaimFinalsTraverseSharedKestrelAgentWithoutReadingBody(row: ""O13"", expectedCode: ""SOURCE_RETENTION_NOT_AUTHORIZED"")"	"Assert.Equal() Failure: Strings differ ↓ (pos 0) Expected: ""SOURCE_RETENTION_NOT_AUTHORIZED"" Actual: ""RAW_EXPORT_SOURCE_BINDING_INVALID"" ↑ (pos 0)"	"EXCLUDED_DIAGNOSTIC"	"a3_broker_claim_failed_run_census.tsv"	""	"Historical failed run retained with its prior canonical failed-run classification; it is not used by the current package."
"P04FR0088"	"server"	"tests/TagEkyc.IntegrationTests/TestResults/a3-broker-claim-family-positive-controls-v4.trx"	"EF2882D73E9EFD5955FD6FBA9BCAE65276AB54244BCF9F2741DB05CFCC39D23E"	"8"	"6"	"2"	"0"	"TagEkyc.IntegrationTests.Tip88C1C6BA3BrokerClaimClusterTests.BrokerClaimFinalsTraverseSharedKestrelAgentWithoutReadingBody(row: ""O12"", expectedCode: ""RAW_EXPORT_SOURCE_CLAIM_RESTART_REQUIRED""); TagEkyc.IntegrationTests.Tip88C1C6BA3BrokerClaimClusterTests.BrokerClaimFinalsTraverseSharedKestrelAgentWithoutReadingBody(row: ""O13"", expectedCode: ""SOURCE_RETENTION_NOT_AUTHORIZED"")"	"Assert.Equal() Failure: Strings differ ↓ (pos 18) Expected: ""RAW_EXPORT_SOURCE_CLAIM_RESTART_REQUIRED"" Actual: ""RAW_EXPORT_SOURCE_BINDING_INVALID"" ↑ (pos 18)"	"EXCLUDED_DIAGNOSTIC"	"a3_broker_claim_failed_run_census.tsv"	""	"Historical failed run retained with its prior canonical failed-run classification; it is not used by the current package."
"P04FR0089"	"server"	"tests/TagEkyc.IntegrationTests/TestResults/a3-broker-claim-family-positive-controls.trx"	"0E6FE742C40F7D910A20C204056AD5E565D7D308BC9E7A0EA1D4D4CD04CD5800"	"7"	"6"	"1"	"0"	"TagEkyc.IntegrationTests.Tip88C1C6BA3BrokerClaimClusterTests.BrokerClaimFinalsTraverseSharedKestrelAgentWithoutReadingBody(row: ""O13"", expectedCode: ""SOURCE_RETENTION_NOT_AUTHORIZED"")"	"Npgsql.PostgresException : P0001: RAW_EXPORT_CONSENT_REVISION_CONFLICT"	"EXCLUDED_DIAGNOSTIC"	"a3_broker_claim_failed_run_census.tsv"	""	"Historical failed run retained with its prior canonical failed-run classification; it is not used by the current package."
"P04FR0090"	"server"	"tests/TagEkyc.IntegrationTests/TestResults/a3-broker-claim-family-restored-baseline.trx"	"4D6B904E349D23AA4211071E5E5E93CF7CBF77F929809019061EF57C118F41D3"	"7"	"6"	"1"	"0"	"TagEkyc.IntegrationTests.Tip88C1C6BA3BrokerClaimClusterTests.BrokerClaimFinalsTraverseSharedKestrelAgentWithoutReadingBody(row: ""O13"", expectedCode: ""SOURCE_RETENTION_NOT_AUTHORIZED"")"	"Npgsql.PostgresException : P0001: RAW_EXPORT_SUBJECT_CONSENT_AUTHORITY_DENIED"	"EXCLUDED_DIAGNOSTIC"	"a3_broker_claim_failed_run_census.tsv"	""	"Historical failed run retained with its prior canonical failed-run classification; it is not used by the current package."
"P04FR0091"	"server"	"tests/TagEkyc.IntegrationTests/TestResults/a3-broker-claim-p10-retry-time-final-source-red.trx"	"26812E7F98F28017ABB521367756ACDC03EE650F7963EF02C8413FABA74FD286"	"6"	"5"	"1"	"0"	"TagEkyc.IntegrationTests.Tip88C1C6BA3BrokerClaimClusterTests.BrokerClaimFinalsTraverseSharedKestrelAgentWithoutReadingBody(row: ""O10"", expectedCode: ""RAW_EXPORT_SOURCE_CLAIM_EVALUATION_IN_PROGRESS"")"	"Assert.Equal() Failure: Values differ Expected: 2026-09-19T08:45:12.7681640+00:00 Actual: 2026-09-19T08:45:02.8967990+00:00"	"EVIDENCE_RED"	"a3_broker_claim_failed_run_census.tsv"	""	"Historical failed run retained with its prior canonical failed-run classification; it is not used by the current package."
"P04FR0092"	"server"	"tests/TagEkyc.IntegrationTests/TestResults/a3-broker-claim-p10-retry-time-red.trx"	"D4BE10ABDD04CCAEA7C319A58583F0FD45BE1F674735C7AF852C9371C10CD616"	"6"	"5"	"1"	"0"	"TagEkyc.IntegrationTests.Tip88C1C6BA3BrokerClaimClusterTests.BrokerClaimFinalsTraverseSharedKestrelAgentWithoutReadingBody(row: ""O10"", expectedCode: ""RAW_EXPORT_SOURCE_CLAIM_EVALUATION_IN_PROGRESS"")"	"Assert.Equal() Failure: Values differ Expected: 2026-09-19T08:07:18.7968640+00:00 Actual: 2026-09-19T08:07:08.9350590+00:00"	"SUPERSEDED_RED"	"a3_broker_claim_failed_run_census.tsv"	""	"Historical failed run retained with its prior canonical failed-run classification; it is not used by the current package."
"P04FR0093"	"server"	"tests/TagEkyc.IntegrationTests/TestResults/a3-broker-claim-p15-tombstone-final-source-red.trx"	"4B005CCCAAC0221A9196F02724DFB8D3E9601FCCAA09099C42A2423251D7EEFE"	"6"	"5"	"1"	"0"	"TagEkyc.IntegrationTests.Tip88C1C6BA3BrokerClaimClusterTests.BrokerClaimFinalsTraverseSharedKestrelAgentWithoutReadingBody(row: ""O15"", expectedCode: ""RAW_EXPORT_SOURCE_FINGERPRINT_CONFLICT"")"	"Assert.Equal() Failure: Strings differ ↓ (pos 0) Expected: ""ConflictTombstone"" Actual: ""Bound"" ↑ (pos 0)"	"EVIDENCE_RED"	"a3_broker_claim_failed_run_census.tsv"	""	"Historical failed run retained with its prior canonical failed-run classification; it is not used by the current package."
"P04FR0094"	"server"	"tests/TagEkyc.IntegrationTests/TestResults/a3-broker-claim-p15-tombstone-red.trx"	"7F3F9EDD05A83D7B9FCB3B97C22EB3BF17960D2A89D59675D140DACBB0D314B5"	"6"	"5"	"1"	"0"	"TagEkyc.IntegrationTests.Tip88C1C6BA3BrokerClaimClusterTests.BrokerClaimFinalsTraverseSharedKestrelAgentWithoutReadingBody(row: ""O15"", expectedCode: ""RAW_EXPORT_SOURCE_FINGERPRINT_CONFLICT"")"	"Assert.Equal() Failure: Strings differ ↓ (pos 0) Expected: ""ConflictTombstone"" Actual: ""Bound"" ↑ (pos 0)"	"SUPERSEDED_RED"	"a3_broker_claim_failed_run_census.tsv"	""	"Historical failed run retained with its prior canonical failed-run classification; it is not used by the current package."
"P04FR0095"	"server"	"tests/TagEkyc.IntegrationTests/TestResults/a3-broker-claim-p16-state-gate-final-source-red.trx"	"E70DD3603184CC70A3A270FBE69094568311B46528DB1DD9C3992285258ABE24"	"6"	"5"	"1"	"0"	"TagEkyc.IntegrationTests.Tip88C1C6BA3BrokerClaimClusterTests.BrokerClaimFinalsTraverseSharedKestrelAgentWithoutReadingBody(row: ""O16"", expectedCode: ""RAW_EXPORT_SOURCE_RESERVATION_BUSY"")"	"TagEkyc.CaptureAgent.Core.CaptureAgentFlowException : NOT_READY"	"EVIDENCE_RED"	"a3_broker_claim_failed_run_census.tsv"	""	"Historical failed run retained with its prior canonical failed-run classification; it is not used by the current package."
"P04FR0096"	"server"	"tests/TagEkyc.IntegrationTests/TestResults/a3-broker-claim-p16-state-gate-red.trx"	"DDC84D5D808B288184F91A5D0826310028D4473CA5AA0B512439FA2398C3DB0C"	"6"	"5"	"1"	"0"	"TagEkyc.IntegrationTests.Tip88C1C6BA3BrokerClaimClusterTests.BrokerClaimFinalsTraverseSharedKestrelAgentWithoutReadingBody(row: ""O16"", expectedCode: ""RAW_EXPORT_SOURCE_RESERVATION_BUSY"")"	"TagEkyc.CaptureAgent.Core.CaptureAgentFlowException : NOT_READY"	"SUPERSEDED_RED"	"a3_broker_claim_failed_run_census.tsv"	""	"Historical failed run retained with its prior canonical failed-run classification; it is not used by the current package."
"P04FR0097"	"server"	"tests/TagEkyc.IntegrationTests/TestResults/a3-broker-claim-process-kill-matrix-positive-v2.trx"	"140ED3D5C8C646542D0012177344842DAEAAD51D7EBF8DAE6B9D17D2EF95151C"	"1"	"0"	"1"	"0"	"TagEkyc.IntegrationTests.Tip88C1C6BA3BrokerClaimClusterTests.BrokerClaimProcessKillMatrixUsesOneChildHarnessAndDurableReplay"	"TagEkyc.CaptureAgent.Core.CaptureAgentFlowException : NOT_READY"	"EXCLUDED_DIAGNOSTIC"	"a3_broker_claim_failed_run_census.tsv"	""	"Historical failed run retained with its prior canonical failed-run classification; it is not used by the current package."
"P04FR0098"	"server"	"tests/TagEkyc.IntegrationTests/TestResults/a3-broker-claim-process-kill-matrix-positive-v3.trx"	"2825010049CBB37A8138B9DF3667E10A97E21C74F78267CECDCA46FF07CAB63A"	"1"	"0"	"1"	"0"	"TagEkyc.IntegrationTests.Tip88C1C6BA3BrokerClaimClusterTests.BrokerClaimProcessKillMatrixUsesOneChildHarnessAndDurableReplay"	"System.InvalidOperationException : BC_REPLAY_FAILED cut=B0 broker=exception:InvalidOperationException:RAW_EXPORT_CONTENT_COMMITMENT_PROVIDER_FAILURE ---- TagEkyc.CaptureAgent.Core.CaptureAgentFlowException : NOT_READY"	"EXCLUDED_DIAGNOSTIC"	"a3_broker_claim_failed_run_census.tsv"	""	"Historical failed run retained with its prior canonical failed-run classification; it is not used by the current package."
"P04FR0099"	"server"	"tests/TagEkyc.IntegrationTests/TestResults/a3-broker-claim-process-kill-matrix-positive-v4.trx"	"83C1E2B9EE31EF1BEA3111498EE7156D8548755CE8C33AA52AFF39790AA17367"	"1"	"0"	"1"	"0"	"TagEkyc.IntegrationTests.Tip88C1C6BA3BrokerClaimClusterTests.BrokerClaimProcessKillMatrixUsesOneChildHarnessAndDurableReplay"	"Assert.Single() Failure: The collection contained 2 items Collection: [""alias:{\""AliasState\"": \""Bound\"", \""ProducerId\"": ""···, ""alias:{\""AliasState\"": \""Evaluating\"", \""ProducerI""···]"	"EXCLUDED_DIAGNOSTIC"	"a3_broker_claim_failed_run_census.tsv"	""	"Historical failed run retained with its prior canonical failed-run classification; it is not used by the current package."
"P04FR0100"	"server"	"tests/TagEkyc.IntegrationTests/TestResults/a3-broker-claim-process-kill-matrix-positive.trx"	"5916D46A7B34453009179F8A5838578BC49E5C6D6CEE0D66A43BC6AC1BABA22A"	"1"	"0"	"1"	"0"	"TagEkyc.IntegrationTests.Tip88C1C6BA3BrokerClaimClusterTests.BrokerClaimProcessKillMatrixUsesOneChildHarnessAndDurableReplay"	"TagEkyc.CaptureAgent.Core.CaptureAgentFlowException : NOT_READY"	"EXCLUDED_DIAGNOSTIC"	"a3_broker_claim_failed_run_census.tsv"	""	"Historical failed run retained with its prior canonical failed-run classification; it is not used by the current package."
"P04FR0101"	"server"	"tests/TagEkyc.IntegrationTests/TestResults/a3-broker-claim-six-outcome-final-source-positive.trx"	"A670F0D6F5B80EB52E8243EA161A81855D03EBCFE31EACD91B3EA9F5F39C709E"	"6"	"5"	"1"	"0"	"TagEkyc.IntegrationTests.Tip88C1C6BA3BrokerClaimClusterTests.BrokerClaimFinalsTraverseSharedKestrelAgentWithoutReadingBody(row: ""O15"", expectedCode: ""RAW_EXPORT_SOURCE_FINGERPRINT_CONFLICT"")"	"TagEkyc.CaptureAgent.Core.CaptureAgentFlowException : NOT_READY"	"EXCLUDED_DIAGNOSTIC"	"a3_broker_claim_failed_run_census.tsv"	""	"Historical failed run retained with its prior canonical failed-run classification; it is not used by the current package."
"P04FR0102"	"server"	"tests/TagEkyc.IntegrationTests/TestResults/a3-broker-history-mutation-commit-bb.trx"	"E91E16E63099A5478A1E31D9461A8D5E515B3AAECE44340708A13537FA2209D8"	"4"	"0"	"4"	"0"	"TagEkyc.IntegrationTests.Tip88C1C6BA3BrokerTransactionTests.BrokerUsesOneTransactionAndDerivedActor(scenario: ""commit-failure""); TagEkyc.IntegrationTests.Tip88C1C6BA3BrokerTransactionTests.BrokerUsesOneTransactionAndDerivedActor(scenario: ""extended-bounds""); TagEkyc.IntegrationTests.Tip88C1C6BA3BrokerTransactionTests.BrokerUsesOneTransactionAndDerivedActor(scenario: ""success""); TagEkyc.IntegrationTests.Tip88C1C6BA3BrokerTransactionTests.BrokerUsesOneTransactionAndDerivedActor(scenario: ""preflight-failure"")"	"Assert.Throws() Failure: Exception type was not an exact match Expected: typeof(Npgsql.PostgresException) Actual: typeof(Xunit.Sdk.EqualException) ---- Assert.Equal() Failure: Values differ Expected: 1 Actual: 0"	"EXCLUDED_HISTORICAL_OUTSIDE_SLICE"	"WHOLE_REPO_SWEEP"	""	"Historical failed run is outside the bounded P04/site-qualification slice and is inventoried without being used as current evidence."
"P04FR0103"	"server"	"tests/TagEkyc.IntegrationTests/TestResults/a3-broker-history-mutation-latest-selector.trx"	"B2251B636D61D93D94B0AD0E4E562BFF605A4F50A60A0FB8919D6AA98E59F60D"	"4"	"2"	"2"	"0"	"TagEkyc.IntegrationTests.Tip88C1C6BA3BrokerTransactionTests.BrokerUsesOneTransactionAndDerivedActor(scenario: ""extended-bounds""); TagEkyc.IntegrationTests.Tip88C1C6BA3BrokerTransactionTests.BrokerUsesOneTransactionAndDerivedActor(scenario: ""success"")"	"Assert.Equal() Failure: Values differ Expected: CommitmentKeySelector:fixture-content-commitment:v1 Actual: CommitmentKeySelector:fixture-content-commitment:v2"	"EXCLUDED_HISTORICAL_OUTSIDE_SLICE"	"WHOLE_REPO_SWEEP"	""	"Historical failed run is outside the bounded P04/site-qualification slice and is inventoried without being used as current evidence."
"P04FR0104"	"server"	"tests/TagEkyc.IntegrationTests/TestResults/a3-broker-history-mutation-old-sql-bounds.trx"	"06797AAE0BF9DD13DE13AAE5386E2787E430C29F2BDF05F7C2ACFA3440A84204"	"4"	"3"	"1"	"0"	"TagEkyc.IntegrationTests.Tip88C1C6BA3BrokerTransactionTests.BrokerUsesOneTransactionAndDerivedActor(scenario: ""extended-bounds"")"	"Assert.IsType() Failure: Value is not the exact type Expected: typeof(TagEkyc.Contracts.RawExport.RawIngressBrokerResult+Handoff) Actual: typeof(TagEkyc.Contracts.RawExport.RawIngressBrokerResult+Final)"	"EXCLUDED_HISTORICAL_OUTSIDE_SLICE"	"WHOLE_REPO_SWEEP"	""	"Historical failed run is outside the bounded P04/site-qualification slice and is inventoried without being used as current evidence."
"P04FR0105"	"server"	"tests/TagEkyc.IntegrationTests/TestResults/a3-broker-history-mutation-separate-br.trx"	"61F93791CFFAF4230FC1811B8429DFBC4B933575183D73A8E12446FCC7659168"	"4"	"0"	"4"	"0"	"TagEkyc.IntegrationTests.Tip88C1C6BA3BrokerTransactionTests.BrokerUsesOneTransactionAndDerivedActor(scenario: ""commit-failure""); TagEkyc.IntegrationTests.Tip88C1C6BA3BrokerTransactionTests.BrokerUsesOneTransactionAndDerivedActor(scenario: ""preflight-failure""); TagEkyc.IntegrationTests.Tip88C1C6BA3BrokerTransactionTests.BrokerUsesOneTransactionAndDerivedActor(scenario: ""success""); TagEkyc.IntegrationTests.Tip88C1C6BA3BrokerTransactionTests.BrokerUsesOneTransactionAndDerivedActor(scenario: ""extended-bounds"")"	"Assert.Throws() Failure: Exception type was not an exact match Expected: typeof(Npgsql.PostgresException) Actual: typeof(Xunit.Sdk.TrueException) ---- Assert.True() Failure Expected: True Actual: False"	"EXCLUDED_HISTORICAL_OUTSIDE_SLICE"	"WHOLE_REPO_SWEEP"	""	"Historical failed run is outside the bounded P04/site-qualification slice and is inventoried without being used as current evidence."
"P04FR0106"	"server"	"tests/TagEkyc.IntegrationTests/TestResults/a3-broker-mutation-commit-bb.trx"	"7BD81EA92750F0720074FD21EDB7973F261BCF3FD8BF1ADF43A1EE6DF614DF07"	"4"	"0"	"4"	"0"	"TagEkyc.IntegrationTests.Tip88C1C6BA3BrokerTransactionTests.BrokerUsesOneTransactionAndDerivedActor(scenario: ""preflight-failure""); TagEkyc.IntegrationTests.Tip88C1C6BA3BrokerTransactionTests.BrokerUsesOneTransactionAndDerivedActor(scenario: ""success""); TagEkyc.IntegrationTests.Tip88C1C6BA3BrokerTransactionTests.BrokerUsesOneTransactionAndDerivedActor(scenario: ""commit-failure""); TagEkyc.IntegrationTests.Tip88C1C6BA3BrokerTransactionTests.BrokerUsesOneTransactionAndDerivedActor(scenario: ""extended-bounds"")"	"Assert.Throws() Failure: Exception type was not an exact match Expected: typeof(System.IO.IOException) Actual: typeof(Xunit.Sdk.EqualException) ---- Assert.Equal() Failure: Values differ Expected: 1 Actual: 0"	"EXCLUDED_HISTORICAL_OUTSIDE_SLICE"	"WHOLE_REPO_SWEEP"	""	"Historical failed run is outside the bounded P04/site-qualification slice and is inventoried without being used as current evidence."
"P04FR0107"	"server"	"tests/TagEkyc.IntegrationTests/TestResults/a3-broker-mutation-latest-selector.trx"	"319C136F979AE122C7FECA1B1E50577BB30308F76CDBA5CD385623261BE4255F"	"4"	"2"	"2"	"0"	"TagEkyc.IntegrationTests.Tip88C1C6BA3BrokerTransactionTests.BrokerUsesOneTransactionAndDerivedActor(scenario: ""extended-bounds""); TagEkyc.IntegrationTests.Tip88C1C6BA3BrokerTransactionTests.BrokerUsesOneTransactionAndDerivedActor(scenario: ""success"")"	"Assert.Equal() Failure: Values differ Expected: CommitmentKeySelector:fixture-content-commitment:v1 Actual: CommitmentKeySelector:fixture-content-commitment:v2"	"EXCLUDED_HISTORICAL_OUTSIDE_SLICE"	"WHOLE_REPO_SWEEP"	""	"Historical failed run is outside the bounded P04/site-qualification slice and is inventoried without being used as current evidence."
"P04FR0108"	"server"	"tests/TagEkyc.IntegrationTests/TestResults/a3-broker-mutation-old-sql-bounds.trx"	"35DDDE315DC74871F392E9DD768267EA361CBDC1FC708DAC65705FACC2062537"	"4"	"3"	"1"	"0"	"TagEkyc.IntegrationTests.Tip88C1C6BA3BrokerTransactionTests.BrokerUsesOneTransactionAndDerivedActor(scenario: ""extended-bounds"")"	"Assert.IsType() Failure: Value is not the exact type Expected: typeof(TagEkyc.Contracts.RawExport.RawIngressBrokerResult+Handoff) Actual: typeof(TagEkyc.Contracts.RawExport.RawIngressBrokerResult+Final)"	"EXCLUDED_HISTORICAL_OUTSIDE_SLICE"	"WHOLE_REPO_SWEEP"	""	"Historical failed run is outside the bounded P04/site-qualification slice and is inventoried without being used as current evidence."
"P04FR0109"	"server"	"tests/TagEkyc.IntegrationTests/TestResults/a3-broker-mutation-separate-br.trx"	"3999F600CC48AC5D2053360004618854DF999A1494403CDB6725FFD12C0FCD7C"	"4"	"0"	"4"	"0"	"TagEkyc.IntegrationTests.Tip88C1C6BA3BrokerTransactionTests.BrokerUsesOneTransactionAndDerivedActor(scenario: ""commit-failure""); TagEkyc.IntegrationTests.Tip88C1C6BA3BrokerTransactionTests.BrokerUsesOneTransactionAndDerivedActor(scenario: ""extended-bounds""); TagEkyc.IntegrationTests.Tip88C1C6BA3BrokerTransactionTests.BrokerUsesOneTransactionAndDerivedActor(scenario: ""success""); TagEkyc.IntegrationTests.Tip88C1C6BA3BrokerTransactionTests.BrokerUsesOneTransactionAndDerivedActor(scenario: ""preflight-failure"")"	"Assert.Throws() Failure: Exception type was not an exact match Expected: typeof(Npgsql.PostgresException) Actual: typeof(Xunit.Sdk.TrueException) ---- Assert.True() Failure Expected: True Actual: False"	"EXCLUDED_HISTORICAL_OUTSIDE_SLICE"	"WHOLE_REPO_SWEEP"	""	"Historical failed run is outside the bounded P04/site-qualification slice and is inventoried without being used as current evidence."
"P04FR0110"	"server"	"tests/TagEkyc.IntegrationTests/TestResults/a3-broker-p10-persisted-retry-red.trx"	"EA6A97360B6D0E32F3E0F15839DEAB9F74A200B2E6EDC1C4059EE79F0CF87DDD"	"1"	"0"	"1"	"0"	"TagEkyc.IntegrationTests.Tip88C1C6BA3R2TerminalProjectionTests.Re01_LostR1RetryAppendsOneFreshAttemptAndRenewsOnlyDerivedLease"	"Assert.Equal() Failure: Values differ Expected: Final { Value = CaptureAgentFinalResult { OutcomeCode = RAW_EXPORT_SOURCE_CLAIM_EVALUATION_IN_PROGRESS, SourceArtifactId = , CurrentSourceState = , CurrentDisposition = , RetryNotBeforeUtc = 18/09/2026 3:01:41 SA +00:00 }, Origin = PreAdmission } Actual: Final { Value = CaptureAgentFinalResult { OutcomeCode = RAW_EXPORT_SOURCE_CLAIM_EVALUATION_IN_PROGRESS, SourceArtifactId = , CurrentSourceState = , CurrentDisposition = , RetryNotBeforeUtc = 18/09/2026 3:01:31 SA +00:00 }, Origin = PreAdmission }"	"EXCLUDED_HISTORICAL_OUTSIDE_SLICE"	"WHOLE_REPO_SWEEP"	""	"Historical failed run is outside the bounded P04/site-qualification slice and is inventoried without being used as current evidence."
"P04FR0111"	"server"	"tests/TagEkyc.IntegrationTests/TestResults/a3-broker-restored-regression-174.trx"	"234588B6260D90006A8148097FC8D551E0C282CA509C4B208E86C82E57529660"	"174"	"170"	"4"	"0"	"TagEkyc.IntegrationTests.Tip88C1C6BA3BrokerTransactionTests.BrokerUsesOneTransactionAndDerivedActor(scenario: ""preflight-failure""); TagEkyc.IntegrationTests.Tip88C1C6BA3BrokerTransactionTests.BrokerUsesOneTransactionAndDerivedActor(scenario: ""success""); TagEkyc.IntegrationTests.Tip88C1C6BA3BrokerTransactionTests.BrokerUsesOneTransactionAndDerivedActor(scenario: ""extended-bounds""); TagEkyc.IntegrationTests.Tip88C1C6BA3BrokerTransactionTests.BrokerUsesOneTransactionAndDerivedActor(scenario: ""commit-failure"")"	"Assert.Throws() Failure: Exception type was not an exact match Expected: typeof(System.IO.IOException) Actual: typeof(Xunit.Sdk.EqualException) ---- Assert.Equal() Failure: Values differ Expected: 0 Actual: 20"	"EXCLUDED_HISTORICAL_OUTSIDE_SLICE"	"WHOLE_REPO_SWEEP"	""	"Historical failed run is outside the bounded P04/site-qualification slice and is inventoried without being used as current evidence."
"P04FR0112"	"server"	"tests/TagEkyc.IntegrationTests/TestResults/a3-broker-same-b-and-migration.trx"	"5D09C1FB1F6EB06DEE0CC5951EB6B46B03E722AD7D31F0FAD8B83A6AC30F8D46"	"21"	"18"	"3"	"0"	"TagEkyc.IntegrationTests.Tip88C1C6BA3MigrationTests.A3_MigrationPopulationGuard_WaitsForWriterThenRejectsWithoutLoss(down: False); TagEkyc.IntegrationTests.Tip88C1C6BA3MigrationTests.A3_CaptureLineageMigration_EmptyRoundTripRestoresPredecessor; TagEkyc.IntegrationTests.Tip88C1C6BA3MigrationTests.A3_MigrationPopulationGuard_WaitsForWriterThenRejectsWithoutLoss(down: True)"	"Npgsql.PostgresException : P0001: A3_CAPTURE_CURRENT_BODY_MISMATCH"	"EXCLUDED_HISTORICAL_OUTSIDE_SLICE"	"WHOLE_REPO_SWEEP"	""	"Historical failed run is outside the bounded P04/site-qualification slice and is inventoried without being used as current evidence."
"P04FR0113"	"server"	"tests/TagEkyc.IntegrationTests/TestResults/a3-c1-all-current-guards-red.trx"	"8E6EA396F73D170DDFA28417D0E1696A0EF5F05C00953DE704C7441AB77587E0"	"2"	"1"	"1"	"0"	"TagEkyc.IntegrationTests.Tip88C1C6BA3RetentionCheckpointTests.A3_ExportRequiresIndependentAuthorityForRetainedSource(withdrawBeforeFreeze: True)"	"Assert.Equal() Failure: Strings differ ↓ (pos 0) Expected: ""AuthorityInvalid"" Actual: ""Frozen"" ↑ (pos 0)"	"EXCLUDED_HISTORICAL_OUTSIDE_SLICE"	"WHOLE_REPO_SWEEP"	""	"Historical failed run is outside the bounded P04/site-qualification slice and is inventoried without being used as current evidence."
"P04FR0114"	"server"	"tests/TagEkyc.IntegrationTests/TestResults/a3-c1-export-independent-v2.trx"	"0ED462E7691EEEECD5AEBD3D3F78573B51F740475958B2C132F37B887B62953D"	"1"	"0"	"1"	"0"	"TagEkyc.IntegrationTests.Tip88C1C6BA3RetentionCheckpointTests.A3_ExportRequiresIndependentAuthorityForRetainedSource"	"Npgsql.PostgresException : P0001: RAW_EXPORT_ACTOR_CONTEXT_MISSING"	"EXCLUDED_HISTORICAL_OUTSIDE_SLICE"	"WHOLE_REPO_SWEEP"	""	"Historical failed run is outside the bounded P04/site-qualification slice and is inventoried without being used as current evidence."
"P04FR0115"	"server"	"tests/TagEkyc.IntegrationTests/TestResults/a3-c1-export-independent-v3.trx"	"633BB5D312F2520FA848C00409B23FD15DA038A5321B8C1810BB3200063F5861"	"1"	"0"	"1"	"0"	"TagEkyc.IntegrationTests.Tip88C1C6BA3RetentionCheckpointTests.A3_ExportRequiresIndependentAuthorityForRetainedSource"	"TagEkyc.Domain.RawExportJobException : RAW_EXPORT_JOB_IDEMPOTENCY_CONFLICT"	"EXCLUDED_HISTORICAL_OUTSIDE_SLICE"	"WHOLE_REPO_SWEEP"	""	"Historical failed run is outside the bounded P04/site-qualification slice and is inventoried without being used as current evidence."
"P04FR0116"	"server"	"tests/TagEkyc.IntegrationTests/TestResults/a3-c1-export-independent.trx"	"6C702CA8CE642B872F7A21F0C6CC10B07C9DA4085F6C005898F462B6121D1B47"	"1"	"0"	"1"	"0"	"TagEkyc.IntegrationTests.Tip88C1C6BA3RetentionCheckpointTests.A3_ExportRequiresIndependentAuthorityForRetainedSource"	"Npgsql.PostgresException : P0001: RAW_EXPORT_ACTOR_CONTEXT_MISSING"	"EXCLUDED_HISTORICAL_OUTSIDE_SLICE"	"WHOLE_REPO_SWEEP"	""	"Historical failed run is outside the bounded P04/site-qualification slice and is inventoried without being used as current evidence."
"P04FR0117"	"server"	"tests/TagEkyc.IntegrationTests/TestResults/a3-c1-seal-current-guards-red.trx"	"A3ECDCFED9CE21E2CA9CA47979C6BC30E677BE6C9326FBE8771A507BE4B366D1"	"1"	"0"	"1"	"0"	"TagEkyc.IntegrationTests.Tip88C1C6BA3RetentionCheckpointTests.A3_RetainedSeal_RechecksAuthorityAfterProviderPreparation"	"Assert.Equal() Failure: Values differ Expected: AuthorityInvalid Actual: Sealed"	"EXCLUDED_HISTORICAL_OUTSIDE_SLICE"	"WHOLE_REPO_SWEEP"	""	"Historical failed run is outside the bounded P04/site-qualification slice and is inventoried without being used as current evidence."
"P04FR0118"	"server"	"tests/TagEkyc.IntegrationTests/TestResults/a3-c1c3-independent-v1.trx"	"AB473CC7C9A44DA0A4724484F2994AB6C6FB0A5A5C28589008D3B8CADB1BB12C"	"2"	"1"	"1"	"0"	"TagEkyc.IntegrationTests.Tip88C1C6BA3RetentionCheckpointTests.A3_ExportRequiresIndependentAuthorityForRetainedSource(withdrawBeforeFreeze: False)"	"Assert.Equal() Failure: Strings differ ↓ (pos 3) Expected: ""PutStarted"" Actual: ""PutInFlight"" ↑ (pos 3)"	"EXCLUDED_HISTORICAL_OUTSIDE_SLICE"	"WHOLE_REPO_SWEEP"	""	"Historical failed run is outside the bounded P04/site-qualification slice and is inventoried without being used as current evidence."
"P04FR0119"	"server"	"tests/TagEkyc.IntegrationTests/TestResults/a3-c1c3-migration-v2.trx"	"0C13B5D65DA13CB3BEC90D27937DF7F5F46A37D911C8453B663D395C973A700A"	"1"	"0"	"1"	"0"	"TagEkyc.IntegrationTests.Tip88C1C6BA3MigrationTests.A3_MigrationDiscovery_FromEmptyMatchesCurrentModelAndHistory"	"Npgsql.PostgresException : P0001: A3_C3_AUTHORITY_READ_DRIFT"	"EXCLUDED_HISTORICAL_OUTSIDE_SLICE"	"WHOLE_REPO_SWEEP"	""	"Historical failed run is outside the bounded P04/site-qualification slice and is inventoried without being used as current evidence."
"P04FR0120"	"server"	"tests/TagEkyc.IntegrationTests/TestResults/a3-c1c3-migration-v3.trx"	"F054752095C9FE33F114D0926C43667EB3B280D932882165E5B394D69365DEF0"	"1"	"0"	"1"	"0"	"TagEkyc.IntegrationTests.Tip88C1C6BA3MigrationTests.A3_MigrationDiscovery_FromEmptyMatchesCurrentModelAndHistory"	"Npgsql.PostgresException : P0001: A3_C3_AUTHORITY_READ_DRIFT"	"EXCLUDED_HISTORICAL_OUTSIDE_SLICE"	"WHOLE_REPO_SWEEP"	""	"Historical failed run is outside the bounded P04/site-qualification slice and is inventoried without being used as current evidence."
"P04FR0121"	"server"	"tests/TagEkyc.IntegrationTests/TestResults/a3-c1c3-migration-v4.trx"	"49C729BB0A7A221F40BC58747FABB805190B7128A7D8AB5A900D2B8052236943"	"1"	"0"	"1"	"0"	"TagEkyc.IntegrationTests.Tip88C1C6BA3MigrationTests.A3_MigrationDiscovery_FromEmptyMatchesCurrentModelAndHistory"	"Npgsql.PostgresException : P0001: A3_C3_AUTHORITY_READ_DRIFT"	"EXCLUDED_HISTORICAL_OUTSIDE_SLICE"	"WHOLE_REPO_SWEEP"	""	"Historical failed run is outside the bounded P04/site-qualification slice and is inventoried without being used as current evidence."
"P04FR0122"	"server"	"tests/TagEkyc.IntegrationTests/TestResults/a3-c1c3-migration.trx"	"CB3F83B3795FFB61206E03093E90D12C25F3F70BB599BD9052598F6E546B318C"	"1"	"0"	"1"	"0"	"TagEkyc.IntegrationTests.Tip88C1C6BA3MigrationTests.A3_MigrationDiscovery_FromEmptyMatchesCurrentModelAndHistory"	"Npgsql.PostgresException : P0001: A3_C3_DECLARATION_DRIFT"	"EXCLUDED_HISTORICAL_OUTSIDE_SLICE"	"WHOLE_REPO_SWEEP"	""	"Historical failed run is outside the bounded P04/site-qualification slice and is inventoried without being used as current evidence."
"P04FR0123"	"server"	"tests/TagEkyc.IntegrationTests/TestResults/a3-c3-current-guards-red.trx"	"94C7613F2D940F00F267F8D58CD2FD429C3ACB0C225D9A57ACD0DADFE591FD11"	"2"	"1"	"1"	"0"	"TagEkyc.IntegrationTests.Tip88C1C6BA3RetentionCheckpointTests.A3_ExportRequiresIndependentAuthorityForRetainedSource(withdrawBeforeFreeze: False)"	"Assert.Equal() Failure: Strings differ ↓ (pos 0) Expected: ""Ineligible"" Actual: ""Started"" ↑ (pos 0)"	"EXCLUDED_HISTORICAL_OUTSIDE_SLICE"	"WHOLE_REPO_SWEEP"	""	"Historical failed run is outside the bounded P04/site-qualification slice and is inventoried without being used as current evidence."
"P04FR0124"	"server"	"tests/TagEkyc.IntegrationTests/TestResults/a3-cp04-c3-prefix-red.trx"	"9C62C76C0EB7A0D789922E398C1F842FD37C4BFB952E5062543CFE43D9AFD3A9"	"2"	"1"	"1"	"0"	"TagEkyc.IntegrationTests.Tip88C1C6BA3RetentionCheckpointTests.A3_C3Begin_ActualB2WithdrawalSessionOrder(withdrawalFirst: True)"	"The loser must wait at the actual verification_sessions row before the E01 reference key."	"EXCLUDED_HISTORICAL_OUTSIDE_SLICE"	"WHOLE_REPO_SWEEP"	""	"Historical failed run is outside the bounded P04/site-qualification slice and is inventoried without being used as current evidence."
"P04FR0125"	"server"	"tests/TagEkyc.IntegrationTests/TestResults/a3-cp04-c3-race.trx"	"5A5486E34A46AA43AF54527777525E5DEA50911EA2620AB3CCF377CFC0BCCB09"	"2"	"1"	"1"	"0"	"TagEkyc.IntegrationTests.Tip88C1C6BA3RetentionCheckpointTests.A3_C3Begin_ActualB2WithdrawalSessionOrder(withdrawalFirst: False)"	"Assert.Equal() Failure: Values differ Expected: 1 Actual: 0"	"EXCLUDED_HISTORICAL_OUTSIDE_SLICE"	"WHOLE_REPO_SWEEP"	""	"Historical failed run is outside the bounded P04/site-qualification slice and is inventoried without being used as current evidence."
"P04FR0126"	"server"	"tests/TagEkyc.IntegrationTests/TestResults/a3-cp04-freeze-prefix-red.trx"	"B6405F35647648F2E2F64F494118E5794D394CE302A4175A21B0CCE8B5C13040"	"2"	"1"	"1"	"0"	"TagEkyc.IntegrationTests.Tip88C1C6BA3RetentionCheckpointTests.A3_C1Freeze_ActualB2WithdrawalSessionOrder(withdrawalFirst: True)"	"The loser must wait at the actual verification_sessions row before the E01 reference key."	"EXCLUDED_HISTORICAL_OUTSIDE_SLICE"	"WHOLE_REPO_SWEEP"	""	"Historical failed run is outside the bounded P04/site-qualification slice and is inventoried without being used as current evidence."
"P04FR0127"	"server"	"tests/TagEkyc.IntegrationTests/TestResults/a3-cp04-multi-session-order-red.trx"	"BCA734A31A137D4E1684B496B96159B895ACEFD3FDF3A4781BAABF9F945BA279"	"1"	"0"	"1"	"0"	"TagEkyc.IntegrationTests.Tip88C1C6BA3RetentionCheckpointTests.A3_C1Seal_MultiSessionReverseInputLocksSessionsInUuidOrder"	"A third transaction must wait behind seal on the lower UUID row, proving lower-before-higher acquisition."	"EXCLUDED_HISTORICAL_OUTSIDE_SLICE"	"WHOLE_REPO_SWEEP"	""	"Historical failed run is outside the bounded P04/site-qualification slice and is inventoried without being used as current evidence."
"P04FR0128"	"server"	"tests/TagEkyc.IntegrationTests/TestResults/a3-cp04-multi-session-v2.trx"	"D9EB491A01992307F45796E185C1F0DABCB39994FA0D905755BE55CD52156AF1"	"1"	"0"	"1"	"0"	"TagEkyc.IntegrationTests.Tip88C1C6BA3RetentionCheckpointTests.A3_C1Seal_MultiSessionReverseInputLocksSessionsInUuidOrder"	"Npgsql.PostgresException : P0001: RAW_EXPORT_SUBJECT_CONSENT_AUTHORITY_REVISION_CONFLICT"	"EXCLUDED_HISTORICAL_OUTSIDE_SLICE"	"WHOLE_REPO_SWEEP"	""	"Historical failed run is outside the bounded P04/site-qualification slice and is inventoried without being used as current evidence."
"P04FR0129"	"server"	"tests/TagEkyc.IntegrationTests/TestResults/a3-cp04-multi-session-v3.trx"	"BAD933ECF87E2764C3B81141B48CF83DD47B3AC706189682482D26F1CCAAAB32"	"1"	"0"	"1"	"0"	"TagEkyc.IntegrationTests.Tip88C1C6BA3RetentionCheckpointTests.A3_C1Seal_MultiSessionReverseInputLocksSessionsInUuidOrder"	"Npgsql.PostgresException : 23505: duplicate key value violates unique constraint ""UQ_capability_lookup"" DETAIL: Key (""KeyLookupPrefix"")=(abcdefghijkl) already exists."	"EXCLUDED_HISTORICAL_OUTSIDE_SLICE"	"WHOLE_REPO_SWEEP"	""	"Historical failed run is outside the bounded P04/site-qualification slice and is inventoried without being used as current evidence."
"P04FR0130"	"server"	"tests/TagEkyc.IntegrationTests/TestResults/a3-cp04-multi-session-v4.trx"	"931C07BB592FA880DE31D99DA50F2616B6C70AC4BD38705FD63DFD5E47F4C8F1"	"1"	"0"	"1"	"0"	"TagEkyc.IntegrationTests.Tip88C1C6BA3RetentionCheckpointTests.A3_C1Seal_MultiSessionReverseInputLocksSessionsInUuidOrder"	"Assert.Equal() Failure: Collections differ ↓ (pos 0) Expected: [705dab64-c941-48e1-8d76-444ff6073e86, 1f18a0c7-13a4-4494-8283-a074d470aeb9] Actual: []"	"EXCLUDED_HISTORICAL_OUTSIDE_SLICE"	"WHOLE_REPO_SWEEP"	""	"Historical failed run is outside the bounded P04/site-qualification slice and is inventoried without being used as current evidence."
"P04FR0131"	"server"	"tests/TagEkyc.IntegrationTests/TestResults/a3-cp04-multi-session-v5.trx"	"8FC04DB5C562D569A9287518FB2B69E67C631D06A5EEF13507AE721BFF2B06B8"	"1"	"0"	"1"	"0"	"TagEkyc.IntegrationTests.Tip88C1C6BA3RetentionCheckpointTests.A3_C1Seal_MultiSessionReverseInputLocksSessionsInUuidOrder"	"Npgsql.PostgresException : P0001: RAW_EXPORT_ACTOR_CONTEXT_MISSING"	"EXCLUDED_HISTORICAL_OUTSIDE_SLICE"	"WHOLE_REPO_SWEEP"	""	"Historical failed run is outside the bounded P04/site-qualification slice and is inventoried without being used as current evidence."
"P04FR0132"	"server"	"tests/TagEkyc.IntegrationTests/TestResults/a3-cp04-roundtrip-v2.trx"	"01894EFB079AF84900DFC0B111A614D8CDF8396FECE5281E8E53722623219B4F"	"1"	"0"	"1"	"0"	"TagEkyc.IntegrationTests.Tip88C1C6BA3MigrationTests.A3_CaptureLineageMigration_EmptyRoundTripRestoresPredecessor"	"Npgsql.PostgresException : P0001: A3_C3_AUTHORITY_GUARD_DRIFT"	"EXCLUDED_HISTORICAL_OUTSIDE_SLICE"	"WHOLE_REPO_SWEEP"	""	"Historical failed run is outside the bounded P04/site-qualification slice and is inventoried without being used as current evidence."
"P04FR0133"	"server"	"tests/TagEkyc.IntegrationTests/TestResults/a3-cp04-roundtrip.trx"	"69B6A9AD6676BD2E16AECFD4F26A5700912CBD1D9D7C8FD07B0A696DAB49566A"	"1"	"0"	"1"	"0"	"TagEkyc.IntegrationTests.Tip88C1C6BA3MigrationTests.A3_CaptureLineageMigration_EmptyRoundTripRestoresPredecessor"	"Npgsql.PostgresException : 42601: ""authority_kind"" is not a known variable"	"EXCLUDED_HISTORICAL_OUTSIDE_SLICE"	"WHOLE_REPO_SWEEP"	""	"Historical failed run is outside the bounded P04/site-qualification slice and is inventoried without being used as current evidence."
"P04FR0134"	"server"	"tests/TagEkyc.IntegrationTests/TestResults/a3-cp04-seal-prefix-red-v2.trx"	"23C2F85F0C3C679ACBDA1EA218E4AB940DF0D120182843BF80772EFFD46185B3"	"1"	"0"	"1"	"0"	"TagEkyc.IntegrationTests.Tip88C1C6BA3RetentionCheckpointTests.A3_C1Seal_ActualB2WithdrawalSessionOrder(withdrawalFirst: True)"	"A seal must wait at the actual session row before requesting the E01 reference lock."	"EXCLUDED_HISTORICAL_OUTSIDE_SLICE"	"WHOLE_REPO_SWEEP"	""	"Historical failed run is outside the bounded P04/site-qualification slice and is inventoried without being used as current evidence."
"P04FR0135"	"server"	"tests/TagEkyc.IntegrationTests/TestResults/a3-cp11-lock-clock-mutation.trx"	"1D86B2714CB840A9365E30962AAAE05110953A2C89A6B820E9196B72DEB0AB7D"	"4"	"1"	"3"	"0"	"TagEkyc.IntegrationTests.Tip88C1C6BA3MigrationTests.A3_MigrationPopulationGuard_WaitsForWriterThenRejectsWithoutLoss(down: True); TagEkyc.IntegrationTests.Tip88C1C6BA3MigrationTests.A3_MigrationPopulationGuard_WaitsForWriterThenRejectsWithoutLoss(down: False); TagEkyc.IntegrationTests.Tip88C1C6BA3ConsentRetentionTests.A3_R20_RetainedReplace_RechecksExpiryAfterReferenceWait(expireDuringWait: True)"	"Migration must wait at the real session table BEFORE its population check."	"EXCLUDED_HISTORICAL_OUTSIDE_SLICE"	"WHOLE_REPO_SWEEP"	""	"Historical failed run is outside the bounded P04/site-qualification slice and is inventoried without being used as current evidence."
"P04FR0136"	"server"	"tests/TagEkyc.IntegrationTests/TestResults/a3-crossborder-clock-first.trx"	"A5D5A235F24FF63E842F4725C3D5162F97A22F233A051D2FABF012E5FF01A8AA"	"6"	"0"	"6"	"0"	"TagEkyc.IntegrationTests.Tip88C1C6BA3RetentionCheckpointTests.A3_RetainedStages_CrossBorderFulfillmentWaitUsesFreshClock(checkpoint: 3, expiresWhileWaiting: True); TagEkyc.IntegrationTests.Tip88C1C6BA3RetentionCheckpointTests.A3_RetainedStages_CrossBorderFulfillmentWaitUsesFreshClock(checkpoint: 5, expiresWhileWaiting: False); TagEkyc.IntegrationTests.Tip88C1C6BA3RetentionCheckpointTests.A3_RetainedStages_CrossBorderFulfillmentWaitUsesFreshClock(checkpoint: 4, expiresWhileWaiting: False); TagEkyc.IntegrationTests.Tip88C1C6BA3RetentionCheckpointTests.A3_RetainedStages_CrossBorderFulfillmentWaitUsesFreshClock(checkpoint: 3, expiresWhileWaiting: False); TagEkyc.IntegrationTests.Tip88C1C6BA3RetentionCheckpointTests.A3_RetainedStages_CrossBorderFulfillmentWaitUsesFreshClock(checkpoint: 5, expiresWhileWaiting: True); TagEkyc.IntegrationTests.Tip88C1C6BA3RetentionCheckpointTests.A3_RetainedStages_CrossBorderFulfillmentWaitUsesFreshClock(checkpoint: 4, expiresWhileWaiting: True)"	"Npgsql.PostgresException : P0001: RAW_EXPORT_FULFILLMENT_SUPERSEDES_STALE"	"EXCLUDED_HISTORICAL_OUTSIDE_SLICE"	"WHOLE_REPO_SWEEP"	""	"Historical failed run is outside the bounded P04/site-qualification slice and is inventoried without being used as current evidence."
"P04FR0137"	"server"	"tests/TagEkyc.IntegrationTests/TestResults/a3-crossborder-prefix-red-rerun.trx"	"4FA69126BDF3AC36AF4D7D8DA7EDCF74767EB5FFD2B6AB9CEDA4C491409374DF"	"6"	"3"	"3"	"0"	"TagEkyc.IntegrationTests.Tip88C1C6BA3RetentionCheckpointTests.A3_RetainedStages_CrossBorderFulfillmentWaitUsesFreshClock(checkpoint: 5, expiresWhileWaiting: True); TagEkyc.IntegrationTests.Tip88C1C6BA3RetentionCheckpointTests.A3_RetainedStages_CrossBorderFulfillmentWaitUsesFreshClock(checkpoint: 4, expiresWhileWaiting: True); TagEkyc.IntegrationTests.Tip88C1C6BA3RetentionCheckpointTests.A3_RetainedStages_CrossBorderFulfillmentWaitUsesFreshClock(checkpoint: 3, expiresWhileWaiting: True)"	"Assert.Equal() Failure: Strings differ ↓ (pos 0) Expected: ""SourceRetentionNotAuthorized"" Actual: ""Available"" ↑ (pos 0)"	"EXCLUDED_HISTORICAL_OUTSIDE_SLICE"	"WHOLE_REPO_SWEEP"	""	"Historical failed run is outside the bounded P04/site-qualification slice and is inventoried without being used as current evidence."
"P04FR0138"	"server"	"tests/TagEkyc.IntegrationTests/TestResults/a3-crossborder-prefix-red.trx"	"D21D63ADBA7750ECD01FA794A09067E623D590ECA44A62F0883B0F3EF84F736A"	"6"	"0"	"6"	"0"	"TagEkyc.IntegrationTests.Tip88C1C6BA3RetentionCheckpointTests.A3_RetainedStages_CrossBorderFulfillmentWaitUsesFreshClock(checkpoint: 5, expiresWhileWaiting: False); TagEkyc.IntegrationTests.Tip88C1C6BA3RetentionCheckpointTests.A3_RetainedStages_CrossBorderFulfillmentWaitUsesFreshClock(checkpoint: 5, expiresWhileWaiting: True); TagEkyc.IntegrationTests.Tip88C1C6BA3RetentionCheckpointTests.A3_RetainedStages_CrossBorderFulfillmentWaitUsesFreshClock(checkpoint: 3, expiresWhileWaiting: True); TagEkyc.IntegrationTests.Tip88C1C6BA3RetentionCheckpointTests.A3_RetainedStages_CrossBorderFulfillmentWaitUsesFreshClock(checkpoint: 4, expiresWhileWaiting: True); TagEkyc.IntegrationTests.Tip88C1C6BA3RetentionCheckpointTests.A3_RetainedStages_CrossBorderFulfillmentWaitUsesFreshClock(checkpoint: 3, expiresWhileWaiting: False); TagEkyc.IntegrationTests.Tip88C1C6BA3RetentionCheckpointTests.A3_RetainedStages_CrossBorderFulfillmentWaitUsesFreshClock(checkpoint: 4, expiresWhileWaiting: False)"	"Npgsql.NpgsqlException : Exception while reading from stream ---- System.IO.EndOfStreamException : Attempted to read past the end of the stream."	"EXCLUDED_HISTORICAL_OUTSIDE_SLICE"	"WHOLE_REPO_SWEEP"	""	"Historical failed run is outside the bounded P04/site-qualification slice and is inventoried without being used as current evidence."
"P04FR0139"	"server"	"tests/TagEkyc.IntegrationTests/TestResults/a3-e01-checkpoint-head-repin-red.trx"	"1D0831058894F47745A1CDC110379CABBA83C0384A7F6EB8C80B2FEE2FDD2E00"	"4"	"0"	"4"	"0"	"TagEkyc.IntegrationTests.Tip88C1C6BA3RetentionCheckpointTests.E01_RevisionInvalidation_UpdatedReferenceRejectsActualR1R3R4R5(checkpoint: 5); TagEkyc.IntegrationTests.Tip88C1C6BA3RetentionCheckpointTests.E01_RevisionInvalidation_UpdatedReferenceRejectsActualR1R3R4R5(checkpoint: 3); TagEkyc.IntegrationTests.Tip88C1C6BA3RetentionCheckpointTests.E01_RevisionInvalidation_UpdatedReferenceRejectsActualR1R3R4R5(checkpoint: 1); TagEkyc.IntegrationTests.Tip88C1C6BA3RetentionCheckpointTests.E01_RevisionInvalidation_UpdatedReferenceRejectsActualR1R3R4R5(checkpoint: 4)"	"Assert.Equal() Failure: Strings differ ↓ (pos 0) Expected: ""SourceRetentionNotAuthorized"" Actual: ""Available"" ↑ (pos 0)"	"EXCLUDED_HISTORICAL_OUTSIDE_SLICE"	"WHOLE_REPO_SWEEP"	""	"Historical failed run is outside the bounded P04/site-qualification slice and is inventoried without being used as current evidence."
"P04FR0140"	"server"	"tests/TagEkyc.IntegrationTests/TestResults/a3-e01-cp11-ddl-literal.trx"	"4DC22C129905ADC8D0E86E89AE680FC33D9608B347634ED01BF8FF29D56536F4"	"12"	"0"	"12"	"0"	"TagEkyc.IntegrationTests.Tip88C1C6BA3ConsentRetentionTests.E01_ReferenceSurvivesCredentialRevocationAndReplacement; TagEkyc.IntegrationTests.Tip88C1C6BA3ConsentRetentionTests.E01_PreservesExactExistingSessionSubjectRef(subjectRef: ""subject\rA""); TagEkyc.IntegrationTests.Tip88C1C6BA3ConsentRetentionTests.E01_PreservesExactExistingSessionSubjectRef(subjectRef: ""subject\nA""); TagEkyc.IntegrationTests.Tip88C1C6BA3ConsentRetentionTests.E01_CrossClientBindingMutationRejects(changeSession: False); TagEkyc.IntegrationTests.Tip88C1C6BA3ConsentRetentionTests.E01_PreservesExactExistingSessionSubjectRef(subjectRef: ""subject\r\nA""); TagEkyc.IntegrationTests.Tip88C1C6BA3ConsentRetentionTests.ExistingConsentReference_IsBoundNotAssumed; TagEkyc.IntegrationTests.Tip88C1C6BA3ConsentRetentionTests.E01_RequestCannotInjectClientIdentity(member: ""principalId""); TagEkyc.IntegrationTests.Tip88C1C6BA3ConsentRetentionTests.E01_ExactReplayDoesNotReauthorizeAfterWithdrawal; TagEkyc.IntegrationTests.Tip88C1C6BA3ConsentRetentionTests.E01_RequestCannotInjectClientIdentity(member: ""clientApplicationId""); TagEkyc.IntegrationTests.Tip88C1C6BA3ConsentRetentionTests.E01_CrossClientBindingMutationRejects(changeSession: True); TagEkyc.IntegrationTests.Tip88C1C6BA3ConsentRetentionTests.E01_RequestCannotInjectClientIdentity(member: ""ClientApplicationId""); TagEkyc.IntegrationTests.Tip88C1C6BA3ConsentRetentionTests.E01_RecordSqlCommitsRealGraph"	"Npgsql.PostgresException : 42601: syntax error at end of input POSITION: 4611"	"EXCLUDED_HISTORICAL_OUTSIDE_SLICE"	"WHOLE_REPO_SWEEP"	""	"Historical failed run is outside the bounded P04/site-qualification slice and is inventoried without being used as current evidence."
"P04FR0141"	"server"	"tests/TagEkyc.IntegrationTests/TestResults/a3-e01-cp11-ddl.trx"	"D783A56749EF887AD7E42DF7ADBA3BE59C536A830F2928ED2DB8E4A013865A76"	"12"	"0"	"12"	"0"	"TagEkyc.IntegrationTests.Tip88C1C6BA3ConsentRetentionTests.E01_CrossClientBindingMutationRejects(changeSession: True); TagEkyc.IntegrationTests.Tip88C1C6BA3ConsentRetentionTests.E01_PreservesExactExistingSessionSubjectRef(subjectRef: ""subject\rA""); TagEkyc.IntegrationTests.Tip88C1C6BA3ConsentRetentionTests.E01_RequestCannotInjectClientIdentity(member: ""clientApplicationId""); TagEkyc.IntegrationTests.Tip88C1C6BA3ConsentRetentionTests.E01_RequestCannotInjectClientIdentity(member: ""ClientApplicationId""); TagEkyc.IntegrationTests.Tip88C1C6BA3ConsentRetentionTests.E01_CrossClientBindingMutationRejects(changeSession: False); TagEkyc.IntegrationTests.Tip88C1C6BA3ConsentRetentionTests.E01_RecordSqlCommitsRealGraph; TagEkyc.IntegrationTests.Tip88C1C6BA3ConsentRetentionTests.ExistingConsentReference_IsBoundNotAssumed; TagEkyc.IntegrationTests.Tip88C1C6BA3ConsentRetentionTests.E01_ExactReplayDoesNotReauthorizeAfterWithdrawal; TagEkyc.IntegrationTests.Tip88C1C6BA3ConsentRetentionTests.E01_PreservesExactExistingSessionSubjectRef(subjectRef: ""subject\r\nA""); TagEkyc.IntegrationTests.Tip88C1C6BA3ConsentRetentionTests.E01_PreservesExactExistingSessionSubjectRef(subjectRef: ""subject\nA""); TagEkyc.IntegrationTests.Tip88C1C6BA3ConsentRetentionTests.E01_RequestCannotInjectClientIdentity(member: ""principalId""); TagEkyc.IntegrationTests.Tip88C1C6BA3ConsentRetentionTests.E01_ReferenceSurvivesCredentialRevocationAndReplacement"	"System.FormatException : Index (zero based) must be greater than or equal to zero and less than the size of the argument list."	"EXCLUDED_HISTORICAL_OUTSIDE_SLICE"	"WHOLE_REPO_SWEEP"	""	"Historical failed run is outside the bounded P04/site-qualification slice and is inventoried without being used as current evidence."
"P04FR0142"	"server"	"tests/TagEkyc.IntegrationTests/TestResults/a3-e01-ddl-acl-red.trx"	"2F4E08AF55D03068EA917D11FE8211DB7945BB2BD1823B620BE3A1807FB2B93B"	"1"	"0"	"1"	"0"	"TagEkyc.IntegrationTests.Tip88C1C6BA3ConsentRetentionTests.E01_DdlGraphAndAcl_DirectWritesAndHeadWithoutEventRollBack"	"Assert.Throws() Failure: No exception was thrown Expected: typeof(Npgsql.PostgresException)"	"EXCLUDED_HISTORICAL_OUTSIDE_SLICE"	"WHOLE_REPO_SWEEP"	""	"Historical failed run is outside the bounded P04/site-qualification slice and is inventoried without being used as current evidence."
"P04FR0143"	"server"	"tests/TagEkyc.IntegrationTests/TestResults/a3-e01-ddl-actor-red.trx"	"6B2CD56D69B9A3F0E9AA53C4C0A3224E92A2AB7BA90D92047EE36C9842F66079"	"1"	"0"	"1"	"0"	"TagEkyc.IntegrationTests.Tip88C1C6BA3ConsentRetentionTests.E01_DdlGraphAndAcl_DirectWritesAndHeadWithoutEventRollBack"	"Assert.Throws() Failure: No exception was thrown Expected: typeof(Npgsql.PostgresException)"	"EXCLUDED_HISTORICAL_OUTSIDE_SLICE"	"WHOLE_REPO_SWEEP"	""	"Historical failed run is outside the bounded P04/site-qualification slice and is inventoried without being used as current evidence."
"P04FR0144"	"server"	"tests/TagEkyc.IntegrationTests/TestResults/a3-e01-ddl-binding-graph-red.trx"	"869F0012DDFBE0BDCA918F4545B1D44DA787544D791F62F828F869EF63FDF0ED"	"1"	"0"	"1"	"0"	"TagEkyc.IntegrationTests.Tip88C1C6BA3ConsentRetentionTests.E01_DdlGraphAndAcl_DirectWritesAndHeadWithoutEventRollBack"	"Assert.Throws() Failure: No exception was thrown Expected: typeof(Npgsql.PostgresException)"	"EXCLUDED_HISTORICAL_OUTSIDE_SLICE"	"WHOLE_REPO_SWEEP"	""	"Historical failed run is outside the bounded P04/site-qualification slice and is inventoried without being used as current evidence."
"P04FR0145"	"server"	"tests/TagEkyc.IntegrationTests/TestResults/a3-e01-ddl-classes-green-v1.trx"	"3905D4C60C0892270366B0C2B55E013433323CAB43CF2E5782F9C4193EFD0CFD"	"1"	"0"	"1"	"0"	"TagEkyc.IntegrationTests.Tip88C1C6BA3ConsentRetentionTests.E01_DdlGraphAndAcl_DirectWritesAndHeadWithoutEventRollBack"	"Npgsql.PostgresException : P0001: RAW_EXPORT_ACTOR_CONTEXT_MISSING"	"EXCLUDED_HISTORICAL_OUTSIDE_SLICE"	"WHOLE_REPO_SWEEP"	""	"Historical failed run is outside the bounded P04/site-qualification slice and is inventoried without being used as current evidence."
"P04FR0146"	"server"	"tests/TagEkyc.IntegrationTests/TestResults/a3-e01-ddl-classes-red.trx"	"818E8E97F59DF5B59B229856464B13CEC20714229192736CEAE7EA0252444414"	"1"	"0"	"1"	"0"	"TagEkyc.IntegrationTests.Tip88C1C6BA3ConsentRetentionTests.E01_DdlGraphAndAcl_DirectWritesAndHeadWithoutEventRollBack"	"Assert.Throws() Failure: No exception was thrown Expected: typeof(Npgsql.PostgresException)"	"EXCLUDED_HISTORICAL_OUTSIDE_SLICE"	"WHOLE_REPO_SWEEP"	""	"Historical failed run is outside the bounded P04/site-qualification slice and is inventoried without being used as current evidence."
"P04FR0147"	"server"	"tests/TagEkyc.IntegrationTests/TestResults/a3-e01-ddl-graph-green-v2.trx"	"A9C88ADF31CD3DB0818B525AE6D4AAD9D378A7820A402D0890925EC8D40C5EB6"	"1"	"0"	"1"	"0"	"TagEkyc.IntegrationTests.Tip88C1C6BA3ConsentRetentionTests.E01_DdlGraphAndAcl_DirectWritesAndHeadWithoutEventRollBack"	"Assert.Equal() Failure: Strings differ ↓ (pos 0) Expected: ""A3_AUTHORITY_GRAPH_INCOMPLETE"" Actual: ""insert or update on table ""raw_source_con""··· ↑ (pos 0)"	"EXCLUDED_HISTORICAL_OUTSIDE_SLICE"	"WHOLE_REPO_SWEEP"	""	"Historical failed run is outside the bounded P04/site-qualification slice and is inventoried without being used as current evidence."
"P04FR0148"	"server"	"tests/TagEkyc.IntegrationTests/TestResults/a3-e01-diagnostic.trx"	"145C412A059080E385051653E11464F863321E3A7F2E356EB830BE77D813C142"	"5"	"3"	"2"	"0"	"TagEkyc.IntegrationTests.Tip88C1C6BA3ConsentRetentionTests.E01_ExactReplayDoesNotReauthorizeAfterWithdrawal; TagEkyc.IntegrationTests.Tip88C1C6BA3ConsentRetentionTests.ExistingConsentReference_IsBoundNotAssumed"	"{""code"":""NOT_READY"",""correlationId"":""0HNOHLHL1R1LD""}"	"EXCLUDED_HISTORICAL_OUTSIDE_SLICE"	"WHOLE_REPO_SWEEP"	""	"Historical failed run is outside the bounded P04/site-qualification slice and is inventoried without being used as current evidence."
"P04FR0149"	"server"	"tests/TagEkyc.IntegrationTests/TestResults/a3-e01-export-checkpoint-head-red.trx"	"AE056683594D3ACCC0AC859C09EBE6E60FE42F132CB581AECCC86800353110B1"	"4"	"2"	"2"	"0"	"TagEkyc.IntegrationTests.Tip88C1C6BA3RetentionCheckpointTests.E01_RevisionInvalidation_ActualC1C3RejectsStaleReference(checkpoint: 3, withdraw: False); TagEkyc.IntegrationTests.Tip88C1C6BA3RetentionCheckpointTests.E01_RevisionInvalidation_ActualC1C3RejectsStaleReference(checkpoint: 1, withdraw: False)"	"Assert.Equal() Failure: Strings differ ↓ (pos 0) Expected: ""Ineligible"" Actual: ""Started"" ↑ (pos 0)"	"EXCLUDED_HISTORICAL_OUTSIDE_SLICE"	"WHOLE_REPO_SWEEP"	""	"Historical failed run is outside the bounded P04/site-qualification slice and is inventoried without being used as current evidence."
"P04FR0150"	"server"	"tests/TagEkyc.IntegrationTests/TestResults/a3-e01-export-head-same-mutant-red.trx"	"41FE00D22086A60C00EDE2C87F0C28FC2805E079F48A207D08BD70DB8DCEF52A"	"4"	"2"	"2"	"0"	"TagEkyc.IntegrationTests.Tip88C1C6BA3RetentionCheckpointTests.E01_RevisionInvalidation_ActualC1C3RejectsStaleReference(checkpoint: 3, withdraw: False); TagEkyc.IntegrationTests.Tip88C1C6BA3RetentionCheckpointTests.E01_RevisionInvalidation_ActualC1C3RejectsStaleReference(checkpoint: 1, withdraw: False)"	"Assert.Equal() Failure: Strings differ ↓ (pos 0) Expected: ""Ineligible"" Actual: ""Started"" ↑ (pos 0)"	"EXCLUDED_HISTORICAL_OUTSIDE_SLICE"	"WHOLE_REPO_SWEEP"	""	"Historical failed run is outside the bounded P04/site-qualification slice and is inventoried without being used as current evidence."
"P04FR0151"	"server"	"tests/TagEkyc.IntegrationTests/TestResults/a3-e01-issue-clock-green-v1.trx"	"D543BEE6045D45FC08C64CEC4A99877604989D15216876F2746B5CA0D147FFF1"	"2"	"0"	"2"	"0"	"TagEkyc.IntegrationTests.Tip88C1C6BA3ConsentRetentionTests.E01_Issue_PostLockRecorderAndSourceExpiryDeniesWithoutNewAuthority(recorderExpires: False); TagEkyc.IntegrationTests.Tip88C1C6BA3ConsentRetentionTests.E01_Issue_PostLockRecorderAndSourceExpiryDeniesWithoutNewAuthority(recorderExpires: True)"	"{""code"":""CONFLICT"",""correlationId"":""0HNOL1EUJGTST""}"	"EXCLUDED_HISTORICAL_OUTSIDE_SLICE"	"WHOLE_REPO_SWEEP"	""	"Historical failed run is outside the bounded P04/site-qualification slice and is inventoried without being used as current evidence."
"P04FR0152"	"server"	"tests/TagEkyc.IntegrationTests/TestResults/a3-e01-issue-clock-red.trx"	"BA35C2E3511D377876616619CACD074F60EDDF68E86E5FDA4816079B91B0E687"	"2"	"0"	"2"	"0"	"TagEkyc.IntegrationTests.Tip88C1C6BA3ConsentRetentionTests.E01_Issue_PostLockRecorderAndSourceExpiryDeniesWithoutNewAuthority(recorderExpires: False); TagEkyc.IntegrationTests.Tip88C1C6BA3ConsentRetentionTests.E01_Issue_PostLockRecorderAndSourceExpiryDeniesWithoutNewAuthority(recorderExpires: True)"	"Assert.Equal() Failure: Values differ Expected: Forbidden Actual: ServiceUnavailable"	"EXCLUDED_HISTORICAL_OUTSIDE_SLICE"	"WHOLE_REPO_SWEEP"	""	"Historical failed run is outside the bounded P04/site-qualification slice and is inventoried without being used as current evidence."
"P04FR0153"	"server"	"tests/TagEkyc.IntegrationTests/TestResults/a3-e01-issue-clock-repin-red.trx"	"5A2E165FB01F271D871501996C5AB26B58CC4046343016A7103AFFBB3A76BD54"	"2"	"0"	"2"	"0"	"TagEkyc.IntegrationTests.Tip88C1C6BA3ConsentRetentionTests.E01_Issue_PostLockRecorderAndSourceExpiryDeniesWithoutNewAuthority(recorderExpires: True); TagEkyc.IntegrationTests.Tip88C1C6BA3ConsentRetentionTests.E01_Issue_PostLockRecorderAndSourceExpiryDeniesWithoutNewAuthority(recorderExpires: False)"	"Assert.Equal() Failure: Values differ Expected: Forbidden Actual: Created"	"EXCLUDED_HISTORICAL_OUTSIDE_SLICE"	"WHOLE_REPO_SWEEP"	""	"Historical failed run is outside the bounded P04/site-qualification slice and is inventoried without being used as current evidence."
"P04FR0154"	"server"	"tests/TagEkyc.IntegrationTests/TestResults/a3-e01-issue-withdraw-lock-red.trx"	"31D79309656A9DC9EBF1BE9B6E1F74B1C82DD6054B87817E0F68A70FB79453D8"	"1"	"0"	"1"	"0"	"TagEkyc.IntegrationTests.Tip88C1C6BA3ConsentRetentionTests.E01_Race_IssueWithdrawal_ReferenceLockOrdersPermitAndWithdrawal(withdrawalFirst: True)"	"Assert.Equal() Failure: Values differ Expected: 0 Actual: 1"	"EXCLUDED_HISTORICAL_OUTSIDE_SLICE"	"WHOLE_REPO_SWEEP"	""	"Historical failed run is outside the bounded P04/site-qualification slice and is inventoried without being used as current evidence."
"P04FR0155"	"server"	"tests/TagEkyc.IntegrationTests/TestResults/a3-e01-issue-withdraw-lock-repin-red.trx"	"D0B9ED41DDE62940AA0C5736CAC7BAF83A75E188783626E1EF4135C383A82CB4"	"2"	"1"	"1"	"0"	"TagEkyc.IntegrationTests.Tip88C1C6BA3ConsentRetentionTests.E01_Race_IssueWithdrawal_ReferenceLockOrdersPermitAndWithdrawal(withdrawalFirst: True)"	"Assert.Equal() Failure: Values differ Expected: 0 Actual: 1"	"EXCLUDED_HISTORICAL_OUTSIDE_SLICE"	"WHOLE_REPO_SWEEP"	""	"Historical failed run is outside the bounded P04/site-qualification slice and is inventoried without being used as current evidence."
"P04FR0156"	"server"	"tests/TagEkyc.IntegrationTests/TestResults/a3-e01-progress.trx"	"B2ED23F6AF9ADD89C7A5742318FFA346EDD8930F0979F5A03E418F906DCA191E"	"5"	"3"	"2"	"0"	"TagEkyc.IntegrationTests.Tip88C1C6BA3ConsentRetentionTests.ExistingConsentReference_IsBoundNotAssumed; TagEkyc.IntegrationTests.Tip88C1C6BA3ConsentRetentionTests.E01_ExactReplayDoesNotReauthorizeAfterWithdrawal"	"{""code"":""NOT_READY"",""correlationId"":""0HNOHLH2MBCG2""}"	"EXCLUDED_HISTORICAL_OUTSIDE_SLICE"	"WHOLE_REPO_SWEEP"	""	"Historical failed run is outside the bounded P04/site-qualification slice and is inventoried without being used as current evidence."
"P04FR0157"	"server"	"tests/TagEkyc.IntegrationTests/TestResults/a3-e01-r1-retained-current-bypass-red.trx"	"47CA5D1D6BC1B6619674B76C2EFA0C862742C4279B7A76052B8CF1D4CEB70717"	"2"	"1"	"1"	"0"	"TagEkyc.IntegrationTests.Tip88C1C6BA3ConsentRetentionTests.E01_Race_IssueWithdrawal_ReferenceLockOrdersPermitAndWithdrawal(withdrawalFirst: False)"	"Assert.Equal() Failure: Strings differ ↓ (pos 0) Expected: ""SOURCE_RETENTION_NOT_AUTHORIZED"" Actual: ""NewReservation"" ↑ (pos 0)"	"EXCLUDED_HISTORICAL_OUTSIDE_SLICE"	"WHOLE_REPO_SWEEP"	""	"Historical failed run is outside the bounded P04/site-qualification slice and is inventoried without being used as current evidence."
"P04FR0158"	"server"	"tests/TagEkyc.IntegrationTests/TestResults/a3-e01-record-cas-red.trx"	"3AB0599A8BBC44DB1DF2686F3D0102AF0A8A2AE4508EFA6422B20BE7B0FBE59B"	"1"	"0"	"1"	"0"	"TagEkyc.IntegrationTests.Tip88C1C6BA3ConsentRetentionTests.E01_Race_RecordCas_OneWinnerAndExactReceipt"	"Assert.Equal() Failure: Values differ Expected: Conflict Actual: OK"	"EXCLUDED_HISTORICAL_OUTSIDE_SLICE"	"WHOLE_REPO_SWEEP"	""	"Historical failed run is outside the bounded P04/site-qualification slice and is inventoried without being used as current evidence."
"P04FR0159"	"server"	"tests/TagEkyc.IntegrationTests/TestResults/a3-e01-record-cas-repin-red.trx"	"8B0358792E20E12C423A49E27B2534B75EC79299756DCD7BAC9FD6FC35F5DD5A"	"1"	"0"	"1"	"0"	"TagEkyc.IntegrationTests.Tip88C1C6BA3ConsentRetentionTests.E01_Race_RecordCas_OneWinnerAndExactReceipt"	"Assert.Equal() Failure: Values differ Expected: Conflict Actual: OK"	"EXCLUDED_HISTORICAL_OUTSIDE_SLICE"	"WHOLE_REPO_SWEEP"	""	"Historical failed run is outside the bounded P04/site-qualification slice and is inventoried without being used as current evidence."
"P04FR0160"	"server"	"tests/TagEkyc.IntegrationTests/TestResults/a3-e01-record-clock-repin-red.trx"	"DC532E92648D7134BA89A7E692647061E2CCE650B33CE0B22E27D147094CD8CD"	"2"	"0"	"2"	"0"	"TagEkyc.IntegrationTests.Tip88C1C6BA3ConsentRetentionTests.E01_Record_PostLockExpiryDeniesWithoutGraphMutation(recorderExpires: True); TagEkyc.IntegrationTests.Tip88C1C6BA3ConsentRetentionTests.E01_Record_PostLockExpiryDeniesWithoutGraphMutation(recorderExpires: False)"	"Assert.Equal() Failure: Values differ Expected: Forbidden Actual: OK"	"EXCLUDED_HISTORICAL_OUTSIDE_SLICE"	"WHOLE_REPO_SWEEP"	""	"Historical failed run is outside the bounded P04/site-qualification slice and is inventoried without being used as current evidence."
"P04FR0161"	"server"	"tests/TagEkyc.IntegrationTests/TestResults/a3-e01-record-clock-transaction-time-red.trx"	"465C9E6DDED0AE78C1F7334EE685EF4B90FA8897EAD193B16BA9BA5F613AE85E"	"2"	"0"	"2"	"0"	"TagEkyc.IntegrationTests.Tip88C1C6BA3ConsentRetentionTests.E01_Record_PostLockExpiryDeniesWithoutGraphMutation(recorderExpires: True); TagEkyc.IntegrationTests.Tip88C1C6BA3ConsentRetentionTests.E01_Record_PostLockExpiryDeniesWithoutGraphMutation(recorderExpires: False)"	"Assert.Equal() Failure: Values differ Expected: Forbidden Actual: OK"	"EXCLUDED_HISTORICAL_OUTSIDE_SLICE"	"WHOLE_REPO_SWEEP"	""	"Historical failed run is outside the bounded P04/site-qualification slice and is inventoried without being used as current evidence."
"P04FR0162"	"server"	"tests/TagEkyc.IntegrationTests/TestResults/a3-e01-restored.trx"	"F213167EE42E150E408A6417C89215A542749ACF89B500C246B4DF34CB901E43"	"6"	"4"	"2"	"0"	"TagEkyc.IntegrationTests.Tip88C1C6BA3ConsentRetentionTests.E01_ExactReplayDoesNotReauthorizeAfterWithdrawal; TagEkyc.IntegrationTests.Tip88C1C6BA3ConsentRetentionTests.ExistingConsentReference_IsBoundNotAssumed"	"System.Text.Json.JsonException : The JSON value could not be converted to TagEkyc.Contracts.CaptureRuntime.E01BoundResponse. Path: $.consentReferenceId | LineNumber: 0 | BytePositionInLine: 56. ---- System.FormatException : The JSON value is not in a supported Guid format."	"EXCLUDED_HISTORICAL_OUTSIDE_SLICE"	"WHOLE_REPO_SWEEP"	""	"Historical failed run is outside the bounded P04/site-qualification slice and is inventoried without being used as current evidence."
"P04FR0163"	"server"	"tests/TagEkyc.IntegrationTests/TestResults/a3-e01-reviewed.trx"	"B07CEC76E2C97EC5B1CA78A8AC3D04A4A32160ECE4C0B54D0DDD5BE5B377F804"	"12"	"11"	"1"	"0"	"TagEkyc.IntegrationTests.Tip88C1C6BA3ConsentRetentionTests.E01_ReferenceSurvivesCredentialRevocationAndReplacement"	"System.InvalidOperationException : APIKEY_PROVISIONING_GENERATOR_INVALID"	"EXCLUDED_HISTORICAL_OUTSIDE_SLICE"	"WHOLE_REPO_SWEEP"	""	"Historical failed run is outside the bounded P04/site-qualification slice and is inventoried without being used as current evidence."
"P04FR0164"	"server"	"tests/TagEkyc.IntegrationTests/TestResults/a3-e01-revocation-authority-repin-red.trx"	"296F147945E35157DB4D9506FE86FAB127FDFC6E1D38283085A4F166AFD3A978"	"1"	"0"	"1"	"0"	"TagEkyc.IntegrationTests.Tip88C1C6BA3ConsentRetentionTests.E01_RecorderRevocationRacesRecord_RevocationFirstDenies"	"Assert.Equal() Failure: Values differ Expected: Forbidden Actual: OK"	"EXCLUDED_HISTORICAL_OUTSIDE_SLICE"	"WHOLE_REPO_SWEEP"	""	"Historical failed run is outside the bounded P04/site-qualification slice and is inventoried without being used as current evidence."
"P04FR0165"	"server"	"tests/TagEkyc.IntegrationTests/TestResults/a3-e01-revocation-business-red.trx"	"9043E0344536BD12A6F40D64747ABFFF5F8591CB7F37243A7920D868D7B20E3B"	"1"	"0"	"1"	"0"	"TagEkyc.IntegrationTests.Tip88C1C6BA3ConsentRetentionTests.E01_RecorderRevocationRacesRecord_RevocationFirstDenies"	"Assert.Equal() Failure: Values differ Expected: Forbidden Actual: OK"	"EXCLUDED_HISTORICAL_OUTSIDE_SLICE"	"WHOLE_REPO_SWEEP"	""	"Historical failed run is outside the bounded P04/site-qualification slice and is inventoried without being used as current evidence."
"P04FR0166"	"server"	"tests/TagEkyc.IntegrationTests/TestResults/a3-e01-revocation-lock-red.trx"	"7AAE1BBACA85CF59FEDFC6CBC1FE930B62F28AFC7CA4AA08B1CDD82157C29E7A"	"1"	"0"	"1"	"0"	"TagEkyc.IntegrationTests.Tip88C1C6BA3ConsentRetentionTests.E01_RecorderRevocationRacesRecord_RevocationFirstDenies"	"Record must remain blocked behind the in-flight recorder revocation."	"EXCLUDED_HISTORICAL_OUTSIDE_SLICE"	"WHOLE_REPO_SWEEP"	""	"Historical failed run is outside the bounded P04/site-qualification slice and is inventoried without being used as current evidence."
"P04FR0167"	"server"	"tests/TagEkyc.IntegrationTests/TestResults/a3-e01-sql.trx"	"AD4764EFA9F29C93DC9DFFE0C03149E8DFF38A0B285D408AF168B22C57C71792"	"1"	"0"	"1"	"0"	"TagEkyc.IntegrationTests.Tip88C1C6BA3ConsentRetentionTests.E01_RecordSqlCommitsRealGraph"	"Npgsql.PostgresException : 42702: column reference ""e.ConsentReferenceId"" is ambiguous DETAIL: It could refer to either a PL/pgSQL variable or a table column."	"EXCLUDED_HISTORICAL_OUTSIDE_SLICE"	"WHOLE_REPO_SWEEP"	""	"Historical failed run is outside the bounded P04/site-qualification slice and is inventoried without being used as current evidence."
"P04FR0168"	"server"	"tests/TagEkyc.IntegrationTests/TestResults/a3-e01-subject-before-fix.trx"	"0F21B878D5FE448F866214E204B2D728CACE2C51F0917536C8709C1B834B8A30"	"3"	"0"	"3"	"0"	"TagEkyc.IntegrationTests.Tip88C1C6BA3ConsentRetentionTests.E01_PreservesExactExistingSessionSubjectRef(subjectRef: ""subject\rA""); TagEkyc.IntegrationTests.Tip88C1C6BA3ConsentRetentionTests.E01_PreservesExactExistingSessionSubjectRef(subjectRef: ""subject\r\nA""); TagEkyc.IntegrationTests.Tip88C1C6BA3ConsentRetentionTests.E01_PreservesExactExistingSessionSubjectRef(subjectRef: ""subject\nA"")"	"Npgsql.NpgsqlException : Exception while reading from stream ---- System.IO.EndOfStreamException : Attempted to read past the end of the stream."	"EXCLUDED_HISTORICAL_OUTSIDE_SLICE"	"WHOLE_REPO_SWEEP"	""	"Historical failed run is outside the bounded P04/site-qualification slice and is inventoried without being used as current evidence."
"P04FR0169"	"server"	"tests/TagEkyc.IntegrationTests/TestResults/a3-e01-two-classes-repin-red.trx"	"32E071F4DE3B656DF547B7CAB8FBA1C2375405822441FE8FEFC90FA4B107C5B5"	"2"	"0"	"2"	"0"	"TagEkyc.IntegrationTests.Tip88C1C6BA3ConsentRetentionTests.E01_ExactBothClassesRequired_ProfileAndSqlRejectOneClass(retainedClass: ""ChipDg2Portrait""); TagEkyc.IntegrationTests.Tip88C1C6BA3ConsentRetentionTests.E01_ExactBothClassesRequired_ProfileAndSqlRejectOneClass(retainedClass: ""LiveSelfieImage"")"	"Assert.Equal() Failure: Strings differ ↓ (pos 0) Expected: ""Denied"" Actual: ""Granted"" ↑ (pos 0)"	"EXCLUDED_HISTORICAL_OUTSIDE_SLICE"	"WHOLE_REPO_SWEEP"	""	"Historical failed run is outside the bounded P04/site-qualification slice and is inventoried without being used as current evidence."
"P04FR0170"	"server"	"tests/TagEkyc.IntegrationTests/TestResults/a3-e01-two-classes-sql-red.trx"	"69243809D01418D9EB45B122B1DFFE2C370C595D76E3295DC6D0000C4AAD4F7E"	"2"	"0"	"2"	"0"	"TagEkyc.IntegrationTests.Tip88C1C6BA3ConsentRetentionTests.E01_ExactBothClassesRequired_ProfileAndSqlRejectOneClass(retainedClass: ""LiveSelfieImage""); TagEkyc.IntegrationTests.Tip88C1C6BA3ConsentRetentionTests.E01_ExactBothClassesRequired_ProfileAndSqlRejectOneClass(retainedClass: ""ChipDg2Portrait"")"	"Assert.Equal() Failure: Strings differ ↓ (pos 0) Expected: ""Denied"" Actual: ""Granted"" ↑ (pos 0)"	"EXCLUDED_HISTORICAL_OUTSIDE_SLICE"	"WHOLE_REPO_SWEEP"	""	"Historical failed run is outside the bounded P04/site-qualification slice and is inventoried without being used as current evidence."
"P04FR0171"	"server"	"tests/TagEkyc.IntegrationTests/TestResults/a3-e01-update-revision-red.trx"	"539015D009937902F4422FC02B2A0AB64C4635E69746C05D0A1FDDE72EFC19C6"	"1"	"0"	"1"	"0"	"TagEkyc.IntegrationTests.Tip88C1C6BA3ConsentRetentionTests.E01_UpdateDoesNotReviveBinding_ExactReplayIsOnlyReceipt"	"Assert.Equal() Failure: Values differ Expected: Forbidden Actual: Created"	"EXCLUDED_HISTORICAL_OUTSIDE_SLICE"	"WHOLE_REPO_SWEEP"	""	"Historical failed run is outside the bounded P04/site-qualification slice and is inventoried without being used as current evidence."
"P04FR0172"	"server"	"tests/TagEkyc.IntegrationTests/TestResults/a3-e01-update-revision-repin-red.trx"	"A76101D9E0CD47D45D1A719466A42D0D0756B44AFA866A01E450AF28B6EB5D50"	"1"	"0"	"1"	"0"	"TagEkyc.IntegrationTests.Tip88C1C6BA3ConsentRetentionTests.E01_UpdateDoesNotReviveBinding_ExactReplayIsOnlyReceipt"	"Assert.Equal() Failure: Values differ Expected: Forbidden Actual: Created"	"EXCLUDED_HISTORICAL_OUTSIDE_SLICE"	"WHOLE_REPO_SWEEP"	""	"Historical failed run is outside the bounded P04/site-qualification slice and is inventoried without being used as current evidence."
"P04FR0173"	"server"	"tests/TagEkyc.IntegrationTests/TestResults/a3-e01-updated-checkpoint-head-red.trx"	"45A3DCC139D7028B75D81ABF7FABDC09BEDF403CA22E81EF30AB48C06A0F4247"	"4"	"0"	"4"	"0"	"TagEkyc.IntegrationTests.Tip88C1C6BA3RetentionCheckpointTests.E01_RevisionInvalidation_UpdatedReferenceRejectsActualR1R3R4R5(checkpoint: 5); TagEkyc.IntegrationTests.Tip88C1C6BA3RetentionCheckpointTests.E01_RevisionInvalidation_UpdatedReferenceRejectsActualR1R3R4R5(checkpoint: 3); TagEkyc.IntegrationTests.Tip88C1C6BA3RetentionCheckpointTests.E01_RevisionInvalidation_UpdatedReferenceRejectsActualR1R3R4R5(checkpoint: 1); TagEkyc.IntegrationTests.Tip88C1C6BA3RetentionCheckpointTests.E01_RevisionInvalidation_UpdatedReferenceRejectsActualR1R3R4R5(checkpoint: 4)"	"Assert.Equal() Failure: Strings differ ↓ (pos 0) Expected: ""SourceRetentionNotAuthorized"" Actual: ""Available"" ↑ (pos 0)"	"EXCLUDED_HISTORICAL_OUTSIDE_SLICE"	"WHOLE_REPO_SWEEP"	""	"Historical failed run is outside the bounded P04/site-qualification slice and is inventoried without being used as current evidence."
"P04FR0174"	"server"	"tests/TagEkyc.IntegrationTests/TestResults/a3-e01-updated-export-checkpoints-focused.trx"	"905880E8CB082C07FD47BE9945E1E0BD6DDBD76D6FE4EE2F891E9855CE59FE43"	"4"	"1"	"3"	"0"	"TagEkyc.IntegrationTests.Tip88C1C6BA3RetentionCheckpointTests.E01_RevisionInvalidation_ActualC1C3RejectsStaleReference(checkpoint: 1, withdraw: False); TagEkyc.IntegrationTests.Tip88C1C6BA3RetentionCheckpointTests.E01_RevisionInvalidation_ActualC1C3RejectsStaleReference(checkpoint: 3, withdraw: True); TagEkyc.IntegrationTests.Tip88C1C6BA3RetentionCheckpointTests.E01_RevisionInvalidation_ActualC1C3RejectsStaleReference(checkpoint: 1, withdraw: True)"	"Npgsql.PostgresException : P0001: RAW_EXPORT_ACTOR_CONTEXT_MISSING"	"EXCLUDED_HISTORICAL_OUTSIDE_SLICE"	"WHOLE_REPO_SWEEP"	""	"Historical failed run is outside the bounded P04/site-qualification slice and is inventoried without being used as current evidence."
"P04FR0175"	"server"	"tests/TagEkyc.IntegrationTests/TestResults/a3-ef-discovery-red.trx"	"2D0F95B6FCB38582515A634F32412B7668F244B3081EE9D7598B09C424C4BF2D"	"1"	"0"	"1"	"0"	"TagEkyc.IntegrationTests.Tip88C1C6BA3MigrationTests.A3_MigrationDiscovery_FromEmptyMatchesCurrentModelAndHistory"	"Assert.Equal() Failure: Values differ Expected: 1 Actual: 0"	"EXCLUDED_HISTORICAL_OUTSIDE_SLICE"	"WHOLE_REPO_SWEEP"	""	"Historical failed run is outside the bounded P04/site-qualification slice and is inventoried without being used as current evidence."
"P04FR0176"	"server"	"tests/TagEkyc.IntegrationTests/TestResults/a3-ef-index-catalogue-red.trx"	"96153DC71A89A03CA1114DA12FD1B8AF42BD99D1CAE70DA1FB09FD28B7F29AB8"	"1"	"0"	"1"	"0"	"TagEkyc.IntegrationTests.Tip88C1C6BA3MigrationTests.A3_MigrationDiscovery_FromEmptyMatchesCurrentModelAndHistory"	"Assert.Equal() Failure: Collections differ ↓ (pos 1) Expected: [""IX_raw_export_authority_snapshots_CaptureAcceptanc""···, ""IX_raw_export_authority_snapshots_ConsentBindingId"", ""IX_raw_export_authority_snapshots_RuntimeBindingId"", ""IX_raw_export_authority_snapshots_VerificationSess""···, ""ix_a3_snapshot_retention_permit"", ···] Actual: [""IX_raw_export_authority_snapshots_CaptureAcceptanc""···, ""IX_raw_export_authority_snapshots_VerificationSess""···, ""ix_a3_snapshot_retention_permit"", ""ix_raw_export_authority_consent_policy"", ""uq_a3_snapshot_retained_grant""] ↑ (pos 1)"	"EXCLUDED_HISTORICAL_OUTSIDE_SLICE"	"WHOLE_REPO_SWEEP"	""	"Historical failed run is outside the bounded P04/site-qualification slice and is inventoried without being used as current evidence."
"P04FR0177"	"server"	"tests/TagEkyc.IntegrationTests/TestResults/a3-expect-fence/a3-expect-early-body-mutant-92abea05f9d84d12bcd7626210aa8cb0.trx"	"9FC621459CB9E3FEA42EF8384E0C87BBA1D47130AD1E18DD2F2F17B449A034BC"	"2"	"0"	"2"	"0"	"TagEkyc.IntegrationTests.Tip88C1C6BA3R2R6ClusterHttpTests.ExpectFence_StrictTlsKestrelDurableR1PrecedesFirstBodyRead(loseFinalResponse: True); TagEkyc.IntegrationTests.Tip88C1C6BA3R2R6ClusterHttpTests.ExpectFence_StrictTlsKestrelDurableR1PrecedesFirstBodyRead(loseFinalResponse: False)"	"Assert.Equal() Failure: Values differ Expected: 0 Actual: 1"	"EXCLUDED_HISTORICAL_OUTSIDE_SLICE"	"WHOLE_REPO_SWEEP"	""	"Historical failed run is outside the bounded P04/site-qualification slice and is inventoried without being used as current evidence."
"P04FR0178"	"server"	"tests/TagEkyc.IntegrationTests/TestResults/a3-expect-fence/a3-expect-existing-affected-restored.trx"	"486722163D849A2333CED06AFAE2AADF5DFD457E06D0054CD569E62981580E1F"	"3"	"2"	"1"	"0"	"TagEkyc.IntegrationTests.Tip88C1C6BA3R2R6ClusterHttpTests.ExpectFence_RolledBackR1NeverReleasesAgentBody(bodyLength: 1024)"	"Assert.Equal() Failure: Values differ Expected: 0 Actual: 1"	"EXCLUDED_HISTORICAL_OUTSIDE_SLICE"	"WHOLE_REPO_SWEEP"	""	"Historical failed run is outside the bounded P04/site-qualification slice and is inventoried without being used as current evidence."
"P04FR0179"	"server"	"tests/TagEkyc.IntegrationTests/TestResults/a3-expect-fence/a3-expect-existing-component-baseline.trx"	"DE775E6DBD285A3ACD4718092020F25B7DF59159D520611207AE6FD94EB5F4A9"	"1"	"0"	"1"	"0"	"TagEkyc.IntegrationTests.Tip88C1C6BA3R2R6ClusterHttpTests.ExpectFence_DurableR1PrecedesAgentSerializationAndFirstServerRead"	"System.InvalidOperationException : docker compose failed with exit code 1. unable to get image 'postgres:16': failed to connect to the docker API at npipe:////./pipe/dockerDesktopLinuxEngine; check if the path is correct and if the daemon is running: open //./pipe/dockerDesktopLinuxEngine: The system cannot find the file specified."	"EXCLUDED_HISTORICAL_OUTSIDE_SLICE"	"WHOLE_REPO_SWEEP"	""	"Historical failed run is outside the bounded P04/site-qualification slice and is inventoried without being used as current evidence."
"P04FR0180"	"server"	"tests/TagEkyc.IntegrationTests/TestResults/a3-expect-fence/a3-expect-f3-auto-continue-red-20260922113451-1.trx"	"6690155076959C4FC3B9F413A8FBB76568696566FD2C690F1D953533784036F2"	"1"	"0"	"1"	"0"	"TagEkyc.IntegrationTests.Tip88C1C6BA3R2R6ClusterHttpTests.ExpectFence_IntermediaryCannotQualifyBySendingItsOwnContinue"	"An intermediary-generated 100 released raw body before durable B/R1."	"EXCLUDED_HISTORICAL_OUTSIDE_SLICE"	"WHOLE_REPO_SWEEP"	""	"Historical failed run is outside the bounded P04/site-qualification slice and is inventoried without being used as current evidence."
"P04FR0181"	"server"	"tests/TagEkyc.IntegrationTests/TestResults/a3-expect-fence/a3-expect-fence-agent-no-expect-mutation.trx"	"CDB697206CAC437BD1EEC7E2833D0D7C57C6F905E3C466A9B251FEC9EE6919AC"	"1"	"0"	"1"	"0"	"TagEkyc.IntegrationTests.Tip88C1C6BA3R2R6ClusterHttpTests.ExpectFence_DurableR1PrecedesAgentSerializationAndFirstServerRead"	"Assert.Equal() Failure: Values differ Expected: 0 Actual: 1"	"SUPERSEDED_RED"	"a3_transport_expect_fence_failed_run_census_v1.tsv"	""	"Historical failed run retained with its prior canonical failed-run classification; it is not used by the current package."
"P04FR0182"	"server"	"tests/TagEkyc.IntegrationTests/TestResults/a3-expect-fence/a3-expect-fence-attempt-a1.trx"	"6F4F5B9F517305B49694A8842E309FC5D650F3CD12953F7EE4845A01C5FAD6B7"	"1"	"0"	"1"	"0"	"TagEkyc.IntegrationTests.Tip88C1C6BA3R2R6ClusterHttpTests.ExpectFence_DurableR1PrecedesAgentSerializationAndFirstServerRead"	"System.InvalidOperationException : docker compose failed with exit code 1. unable to get image 'postgres:16': failed to connect to the docker API at npipe:////./pipe/dockerDesktopLinuxEngine; check if the path is correct and if the daemon is running: open //./pipe/dockerDesktopLinuxEngine: The system cannot find the file specified."	"EXCLUDED_DIAGNOSTIC"	"a3_transport_expect_fence_failed_run_census_v1.tsv"	""	"Historical failed run retained with its prior canonical failed-run classification; it is not used by the current package."
"P04FR0183"	"server"	"tests/TagEkyc.IntegrationTests/TestResults/a3-expect-fence/a3-expect-fence-final-agent-finite-timeout-mutation.trx"	"F04C9869B11D036831BD63C288BAE15E18767EB01A8A3599C2151B35B28967EC"	"1"	"0"	"1"	"0"	"TagEkyc.IntegrationTests.Tip88C1C6BA3R2R6ClusterHttpTests.ExpectFence_DurableR1PrecedesAgentSerializationAndFirstServerRead"	"Assert.Equal() Failure: Values differ Expected: 0 Actual: 1"	"EVIDENCE_RED"	"a3_transport_expect_fence_failed_run_census_v1.tsv"	""	"Historical failed run retained with its prior canonical failed-run classification; it is not used by the current package."
"P04FR0184"	"server"	"tests/TagEkyc.IntegrationTests/TestResults/a3-expect-fence/a3-expect-fence-final-agent-no-expect-mutation.trx"	"F269341DF8A5D6AB9B38138E05A896AEEE5191C415D0CA0B52BC43F538E478C2"	"1"	"0"	"1"	"0"	"TagEkyc.IntegrationTests.Tip88C1C6BA3R2R6ClusterHttpTests.ExpectFence_DurableR1PrecedesAgentSerializationAndFirstServerRead"	"Assert.Equal() Failure: Values differ Expected: 0 Actual: 1"	"EVIDENCE_RED"	"a3_transport_expect_fence_failed_run_census_v1.tsv"	""	"Historical failed run retained with its prior canonical failed-run classification; it is not used by the current package."
"P04FR0185"	"server"	"tests/TagEkyc.IntegrationTests/TestResults/a3-expect-fence/a3-expect-fence-prebuffering-harness-mutation.trx"	"6E6DAF8DBCC3BF954984AC0A411AB552FB964132BE80FB5F66784D65677A291F"	"1"	"0"	"1"	"0"	"TagEkyc.IntegrationTests.Tip88C1C6BA3R2R6ClusterHttpTests.ExpectFence_DurableR1PrecedesAgentSerializationAndFirstServerRead"	"Assert.Equal() Failure: Values differ Expected: 0 Actual: 1"	"EVIDENCE_RED"	"a3_transport_expect_fence_failed_run_census_v1.tsv"	""	"Historical failed run retained with its prior canonical failed-run classification; it is not used by the current package."
"P04FR0186"	"server"	"tests/TagEkyc.IntegrationTests/TestResults/a3-expect-fence/a3-expect-fence-rollback-1024-1025-boundary.trx"	"040A91772AFFD72B5A2E80EDF56AC08542863BACC121C8A2EE275EED438B9D27"	"2"	"0"	"2"	"0"	"TagEkyc.IntegrationTests.Tip88C1C6BA3R2R6ClusterHttpTests.ExpectFence_RolledBackR1NeverReleasesAgentBody(bodyLength: 1024); TagEkyc.IntegrationTests.Tip88C1C6BA3R2R6ClusterHttpTests.ExpectFence_RolledBackR1NeverReleasesAgentBody(bodyLength: 1025)"	"Assert.Equal() Failure: Values differ Expected: 0 Actual: 1"	"SUPERSEDED_RED"	"a3_transport_expect_fence_failed_run_census_v1.tsv"	""	"Historical failed run retained with its prior canonical failed-run classification; it is not used by the current package."
"P04FR0187"	"server"	"tests/TagEkyc.IntegrationTests/TestResults/a3-expect-fence/a3-expect-fence-rollback-attempt-a1.trx"	"9474B5AB935EF394A9C6C4C5CA6DE39157A01F1B41AA419AC9282D7BD93E8A09"	"1"	"0"	"1"	"0"	"TagEkyc.IntegrationTests.Tip88C1C6BA3R2R6ClusterHttpTests.ExpectFence_RolledBackR1NeverReleasesAgentBody"	"Assert.True() Failure Expected: True Actual: False"	"EXCLUDED_DIAGNOSTIC"	"a3_transport_expect_fence_failed_run_census_v1.tsv"	""	"Historical failed run retained with its prior canonical failed-run classification; it is not used by the current package."
"P04FR0188"	"server"	"tests/TagEkyc.IntegrationTests/TestResults/a3-expect-fence/a3-expect-fence-rollback-attempt-a2.trx"	"C706CA52623FC1ED4B4CE21569E9849BDA9AB7CDB9406DFE0ACF18A97510B5ED"	"1"	"0"	"1"	"0"	"TagEkyc.IntegrationTests.Tip88C1C6BA3R2R6ClusterHttpTests.ExpectFence_RolledBackR1NeverReleasesAgentBody"	"Assert.True() Failure Expected: True Actual: False"	"EXCLUDED_DIAGNOSTIC"	"a3_transport_expect_fence_failed_run_census_v1.tsv"	""	"Historical failed run retained with its prior canonical failed-run classification; it is not used by the current package."
"P04FR0189"	"server"	"tests/TagEkyc.IntegrationTests/TestResults/a3-expect-fence/a3-expect-fence-rollback-attempt-a3.trx"	"38C6E4A701D52AB86607D76479FCA1385B7A56BB36FC84A74AC9484B468A0E2C"	"1"	"0"	"1"	"0"	"TagEkyc.IntegrationTests.Tip88C1C6BA3R2R6ClusterHttpTests.ExpectFence_RolledBackR1NeverReleasesAgentBody"	"Assert.Equal() Failure: Values differ Expected: 0 Actual: 1"	"SUPERSEDED_RED"	"a3_transport_expect_fence_failed_run_census_v1.tsv"	""	"Historical failed run retained with its prior canonical failed-run classification; it is not used by the current package."
"P04FR0190"	"server"	"tests/TagEkyc.IntegrationTests/TestResults/a3-expect-fence/a3-expect-fence-rollback-boundary-valid-fixture.trx"	"40147979F40F978C684D19301B544A4B441598DB685B05F87A8274BC58BFBD7C"	"2"	"1"	"1"	"0"	"TagEkyc.IntegrationTests.Tip88C1C6BA3R2R6ClusterHttpTests.ExpectFence_RolledBackR1NeverReleasesAgentBody(bodyLength: 1024)"	"Assert.Equal() Failure: Values differ Expected: 0 Actual: 1"	"REAL_PRODUCT_BLOCKER"	"a3_transport_expect_fence_failed_run_census_v1.tsv"	""	"Historical failed run retained with its prior canonical failed-run classification; it is not used by the current package."
"P04FR0191"	"server"	"tests/TagEkyc.IntegrationTests/TestResults/a3-expect-fence/a3-expect-fence-rollback-final-discovery.trx"	"024D5CAABC6FF404B9FBEC33C996FD5907E50C03306D16ECDA9135BD250F15E9"	"2"	"1"	"1"	"0"	"TagEkyc.IntegrationTests.Tip88C1C6BA3R2R6ClusterHttpTests.ExpectFence_RolledBackR1NeverReleasesAgentBody"	"Assert.Equal() Failure: Values differ Expected: 0 Actual: 1"	"SUPERSEDED_RED"	"a3_transport_expect_fence_failed_run_census_v1.tsv"	""	"Historical failed run retained with its prior canonical failed-run classification; it is not used by the current package."
"P04FR0192"	"server"	"tests/TagEkyc.IntegrationTests/TestResults/a3-expect-fence/a3-expect-fence-rollback-write-diagnostic.trx"	"AFE45F57DFC53FB409F4DD442E7EA51F991B0448F685E7ABD92FE221472DA0E3"	"2"	"1"	"1"	"0"	"TagEkyc.IntegrationTests.Tip88C1C6BA3R2R6ClusterHttpTests.ExpectFence_RolledBackR1NeverReleasesAgentBody"	"Assert.Equal() Failure: Values differ Expected: 0 Actual: 1"	"SUPERSEDED_RED"	"a3_transport_expect_fence_failed_run_census_v1.tsv"	""	"Historical failed run retained with its prior canonical failed-run classification; it is not used by the current package."
"P04FR0193"	"server"	"tests/TagEkyc.IntegrationTests/TestResults/a3-expect-fence/a3-expect-no-second-post-mutant-df426adf183540bdb818ef050c2960bc.trx"	"9A38E71FB0C3D722F5656D5B26BAAC20BC4C49078A6EB5319CAED8D940F98245"	"2"	"1"	"1"	"0"	"TagEkyc.IntegrationTests.Tip88C1C6BA3R2R6ClusterHttpTests.ExpectFence_StrictTlsKestrelDurableR1PrecedesFirstBodyRead(loseFinalResponse: True)"	"Assert.Throws() Failure: Exception type was not an exact match Expected: typeof(TagEkyc.CaptureAgent.Core.CaptureAgentFlowException) Actual: typeof(TagEkyc.CaptureAgent.Core.RawIngressTransportException) ---- TagEkyc.CaptureAgent.Core.RawIngressTransportException : RAW_TRANSPORT_CONNECTION_LOST -------- System.IO.IOException : Unable to read data from the transport connection: An existing connection was forcibly closed by the remote host.. ------------ System.Net.Sockets.SocketException : An existing connection was forcibly closed by the remote host."	"EXCLUDED_HISTORICAL_OUTSIDE_SLICE"	"WHOLE_REPO_SWEEP"	""	"Historical failed run is outside the bounded P04/site-qualification slice and is inventoried without being used as current evidence."
"P04FR0194"	"server"	"tests/TagEkyc.IntegrationTests/TestResults/a3-expect-fence/a3-expect-no-second-post-mutant-v2-f1a5fac3f41a4a94aea33d0b99b57249.trx"	"F79D9711961DF44BE9CE53C23C52DA548D17C1608CD56A4E6B09F57AA4947614"	"2"	"1"	"1"	"0"	"TagEkyc.IntegrationTests.Tip88C1C6BA3R2R6ClusterHttpTests.ExpectFence_StrictTlsKestrelDurableR1PrecedesFirstBodyRead(loseFinalResponse: True)"	"Assert.Equal() Failure: Values differ Expected: 1 Actual: 2"	"EXCLUDED_HISTORICAL_OUTSIDE_SLICE"	"WHOLE_REPO_SWEEP"	""	"Historical failed run is outside the bounded P04/site-qualification slice and is inventoried without being used as current evidence."
"P04FR0195"	"server"	"tests/TagEkyc.IntegrationTests/TestResults/a3-expect-fence/a3-expect-strict-linux-rollback.trx"	"7DAFA0CF58128A6B084344F4FA50D15CEE9BC2107FDA8357245DCFCEA5C2E606"	"3"	"0"	"3"	"0"	"TagEkyc.IntegrationTests.Tip88C1C6BA3R2R6ClusterHttpTests.ExpectFence_RolledBackR1NeverReleasesAgentBody(bodyLength: 1); TagEkyc.IntegrationTests.Tip88C1C6BA3R2R6ClusterHttpTests.ExpectFence_RolledBackR1NeverReleasesAgentBody(bodyLength: 1025); TagEkyc.IntegrationTests.Tip88C1C6BA3R2R6ClusterHttpTests.ExpectFence_RolledBackR1NeverReleasesAgentBody(bodyLength: 1024)"	"Assert.Throws() Failure: Exception type was not an exact match Expected: typeof(TagEkyc.CaptureAgent.Core.CaptureAgentFlowException) Actual: typeof(TagEkyc.CaptureAgent.Core.RawIngressTransportException) ---- TagEkyc.CaptureAgent.Core.RawIngressTransportException : RAW_TRANSPORT_TLS_IDENTITY_INVALID -------- System.Security.Authentication.AuthenticationException : The remote certificate is invalid because of errors in the certificate chain: RevocationStatusUnknown, OfflineRevocation"	"EXCLUDED_HISTORICAL_OUTSIDE_SLICE"	"WHOLE_REPO_SWEEP"	""	"Historical failed run is outside the bounded P04/site-qualification slice and is inventoried without being used as current evidence."
"P04FR0196"	"server"	"tests/TagEkyc.IntegrationTests/TestResults/a3-expect-fence/a3-expect-strict-tls-diagnostic-8a4c28a62437452389659d1305fde668.trx"	"D1A99F7176E70F726F4911D77C2C538538EFEE52C68E0E52296DB96DE110FC01"	"1"	"0"	"1"	"0"	"TagEkyc.IntegrationTests.Tip88C1C6BA3R2R6ClusterHttpTests.ExpectFence_StrictTlsKestrelDurableR1PrecedesFirstBodyRead"	"B/R1 gate not reached; transport=RAW_TRANSPORT_CONNECTION_LOST; stage=BeforeHeaders; copied=0"	"EXCLUDED_HISTORICAL_OUTSIDE_SLICE"	"WHOLE_REPO_SWEEP"	""	"Historical failed run is outside the bounded P04/site-qualification slice and is inventoried without being used as current evidence."
"P04FR0197"	"server"	"tests/TagEkyc.IntegrationTests/TestResults/a3-expect-fence/a3-expect-strict-tls-diagnostic-v2-7e11fc67234c4438aeed817f96d6422a.trx"	"42495A870FA57820C267E2CB1E8416BAD50E1A9021F17BD622344599C7330836"	"1"	"0"	"1"	"0"	"TagEkyc.IntegrationTests.Tip88C1C6BA3R2R6ClusterHttpTests.ExpectFence_StrictTlsKestrelDurableR1PrecedesFirstBodyRead"	"B/R1 gate not reached; transport=RAW_TRANSPORT_CONNECTION_LOST; stage=BeforeHeaders; copied=0; inner=IOException: Received an unexpected EOF or 0 bytes from the transport stream."	"EXCLUDED_HISTORICAL_OUTSIDE_SLICE"	"WHOLE_REPO_SWEEP"	""	"Historical failed run is outside the bounded P04/site-qualification slice and is inventoried without being used as current evidence."
"P04FR0198"	"server"	"tests/TagEkyc.IntegrationTests/TestResults/a3-expect-fence/a3-expect-strict-tls-joined-attempt-f15063b0247044ca84d4199d07ff58a2.trx"	"1EBEE4EE0F4BE5AB61096EC6484F14540EC26ABDCE4B2620467EC2BD0F530545"	"1"	"0"	"1"	"0"	"TagEkyc.IntegrationTests.Tip88C1C6BA3R2R6ClusterHttpTests.ExpectFence_StrictTlsKestrelDurableR1PrecedesFirstBodyRead"	"B/R1 did not reach the held pre-commit boundary."	"EXCLUDED_HISTORICAL_OUTSIDE_SLICE"	"WHOLE_REPO_SWEEP"	""	"Historical failed run is outside the bounded P04/site-qualification slice and is inventoried without being used as current evidence."
"P04FR0199"	"server"	"tests/TagEkyc.IntegrationTests/TestResults/a3-expect-fence/a3-site-qualification-a2-20260923010315-1.trx"	"C43C4B5DE25F6DEE2E200C3D1423F4287153600E61F298666747EB3FB9AE4AF3"	"1"	"0"	"1"	"0"	"TagEkyc.IntegrationTests.Tip88C1C6BA3R2R6ClusterHttpTests.ExpectFence_IntermediaryCannotQualifyBySendingItsOwnContinue"	"An intermediary-generated 100 released raw body before durable B/R1."	"EVIDENCE_RED_TEST_TOPOLOGY"	"CURRENT_SLICE"	""	"The F3 intermediary-generated 100 releases raw body before durable B/R1, so the executable site qualification must fail."
"P04FR0200"	"server"	"tests/TagEkyc.IntegrationTests/TestResults/a3-host-activated-diagnostic-v2.trx"	"59340F03A583C74F86E89DF384D8C8376C2E29023EBDC7BEFD0E645C0F4875E6"	"1"	"0"	"1"	"0"	"TagEkyc.IntegrationTests.Tip88C1C6BA3BrokerQualificationTests.OrdinaryProgramActivatedUsesExplicitSyntheticOwnersOnItsOwnGraph"	"Npgsql.NpgsqlException : Exception while reading from stream ---- System.IO.EndOfStreamException : Attempted to read past the end of the stream."	"EXCLUDED_HISTORICAL_OUTSIDE_SLICE"	"WHOLE_REPO_SWEEP"	""	"Historical failed run is outside the bounded P04/site-qualification slice and is inventoried without being used as current evidence."
"P04FR0201"	"server"	"tests/TagEkyc.IntegrationTests/TestResults/a3-host-activated-diagnostic.trx"	"F95BE28D827E7658664FF707D2869B9572E439507E3A11CF8AD3392DE89DCA98"	"1"	"0"	"1"	"0"	"TagEkyc.IntegrationTests.Tip88C1C6BA3BrokerQualificationTests.OrdinaryProgramActivatedUsesExplicitSyntheticOwnersOnItsOwnGraph"	"System.InvalidOperationException : RAW_EXPORT_SOURCE_CAPACITY_CONFIGURATION_INVALID"	"EXCLUDED_HISTORICAL_OUTSIDE_SLICE"	"WHOLE_REPO_SWEEP"	""	"Historical failed run is outside the bounded P04/site-qualification slice and is inventoried without being used as current evidence."
"P04FR0202"	"server"	"tests/TagEkyc.IntegrationTests/TestResults/a3-host-activated-v2.trx"	"0EAAE902A89AAB188A5FBA8232B046686F825535BD29996F88CCC3A44439C159"	"1"	"0"	"1"	"0"	"TagEkyc.IntegrationTests.Tip88C1C6BA3BrokerQualificationTests.OrdinaryProgramActivatedUsesExplicitSyntheticOwnersOnItsOwnGraph"	"System.InvalidOperationException : CAPTURE_RUNTIME_STARTUP_NOT_READY"	"EXCLUDED_HISTORICAL_OUTSIDE_SLICE"	"WHOLE_REPO_SWEEP"	""	"Historical failed run is outside the bounded P04/site-qualification slice and is inventoried without being used as current evidence."
"P04FR0203"	"server"	"tests/TagEkyc.IntegrationTests/TestResults/a3-host-graph-green.trx"	"5E5CF3F8F2ED50F71F5507E615DD9B3D760315C4A5D4CE003CE2CDA417A5D9D7"	"3"	"1"	"2"	"0"	"TagEkyc.IntegrationTests.Tip88C1C6BA3ApiHostGraphTests.OrdinaryProgramActivatedWithoutExplicitOwnersOrProvidersFailsBeforeRoutesStart; TagEkyc.IntegrationTests.Tip88C1C6BA3ApiHostGraphTests.OrdinaryProgramPreparedHostRegistersA3PortsWithoutConstructingOwners"	"Assert.Contains() Failure: Sub-string not found String: ""System.AggregateException: Some services ""··· Not found: ""CAPTURE_RUNTIME_STARTUP_NOT_READY"""	"EXCLUDED_HISTORICAL_OUTSIDE_SLICE"	"WHOLE_REPO_SWEEP"	""	"Historical failed run is outside the bounded P04/site-qualification slice and is inventoried without being used as current evidence."
"P04FR0204"	"server"	"tests/TagEkyc.IntegrationTests/TestResults/a3-host-graph-red.trx"	"CB84DFDAA6761312A83D284D4FDD2E4C39DFA9ACF3A460A70F514C2D504B8742"	"2"	"1"	"1"	"0"	"TagEkyc.IntegrationTests.Tip88C1C6BA3ApiHostGraphTests.OrdinaryProgramPreparedHostRegistersA3PortsWithoutConstructingOwners"	"System.InvalidOperationException : No service for type 'TagEkyc.Application.Ports.ICaptureRuntimeRawIngressAdmission' has been registered."	"EXCLUDED_HISTORICAL_OUTSIDE_SLICE"	"WHOLE_REPO_SWEEP"	""	"Historical failed run is outside the bounded P04/site-qualification slice and is inventoried without being used as current evidence."
"P04FR0205"	"server"	"tests/TagEkyc.IntegrationTests/TestResults/a3-host-graph-registration-red.trx"	"BF27791C575D93C8AF1D5416F567E0DC4161A8C1DD6396BBCA37CEA5DF6FAFF6"	"1"	"0"	"1"	"0"	"TagEkyc.IntegrationTests.Tip88C1C6BA3ApiHostGraphTests.OrdinaryProgramPreparedHostRegistersA3PortsWithoutConstructingOwners"	"System.InvalidOperationException : No service for type 'TagEkyc.Application.Ports.ICaptureRuntimeRawIngressAdmission' has been registered."	"EXCLUDED_HISTORICAL_OUTSIDE_SLICE"	"WHOLE_REPO_SWEEP"	""	"Historical failed run is outside the bounded P04/site-qualification slice and is inventoried without being used as current evidence."
"P04FR0206"	"server"	"tests/TagEkyc.IntegrationTests/TestResults/a3-migration-population-race.trx"	"B165AE0077B663132FE1AB717D3FEDD0F2BF10A1F7B4920FDF6848180868882E"	"5"	"4"	"1"	"0"	"TagEkyc.IntegrationTests.Tip88C1C6BA3MigrationTests.A3_MigrationPopulationGuard_WaitsForWriterThenRejectsWithoutLoss(down: False)"	"Assert.Equal() Failure: Strings differ ↓ (pos 0) Expected: ""CREATED"" Actual: ""INVALID_INPUT"" ↑ (pos 0)"	"EXCLUDED_HISTORICAL_OUTSIDE_SLICE"	"WHOLE_REPO_SWEEP"	""	"Historical failed run is outside the bounded P04/site-qualification slice and is inventoried without being used as current evidence."
"P04FR0207"	"server"	"tests/TagEkyc.IntegrationTests/TestResults/a3-p04-p05/a3-p05-current-guard-mutant.trx"	"067B68168EBEA7B98E280F31C0DF0F6B3CE46F9229F0C2F3147C877912536B37"	"1"	"0"	"1"	"0"	"TagEkyc.IntegrationTests.Tip88C1C6BA3BrokerAdmissionClusterTests.P05_ExistingEvaluatingShellSurvivesCapabilityLossAndSameLeaseRetry"	"Assert.Equal() Failure: Strings differ ↓ (pos 22) Expected: ""RAW_EXPORT_SOURCE_CAPABILITY_UNAVAILABLE"" Actual: ""RAW_EXPORT_SOURCE_CAPACITY_UNAVAILABLE"" ↑ (pos 22)"	"EXCLUDED_HISTORICAL_OUTSIDE_SLICE"	"WHOLE_REPO_SWEEP"	""	"Historical failed run is outside the bounded P04/site-qualification slice and is inventoried without being used as current evidence."
"P04FR0208"	"server"	"tests/TagEkyc.IntegrationTests/TestResults/a3-p04-p05/a3-p05-existing-shell-guard-mutant.trx"	"59C34857713DBD4C80281F29593E2232C1CB365707C027407AC614B64F11566C"	"1"	"0"	"1"	"0"	"TagEkyc.IntegrationTests.Tip88C1C6BA3BrokerAdmissionClusterTests.P05_ExistingEvaluatingShellSurvivesCapabilityLossAndSameLeaseRetry"	"Assert.Equal() Failure: Strings differ ↓ (pos 22) Expected: ""RAW_EXPORT_SOURCE_CAPABILITY_UNAVAILABLE"" Actual: ""RAW_EXPORT_SOURCE_CAPACITY_UNAVAILABLE"" ↑ (pos 22)"	"EXCLUDED_HISTORICAL_OUTSIDE_SLICE"	"WHOLE_REPO_SWEEP"	""	"Historical failed run is outside the bounded P04/site-qualification slice and is inventoried without being used as current evidence."
"P04FR0209"	"server"	"tests/TagEkyc.IntegrationTests/TestResults/a3-p04-p05/a3-p05-final-guard-mutant.trx"	"1DDD464A73705A6808BBC043FA1BBA66CD6AE121C666FCD44497BC972F296A8F"	"1"	"0"	"1"	"0"	"TagEkyc.IntegrationTests.Tip88C1C6BA3BrokerAdmissionClusterTests.P05_ExistingEvaluatingShellSurvivesCapabilityLossAndSameLeaseRetry"	"Assert.Equal() Failure: Strings differ ↓ (pos 22) Expected: ""RAW_EXPORT_SOURCE_CAPABILITY_UNAVAILABLE"" Actual: ""RAW_EXPORT_SOURCE_CAPACITY_UNAVAILABLE"" ↑ (pos 22)"	"EXCLUDED_HISTORICAL_OUTSIDE_SLICE"	"WHOLE_REPO_SWEEP"	""	"Historical failed run is outside the bounded P04/site-qualification slice and is inventoried without being used as current evidence."
"P04FR0210"	"server"	"tests/TagEkyc.IntegrationTests/TestResults/a3-p04/a3-p04-contract-a2.trx"	"74365371C60FE18FA0DA6EE87DFFB71976298DFB5DE034BEDD955B3652D6F9A5"	"2"	"1"	"1"	"0"	"TagEkyc.IntegrationTests.Tip88C1C6BA1RawIngressBoundaryTests.P04_AuthenticatedContentEncodingReturnsExactO04WithoutR1OrBodyRead"	"Assert.Equal() Failure: Values differ Expected: 400 Actual: 200"	"EVIDENCE_RED"	"CURRENT_SLICE"	"a3-p04-contract-a5.trx"	"Removing only the Content-Encoding arm makes only its named case fail."
"P04FR0211"	"server"	"tests/TagEkyc.IntegrationTests/TestResults/a3-p04/a3-p04-contract-a3.trx"	"8534B3D86691311D370221CA42EE63A4C0F449B7AEDD805BC088039318420485"	"2"	"1"	"1"	"0"	"TagEkyc.IntegrationTests.Tip88C1C6BA1RawIngressBoundaryTests.P04_AuthenticatedTrailerReturnsExactO04WithoutR1OrBodyRead"	"Assert.Equal() Failure: Values differ Expected: 400 Actual: 200"	"EVIDENCE_RED"	"CURRENT_SLICE"	"a3-p04-contract-a5.trx"	"Removing only the Trailer arm makes only its named case fail."
"P04FR0212"	"server"	"tests/TagEkyc.IntegrationTests/TestResults/a3-p04/a3-p04-contract-a4.trx"	"FC828204758FEB5F6C6EEA04B600E3CEB60D254C778DF38C3D337655EBC68A9E"	"1"	"0"	"1"	"0"	"TagEkyc.IntegrationTests.Tip88C1C6BA1RawIngressBoundaryTests.P04_TransferEncodingIsGenericPreAuthenticationRejectionWithoutCommittedNonce"	"Assert.Equal() Failure: Values differ Expected: 0 Actual: 1"	"EVIDENCE_RED"	"CURRENT_SLICE"	"a3-p04-contract-a5.trx"	"Moving framing rejection after authentication commits one nonce and fails the independent database assertion."
"P04FR0213"	"server"	"tests/TagEkyc.IntegrationTests/TestResults/a3-p04/a3-p04-startup-a3.trx"	"BF24130532465AAA254A6100CEA8F6FF1F4E370BF0C702E888A4B1B5D93988B2"	"12"	"11"	"1"	"0"	"TagEkyc.IntegrationTests.Tip88C1C6BA3ApiHostGraphTests.ActivatedWithCurrentGeneratedScopeSealStillFailsIncomplete"	"Assert.Contains() Failure: Sub-string not found String: ""System.InvalidOperationException: CAPTURE""··· Not found: ""CAPTURE_RUNTIME_ACTIVATION_EVIDENCE_INCOM""···"	"EXCLUDED_DIAGNOSTIC"	"CURRENT_SLICE"	"a3-p04-startup-a5.trx"	"The current generated seal correctly became INVALID after current source and evidence bytes drifted; the test preserves the stronger INCOMPLETE expectation and was not weakened."
"P04FR0214"	"server"	"tests/TagEkyc.IntegrationTests/TestResults/a3-p07-boundary-baseline-red.trx"	"E66F8B0926D87D9C7C30306A59B998A8222D20A7DDF4D51A0775130F240F7AEA"	"4"	"3"	"1"	"0"	"TagEkyc.IntegrationTests.Tip88C1B2CoreTests.C1B2CORE_server_cap_requires_strictly_more_than_deadline_plus_safety(maximumContinuationSeconds: 31, expectRetentionInvalid: True)"	"Assert.Equal() Failure: Values differ Expected: PlaintextRetentionInvalid Actual: NewReservation"	"EXCLUDED_DIAGNOSTIC"	"a3_broker_admission_failed_run_census.tsv"	""	"Historical failed run retained with its prior canonical failed-run classification; it is not used by the current package."
"P04FR0215"	"server"	"tests/TagEkyc.IntegrationTests/TestResults/a3-p07-strict-comparator-mutant-red.trx"	"F2BCB9B4679F9A39610E5863B0858EDA9C730DEF28276FF420DE957E3CA6EE1C"	"4"	"3"	"1"	"0"	"TagEkyc.IntegrationTests.Tip88C1B2CoreTests.C1B2CORE_server_cap_requires_strictly_more_than_deadline_plus_safety(maximumContinuationSeconds: 31, expectRetentionInvalid: True)"	"Assert.Equal() Failure: Values differ Expected: PlaintextRetentionInvalid Actual: NewReservation"	"EVIDENCE_RED"	"a3_broker_admission_failed_run_census.tsv"	""	"Historical failed run retained with its prior canonical failed-run classification; it is not used by the current package."
"P04FR0216"	"server"	"tests/TagEkyc.IntegrationTests/TestResults/a3-p08-capacity-guard-red.trx"	"EA41B0F7FAB60E9C928679270F361881CA81CF040C7EBEF46696A6074E62E8AA"	"1"	"0"	"1"	"0"	"TagEkyc.IntegrationTests.Tip88C1C6BA3PublicAdmissionFacadeTests.A3_S02_O08_ExactOutcomeShapeStatusAndResidue"	"Assert.Equal() Failure: Values differ Expected: CapacityUnavailable Actual: BindingInvalid"	"EXCLUDED_HISTORICAL_OUTSIDE_SLICE"	"WHOLE_REPO_SWEEP"	""	"Historical failed run is outside the bounded P04/site-qualification slice and is inventoried without being used as current evidence."
"P04FR0217"	"server"	"tests/TagEkyc.IntegrationTests/TestResults/a3-p09-final-restored-green.trx"	"2C962A3B3CAAF1B9F6223F9A925207240D3A119A9EA131EAC1347BF155205A73"	"6"	"0"	"6"	"0"	"TagEkyc.IntegrationTests.Tip88C1C6BA3BrokerTransactionTests.BrokerUsesOneTransactionAndDerivedActor(scenario: ""extended-bounds""); TagEkyc.IntegrationTests.Tip88C1C6BA3BrokerTransactionTests.BrokerUsesOneTransactionAndDerivedActor(scenario: ""success""); TagEkyc.IntegrationTests.Tip88C1C6BA3BrokerTransactionTests.BrokerUsesOneTransactionAndDerivedActor(scenario: ""http-commit-failure""); TagEkyc.IntegrationTests.Tip88C1C6BA3BrokerTransactionTests.BrokerUsesOneTransactionAndDerivedActor(scenario: ""commit-failure""); TagEkyc.IntegrationTests.Tip88C1C6BA3BrokerTransactionTests.BrokerUsesOneTransactionAndDerivedActor(scenario: ""http-success""); TagEkyc.IntegrationTests.Tip88C1C6BA3BrokerTransactionTests.BrokerUsesOneTransactionAndDerivedActor(scenario: ""preflight-failure"")"	"Npgsql.NpgsqlException : Exception while reading from stream ---- System.IO.IOException : Unable to read data from the transport connection: An established connection was aborted by the software in your host machine.. -------- System.Net.Sockets.SocketException : An established connection was aborted by the software in your host machine."	"EXCLUDED_HISTORICAL_OUTSIDE_SLICE"	"WHOLE_REPO_SWEEP"	""	"Historical failed run is outside the bounded P04/site-qualification slice and is inventoried without being used as current evidence."
"P04FR0218"	"server"	"tests/TagEkyc.IntegrationTests/TestResults/a3-p09-mutant-targeted-red-v2.trx"	"4F4FE8D0025F794E7A158D35F8E62B2043F0EFB5474ABABDAD016B16E2472CD4"	"6"	"3"	"3"	"0"	"TagEkyc.IntegrationTests.Tip88C1C6BA3BrokerTransactionTests.BrokerUsesOneTransactionAndDerivedActor(scenario: ""http-success""); TagEkyc.IntegrationTests.Tip88C1C6BA3BrokerTransactionTests.BrokerUsesOneTransactionAndDerivedActor(scenario: ""success""); TagEkyc.IntegrationTests.Tip88C1C6BA3BrokerTransactionTests.BrokerUsesOneTransactionAndDerivedActor(scenario: ""extended-bounds"")"	"Assert.Equal() Failure: Values differ Expected: IdempotencyBusy Actual: CapacityUnavailable"	"EXCLUDED_HISTORICAL_OUTSIDE_SLICE"	"WHOLE_REPO_SWEEP"	""	"Historical failed run is outside the bounded P04/site-qualification slice and is inventoried without being used as current evidence."
"P04FR0219"	"server"	"tests/TagEkyc.IntegrationTests/TestResults/a3-p09-projection-mutant-red.trx"	"309D17B070A0271BC68244F546948149444877223EA00F805AC242D9740863B3"	"6"	"0"	"6"	"0"	"TagEkyc.IntegrationTests.Tip88C1C6BA3BrokerTransactionTests.BrokerUsesOneTransactionAndDerivedActor(scenario: ""preflight-failure""); TagEkyc.IntegrationTests.Tip88C1C6BA3BrokerTransactionTests.BrokerUsesOneTransactionAndDerivedActor(scenario: ""success""); TagEkyc.IntegrationTests.Tip88C1C6BA3BrokerTransactionTests.BrokerUsesOneTransactionAndDerivedActor(scenario: ""http-success""); TagEkyc.IntegrationTests.Tip88C1C6BA3BrokerTransactionTests.BrokerUsesOneTransactionAndDerivedActor(scenario: ""http-commit-failure""); TagEkyc.IntegrationTests.Tip88C1C6BA3BrokerTransactionTests.BrokerUsesOneTransactionAndDerivedActor(scenario: ""extended-bounds""); TagEkyc.IntegrationTests.Tip88C1C6BA3BrokerTransactionTests.BrokerUsesOneTransactionAndDerivedActor(scenario: ""commit-failure"")"	"Npgsql.NpgsqlException : Exception while reading from stream ---- System.IO.EndOfStreamException : Attempted to read past the end of the stream."	"EXCLUDED_HISTORICAL_OUTSIDE_SLICE"	"WHOLE_REPO_SWEEP"	""	"Historical failed run is outside the bounded P04/site-qualification slice and is inventoried without being used as current evidence."
"P04FR0220"	"server"	"tests/TagEkyc.IntegrationTests/TestResults/a3-p09-restored-environment-check.trx"	"3D5429BC7E0ED79E1AA91B9B46E1A6F9FD9B1E67B19958B68B4F08340F8E2235"	"6"	"3"	"3"	"0"	"TagEkyc.IntegrationTests.Tip88C1C6BA3BrokerTransactionTests.BrokerUsesOneTransactionAndDerivedActor(scenario: ""http-success""); TagEkyc.IntegrationTests.Tip88C1C6BA3BrokerTransactionTests.BrokerUsesOneTransactionAndDerivedActor(scenario: ""success""); TagEkyc.IntegrationTests.Tip88C1C6BA3BrokerTransactionTests.BrokerUsesOneTransactionAndDerivedActor(scenario: ""extended-bounds"")"	"Assert.Equal() Failure: Values differ Expected: IdempotencyBusy Actual: CapacityUnavailable"	"EXCLUDED_HISTORICAL_OUTSIDE_SLICE"	"WHOLE_REPO_SWEEP"	""	"Historical failed run is outside the bounded P04/site-qualification slice and is inventoried without being used as current evidence."
"P04FR0221"	"server"	"tests/TagEkyc.IntegrationTests/TestResults/a3-p15-tombstone-residue-focused.trx"	"DBD4FDC19C5FD8BA12D1A0361BEB049CDC5CE6C9B47E6029B4D3867102C28602"	"6"	"0"	"6"	"0"	"TagEkyc.IntegrationTests.Tip88C1C6BA3BrokerTransactionTests.BrokerUsesOneTransactionAndDerivedActor(scenario: ""http-commit-failure""); TagEkyc.IntegrationTests.Tip88C1C6BA3BrokerTransactionTests.BrokerUsesOneTransactionAndDerivedActor(scenario: ""commit-failure""); TagEkyc.IntegrationTests.Tip88C1C6BA3BrokerTransactionTests.BrokerUsesOneTransactionAndDerivedActor(scenario: ""http-success""); TagEkyc.IntegrationTests.Tip88C1C6BA3BrokerTransactionTests.BrokerUsesOneTransactionAndDerivedActor(scenario: ""extended-bounds""); TagEkyc.IntegrationTests.Tip88C1C6BA3BrokerTransactionTests.BrokerUsesOneTransactionAndDerivedActor(scenario: ""success""); TagEkyc.IntegrationTests.Tip88C1C6BA3BrokerTransactionTests.BrokerUsesOneTransactionAndDerivedActor(scenario: ""preflight-failure"")"	"Npgsql.NpgsqlException : Exception while reading from stream ---- System.IO.EndOfStreamException : Attempted to read past the end of the stream."	"EXCLUDED_HISTORICAL_OUTSIDE_SLICE"	"WHOLE_REPO_SWEEP"	""	"Historical failed run is outside the bounded P04/site-qualification slice and is inventoried without being used as current evidence."
"P04FR0222"	"server"	"tests/TagEkyc.IntegrationTests/TestResults/a3-p15-tombstone-sql-red.trx"	"FF4D963CB216AE1279503E12B827A55AAEA807D76FF27C285A4B93D49984FC5E"	"6"	"3"	"3"	"0"	"TagEkyc.IntegrationTests.Tip88C1C6BA3BrokerTransactionTests.BrokerUsesOneTransactionAndDerivedActor(scenario: ""success""); TagEkyc.IntegrationTests.Tip88C1C6BA3BrokerTransactionTests.BrokerUsesOneTransactionAndDerivedActor(scenario: ""extended-bounds""); TagEkyc.IntegrationTests.Tip88C1C6BA3BrokerTransactionTests.BrokerUsesOneTransactionAndDerivedActor(scenario: ""http-success"")"	"Assert.Equal() Failure: Strings differ ↓ (pos 0) Expected: ""ConflictTombstone"" Actual: ""Bound"" ↑ (pos 0)"	"EXCLUDED_HISTORICAL_OUTSIDE_SLICE"	"WHOLE_REPO_SWEEP"	""	"Historical failed run is outside the bounded P04/site-qualification slice and is inventoried without being used as current evidence."
"P04FR0223"	"server"	"tests/TagEkyc.IntegrationTests/TestResults/a3-p16-prelease-guard-red.trx"	"A9648F2698217597259391E4027BCAFE3B0D6F86522466131DCB6873DFD03B84"	"1"	"0"	"1"	"0"	"TagEkyc.IntegrationTests.Tip88C1C6BA3R2TerminalProjectionTests.Re01_LostR1RetryAppendsOneFreshAttemptAndRenewsOnlyDerivedLease"	"Assert.IsType() Failure: Value is not the exact type Expected: typeof(TagEkyc.Contracts.RawExport.RawIngressBrokerResult+Handoff) Actual: typeof(TagEkyc.Contracts.RawExport.RawIngressBrokerResult+Final)"	"EXCLUDED_HISTORICAL_OUTSIDE_SLICE"	"WHOLE_REPO_SWEEP"	""	"Historical failed run is outside the bounded P04/site-qualification slice and is inventoried without being used as current evidence."
"P04FR0224"	"server"	"tests/TagEkyc.IntegrationTests/TestResults/a3-p16-state-gate-red-v2.trx"	"D0ECF78F2C25E70D78F5E5C97841FE868ADE804A91272D5655393287F88E306B"	"1"	"0"	"1"	"0"	"TagEkyc.IntegrationTests.Tip88C1C6BA3R2TerminalProjectionTests.Re01_LostR1RetryAppendsOneFreshAttemptAndRenewsOnlyDerivedLease"	"Npgsql.PostgresException : P0001: A3_REENTRY_STATE_INVALID"	"EXCLUDED_HISTORICAL_OUTSIDE_SLICE"	"WHOLE_REPO_SWEEP"	""	"Historical failed run is outside the bounded P04/site-qualification slice and is inventoried without being used as current evidence."
"P04FR0225"	"server"	"tests/TagEkyc.IntegrationTests/TestResults/a3-p16-state-gate-red.trx"	"1855810D9AD6AD07C5E362AAC0DBCC6DB4F5B2E07A6B6653D73CF19735ED6D91"	"1"	"0"	"1"	"0"	"TagEkyc.IntegrationTests.Tip88C1C6BA3R2TerminalProjectionTests.Re01_LostR1RetryAppendsOneFreshAttemptAndRenewsOnlyDerivedLease"	"System.InvalidOperationException : docker compose failed with exit code 1. unable to get image 'postgres:16': failed to connect to the docker API at npipe:////./pipe/dockerDesktopLinuxEngine; check if the path is correct and if the daemon is running: open //./pipe/dockerDesktopLinuxEngine: The system cannot find the file specified."	"EXCLUDED_HISTORICAL_OUTSIDE_SLICE"	"WHOLE_REPO_SWEEP"	""	"Historical failed run is outside the bounded P04/site-qualification slice and is inventoried without being used as current evidence."
"P04FR0226"	"server"	"tests/TagEkyc.IntegrationTests/TestResults/a3-p25-invalid-parser-red.trx"	"7965C7ADF22E8B71007F4B885598E57AB0C367CF495057C2C3F648AD4FE71F1B"	"1"	"0"	"1"	"0"	"TagEkyc.IntegrationTests.Tip88C1C6BA3BrokerQualificationTests.OrdinaryProgramActivatedInvalidCapacityStopsBeforeAnyIngress"	"Assert.ThrowsAny() Failure: No exception was thrown Expected: typeof(System.Exception)"	"EXCLUDED_HISTORICAL_OUTSIDE_SLICE"	"WHOLE_REPO_SWEEP"	""	"Historical failed run is outside the bounded P04/site-qualification slice and is inventoried without being used as current evidence."
"P04FR0227"	"server"	"tests/TagEkyc.IntegrationTests/TestResults/a3-p25-owner-window-red.trx"	"1207710BCD61C33782B3FD0FBD374B51537EA854EE75827A692D7DE255AB318D"	"1"	"0"	"1"	"0"	"TagEkyc.IntegrationTests.Tip88C1C6BA3BrokerQualificationTests.OrdinaryProgramActivatedInvalidCapacityStopsBeforeAnyIngress"	"Assert.ThrowsAny() Failure: No exception was thrown Expected: typeof(System.Exception)"	"EXCLUDED_HISTORICAL_OUTSIDE_SLICE"	"WHOLE_REPO_SWEEP"	""	"Historical failed run is outside the bounded P04/site-qualification slice and is inventoried without being used as current evidence."
"P04FR0228"	"server"	"tests/TagEkyc.IntegrationTests/TestResults/a3-p25-relational-baseline-red.trx"	"7310E63DEF03381F2C94A45C4980D836D1AA533E7AAB5AA21D91B560760DC1F2"	"1"	"0"	"1"	"0"	"TagEkyc.IntegrationTests.Tip88C1C6BA3BrokerQualificationTests.OrdinaryProgramActivatedInvalidCapacityStopsBeforeAnyIngress"	"Assert.ThrowsAny() Failure: No exception was thrown Expected: typeof(System.Exception)"	"EXCLUDED_HISTORICAL_OUTSIDE_SLICE"	"WHOLE_REPO_SWEEP"	""	"Historical failed run is outside the bounded P04/site-qualification slice and is inventoried without being used as current evidence."
"P04FR0229"	"server"	"tests/TagEkyc.IntegrationTests/TestResults/a3-p25-zero-guard-red.trx"	"377B7C62A2B270CD27A267587F7C40DF441FB40F312362D2A2939728CDA030DA"	"1"	"0"	"1"	"0"	"TagEkyc.IntegrationTests.Tip88C1C6BA3BrokerQualificationTests.OrdinaryProgramActivatedInvalidCapacityStopsBeforeAnyIngress"	"Assert.ThrowsAny() Failure: No exception was thrown Expected: typeof(System.Exception)"	"EXCLUDED_HISTORICAL_OUTSIDE_SLICE"	"WHOLE_REPO_SWEEP"	""	"Historical failed run is outside the bounded P04/site-qualification slice and is inventoried without being used as current evidence."
"P04FR0230"	"server"	"tests/TagEkyc.IntegrationTests/TestResults/a3-p26-host-guard-red.trx"	"AE6902B2B97EB82BBA3C1F73A4505623BFECADA1034B256A999FDEAEE8258925"	"1"	"0"	"1"	"0"	"TagEkyc.IntegrationTests.Tip88C1C6BA3BrokerHttpTests.PrivatePeerBoundaryCannotBeSpoofedByForwardedHeader"	"Assert.Equal() Failure: Values differ Expected: Forbidden Actual: OK"	"EXCLUDED_HISTORICAL_OUTSIDE_SLICE"	"WHOLE_REPO_SWEEP"	""	"Historical failed run is outside the bounded P04/site-qualification slice and is inventoried without being used as current evidence."
"P04FR0231"	"server"	"tests/TagEkyc.IntegrationTests/TestResults/a3-p26-peer-guard-red.trx"	"CA1EBF28AF7742CB70CB2637EA196E1B53CD32CCD9E50C562198812911523286"	"1"	"0"	"1"	"0"	"TagEkyc.IntegrationTests.Tip88C1C6BA3BrokerHttpTests.PrivatePeerBoundaryCannotBeSpoofedByForwardedHeader"	"Assert.Equal() Failure: Values differ Expected: Forbidden Actual: OK"	"EXCLUDED_HISTORICAL_OUTSIDE_SLICE"	"WHOLE_REPO_SWEEP"	""	"Historical failed run is outside the bounded P04/site-qualification slice and is inventoried without being used as current evidence."
"P04FR0232"	"server"	"tests/TagEkyc.IntegrationTests/TestResults/a3-p3-o11-projection-red.trx"	"0370E520B0D7904D414FE58C1D20152FFD3BAA8B1AF381F460400AFE9417FBDF"	"6"	"3"	"3"	"0"	"TagEkyc.IntegrationTests.Tip88C1C6BA3BrokerTransactionTests.BrokerUsesOneTransactionAndDerivedActor(scenario: ""http-success""); TagEkyc.IntegrationTests.Tip88C1C6BA3BrokerTransactionTests.BrokerUsesOneTransactionAndDerivedActor(scenario: ""success""); TagEkyc.IntegrationTests.Tip88C1C6BA3BrokerTransactionTests.BrokerUsesOneTransactionAndDerivedActor(scenario: ""extended-bounds"")"	"Assert.Equal() Failure: Values differ Expected: ClaimTokenInvalid Actual: BindingInvalid"	"EXCLUDED_HISTORICAL_OUTSIDE_SLICE"	"WHOLE_REPO_SWEEP"	""	"Historical failed run is outside the bounded P04/site-qualification slice and is inventoried without being used as current evidence."
"P04FR0233"	"server"	"tests/TagEkyc.IntegrationTests/TestResults/a3-p3-outcome-shape-red.trx"	"1F82262DB4AC6410910B68B7E05A3A15C24FFACFE6DE36E084C925029DF9A3F4"	"2"	"0"	"2"	"0"	"TagEkyc.IntegrationTests.Tip88C1C6BA3BrokerTransactionTests.BrokerUsesOneTransactionAndDerivedActor(scenario: ""success""); TagEkyc.IntegrationTests.Tip88C1C6BA3BrokerTransactionTests.BrokerUsesOneTransactionAndDerivedActor(scenario: ""http-success"")"	"Assert.Equal() Failure: Values differ Expected: CaptureAgentFinalResult { OutcomeCode = RAW_EXPORT_SOURCE_RESERVATION_BUSY, SourceArtifactId = , CurrentSourceState = , CurrentDisposition = , RetryNotBeforeUtc = } Actual: CaptureAgentFinalResult { OutcomeCode = RAW_EXPORT_SOURCE_RESERVATION_BUSY, SourceArtifactId = 3af1755f-d218-4943-85be-e717c5e095dc, CurrentSourceState = , CurrentDisposition = , RetryNotBeforeUtc = }"	"EXCLUDED_HISTORICAL_OUTSIDE_SLICE"	"WHOLE_REPO_SWEEP"	""	"Historical failed run is outside the bounded P04/site-qualification slice and is inventoried without being used as current evidence."
"P04FR0234"	"server"	"tests/TagEkyc.IntegrationTests/TestResults/a3-preflight-envelope-red.trx"	"BBD2D1DDA4388CFFCA00700B64DA637375D8519348F2AC39D68583278427ED60"	"9"	"7"	"2"	"0"	"TagEkyc.IntegrationTests.Tip88C1C6BA3BrokerPipelineTests.LockedEnvelopeMismatchCallsNoProvider(change: ""length""); TagEkyc.IntegrationTests.Tip88C1C6BA3BrokerPipelineTests.LockedEnvelopeMismatchCallsNoProvider(change: ""envelope"")"	"Assert.Null() Failure: Value is not null Expected: null Actual: SourceClaimPreflightResult { ProducerEnvelopeFingerprint = System.Byte[], ContentCommitment = System.Byte[], SubjectToken = System.Byte[], NonceSeedCommitment = System.Byte[], FramingParametersDigest = System.Byte[] }"	"EXCLUDED_HISTORICAL_OUTSIDE_SLICE"	"WHOLE_REPO_SWEEP"	""	"Historical failed run is outside the bounded P04/site-qualification slice and is inventoried without being used as current evidence."
"P04FR0235"	"server"	"tests/TagEkyc.IntegrationTests/TestResults/a3-preflight-legacy-baseline.trx"	"9460193DDA3B6586B905AB791C633DF2C46443AE3697166A462899853C945499"	"11"	"10"	"1"	"0"	"TagEkyc.IntegrationTests.Tip88C1B2CoreTests.C1B2CORE_new_candidate_commits_full_recovery_context_atomically"	"Npgsql.PostgresException : 42703: column r.R2TerminalIntentAtUtc does not exist POSITION: 475"	"EXCLUDED_HISTORICAL_OUTSIDE_SLICE"	"WHOLE_REPO_SWEEP"	""	"Historical failed run is outside the bounded P04/site-qualification slice and is inventoried without being used as current evidence."
"P04FR0236"	"server"	"tests/TagEkyc.IntegrationTests/TestResults/a3-preflight-restored-regression-rerun.trx"	"3D74B0A1B3705F36CF37B062DC920608E39A09E69C9B82576E19789848C53011"	"108"	"107"	"1"	"0"	"TagEkyc.IntegrationTests.Tip88C1B2CoreTests.C1B2CORE_new_candidate_commits_full_recovery_context_atomically"	"Npgsql.PostgresException : 42703: column r.R2TerminalIntentAtUtc does not exist POSITION: 475"	"EXCLUDED_HISTORICAL_OUTSIDE_SLICE"	"WHOLE_REPO_SWEEP"	""	"Historical failed run is outside the bounded P04/site-qualification slice and is inventoried without being used as current evidence."
"P04FR0237"	"server"	"tests/TagEkyc.IntegrationTests/TestResults/a3-preflight-restored-regression.trx"	"290AAAE1E43DBD5CD8F98D8ECA7BE50978F2C75FEA930160E939AFECB66F6D28"	"108"	"9"	"99"	"0"	"TagEkyc.IntegrationTests.Tip88C1C6BA3ConsentRetentionTests.E01_RequestCannotInjectClientIdentity(member: ""principalId""); TagEkyc.IntegrationTests.Tip88C1C6BA3CapabilityLineageTests.A3_R20_PrincipalPartitionAndSecretOnceReplay; TagEkyc.IntegrationTests.Tip88C1C6BA3RetentionCheckpointTests.A3_RetainedCompletion_UsesExistingConsentWithoutEarlyExport(completed: False, withdrawn: True); TagEkyc.IntegrationTests.Tip88C1B2CoreTests.C1B2CORE_nonce_and_framing_codecs_are_pinned_and_plaintext_digest_is_absent; TagEkyc.IntegrationTests.Tip88C1C6BA3RetentionCheckpointTests.A3_RetainedStages_RealCiphertextPreservesWithdrawalResidue(checkpoint: 4, withdrawn: False); TagEkyc.IntegrationTests.Tip88C1C6BA3ConsentRetentionTests.E01_CrossClientBindingMutationRejects(changeSession: True); TagEkyc.IntegrationTests.Tip88C1C6BA3RetentionCheckpointTests.A3_RetentionCheckpoint_WithdrawalSerializesWithR1R3R4R5(checkpoint: 5, withdrawalFirst: False); TagEkyc.IntegrationTests.Tip88C1C6BA3RetentionCheckpointTests.A3_RetainedSnapshot_TerminalWaitRejectsInvisibleOrExpiredTarget(revoke: False, expire: False); TagEkyc.IntegrationTests.Tip88C1C6BA3RetentionCheckpointTests.A3_RetainedStages_CrossBorderFulfillmentWaitUsesFreshClock(checkpoint: 3, expiresWhileWaiting: True); TagEkyc.IntegrationTests.Tip88C1C6BA3RetentionCheckpointTests.A3_RetainedSnapshot_TerminalUsesPostGrantClock(revoke: False, sameTransaction: False); TagEkyc.IntegrationTests.Tip88C1C6BA3RetentionCheckpointTests.A3_RetainedSnapshot_InsertLineageMutationIsRejected(field: ""ConsentBindingId""); TagEkyc.IntegrationTests.Tip88C1B2CoreTests.C1B2CORE_reserved_claim_requires_a_source_reservation; TagEkyc.IntegrationTests.Tip88C1B2CoreTests.C1B2CORE_source_reservation_is_append_only_even_as_owner; TagEkyc.IntegrationTests.Tip88C1C6BA3ConsentRetentionTests.E01_B2WithdrawalSynchronizes_PreservesOriginalDecisionAndInvalidatesPermit(decision: ""wide-unicode""); TagEkyc.IntegrationTests.Tip88C1C6BA3ConsentRetentionTests.E01_PreservesExactExistingSessionSubjectRef(subjectRef: ""subject\nA""); TagEkyc.IntegrationTests.Tip88C1C6BA3RetentionCheckpointTests.A3_RetainedStages_RealCiphertextPreservesWithdrawalResidue(checkpoint: 5, withdrawn: True); TagEkyc.IntegrationTests.Tip88C1B2CoreTests.C1B2CORE_three_fingerprint_golden_vectors_are_pinned; TagEkyc.IntegrationTests.Tip88C1C6BA3RetentionCheckpointTests.A3_RetainedStages_CrossBorderFulfillmentWaitUsesFreshClock(checkpoint: 3, expiresWhileWaiting: False); TagEkyc.IntegrationTests.Tip88C1C6BA3ConsentRetentionTests.E01_RequestCannotInjectClientIdentity(member: ""clientApplicationId""); TagEkyc.IntegrationTests.Tip88C1C6BA3MigrationTests.A3_MigrationPopulationGuard_WaitsForWriterThenRejectsWithoutLoss(down: False); TagEkyc.IntegrationTests.Tip88C1C6BA3ConsentRetentionTests.ExistingConsentReference_IsBoundNotAssumed; TagEkyc.IntegrationTests.Tip88C1C6BA3RetentionCheckpointTests.A3_RetainedCompletion_UsesExistingConsentWithoutEarlyExport(completed: True, withdrawn: False); TagEkyc.IntegrationTests.Tip88C1C6BA3CapabilityLineageTests.A3_R20_ClosedJsonRejectsBeforePersistence(body: ""{\""action\"":\""Issue\"",\""principalId\"":\""a300000000""···); TagEkyc.IntegrationTests.Tip88C1B2BetaExistingCandidateTests.BETA_historic_commitment_key_unavailable_preserves_existing_graph; TagEkyc.IntegrationTests.Tip88C1B2CoreTests.C1B2CORE_envelope_mismatch_is_token_invalid_with_zero_residue; TagEkyc.IntegrationTests.Tip88C1B2BetaExistingCandidateTests.BETA_exact_existing_match_and_digest_only_conflict_create_no_second_source; TagEkyc.IntegrationTests.Tip88C1C6BA3RetentionCheckpointTests.A3_RetainedBegin_SameKeyLostResponseDoesNotRearmReservedAttempt; TagEkyc.IntegrationTests.Tip88C1C6BA3RetentionCheckpointTests.A3_RetainedStages_RealCiphertextPreservesWithdrawalResidue(checkpoint: 4, withdrawn: True); TagEkyc.IntegrationTests.Tip88C1C6BA3CapabilityLineageTests.A3_R20_ReplaceCannotTransferPrincipal; TagEkyc.IntegrationTests.Tip88C1C6BA3RetentionCheckpointTests.A3_RetentionCheckpoint_WithdrawalSerializesWithR1R3R4R5(checkpoint: 5, withdrawalFirst: True); TagEkyc.IntegrationTests.Tip88C1C6BA3ConsentRetentionTests.E01_ProfileHorizonFrozen_RealIssuerAndResolver; TagEkyc.IntegrationTests.Tip88C1C6BA3ConsentRetentionTests.E01_B2WithoutMatchingReference_PreservesLandedWithdrawal(differentSubject: False); TagEkyc.IntegrationTests.Tip88C1C6BA3ConsentRetentionTests.E01_B2WithdrawalAndDirectWithdrawal_SerializeWithoutDuplicateProjection(b2First: True); TagEkyc.IntegrationTests.Tip88C1C6BA3RetentionCheckpointTests.A3_RetainedSnapshot_OnlyBrokerCanAppendAndHelperRemainsInternal; TagEkyc.IntegrationTests.Tip88C1C6BA3MigrationTests.A3_CaptureLineageMigration_EmptyRoundTripRestoresPredecessor; TagEkyc.IntegrationTests.Tip88C1C6BA3RetentionCheckpointTests.A3_RetainedSnapshot_TerminalUsesPostGrantClock(revoke: True, sameTransaction: True); TagEkyc.IntegrationTests.Tip88C1C6BA3CapabilityLineageTests.A3_R20_ClosedJsonRejectsBeforePersistence(body: ""{\""action\"":\""Replace\"",\""currentCapabilityId\"":\""""···); TagEkyc.IntegrationTests.Tip88C1C6BA3CapabilityLineageTests.A3_R20_ClosedJsonRejectsBeforePersistence(body: ""{\""action\"":\""Issue\"",\""currentCapabilityId\"":null""···); TagEkyc.IntegrationTests.Tip88C1C6BA3ConsentRetentionTests.E01_B2WithdrawalSynchronizes_PreservesOriginalDecisionAndInvalidatesPermit(decision: ""decision\r\nverbatim""); TagEkyc.IntegrationTests.Tip88C1C6BA3RetentionCheckpointTests.A3_BoundReader_DerivesCustodyActorAndRequiresExactRawIngress(rawIngress: False); TagEkyc.IntegrationTests.Tip88C1C6BA3RetentionCheckpointTests.A3_RetentionCheckpoint_WithdrawalSerializesWithR1R3R4R5(checkpoint: 1, withdrawalFirst: True); TagEkyc.IntegrationTests.Tip88C1C6BA3MigrationTests.A3_CaptureLineageMigration_BodyDriftRejectsDownAtomically(drift: "" ""); TagEkyc.IntegrationTests.Tip88C1C6BA3RetentionCheckpointTests.A3_RetainedStages_CrossBorderFulfillmentWaitUsesFreshClock(checkpoint: 4, expiresWhileWaiting: True); TagEkyc.IntegrationTests.Tip88C1C6BA3RetentionCheckpointTests.A3_BoundReader_AllA1AdvisoryDomainsPrecedeRuntimeRowLocks; TagEkyc.IntegrationTests.Tip88C1B2CoreTests.C1B2CORE_complete_is_broker_only_and_tables_reject_direct_dml; TagEkyc.IntegrationTests.Tip88C1C6BA3RetentionCheckpointTests.A3_RetainedSnapshot_TerminalKindCannotBeBypassed(revoke: False); TagEkyc.IntegrationTests.Tip88C1C6BA3CapabilityLineageTests.A3_R20_ClosedJsonRejectsBeforePersistence(body: ""{\""action\"":\""Issue\"",\""action\"":\""Issue\""}""); TagEkyc.IntegrationTests.Tip88C1C6BA3MigrationTests.A3_MigrationPopulationGuard_WaitsForWriterThenRejectsWithoutLoss(down: True); TagEkyc.IntegrationTests.Tip88C1C6BA3RetentionCheckpointTests.A3_RetentionCheckpoint_WithdrawalSerializesWithR1R3R4R5(checkpoint: 3, withdrawalFirst: False); TagEkyc.IntegrationTests.Tip88C1C6BA3ConsentRetentionTests.E01_ReferenceSurvivesCredentialRevocationAndReplacement; TagEkyc.IntegrationTests.Tip88C1C6BA3ConsentRetentionTests.E01_CrossClientBindingMutationRejects(changeSession: False); TagEkyc.IntegrationTests.Tip88C1C6BA3RetentionCheckpointTests.A3_RetainedStages_CrossBorderFulfillmentWaitUsesFreshClock(checkpoint: 5, expiresWhileWaiting: False); TagEkyc.IntegrationTests.Tip88C1C6BA3RetentionCheckpointTests.A3_RetainedSnapshot_TerminalKindCannotBeBypassed(revoke: True); TagEkyc.IntegrationTests.Tip88C1C6BA3RetentionCheckpointTests.A3_RetentionCheckpoint_WithdrawalSerializesWithR1R3R4R5(checkpoint: 4, withdrawalFirst: False); TagEkyc.IntegrationTests.Tip88C1C6BA3RetentionCheckpointTests.A3_RetentionCheckpoint_WithdrawalSerializesWithR1R3R4R5(checkpoint: 1, withdrawalFirst: False); TagEkyc.IntegrationTests.Tip88C1C6BA3RetentionCheckpointTests.A3_RetainedCompletion_UsesExistingConsentWithoutEarlyExport(completed: True, withdrawn: True); TagEkyc.IntegrationTests.Tip88C1C6BA3ConsentRetentionTests.E01_ExactReplayDoesNotReauthorizeAfterWithdrawal; TagEkyc.IntegrationTests.Tip88C1C6BA3ConsentRetentionTests.E01_PreservesExactExistingSessionSubjectRef(subjectRef: ""subject\rA""); TagEkyc.IntegrationTests.Tip88C1C6BA3ConsentRetentionTests.A3_R20_RetainedReplace_RechecksExpiryAfterReferenceWait(expireDuringWait: False); TagEkyc.IntegrationTests.Tip88C1B2BetaExistingCandidateTests.BETA_alternate_alias_requires_all_immutable_identity_fields_to_match; TagEkyc.IntegrationTests.Tip88C1B2CoreTests.C1B2CORE_identifiers_round_trip_exactly_from_catalog; TagEkyc.IntegrationTests.Tip88C1C6BA3RetentionCheckpointTests.A3_RetainedSnapshot_TerminalWaitRejectsInvisibleOrExpiredTarget(revoke: False, expire: True); TagEkyc.IntegrationTests.Tip88C1C6BA3RetentionCheckpointTests.A3_RetainedSnapshot_InsertLineageMutationIsRejected(field: ""RuntimeBindingId""); TagEkyc.IntegrationTests.Tip88C1C6BA3RetentionCheckpointTests.A3_RetainedSnapshot_InsertLineageMutationIsRejected(field: ""RetentionAuthorityId""); TagEkyc.IntegrationTests.Tip88C1C6BA3RetentionCheckpointTests.A3_RetainedStages_CrossBorderFulfillmentWaitUsesFreshClock(checkpoint: 5, expiresWhileWaiting: True); TagEkyc.IntegrationTests.Tip88C1C6BA3RetentionCheckpointTests.A3_RetainedSnapshot_TerminalWaitRejectsInvisibleOrExpiredTarget(revoke: True, expire: False); TagEkyc.IntegrationTests.Tip88C1C6BA3RetentionCheckpointTests.A3_RetainedCompletion_UsesExistingConsentWithoutEarlyExport(completed: False, withdrawn: False); TagEkyc.IntegrationTests.Tip88C1C6BA3ConsentRetentionTests.E01_RecordSqlCommitsRealGraph; TagEkyc.IntegrationTests.Tip88C1C6BA3RetentionCheckpointTests.A3_RetentionCheckpoint_WithdrawalSerializesWithR1R3R4R5(checkpoint: 4, withdrawalFirst: True); TagEkyc.IntegrationTests.Tip88C1C6BA3ConsentRetentionTests.E01_RequestCannotInjectClientIdentity(member: ""ClientApplicationId""); TagEkyc.IntegrationTests.Tip88C1B2BetaExistingCandidateTests.BETA_fresh_authority_barrier_precedes_historic_key_unavailable; TagEkyc.IntegrationTests.Tip88C1C6BA3RetentionCheckpointTests.A3_RetainedStages_RealCiphertextPreservesWithdrawalResidue(checkpoint: 3, withdrawn: False); TagEkyc.IntegrationTests.Tip88C1C6BA3CapabilityLineageTests.A3_R20_ClosedJsonRejectsBeforePersistence(body: ""{\""Action\"":\""Issue\""}""); TagEkyc.IntegrationTests.Tip88C1C6BA3RetentionCheckpointTests.A3_RetentionCheckpoint_WithdrawalSerializesWithR1R3R4R5(checkpoint: 3, withdrawalFirst: True); TagEkyc.IntegrationTests.Tip88C1C6BA3CapabilityLineageTests.A3_R20_ClosedJsonRejectsBeforePersistence(body: ""{\""action\"":\""Issue\"",\""consentBindingId\"":null}""); TagEkyc.IntegrationTests.Tip88C1C6BA3ConsentRetentionTests.E01_B2WithoutMatchingReference_PreservesLandedWithdrawal(differentSubject: True); TagEkyc.IntegrationTests.Tip88C1C6BA3RetentionCheckpointTests.A3_RetainedStages_RealCiphertextPreservesWithdrawalResidue(checkpoint: 3, withdrawn: True); TagEkyc.IntegrationTests.Tip88C1C6BA3ConsentRetentionTests.E01_B2WithdrawalSynchronizes_PreservesOriginalDecisionAndInvalidatesPermit(decision: null); TagEkyc.IntegrationTests.Tip88C1C6BA3CapabilityLineageTests.A3_R20_ClosedJsonRejectsBeforePersistence(body: ""{\""action\"":null}""); TagEkyc.IntegrationTests.Tip88C1C6BA3ConsentRetentionTests.E01_PreservesExactExistingSessionSubjectRef(subjectRef: ""subject\r\nA""); TagEkyc.IntegrationTests.Tip88C1C6BA3RetentionCheckpointTests.A3_RetainedSnapshot_InsertLineageMutationIsRejected(field: ""SupersededReference""); TagEkyc.IntegrationTests.Tip88C1C6BA3RetentionCheckpointTests.A3_RetainedSnapshot_InsertLineageMutationIsRejected(field: ""ConsentPolicyId""); TagEkyc.IntegrationTests.Tip88C1C6BA3ConsentRetentionTests.A3_R20_RetainedReplace_RechecksExpiryAfterReferenceWait(expireDuringWait: True); TagEkyc.IntegrationTests.Tip88C1C6BA3ConsentRetentionTests.E01_B2WithdrawalAndDirectWithdrawal_SerializeWithoutDuplicateProjection(b2First: False); TagEkyc.IntegrationTests.Tip88C1C6BA3RetentionCheckpointTests.A3_RetainedStages_RealCiphertextPreservesWithdrawalResidue(checkpoint: 5, withdrawn: False); TagEkyc.IntegrationTests.Tip88C1C6BA3RetentionCheckpointTests.A3_RetainedSnapshot_InsertLineageMutationIsRejected(field: ""ControllerIdentity""); TagEkyc.IntegrationTests.Tip88C1C6BA3RetentionCheckpointTests.A3_RetainedSnapshot_ExactReplayAndReferenceWithdrawal; TagEkyc.IntegrationTests.Tip88C1B2CoreTests.C1B2CORE_effective_cap_completes_evaluation_without_r1_rows; TagEkyc.IntegrationTests.Tip88C1C6BA3RetentionCheckpointTests.A3_RetainedSnapshot_TerminalWaitRejectsInvisibleOrExpiredTarget(revoke: True, expire: True); TagEkyc.IntegrationTests.Tip88C1C6BA3RetentionCheckpointTests.A3_RetainedStages_CrossBorderFulfillmentWaitUsesFreshClock(checkpoint: 4, expiresWhileWaiting: False); TagEkyc.IntegrationTests.Tip88C1C6BA3RetentionCheckpointTests.A3_TaggedStageFunctions_PreserveRealLegacyR2ThroughAvailableAndReplay; TagEkyc.IntegrationTests.Tip88C1C6BA3RetentionCheckpointTests.A3_BoundReader_DerivesCustodyActorAndRequiresExactRawIngress(rawIngress: True); TagEkyc.IntegrationTests.Tip88C1C6BA3CapabilityLineageTests.A3_R20_ClosedJsonRejectsBeforePersistence(body: ""{\""action\"":\""Issue\"",\""consentBindingId\"":\""00000""···); TagEkyc.IntegrationTests.Tip88C1C6BA3MigrationTests.A3_CaptureLineageMigration_BodyDriftRejectsDownAtomically(drift: ""\r""); TagEkyc.IntegrationTests.Tip88C1C6BA3RetentionCheckpointTests.A3_RetainedSnapshot_TerminalUsesPostGrantClock(revoke: True, sameTransaction: False); TagEkyc.IntegrationTests.Tip88C1C6BA3CapabilityLineageTests.A3_R20_ClosedJsonRejectsBeforePersistence(body: ""{\""action\"":\""Replace\"",\""currentCapabilityId\"":\""""···); TagEkyc.IntegrationTests.Tip88C1C6BA3RetentionCheckpointTests.A3_RetainedSnapshot_TerminalUsesPostGrantClock(revoke: False, sameTransaction: True); TagEkyc.IntegrationTests.Tip88C1C6BA3CapabilityLineageTests.A3_R20_ClosedJsonRejectsBeforePersistence(body: ""{\""action\"":\""Issue\"",\""expectedRevision\"":1}""); TagEkyc.IntegrationTests.Tip88C1B2CoreTests.C1B2CORE_new_candidate_commits_full_recovery_context_atomically"	"System.InvalidOperationException : docker compose failed with exit code 1. unable to get image 'postgres:16': failed to connect to the docker API at npipe:////./pipe/dockerDesktopLinuxEngine; check if the path is correct and if the daemon is running: open //./pipe/dockerDesktopLinuxEngine: The system cannot find the file specified."	"EXCLUDED_HISTORICAL_OUTSIDE_SLICE"	"WHOLE_REPO_SWEEP"	""	"Historical failed run is outside the bounded P04/site-qualification slice and is inventoried without being used as current evidence."
"P04FR0238"	"server"	"tests/TagEkyc.IntegrationTests/TestResults/a3-preflight-selector-red.trx"	"00AC31E6565FE918D8E073627E189B7814E4420B0C221F44FFDE7B3F0CB7CAAE"	"9"	"6"	"3"	"0"	"TagEkyc.IntegrationTests.Tip88C1C6BA3BrokerPipelineTests.PreflightPreservesExactC1RecipesAndExplicitSelectors(variant: ""NewClaimEvaluationToken""); TagEkyc.IntegrationTests.Tip88C1C6BA3BrokerPipelineTests.HistoricCommitmentDoesNotFallbackToLatest; TagEkyc.IntegrationTests.Tip88C1C6BA3BrokerPipelineTests.PreflightPreservesExactC1RecipesAndExplicitSelectors(variant: ""ExistingClaimComparisonToken"")"	"Assert.Equal() Failure: Values differ Expected: CommitmentKeySelector:historic-commitment:v3 Actual: CommitmentKeySelector:synthetic-latest:v99"	"EXCLUDED_HISTORICAL_OUTSIDE_SLICE"	"WHOLE_REPO_SWEEP"	""	"Historical failed run is outside the bounded P04/site-qualification slice and is inventoried without being used as current evidence."
"P04FR0239"	"server"	"tests/TagEkyc.IntegrationTests/TestResults/a3-preflight-v2-envelope-red.trx"	"D12AE05F13A9A900965E45BFF2C30CAA8022EBC78060E1B531BC1F8E7F92183A"	"10"	"7"	"3"	"0"	"TagEkyc.IntegrationTests.Tip88C1C6BA3BrokerPipelineTests.LockedEnvelopeMismatchCallsNoProvider(change: ""envelope""); TagEkyc.IntegrationTests.Tip88C1C6BA3BrokerPipelineTests.LockedEnvelopeMismatchCallsNoProvider(change: ""length""); TagEkyc.IntegrationTests.Tip88C1C6BA3BrokerPipelineTests.LockedEnvelopeMismatchCallsNoProvider(change: ""invalid-selector-and-envelope"")"	"Assert.Null() Failure: Value is not null Expected: null Actual: SourceClaimPreflightResult { ProducerEnvelopeFingerprint = System.Byte[], ContentCommitment = System.Byte[], SubjectToken = System.Byte[] }"	"EXCLUDED_HISTORICAL_OUTSIDE_SLICE"	"WHOLE_REPO_SWEEP"	""	"Historical failed run is outside the bounded P04/site-qualification slice and is inventoried without being used as current evidence."
"P04FR0240"	"server"	"tests/TagEkyc.IntegrationTests/TestResults/a3-preflight-v2-final.trx"	"84057D2465AA0A836452AF71BC743F4D14E5DB29C68460954E4842CE17E62666"	"109"	"108"	"1"	"0"	"TagEkyc.IntegrationTests.Tip88C1B2CoreTests.C1B2CORE_new_candidate_commits_full_recovery_context_atomically"	"Npgsql.PostgresException : 42703: column r.R2TerminalIntentAtUtc does not exist POSITION: 475"	"EXCLUDED_HISTORICAL_OUTSIDE_SLICE"	"WHOLE_REPO_SWEEP"	""	"Historical failed run is outside the bounded P04/site-qualification slice and is inventoried without being used as current evidence."
"P04FR0241"	"server"	"tests/TagEkyc.IntegrationTests/TestResults/a3-preflight-v2-selector-red.trx"	"02D1009A1E6D5FB8CD6EC129254C8277143B23EF05955D986932F1283A2CE9F7"	"10"	"7"	"3"	"0"	"TagEkyc.IntegrationTests.Tip88C1C6BA3BrokerPipelineTests.HistoricCommitmentDoesNotFallbackToLatest; TagEkyc.IntegrationTests.Tip88C1C6BA3BrokerPipelineTests.PreflightPreservesExactC1RecipesAndExplicitSelectors(variant: ""ExistingClaimComparisonToken""); TagEkyc.IntegrationTests.Tip88C1C6BA3BrokerPipelineTests.PreflightPreservesExactC1RecipesAndExplicitSelectors(variant: ""NewClaimEvaluationToken"")"	"Assert.Equal() Failure: Values differ Expected: CommitmentKeySelector:historic-commitment:v3 Actual: CommitmentKeySelector:synthetic-latest:v99"	"EXCLUDED_HISTORICAL_OUTSIDE_SLICE"	"WHOLE_REPO_SWEEP"	""	"Historical failed run is outside the bounded P04/site-qualification slice and is inventoried without being used as current evidence."
"P04FR0242"	"server"	"tests/TagEkyc.IntegrationTests/TestResults/a3-private-http-duplicate-red.trx"	"D8C62255402197742914C0DA2F2659ACADFC39E9B2A1677FD4B1772503345FBF"	"7"	"5"	"2"	"0"	"TagEkyc.IntegrationTests.Tip88C1C6BA3BrokerHttpTests.PrivateUnionRejectsMalformedHandoffWithoutBodyRead; TagEkyc.IntegrationTests.Tip88C1C6BA3BrokerHttpTests.PrivateMetadataShapeIsClosedAndBounded"	"Assert.ThrowsAny() Failure: No exception was thrown Expected: typeof(System.Exception)"	"EXCLUDED_HISTORICAL_OUTSIDE_SLICE"	"WHOLE_REPO_SWEEP"	""	"Historical failed run is outside the bounded P04/site-qualification slice and is inventoried without being used as current evidence."
"P04FR0243"	"server"	"tests/TagEkyc.IntegrationTests/TestResults/a3-private-http-peer-red.trx"	"600A165EB69D5F053D0A16CFB21844883F85919C43A2E8083F3AD60FB21B5C95"	"7"	"6"	"1"	"0"	"TagEkyc.IntegrationTests.Tip88C1C6BA3BrokerHttpTests.PrivatePeerBoundaryCannotBeSpoofedByForwardedHeader"	"Assert.Equal() Failure: Values differ Expected: Forbidden Actual: OK"	"EXCLUDED_HISTORICAL_OUTSIDE_SLICE"	"WHOLE_REPO_SWEEP"	""	"Historical failed run is outside the bounded P04/site-qualification slice and is inventoried without being used as current evidence."
"P04FR0244"	"server"	"tests/TagEkyc.IntegrationTests/TestResults/a3-private-http-phase-red.trx"	"6D7EF2F2C8C87A8F196B69776EECFED0B523C3889700F17EFA31E45565F5E228"	"7"	"5"	"2"	"0"	"TagEkyc.IntegrationTests.Tip88C1C6BA3BrokerHttpTests.PrivateFinalCannotInventPostBodyResult; TagEkyc.IntegrationTests.Tip88C1C6BA3BrokerHttpTests.PrivateHttpRejectsMalformedInputAndLeakingResults"	"Assert.ThrowsAny() Failure: No exception was thrown Expected: typeof(System.Exception)"	"EXCLUDED_HISTORICAL_OUTSIDE_SLICE"	"WHOLE_REPO_SWEEP"	""	"Historical failed run is outside the bounded P04/site-qualification slice and is inventoried without being used as current evidence."
"P04FR0245"	"server"	"tests/TagEkyc.IntegrationTests/TestResults/a3-private-http-postgres-initial.trx"	"162EE9C702679227283B3353E5D9ECBE98189A19221FD9D42F88147D3252F110"	"25"	"24"	"1"	"0"	"TagEkyc.IntegrationTests.Tip88C1C6BA3BrokerTransactionTests.BrokerCommitResponseLossDoesNotCreateAnotherHandoff"	"Assert.Equal() Failure: Values differ Expected: RawExportSourceEncryptionAttemptRow { AttemptId = 2266be9a-d9fe-452b-93bf-d498e93edebd, AttemptKeyReservationId = b4f6d2a0-f53c-4199-94b7-30a59ecd1d13, ChunkSize = 1048576, CreatedAtUtc = 2026-09-14T10:03:27.7569540+00:00, EncryptionAttemptFingerprint = [64, 28, 3, 42, 128, ···], ··· } Actual: RawExportSourceEncryptionAttemptRow { AttemptId = 2266be9a-d9fe-452b-93bf-d498e93edebd, AttemptKeyReservationId = b4f6d2a0-f53c-4199-94b7-30a59ecd1d13, ChunkSize = 1048576, CreatedAtUtc = 2026-09-14T10:03:27.7569540+00:00, EncryptionAttemptFingerprint = [64, 28, 3, 42, 128, ···], ··· }"	"EXCLUDED_HISTORICAL_OUTSIDE_SLICE"	"WHOLE_REPO_SWEEP"	""	"Historical failed run is outside the bounded P04/site-qualification slice and is inventoried without being used as current evidence."
"P04FR0246"	"server"	"tests/TagEkyc.IntegrationTests/TestResults/a3-r1-r5-shared-lock-red.trx"	"1093925A0BFE9FC5D375170E09D3AF3D0B5636CC44503DD209C2828F2CE0CDD9"	"12"	"4"	"8"	"0"	"TagEkyc.IntegrationTests.Tip88C1C6BA3RetentionCheckpointTests.A3_RetentionCheckpoint_WithdrawalSerializesWithR1R3R4R5(checkpoint: 5, withdrawalFirst: False); TagEkyc.IntegrationTests.Tip88C1C6BA3RetentionCheckpointTests.A3_RetentionCheckpoint_WithdrawalSerializesWithR1R3R4R5(checkpoint: 4, withdrawalFirst: True); TagEkyc.IntegrationTests.Tip88C1C6BA3RetentionCheckpointTests.A3_RetentionCheckpoint_WithdrawalSerializesWithR1R3R4R5(checkpoint: 3, withdrawalFirst: False); TagEkyc.IntegrationTests.Tip88C1C6BA3RetentionCheckpointTests.A3_RetentionCheckpoint_WithdrawalSerializesWithR1R3R4R5(checkpoint: 4, withdrawalFirst: False); TagEkyc.IntegrationTests.Tip88C1C6BA3RetentionCheckpointTests.A3_RetentionCheckpoint_WithdrawalSerializesWithR1R3R4R5(checkpoint: 3, withdrawalFirst: True); TagEkyc.IntegrationTests.Tip88C1C6BA3RetentionCheckpointTests.A3_RetentionCheckpoint_WithdrawalSerializesWithR1R3R4R5(checkpoint: 1, withdrawalFirst: True); TagEkyc.IntegrationTests.Tip88C1C6BA3RetentionCheckpointTests.A3_RetentionCheckpoint_WithdrawalSerializesWithR1R3R4R5(checkpoint: 1, withdrawalFirst: False); TagEkyc.IntegrationTests.Tip88C1C6BA3RetentionCheckpointTests.A3_RetentionCheckpoint_WithdrawalSerializesWithR1R3R4R5(checkpoint: 5, withdrawalFirst: True)"	"The actual opposite operation must wait on this exact consent reference lock."	"EXCLUDED_HISTORICAL_OUTSIDE_SLICE"	"WHOLE_REPO_SWEEP"	""	"Historical failed run is outside the bounded P04/site-qualification slice and is inventoried without being used as current evidence."
"P04FR0247"	"server"	"tests/TagEkyc.IntegrationTests/TestResults/a3-r1-replay-red.trx"	"31C1FC1CCE52A8B6F8918D2B1F138657A8CCA11969C9D8E76B7985AD933D129E"	"5"	"4"	"1"	"0"	"TagEkyc.IntegrationTests.Tip88C1C6BA3RetentionCheckpointTests.A3_RetainedBegin_SameKeyLostResponseDoesNotRearmReservedAttempt"	"Assert.Equal() Failure: Strings differ ↓ (pos 0) Expected: ""ExistingClaimComparisonToken"" Actual: ""NewClaimEvaluationToken"" ↑ (pos 0)"	"EXCLUDED_HISTORICAL_OUTSIDE_SLICE"	"WHOLE_REPO_SWEEP"	""	"Historical failed run is outside the bounded P04/site-qualification slice and is inventoried without being used as current evidence."
"P04FR0248"	"server"	"tests/TagEkyc.IntegrationTests/TestResults/a3-r20-cp11-first.trx"	"13624E419E4E722519B1A2FAE07BF22206632A9B9A498DE321C9EFA0C3B80CAF"	"24"	"22"	"2"	"0"	"TagEkyc.IntegrationTests.Tip88C1C6BA3CapabilityLineageTests.A3_R20_ReplaceCannotTransferPrincipal; TagEkyc.IntegrationTests.Tip88C1C6BA3CapabilityLineageTests.A3_R20_PrincipalPartitionAndSecretOnceReplay"	"System.Collections.Generic.KeyNotFoundException : The given key was not present in the dictionary."	"EXCLUDED_HISTORICAL_OUTSIDE_SLICE"	"WHOLE_REPO_SWEEP"	""	"Historical failed run is outside the bounded P04/site-qualification slice and is inventoried without being used as current evidence."
"P04FR0249"	"server"	"tests/TagEkyc.IntegrationTests/TestResults/a3-r2r6-bp11-early-available-red.trx"	"774144B17E62E0AB4B3A65848354F57BDC041B08F3F2048E6E9DEDA985A281B2"	"1"	"0"	"1"	"0"	"TagEkyc.IntegrationTests.Tip88C1C6BA3R2R6ClusterHttpTests.AvailableHttpResponseWaitsForR5PublicationCommit"	"Assert.False() Failure Expected: False Actual: True"	"SUPERSEDED_RED"	"a3_r2r6_failed_run_census.tsv"	""	"Historical failed run retained with its prior canonical failed-run classification; it is not used by the current package."
"P04FR0250"	"server"	"tests/TagEkyc.IntegrationTests/TestResults/a3-r2r6-bp11-kestrel-final-source-red.trx"	"57DE71AAFE6C362BA9E9498A8F23B530F3FDBD0DEF5AD2A83AC7BC3D238984C0"	"1"	"0"	"1"	"0"	"TagEkyc.IntegrationTests.Tip88C1C6BA3R2R6ClusterHttpTests.AvailableHttpResponseWaitsForR5PublicationCommit"	"Assert.False() Failure Expected: False Actual: True"	"SUPERSEDED_RED"	"a3_r2r6_failed_run_census.tsv"	""	"Historical failed run retained with its prior canonical failed-run classification; it is not used by the current package."
"P04FR0251"	"server"	"tests/TagEkyc.IntegrationTests/TestResults/a3-r2r6-bp11-kestrel-r5-red.trx"	"8CE3324D0ACA2102913BB41BE32338F99F57A54EF98D1A87A60D50097E9D1674"	"1"	"0"	"1"	"0"	"TagEkyc.IntegrationTests.Tip88C1C6BA3R2R6ClusterHttpTests.AvailableHttpResponseWaitsForR5PublicationCommit"	"Assert.False() Failure Expected: False Actual: True"	"SUPERSEDED_RED"	"a3_r2r6_failed_run_census.tsv"	""	"Historical failed run retained with its prior canonical failed-run classification; it is not used by the current package."
"P04FR0252"	"server"	"tests/TagEkyc.IntegrationTests/TestResults/a3-r2r6-bp11-p17-kestrel-baseline.trx"	"F4F9676290C52CD007505758EDFBEF73CB1DBF31F6ECB4A5EC6DDCE9F1B90B0E"	"1"	"0"	"1"	"0"	"TagEkyc.IntegrationTests.Tip88C1C6BA3R2R6ClusterHttpTests.AvailableHttpResponseWaitsForR5PublicationCommit"	"Assert.Equal() Failure: Values differ Expected: 0 Actual: 4"	"EXCLUDED_DIAGNOSTIC"	"a3_r2r6_failed_run_census.tsv"	""	"Historical failed run retained with its prior canonical failed-run classification; it is not used by the current package."
"P04FR0253"	"server"	"tests/TagEkyc.IntegrationTests/TestResults/a3-r2r6-bp16-consumer-final-source-red.trx"	"90D030F61BF771C0F921BB23DA50BB3D28EB1737BCDFBA648AE3112E80D6F399"	"1"	"0"	"1"	"0"	"TagEkyc.IntegrationTests.Tip88C1C6BA3R2TerminalProjectionTests.VerifierRunsOnDurableCiphertextNotRequestBuffer"	"Assert.Null() Failure: Value is not null Expected: null Actual: ""1"""	"EVIDENCE_RED"	"a3_r2r6_failed_run_census.tsv"	""	"Historical failed run retained with its prior canonical failed-run classification; it is not used by the current package."
"P04FR0254"	"server"	"tests/TagEkyc.IntegrationTests/TestResults/a3-r2r6-bp16-consumer-red.trx"	"01FA1B5CD2D6BF0FE734376F1A8B8D99B74719E5E9CBBF78A7E3AD96CC13A497"	"1"	"0"	"1"	"0"	"TagEkyc.IntegrationTests.Tip88C1C6BA3R2TerminalProjectionTests.VerifierRunsOnDurableCiphertextNotRequestBuffer"	"Assert.Null() Failure: Value is not null Expected: null Actual: ""1"""	"SUPERSEDED_RED"	"a3_r2r6_failed_run_census.tsv"	""	"Historical failed run retained with its prior canonical failed-run classification; it is not used by the current package."
"P04FR0255"	"server"	"tests/TagEkyc.IntegrationTests/TestResults/a3-r2r6-bp16-selector-red.trx"	"CB5E2579A4E3FA37FD0673530C43D242E225061E9EEFB560F8329595BB5AB177"	"1"	"0"	"1"	"0"	"TagEkyc.IntegrationTests.Tip88C1C6BA3R2TerminalProjectionTests.VerifierRunsOnDurableCiphertextNotRequestBuffer"	"Assert.Equal() Failure: Values differ Expected: VerifyIncompleteObject Actual: None"	"EVIDENCE_RED"	"a3_r2r6_failed_run_census.tsv"	""	"Historical failed run retained with its prior canonical failed-run classification; it is not used by the current package."
"P04FR0256"	"server"	"tests/TagEkyc.IntegrationTests/TestResults/a3-r2r6-bp17-ciphertext-baseline.trx"	"255C6D30D0614A683B143D1B3453F720CEBA8D86B854D5F2582D29CB2931B8F9"	"2"	"1"	"1"	"0"	"TagEkyc.IntegrationTests.Tip88C1C6BA3R2TerminalProjectionTests.CiphertextFailureIsNotProducerMismatch(tamper: True)"	"Amazon.S3.AmazonS3Exception : Access Denied. ---- Amazon.Runtime.Internal.HttpErrorResponseException : Exception of type 'Amazon.Runtime.Internal.HttpErrorResponseException' was thrown."	"EXCLUDED_DIAGNOSTIC"	"a3_r2r6_failed_run_census.tsv"	""	"Historical failed run retained with its prior canonical failed-run classification; it is not used by the current package."
"P04FR0257"	"server"	"tests/TagEkyc.IntegrationTests/TestResults/a3-r2r6-bp17-ciphertext-cause-red.trx"	"E9510C017188B4B080895B7D0D8177ED6D3BAF7E399BC145F4D0FEAFA9AF7516"	"2"	"1"	"1"	"0"	"TagEkyc.IntegrationTests.Tip88C1C6BA3R2TerminalProjectionTests.CiphertextFailureIsNotProducerMismatch(tamper: True)"	"System.InvalidOperationException : RAW_INGRESS_CONTINUATION_NOT_READY"	"EVIDENCE_RED"	"a3_r2r6_failed_run_census.tsv"	""	"Historical failed run retained with its prior canonical failed-run classification; it is not used by the current package."
"P04FR0258"	"server"	"tests/TagEkyc.IntegrationTests/TestResults/a3-r2r6-bp21-four-evidence-final-source-red.trx"	"393D382B439CA26F55D4E5D0DF6D8AB1530819C0D61DF1FE236F397A6A7001F2"	"4"	"1"	"3"	"0"	"TagEkyc.IntegrationTests.Tip88C1C6BA3R2TerminalProjectionTests.ProviderEvidenceCannotMasqueradeAsNoStart(evidence: ""active-key""); TagEkyc.IntegrationTests.Tip88C1C6BA3R2TerminalProjectionTests.ProviderEvidenceCannotMasqueradeAsNoStart(evidence: ""provider-unknown""); TagEkyc.IntegrationTests.Tip88C1C6BA3R2TerminalProjectionTests.ProviderEvidenceCannotMasqueradeAsNoStart(evidence: ""preparation"")"	"Npgsql.PostgresException : P0001: RAW_EXPORT_SOURCE_CORE_APPEND_ONLY"	"EVIDENCE_RED"	"a3_r2r6_failed_run_census.tsv"	""	"Historical failed run retained with its prior canonical failed-run classification; it is not used by the current package."
"P04FR0259"	"server"	"tests/TagEkyc.IntegrationTests/TestResults/a3-r2r6-bp21-four-evidence-red.trx"	"F568A3A384ED36753A8630808C29684CFE0B26540D6E611667D64BA6C1E784A6"	"4"	"1"	"3"	"0"	"TagEkyc.IntegrationTests.Tip88C1C6BA3R2TerminalProjectionTests.ProviderEvidenceCannotMasqueradeAsNoStart(evidence: ""active-key""); TagEkyc.IntegrationTests.Tip88C1C6BA3R2TerminalProjectionTests.ProviderEvidenceCannotMasqueradeAsNoStart(evidence: ""provider-unknown""); TagEkyc.IntegrationTests.Tip88C1C6BA3R2TerminalProjectionTests.ProviderEvidenceCannotMasqueradeAsNoStart(evidence: ""preparation"")"	"Npgsql.PostgresException : P0001: RAW_EXPORT_SOURCE_CORE_APPEND_ONLY"	"SUPERSEDED_RED"	"a3_r2r6_failed_run_census.tsv"	""	"Historical failed run retained with its prior canonical failed-run classification; it is not used by the current package."
"P04FR0260"	"server"	"tests/TagEkyc.IntegrationTests/TestResults/a3-r2r6-gh-agent-replay-read-red.trx"	"9B50285D203843F317B70CA48ADAA039030E56541E54C837D790CC027389D9C2"	"1"	"0"	"1"	"0"	"TagEkyc.IntegrationTests.Tip88C1C6BA3R2R6ClusterHttpTests.R2R6HttpsPublicationReplayAndMismatchScenarios(contentMismatch: False, dropResponse: False, withObsolete: False, encryptionFailure: False, cancelAtCommitted: False, tamperCiphertext: False, reenterAfterLoss: False, agentFirstAtR5: True)"	"Assert.Equal() Failure: Values differ Expected: 2 Actual: 3"	"EVIDENCE_RED"	"a3_r2r6_failed_run_census.tsv"	""	"Historical failed run retained with its prior canonical failed-run classification; it is not used by the current package."
"P04FR0261"	"server"	"tests/TagEkyc.IntegrationTests/TestResults/a3-r2r6-gh-final-body-read-current-red-v2.trx"	"6CB37EB86A95247B7C16E56ED035D9378294076B40D9DD4C8724BA7A7B1298F3"	"1"	"0"	"1"	"0"	"TagEkyc.IntegrationTests.Tip88C1C6BA3R2R6ClusterHttpTests.R2R6HttpsPublicationReplayAndMismatchScenarios(contentMismatch: False, dropResponse: False, withObsolete: False, encryptionFailure: False, cancelAtCommitted: False, tamperCiphertext: False, reenterAfterLoss: False, agentFirstAtR5: True)"	"Assert.Equal() Failure: Values differ Expected: 2 Actual: 3"	"EVIDENCE_RED"	"a3_r2r6_remaining_failed_run_census.tsv"	""	"Historical failed run retained with its prior canonical failed-run classification; it is not used by the current package."
"P04FR0262"	"server"	"tests/TagEkyc.IntegrationTests/TestResults/a3-r2r6-gh-final-body-read-current-red.trx"	"D757C0751751F1FEA81E6FA514067CBB458109FC7DF2AD9DAEDA13CAA7E68AB7"	"1"	"0"	"1"	"0"	"TagEkyc.IntegrationTests.Tip88C1C6BA3R2R6ClusterHttpTests.R2R6HttpsPublicationReplayAndMismatchScenarios(contentMismatch: False, dropResponse: False, withObsolete: False, encryptionFailure: False, cancelAtCommitted: False, tamperCiphertext: False, reenterAfterLoss: False, agentFirstAtR5: True)"	"TagEkyc.CaptureAgent.Core.CaptureAgentFlowException : NOT_READY"	"SUPERSEDED_RED"	"a3_r2r6_remaining_failed_run_census.tsv"	""	"Historical failed run retained with its prior canonical failed-run classification; it is not used by the current package."
"P04FR0263"	"server"	"tests/TagEkyc.IntegrationTests/TestResults/a3-r2r6-gl-skip-cleanup-current-red.trx"	"3546A28C338546C4FC9E2154BBD14C3793CB667C0748D41A4CAF8839517BC028"	"1"	"0"	"1"	"0"	"TagEkyc.IntegrationTests.Tip88C1C6BA3R2R6ClusterHttpTests.R2R6HttpsPublicationReplayAndMismatchScenarios(contentMismatch: False, dropResponse: True, withObsolete: True, encryptionFailure: False, cancelAtCommitted: False, tamperCiphertext: False, reenterAfterLoss: False, agentFirstAtR5: False)"	"Assert.True() Failure Expected: True Actual: False"	"EVIDENCE_RED"	"a3_r2r6_remaining_failed_run_census.tsv"	""	"Historical failed run retained with its prior canonical failed-run classification; it is not used by the current package."
"P04FR0264"	"server"	"tests/TagEkyc.IntegrationTests/TestResults/a3-r2r6-gp-agent-committed-current-red-v2.trx"	"0211613128269A932C06A7E20C2600303EBDCFD8BE60F0FEBDDAD16C7C545D37"	"1"	"0"	"1"	"0"	"TagEkyc.IntegrationTests.Tip88C1C6BA3R2R6ClusterHttpTests.R2R6HttpsPublicationReplayAndMismatchScenarios(contentMismatch: False, dropResponse: False, withObsolete: False, encryptionFailure: False, cancelAtCommitted: False, tamperCiphertext: False, reenterAfterLoss: False, agentFirstAtR5: True)"	"Assert.True() Failure Expected: True Actual: False"	"EVIDENCE_RED"	"a3_r2r6_remaining_failed_run_census.tsv"	""	"Historical failed run retained with its prior canonical failed-run classification; it is not used by the current package."
"P04FR0265"	"server"	"tests/TagEkyc.IntegrationTests/TestResults/a3-r2r6-gp-agent-committed-red-v2.trx"	"379638B98B5BED58B6588A11FEC0A8604D39772136EB5064D0F8923DE929F0FA"	"1"	"0"	"1"	"0"	"TagEkyc.IntegrationTests.Tip88C1C6BA3R2R6ClusterHttpTests.R2R6HttpsPublicationReplayAndMismatchScenarios(contentMismatch: False, dropResponse: False, withObsolete: False, encryptionFailure: False, cancelAtCommitted: False, tamperCiphertext: False, reenterAfterLoss: False, agentFirstAtR5: True)"	"Assert.True() Failure Expected: True Actual: False"	"EVIDENCE_RED"	"a3_r2r6_failed_run_census.tsv"	""	"Historical failed run retained with its prior canonical failed-run classification; it is not used by the current package."
"P04FR0266"	"server"	"tests/TagEkyc.IntegrationTests/TestResults/a3-r2r6-gt-o19-current-wrong-cause-red-v2.trx"	"4C089F600EAD1D2733A16E0971635A1D808B1328CE1B1EF3D5D6C472EE0576A9"	"1"	"0"	"1"	"0"	"TagEkyc.IntegrationTests.Tip88C1C6BA3R2TerminalProjectionTests.Ti02_PositiveObjectAbsenceCannotSettleDifferentTerminalCause"	"Assert.Equal() Failure: Strings differ ↓ (pos 0) Expected: ""StateConflict"" Actual: ""Terminated"" ↑ (pos 0)"	"EVIDENCE_RED"	"a3_r2r6_remaining_failed_run_census.tsv"	""	"Historical failed run retained with its prior canonical failed-run classification; it is not used by the current package."
"P04FR0267"	"server"	"tests/TagEkyc.IntegrationTests/TestResults/a3-r2r6-gu-encryption-projection-current-red.trx"	"16159FCC6F1F18CFED69AC2B52E3DD9FB55F952EB9971EFF938D81A74F978D9D"	"9"	"8"	"1"	"0"	"TagEkyc.IntegrationTests.Tip88C1C6BA3R2R6ClusterHttpTests.R2R6HttpsPublicationReplayAndMismatchScenarios(contentMismatch: False, dropResponse: False, withObsolete: False, encryptionFailure: True, cancelAtCommitted: False, tamperCiphertext: False, reenterAfterLoss: False, agentFirstAtR5: False)"	"Assert.Equal() Failure: Strings differ ↓ (pos 1) Expected: ""RAW_EXPORT_SOURCE_TEMPORARILY_UNAVAILABLE"" Actual: ""RECAPTURE_REQUIRED"" ↑ (pos 1)"	"EVIDENCE_RED"	"a3_r2r6_remaining_failed_run_census.tsv"	""	"Historical failed run retained with its prior canonical failed-run classification; it is not used by the current package."
"P04FR0268"	"server"	"tests/TagEkyc.IntegrationTests/TestResults/a3-r2r6-nps-evidence-baseline.trx"	"36DCA0C3CD77B9DAA816FA86B24AF67DF09BEBA91F2DB4B947DCA1FD3960338E"	"4"	"1"	"3"	"0"	"TagEkyc.IntegrationTests.Tip88C1C6BA3R2TerminalProjectionTests.ProviderEvidenceCannotMasqueradeAsNoStart(evidence: ""object-custody""); TagEkyc.IntegrationTests.Tip88C1C6BA3R2TerminalProjectionTests.ProviderEvidenceCannotMasqueradeAsNoStart(evidence: ""provider-unknown""); TagEkyc.IntegrationTests.Tip88C1C6BA3R2TerminalProjectionTests.ProviderEvidenceCannotMasqueradeAsNoStart(evidence: ""active-key"")"	"System.ArgumentException : Disposable database purpose is invalid. (Parameter 'purpose')"	"EXCLUDED_DIAGNOSTIC"	"a3_r2r6_failed_run_census.tsv"	""	"Historical failed run retained with its prior canonical failed-run classification; it is not used by the current package."
"P04FR0269"	"server"	"tests/TagEkyc.IntegrationTests/TestResults/a3-r2r6-nps-evidence-disjunction-red.trx"	"2B1B2F0FA0437020AC8FE6CED26DAFE817664261E0437DDDD046C2044E83F81F"	"1"	"0"	"1"	"0"	"TagEkyc.IntegrationTests.Tip88C1C6BA3R2TerminalProjectionTests.ProviderEvidenceCannotMasqueradeAsNoStart(evidence: ""preparation"")"	"Npgsql.PostgresException : P0001: RAW_EXPORT_SOURCE_CORE_APPEND_ONLY"	"SUPERSEDED_RED"	"a3_r2r6_failed_run_census.tsv"	""	"Historical failed run retained with its prior canonical failed-run classification; it is not used by the current package."
"P04FR0270"	"server"	"tests/TagEkyc.IntegrationTests/TestResults/a3-r2r6-o19-diagnostic.trx"	"6647063E8EF135E4FE583AF1C17871EDC2CCAC261AE4CBA4C5EDA1EF599BE41C"	"2"	"1"	"1"	"0"	"TagEkyc.IntegrationTests.Tip88C1C6BA3R2R6ClusterHttpTests.R2R6HttpsPublicationReplayAndMismatchScenarios(contentMismatch: True)"	"O19 not finalized: actual=RAW_EXPORT_SOURCE_TEMPORARILY_UNAVAILABLE; durable={""key"": ""Active"", ""intent"": ""CONTENT_COMMITMENT_MISMATCH"", ""object"": ""PutOutcomeUnknown"", ""outcome"": null, ""termination"": null}"	"EXCLUDED_DIAGNOSTIC"	"a3_r2r6_failed_run_census.tsv"	""	"Historical failed run retained with its prior canonical failed-run classification; it is not used by the current package."
"P04FR0271"	"server"	"tests/TagEkyc.IntegrationTests/TestResults/a3-r2r6-o19-negative-family-baseline-v2.trx"	"60F2349F0F77147D4F96B50C83E7F51BB8B36F5D52DF4AA509ECEFE63A911DAA"	"1"	"0"	"1"	"0"	"TagEkyc.IntegrationTests.Tip88C1C6BA3R2TerminalProjectionTests.Ti02_O19PositiveAbsenceNegativeFamilyKeepsUnprovenAndMismatchedAttemptsPending"	"Assert.Equal() Failure: Strings differ ↓ (pos 0) Expected: ""PutOutcomeUnknown"" Actual: ""OutcomeUnknown"" ↑ (pos 0)"	"EXCLUDED_DIAGNOSTIC"	"a3_r2r6_failed_run_census.tsv"	""	"Historical failed run retained with its prior canonical failed-run classification; it is not used by the current package."
"P04FR0272"	"server"	"tests/TagEkyc.IntegrationTests/TestResults/a3-r2r6-o19-negative-family-baseline.trx"	"B29276F41B5D815683B2A322C057CE582D6DCF99D4FE97C47CC807D2CBC18D56"	"1"	"0"	"1"	"0"	"TagEkyc.IntegrationTests.Tip88C1C6BA3R2TerminalProjectionTests.Ti02_O19PositiveAbsenceNegativeFamilyKeepsUnprovenAndMismatchedAttemptsPending"	"Assert.Null() Failure: Value of type 'Nullable<DateTimeOffset>' has a value Expected: null Actual: 2026-09-18T12:43:45.6649260+00:00"	"EXCLUDED_DIAGNOSTIC"	"a3_r2r6_failed_run_census.tsv"	""	"Historical failed run retained with its prior canonical failed-run classification; it is not used by the current package."
"P04FR0273"	"server"	"tests/TagEkyc.IntegrationTests/TestResults/a3-r2r6-o19-notarmed-baseline.trx"	"0874C19781B2150F9DECCFD6FA5B3EB3F5D4C321F8ABD6F778BE26287F9100F2"	"1"	"0"	"1"	"0"	"TagEkyc.IntegrationTests.Tip88C1C6BA3R2TerminalProjectionTests.Ti02_NotArmedObjectCannotUseO19PositiveAbsenceException"	"Assert.Null() Failure: Value of type 'Nullable<DateTimeOffset>' has a value Expected: null Actual: 2026-09-18T09:31:21.1361840+00:00"	"EXCLUDED_DIAGNOSTIC"	"a3_r2r6_failed_run_census.tsv"	""	"Historical failed run retained with its prior canonical failed-run classification; it is not used by the current package."
"P04FR0274"	"server"	"tests/TagEkyc.IntegrationTests/TestResults/a3-r2r6-o19-notarmed-guard-red.trx"	"A49881CEF1A3315F07613753317AD940E9226CF7064869D33B53A1D6B533D1E8"	"1"	"0"	"1"	"0"	"TagEkyc.IntegrationTests.Tip88C1C6BA3R2TerminalProjectionTests.Ti02_NotArmedObjectCannotUseO19PositiveAbsenceException"	"Assert.Equal() Failure: Strings differ ↓ (pos 0) Expected: ""StateConflict"" Actual: ""Terminated"" ↑ (pos 0)"	"EVIDENCE_RED"	"a3_r2r6_failed_run_census.tsv"	""	"Historical failed run retained with its prior canonical failed-run classification; it is not used by the current package."
"P04FR0275"	"server"	"tests/TagEkyc.IntegrationTests/TestResults/a3-r2r6-o19-wrong-cause-guard-red.trx"	"EC40D37DBD218ADB1DEDA46F8FD4137642C1E98EF2F767F0C0EACDFF7F5058A8"	"1"	"0"	"1"	"0"	"TagEkyc.IntegrationTests.Tip88C1C6BA3R2TerminalProjectionTests.Ti02_PositiveObjectAbsenceCannotSettleDifferentTerminalCause"	"Assert.Equal() Failure: Strings differ ↓ (pos 0) Expected: ""StateConflict"" Actual: ""Terminated"" ↑ (pos 0)"	"EVIDENCE_RED"	"a3_r2r6_failed_run_census.tsv"	""	"Historical failed run retained with its prior canonical failed-run classification; it is not used by the current package."
"P04FR0276"	"server"	"tests/TagEkyc.IntegrationTests/TestResults/a3-r2r6-p17-agent-kestrel-diagnostic-v2.trx"	"684D66E2A94988F07E126E553D43C68D2ECB8FD71FBD826A2C80B5DAAD331E60"	"1"	"0"	"1"	"0"	"TagEkyc.IntegrationTests.Tip88C1C6BA3R2R6ClusterHttpTests.AvailableHttpResponseWaitsForR5PublicationCommit"	"Assert.True() Failure Expected: True Actual: False"	"EXCLUDED_DIAGNOSTIC"	"a3_r2r6_failed_run_census.tsv"	""	"Historical failed run retained with its prior canonical failed-run classification; it is not used by the current package."
"P04FR0277"	"server"	"tests/TagEkyc.IntegrationTests/TestResults/a3-r2r6-p17-agent-kestrel-diagnostic-v3.trx"	"F1722EAA062D47332438AFCC67D23E3DCA88804E9DCA8CA18C9D9F2C35DBD007"	"1"	"0"	"1"	"0"	"TagEkyc.IntegrationTests.Tip88C1C6BA3R2R6ClusterHttpTests.AvailableHttpResponseWaitsForR5PublicationCommit"	"R5 did not reach Committed; HTTP completed=True; fault=System.AggregateException: One or more errors occurred. (The SSL connection could not be established, see inner exception.) ---> System.Net.Http.HttpRequestException: The SSL connection could not be established, see inner exception. ---> System.IO.IOException: Received an unexpected EOF or 0 bytes from the transport stream. at System.Net.Security.SslStream.ReceiveHandshakeFrameAsync[TIOAdapter](CancellationToken cancellationToken) at System.Net.Security.SslStream.ForceAuthenticationAsync[TIOAdapter](Boolean receiveFirst, Byte[] reAuthenticationData, CancellationToken cancellationToken) at System.Net.Http.ConnectHelper.EstablishSslConnectionAsync(SslClientAuthenticationOptions sslOptions, HttpRequestMessage request, Boolean async, Stream stream, CancellationToken cancellationToken) --- End of inner exception stack trace --- at System.Net.Http.ConnectHelper.EstablishSslConnectionAsync(SslClientAuthenticationOptions sslOptions, HttpRequestMessage request, Boolean async, Stream stream, CancellationToken cancellationToken) at System.Net.Http.HttpConnectionPool.ConnectAsync(HttpRequestMessage request, Boolean async, CancellationToken cancellationToken) at System.Net.Http.HttpConnectionPool.CreateHttp11ConnectionAsync(HttpRequestMessage request, Boolean async, CancellationToken cancellationToken) at System.Net.Http.HttpConnectionPool.AddHttp11ConnectionAsync(QueueItem queueItem) at System.Threading.Tasks.TaskCompletionSourceWithCancellation`1.WaitWithCancellationAsync(CancellationToken cancellationToken) at System.Net.Http.HttpConnectionPool.SendWithVersionDetectionAndRetryAsync(HttpRequestMessage request, Boolean async, Boolean doRequestAuth, CancellationToken cancellationToken) at System.Net.Http.RedirectHandler.SendAsync(HttpRequestMessage request, Boolean async, CancellationToken cancellationToken) at System.Net.Http.HttpClient.<SendAsync>g__Core|83_0(HttpRequestMessage request, HttpCompletionOption completionOption, CancellationTokenSource cts, Boolean disposeCts, CancellationTokenSource pendingRequestsCts, CancellationToken originalCancellationToken) --- End of inner exception stack trace ---"	"EXCLUDED_DIAGNOSTIC"	"a3_r2r6_failed_run_census.tsv"	""	"Historical failed run retained with its prior canonical failed-run classification; it is not used by the current package."
"P04FR0278"	"server"	"tests/TagEkyc.IntegrationTests/TestResults/a3-r2r6-p17-agent-kestrel-diagnostic-v4.trx"	"5527A12332152DB3A7DB29014936BD53E7F70EFAAD9E41E0F0776ED114925BE4"	"1"	"0"	"1"	"0"	"TagEkyc.IntegrationTests.Tip88C1C6BA3R2R6ClusterHttpTests.AvailableHttpResponseWaitsForR5PublicationCommit"	"R5 did not reach Committed; HTTP completed=True; fault=System.AggregateException: One or more errors occurred. (The SSL connection could not be established, see inner exception.) ---> System.Net.Http.HttpRequestException: The SSL connection could not be established, see inner exception. ---> System.IO.IOException: Received an unexpected EOF or 0 bytes from the transport stream. at System.Net.Security.SslStream.ReceiveHandshakeFrameAsync[TIOAdapter](CancellationToken cancellationToken) at System.Net.Security.SslStream.ForceAuthenticationAsync[TIOAdapter](Boolean receiveFirst, Byte[] reAuthenticationData, CancellationToken cancellationToken) at System.Net.Http.ConnectHelper.EstablishSslConnectionAsync(SslClientAuthenticationOptions sslOptions, HttpRequestMessage request, Boolean async, Stream stream, CancellationToken cancellationToken) --- End of inner exception stack trace --- at System.Net.Http.ConnectHelper.EstablishSslConnectionAsync(SslClientAuthenticationOptions sslOptions, HttpRequestMessage request, Boolean async, Stream stream, CancellationToken cancellationToken) at System.Net.Http.HttpConnectionPool.ConnectAsync(HttpRequestMessage request, Boolean async, CancellationToken cancellationToken) at System.Net.Http.HttpConnectionPool.CreateHttp11ConnectionAsync(HttpRequestMessage request, Boolean async, CancellationToken cancellationToken) at System.Net.Http.HttpConnectionPool.AddHttp11ConnectionAsync(QueueItem queueItem) at System.Threading.Tasks.TaskCompletionSourceWithCancellation`1.WaitWithCancellationAsync(CancellationToken cancellationToken) at System.Net.Http.HttpConnectionPool.SendWithVersionDetectionAndRetryAsync(HttpRequestMessage request, Boolean async, Boolean doRequestAuth, CancellationToken cancellationToken) at System.Net.Http.RedirectHandler.SendAsync(HttpRequestMessage request, Boolean async, CancellationToken cancellationToken) at System.Net.Http.HttpClient.<SendAsync>g__Core|83_0(HttpRequestMessage request, HttpCompletionOption completionOption, CancellationTokenSource cts, Boolean disposeCts, CancellationTokenSource pendingRequestsCts, CancellationToken originalCancellationToken) --- End of inner exception stack trace ---"	"EXCLUDED_DIAGNOSTIC"	"a3_r2r6_failed_run_census.tsv"	""	"Historical failed run retained with its prior canonical failed-run classification; it is not used by the current package."
"P04FR0279"	"server"	"tests/TagEkyc.IntegrationTests/TestResults/a3-r2r6-p17-agent-kestrel-diagnostic-v5.trx"	"B2591ABE20BF1606E435264F28C9474A93A58B769FE3288C269ED2319B8B8F05"	"1"	"0"	"1"	"0"	"TagEkyc.IntegrationTests.Tip88C1C6BA3R2R6ClusterHttpTests.AvailableHttpResponseWaitsForR5PublicationCommit"	"R5 did not reach Committed; HTTP completed=True; fault=System.AggregateException: One or more errors occurred. (The SSL connection could not be established, see inner exception.) ---> System.Net.Http.HttpRequestException: The SSL connection could not be established, see inner exception. ---> System.IO.IOException: Received an unexpected EOF or 0 bytes from the transport stream. at System.Net.Security.SslStream.ReceiveHandshakeFrameAsync[TIOAdapter](CancellationToken cancellationToken) at System.Net.Security.SslStream.ForceAuthenticationAsync[TIOAdapter](Boolean receiveFirst, Byte[] reAuthenticationData, CancellationToken cancellationToken) at System.Net.Http.ConnectHelper.EstablishSslConnectionAsync(SslClientAuthenticationOptions sslOptions, HttpRequestMessage request, Boolean async, Stream stream, CancellationToken cancellationToken) --- End of inner exception stack trace --- at System.Net.Http.ConnectHelper.EstablishSslConnectionAsync(SslClientAuthenticationOptions sslOptions, HttpRequestMessage request, Boolean async, Stream stream, CancellationToken cancellationToken) at System.Net.Http.HttpConnectionPool.ConnectAsync(HttpRequestMessage request, Boolean async, CancellationToken cancellationToken) at System.Net.Http.HttpConnectionPool.CreateHttp11ConnectionAsync(HttpRequestMessage request, Boolean async, CancellationToken cancellationToken) at System.Net.Http.HttpConnectionPool.AddHttp11ConnectionAsync(QueueItem queueItem) at System.Threading.Tasks.TaskCompletionSourceWithCancellation`1.WaitWithCancellationAsync(CancellationToken cancellationToken) at System.Net.Http.HttpConnectionPool.SendWithVersionDetectionAndRetryAsync(HttpRequestMessage request, Boolean async, Boolean doRequestAuth, CancellationToken cancellationToken) at System.Net.Http.RedirectHandler.SendAsync(HttpRequestMessage request, Boolean async, CancellationToken cancellationToken) at System.Net.Http.HttpClient.<SendAsync>g__Core|83_0(HttpRequestMessage request, HttpCompletionOption completionOption, CancellationTokenSource cts, Boolean disposeCts, CancellationTokenSource pendingRequestsCts, CancellationToken originalCancellationToken) --- End of inner exception stack trace ---"	"EXCLUDED_DIAGNOSTIC"	"a3_r2r6_failed_run_census.tsv"	""	"Historical failed run retained with its prior canonical failed-run classification; it is not used by the current package."
"P04FR0280"	"server"	"tests/TagEkyc.IntegrationTests/TestResults/a3-r2r6-p17-agent-kestrel-diagnostic-v6.trx"	"9EC1D7946FE992A237E95C843928B89132AFA31DEFE23C2F5FEAC8BE57553076"	"1"	"0"	"1"	"0"	"TagEkyc.IntegrationTests.Tip88C1C6BA3R2R6ClusterHttpTests.AvailableHttpResponseWaitsForR5PublicationCommit"	"R5 did not reach Committed; HTTP completed=True; fault=System.AggregateException: One or more errors occurred. (The SSL connection could not be established, see inner exception.) ---> System.Net.Http.HttpRequestException: The SSL connection could not be established, see inner exception. ---> System.IO.IOException: Received an unexpected EOF or 0 bytes from the transport stream. at System.Net.Security.SslStream.ReceiveHandshakeFrameAsync[TIOAdapter](CancellationToken cancellationToken) at System.Net.Security.SslStream.ForceAuthenticationAsync[TIOAdapter](Boolean receiveFirst, Byte[] reAuthenticationData, CancellationToken cancellationToken) at System.Net.Http.ConnectHelper.EstablishSslConnectionAsync(SslClientAuthenticationOptions sslOptions, HttpRequestMessage request, Boolean async, Stream stream, CancellationToken cancellationToken) --- End of inner exception stack trace --- at System.Net.Http.ConnectHelper.EstablishSslConnectionAsync(SslClientAuthenticationOptions sslOptions, HttpRequestMessage request, Boolean async, Stream stream, CancellationToken cancellationToken) at System.Net.Http.HttpConnectionPool.ConnectAsync(HttpRequestMessage request, Boolean async, CancellationToken cancellationToken) at System.Net.Http.HttpConnectionPool.CreateHttp11ConnectionAsync(HttpRequestMessage request, Boolean async, CancellationToken cancellationToken) at System.Net.Http.HttpConnectionPool.AddHttp11ConnectionAsync(QueueItem queueItem) at System.Threading.Tasks.TaskCompletionSourceWithCancellation`1.WaitWithCancellationAsync(CancellationToken cancellationToken) at System.Net.Http.HttpConnectionPool.SendWithVersionDetectionAndRetryAsync(HttpRequestMessage request, Boolean async, Boolean doRequestAuth, CancellationToken cancellationToken) at System.Net.Http.RedirectHandler.SendAsync(HttpRequestMessage request, Boolean async, CancellationToken cancellationToken) at System.Net.Http.HttpClient.<SendAsync>g__Core|83_0(HttpRequestMessage request, HttpCompletionOption completionOption, CancellationTokenSource cts, Boolean disposeCts, CancellationTokenSource pendingRequestsCts, CancellationToken originalCancellationToken) --- End of inner exception stack trace ---"	"EXCLUDED_DIAGNOSTIC"	"a3_r2r6_failed_run_census.tsv"	""	"Historical failed run retained with its prior canonical failed-run classification; it is not used by the current package."
"P04FR0281"	"server"	"tests/TagEkyc.IntegrationTests/TestResults/a3-r2r6-p17-kestrel-server-read-red.trx"	"1B4F7542DE5CD4FE7B70B234C1322550750D06EE6A80BA4B22F6C20FEA115A39"	"1"	"0"	"1"	"0"	"TagEkyc.IntegrationTests.Tip88C1C6BA3R2R6ClusterHttpTests.AvailableHttpResponseWaitsForR5PublicationCommit"	"Assert.Equal() Failure: Values differ Expected: 0 Actual: 1"	"SUPERSEDED_RED"	"a3_r2r6_failed_run_census.tsv"	""	"Historical failed run retained with its prior canonical failed-run classification; it is not used by the current package."
"P04FR0282"	"server"	"tests/TagEkyc.IntegrationTests/TestResults/a3-r2r6-p19-first-response-projection-red.trx"	"725690003AB82847CB46D651CE705A02C3C03AAF6B14542469D282767201F535"	"9"	"8"	"1"	"0"	"TagEkyc.IntegrationTests.Tip88C1C6BA3R2R6ClusterHttpTests.R2R6HttpsPublicationReplayAndMismatchScenarios(contentMismatch: True, dropResponse: False, withObsolete: False, encryptionFailure: False, cancelAtCommitted: False, tamperCiphertext: False, reenterAfterLoss: False, agentFirstAtR5: False)"	"Assert.Equal() Failure: Strings differ ↓ (pos 0) Expected: ""CONTENT_COMMITMENT_MISMATCH"" Actual: ""RAW_EXPORT_SOURCE_TEMPORARILY_UNAVAILABLE"" ↑ (pos 0)"	"EVIDENCE_RED"	"a3_r2r6_remaining_failed_run_census.tsv"	""	"Historical failed run retained with its prior canonical failed-run classification; it is not used by the current package."
"P04FR0283"	"server"	"tests/TagEkyc.IntegrationTests/TestResults/a3-r2r6-p20-ciphertext-current-source-red.trx"	"91C54B591388216FCB5F2A3E4D12405F7F5B609EFC83F2476F9E8178E94F71FC"	"2"	"1"	"1"	"0"	"TagEkyc.IntegrationTests.Tip88C1C6BA3R2TerminalProjectionTests.CiphertextFailureIsNotProducerMismatch(tamper: True)"	"System.InvalidOperationException : RAW_INGRESS_CONTINUATION_NOT_READY"	"EVIDENCE_RED"	"a3_r2r6_remaining_failed_run_census.tsv"	""	"Historical failed run retained with its prior canonical failed-run classification; it is not used by the current package."
"P04FR0284"	"server"	"tests/TagEkyc.IntegrationTests/TestResults/a3-r2r6-phase-c-positive-v2.trx"	"6BB13E847861F924002DC6A4377934C2A6283B74787C10450063EA4950259C5D"	"7"	"6"	"1"	"0"	"TagEkyc.IntegrationTests.Tip88C1C6BA3R2R6ClusterHttpTests.R2R6HttpsPublicationReplayAndMismatchScenarios(contentMismatch: True)"	"Assert.NotEqual() Failure: Values are equal Expected: Not None Actual: None"	"EXCLUDED_DIAGNOSTIC"	"a3_r2r6_failed_run_census.tsv"	""	"Historical failed run retained with its prior canonical failed-run classification; it is not used by the current package."
"P04FR0285"	"server"	"tests/TagEkyc.IntegrationTests/TestResults/a3-r2r6-phase-c-positive.trx"	"726067569F394CDB57C993C0723B29D4582D3B473C92214395B90B0C5D745DB3"	"7"	"6"	"1"	"0"	"TagEkyc.IntegrationTests.Tip88C1C6BA3R2R6ClusterHttpTests.R2R6HttpsPublicationReplayAndMismatchScenarios(contentMismatch: True)"	"Assert.Equal() Failure: Strings differ ↓ (pos 0) Expected: ""CONTENT_COMMITMENT_MISMATCH"" Actual: ""RAW_EXPORT_SOURCE_TEMPORARILY_UNAVAILABLE"" ↑ (pos 0)"	"EXCLUDED_DIAGNOSTIC"	"a3_r2r6_failed_run_census.tsv"	""	"Historical failed run retained with its prior canonical failed-run classification; it is not used by the current package."
"P04FR0286"	"server"	"tests/TagEkyc.IntegrationTests/TestResults/a3-r2r6-positive-absence-correction-check.trx"	"DD9A632EFA2F1ECBCE26A5D8B332D275767EA4CFE41A23EA8D0FBE0A5C6F8598"	"3"	"2"	"1"	"0"	"TagEkyc.IntegrationTests.Tip88C1C6BA3R2R6ClusterHttpTests.R2R6HttpsPublicationReplayAndMismatchScenarios(contentMismatch: True, dropResponse: False)"	"Assert.Equal() Failure: Strings differ ↓ (pos 0) Expected: ""RAW_EXPORT_SOURCE_TEMPORARILY_UNAVAILABLE"" Actual: ""CONTENT_COMMITMENT_MISMATCH"" ↑ (pos 0)"	"EXCLUDED_DIAGNOSTIC"	"a3_r2r6_failed_run_census.tsv"	""	"Historical failed run retained with its prior canonical failed-run classification; it is not used by the current package."
"P04FR0287"	"server"	"tests/TagEkyc.IntegrationTests/TestResults/a3-r2r6-replay-body-read-final-source-red.trx"	"9DC6A612A2B8255930A1FFD07EF64F8CBC6B99158075871C36020BF925125FFA"	"2"	"0"	"2"	"0"	"TagEkyc.IntegrationTests.Tip88C1C6BA3R2TerminalProjectionTests.ActivatedHttpRoute_UsesBrokerAndBodyPipelineToPublishBothRawClasses(rawClass: ""LiveSelfieImage""); TagEkyc.IntegrationTests.Tip88C1C6BA3R2TerminalProjectionTests.ActivatedHttpRoute_UsesBrokerAndBodyPipelineToPublishBothRawClasses(rawClass: ""ChipDg2Portrait"")"	"Assert.Equal() Failure: Values differ Expected: 0 Actual: 2"	"EVIDENCE_RED"	"a3_r2r6_failed_run_census.tsv"	""	"Historical failed run retained with its prior canonical failed-run classification; it is not used by the current package."
"P04FR0288"	"server"	"tests/TagEkyc.IntegrationTests/TestResults/a3-r2r6-replay-body-read-red.trx"	"6AA65D2787B2C6580065CCD42590558AF53DDE79996B714B050977C721E0A32E"	"2"	"0"	"2"	"0"	"TagEkyc.IntegrationTests.Tip88C1C6BA3R2TerminalProjectionTests.ActivatedHttpRoute_UsesBrokerAndBodyPipelineToPublishBothRawClasses(rawClass: ""LiveSelfieImage""); TagEkyc.IntegrationTests.Tip88C1C6BA3R2TerminalProjectionTests.ActivatedHttpRoute_UsesBrokerAndBodyPipelineToPublishBothRawClasses(rawClass: ""ChipDg2Portrait"")"	"Assert.Equal() Failure: Values differ Expected: 0 Actual: 2"	"SUPERSEDED_RED"	"a3_r2r6_failed_run_census.tsv"	""	"Historical failed run retained with its prior canonical failed-run classification; it is not used by the current package."
"P04FR0289"	"server"	"tests/TagEkyc.IntegrationTests/TestResults/a3-r2r6-shared-tls-diagnostic-v2.trx"	"6D225B82A00B5813F7E81FCCC6A1F95B85C7C97B8A077FBB36FB3ACCBB68F551"	"1"	"0"	"1"	"0"	"TagEkyc.IntegrationTests.Tip88C1C6BA3R2R6TransportHarnessTests.SharedLoopbackHttpsHarnessCompletesRealTlsHandshake"	"System.Net.Http.HttpRequestException : The SSL connection could not be established, see inner exception. ---- System.IO.IOException : Received an unexpected EOF or 0 bytes from the transport stream."	"EXCLUDED_DIAGNOSTIC"	"a3_r2r6_failed_run_census.tsv"	""	"Historical failed run retained with its prior canonical failed-run classification; it is not used by the current package."
"P04FR0290"	"server"	"tests/TagEkyc.IntegrationTests/TestResults/a3-r2r6-shared-tls-positive-control.trx"	"59E8C37A5966754F4F220FA5B1C7BF3B04BECEFAED0BB8160FB8AA751997ECBA"	"1"	"0"	"1"	"0"	"TagEkyc.IntegrationTests.Tip88C1C6BA3R2R6TransportHarnessTests.SharedLoopbackHttpsHarnessCompletesRealTlsHandshake"	"System.Net.Http.HttpRequestException : The SSL connection could not be established, see inner exception. ---- System.IO.IOException : Received an unexpected EOF or 0 bytes from the transport stream."	"EXCLUDED_DIAGNOSTIC"	"a3_r2r6_failed_run_census.tsv"	""	"Historical failed run retained with its prior canonical failed-run classification; it is not used by the current package."
"P04FR0291"	"server"	"tests/TagEkyc.IntegrationTests/TestResults/a3-r2r6-terminal-unknown-object-correction-check.trx"	"71CC15FEAB0F8926C7EF8A8787D5A95E1CFFEFA486AC31D0E63D012B4C96FE2D"	"1"	"0"	"1"	"0"	"TagEkyc.IntegrationTests.Tip88C1C6BA3R2R6ClusterHttpTests.R2R6HttpsPublicationReplayAndMismatchScenarios(contentMismatch: True)"	"Assert.Equal() Failure: Strings differ Expected: ""CONTENT_COMMITMENT_MISMATCH"" Actual: null"	"EXCLUDED_DIAGNOSTIC"	"a3_r2r6_failed_run_census.tsv"	""	"Historical failed run retained with its prior canonical failed-run classification; it is not used by the current package."
"P04FR0292"	"server"	"tests/TagEkyc.IntegrationTests/TestResults/a3-r2r6-terminal-unknown-object-diagnostic-v2.trx"	"33292656E359529017FDDEDC79FB62242731E0478808144360C79F356CB13EA8"	"1"	"0"	"1"	"0"	"TagEkyc.IntegrationTests.Tip88C1C6BA3R2R6ClusterHttpTests.R2R6HttpsPublicationReplayAndMismatchScenarios(contentMismatch: True)"	"Terminal continuation unresolved after 32 steps: step=FinalizeIntent; object=NoObjectEstablished; intent=CONTENT_COMMITMENT_MISMATCH; key=Revoked"	"EXCLUDED_DIAGNOSTIC"	"a3_r2r6_failed_run_census.tsv"	""	"Historical failed run retained with its prior canonical failed-run classification; it is not used by the current package."
"P04FR0293"	"server"	"tests/TagEkyc.IntegrationTests/TestResults/a3-r2r6-th3-cancel-at-committed-phase-a.trx"	"A36088D24FB43E1F60C601B6227079934F6BAFCB0047C3D88AE89A9D1FF23ABE"	"1"	"0"	"1"	"0"	"TagEkyc.IntegrationTests.Tip88C1C6BA3R2R6ClusterHttpTests.R2R6HttpsPublicationReplayAndMismatchScenarios(contentMismatch: False, dropResponse: False, withObsolete: False, encryptionFailure: False, cancelAtCommitted: True)"	"Assert.Equal() Failure: Strings differ ↓ (pos 18) Expected: ""RAW_EXPORT_SOURCE_ALREADY_AVAILABLE"" Actual: ""RAW_EXPORT_SOURCE_CLAIM_EVALUATION_IN_PRO""··· ↑ (pos 18)"	"EXCLUDED_DIAGNOSTIC"	"a3_r2r6_failed_run_census.tsv"	""	"Historical failed run retained with its prior canonical failed-run classification; it is not used by the current package."
"P04FR0294"	"server"	"tests/TagEkyc.IntegrationTests/TestResults/a3-r2r6-th7-entry-gate-diagnostic.trx"	"0B30A78D1525CA7FFD5966F2C1A97D74D85079855D31CC6198882A5D672F357C"	"4"	"0"	"4"	"0"	"TagEkyc.IntegrationTests.Tip88C1C6BA3R2R6ClusterHttpTests.R2R6HttpsPublicationReplayAndMismatchScenarios(contentMismatch: False, dropResponse: True, withObsolete: True); TagEkyc.IntegrationTests.Tip88C1C6BA3R2R6ClusterHttpTests.R2R6HttpsPublicationReplayAndMismatchScenarios(contentMismatch: True, dropResponse: False, withObsolete: False); TagEkyc.IntegrationTests.Tip88C1C6BA3R2R6ClusterHttpTests.R2R6HttpsPublicationReplayAndMismatchScenarios(contentMismatch: False, dropResponse: False, withObsolete: False); TagEkyc.IntegrationTests.Tip88C1C6BA3R2R6ClusterHttpTests.R2R6HttpsPublicationReplayAndMismatchScenarios(contentMismatch: False, dropResponse: True, withObsolete: False)"	"Assert.True() Failure Expected: True Actual: False"	"EXCLUDED_DIAGNOSTIC"	"a3_r2r6_failed_run_census.tsv"	""	"Historical failed run retained with its prior canonical failed-run classification; it is not used by the current package."
"P04FR0295"	"server"	"tests/TagEkyc.IntegrationTests/TestResults/a3-r2r6-th7-extended-horizon-diagnostic.trx"	"F07B67A2EA85EB9FDC0228E57795D05EA0B5182BB1AA518656C0336384B664AE"	"1"	"0"	"1"	"0"	"TagEkyc.IntegrationTests.Tip88C1C6BA3R2R6ClusterHttpTests.R2R6HttpsPublicationReplayAndMismatchScenarios(contentMismatch: False, dropResponse: True)"	"R4 did not commit after staging was released; first=Faulted, exception=System.AggregateException: One or more errors occurred. (TEST_ONLY_EXPECTED_BUSINESS_RESPONSE status=503 body={""code"":""NOT_READY"",""correlationId"":""0HNOLDCFHE3GT:00000001""}) ---> System.InvalidOperationException: TEST_ONLY_EXPECTED_BUSINESS_RESPONSE status=503 body={""code"":""NOT_READY"",""correlationId"":""0HNOLDCFHE3GT:00000001""} at TagEkyc.IntegrationTests.Tip88C1C6BA3R2R6ClusterHttpTests.LostResponseAfterCommitHandler.SendAsync(HttpRequestMessage request, CancellationToken cancellationToken) in D:\Task\Remote Signing\TagEkyc\tests\TagEkyc.IntegrationTests\Tip88C1C6BA3R2R6ClusterHttpTests.cs:line 573 at System.Net.Http.HttpClient.<SendAsync>g__Core|83_0(HttpRequestMessage request, HttpCompletionOption completionOption, CancellationTokenSource cts, Boolean disposeCts, CancellationTokenSource pendingRequestsCts, CancellationToken originalCancellationToken) at TagEkyc.CaptureAgent.Client.CaptureRuntimeHttpClient.SubmitRawExportSourceAsync(RawExportSourceIngressMetadata metadata, RetainedRawBufferLease buffer, CancellationToken cancellationToken) in D:\Task\Remote Signing\TagEkyc.CaptureAgent\src\TagEkyc.CaptureAgent.Client\CaptureRuntimeHttpClient.cs:line 178 --- End of inner exception stack trace ---"	"EXCLUDED_DIAGNOSTIC"	"a3_r2r6_failed_run_census.tsv"	""	"Historical failed run retained with its prior canonical failed-run classification; it is not used by the current package."
"P04FR0296"	"server"	"tests/TagEkyc.IntegrationTests/TestResults/a3-r2r6-th7-long-margin-diagnostic.trx"	"1ED5B1EF3758CB8521CC206ECDD2FD3BA97E3D27D4F361AF66C0A0C4CBBEA905"	"1"	"0"	"1"	"0"	"TagEkyc.IntegrationTests.Tip88C1C6BA3R2R6ClusterHttpTests.R2R6HttpsPublicationReplayAndMismatchScenarios(contentMismatch: False, dropResponse: True)"	"R4 did not commit after staging was released; first=Faulted, exception=System.AggregateException: One or more errors occurred. (TEST_ONLY_EXPECTED_BUSINESS_RESPONSE status=503 body={""code"":""NOT_READY"",""correlationId"":""0HNOLDDL07Q85:00000001""}) ---> System.InvalidOperationException: TEST_ONLY_EXPECTED_BUSINESS_RESPONSE status=503 body={""code"":""NOT_READY"",""correlationId"":""0HNOLDDL07Q85:00000001""} at TagEkyc.IntegrationTests.Tip88C1C6BA3R2R6ClusterHttpTests.LostResponseAfterCommitHandler.SendAsync(HttpRequestMessage request, CancellationToken cancellationToken) in D:\Task\Remote Signing\TagEkyc\tests\TagEkyc.IntegrationTests\Tip88C1C6BA3R2R6ClusterHttpTests.cs:line 574 at System.Net.Http.HttpClient.<SendAsync>g__Core|83_0(HttpRequestMessage request, HttpCompletionOption completionOption, CancellationTokenSource cts, Boolean disposeCts, CancellationTokenSource pendingRequestsCts, CancellationToken originalCancellationToken) at TagEkyc.CaptureAgent.Client.CaptureRuntimeHttpClient.SubmitRawExportSourceAsync(RawExportSourceIngressMetadata metadata, RetainedRawBufferLease buffer, CancellationToken cancellationToken) in D:\Task\Remote Signing\TagEkyc.CaptureAgent\src\TagEkyc.CaptureAgent.Client\CaptureRuntimeHttpClient.cs:line 178 --- End of inner exception stack trace ---"	"EXCLUDED_DIAGNOSTIC"	"a3_r2r6_failed_run_census.tsv"	""	"Historical failed run retained with its prior canonical failed-run classification; it is not used by the current package."
"P04FR0297"	"server"	"tests/TagEkyc.IntegrationTests/TestResults/a3-r2r6-th7-publication-insert-diagnostic.trx"	"4422402E4378028089203FBBA5FEEC74BC89C72FFF87E2CF19597D43F36A87AD"	"1"	"0"	"1"	"0"	"TagEkyc.IntegrationTests.Tip88C1C6BA3R2R6ClusterHttpTests.R2R6HttpsPublicationReplayAndMismatchScenarios(contentMismatch: False, dropResponse: True)"	"R4 did not commit after staging was released; first=Faulted, exception=System.AggregateException: One or more errors occurred. (The given key was not present in the dictionary.) ---> System.Collections.Generic.KeyNotFoundException: The given key was not present in the dictionary. at System.Text.Json.JsonElement.GetProperty(String propertyName) at TagEkyc.IntegrationTests.Tip88C1C6BA3R2R6ClusterHttpTests.LostResponseAfterCommitHandler.SendAsync(HttpRequestMessage request, CancellationToken cancellationToken) in D:\Task\Remote Signing\TagEkyc\tests\TagEkyc.IntegrationTests\Tip88C1C6BA3R2R6ClusterHttpTests.cs:line 564 at System.Net.Http.HttpClient.<SendAsync>g__Core|83_0(HttpRequestMessage request, HttpCompletionOption completionOption, CancellationTokenSource cts, Boolean disposeCts, CancellationTokenSource pendingRequestsCts, CancellationToken originalCancellationToken) at TagEkyc.CaptureAgent.Client.CaptureRuntimeHttpClient.SubmitRawExportSourceAsync(RawExportSourceIngressMetadata metadata, RetainedRawBufferLease buffer, CancellationToken cancellationToken) in D:\Task\Remote Signing\TagEkyc.CaptureAgent\src\TagEkyc.CaptureAgent.Client\CaptureRuntimeHttpClient.cs:line 178 --- End of inner exception stack trace ---"	"EXCLUDED_DIAGNOSTIC"	"a3_r2r6_failed_run_census.tsv"	""	"Historical failed run retained with its prior canonical failed-run classification; it is not used by the current package."
"P04FR0298"	"server"	"tests/TagEkyc.IntegrationTests/TestResults/a3-r2r6-th7-same-source-diagnostic.trx"	"9F905A0455A0CFBDAAA7233BB7D0F763E2916F192FBDE597F5F25893F8A949D7"	"3"	"2"	"1"	"0"	"TagEkyc.IntegrationTests.Tip88C1C6BA3R2R6ClusterHttpTests.R2R6HttpsPublicationReplayAndMismatchScenarios(contentMismatch: False, dropResponse: True)"	"Assert.True() Failure Expected: True Actual: False"	"EXCLUDED_DIAGNOSTIC"	"a3_r2r6_failed_run_census.tsv"	""	"Historical failed run retained with its prior canonical failed-run classification; it is not used by the current package."
"P04FR0299"	"server"	"tests/TagEkyc.IntegrationTests/TestResults/a3-r2r6-th7-skip-cleanup-red.trx"	"44DC0101C3EA6A647E6D4B04F1B44F559A5D93B8E99ED326FC730C1E969FE175"	"1"	"0"	"1"	"0"	"TagEkyc.IntegrationTests.Tip88C1C6BA3R2R6ClusterHttpTests.R2R6HttpsPublicationReplayAndMismatchScenarios(contentMismatch: False, dropResponse: True, withObsolete: True)"	"Assert.True() Failure Expected: True Actual: False"	"EVIDENCE_RED"	"a3_r2r6_failed_run_census.tsv"	""	"Historical failed run retained with its prior canonical failed-run classification; it is not used by the current package."
"P04FR0300"	"server"	"tests/TagEkyc.IntegrationTests/TestResults/a3-r2r6-th8-successor-r2r5-phase-a.trx"	"CEA397C9948635CBB9673201F4A3B9CF0F0C10F403923C5194156D791CFC6E1A"	"1"	"0"	"1"	"0"	"TagEkyc.IntegrationTests.Tip88C1C6BA3R2TerminalProjectionTests.Re01_SettledSameOwnerSuccessorRunsExistingR2R5WithoutOldAttemptRewrite"	"System.InvalidOperationException : Sequence contains no elements."	"EXCLUDED_DIAGNOSTIC"	"a3_r2r6_failed_run_census.tsv"	""	"Historical failed run retained with its prior canonical failed-run classification; it is not used by the current package."
"P04FR0301"	"server"	"tests/TagEkyc.IntegrationTests/TestResults/a3-r2r6-th9-encryption-failure-phase-a.trx"	"48DA3D6523010243D26189205D89120E0E6B608B7F8467E6C282B59053FA274E"	"1"	"0"	"1"	"0"	"TagEkyc.IntegrationTests.Tip88C1C6BA3R2R6ClusterHttpTests.R2R6HttpsPublicationReplayAndMismatchScenarios(contentMismatch: False, dropResponse: False, withObsolete: False, encryptionFailure: True)"	"Npgsql.NpgsqlException : Exception while reading from stream ---- System.IO.IOException : Unable to read data from the transport connection: An established connection was aborted by the software in your host machine.. -------- System.Net.Sockets.SocketException : An established connection was aborted by the software in your host machine."	"EXCLUDED_DIAGNOSTIC"	"a3_r2r6_failed_run_census.tsv"	""	"Historical failed run retained with its prior canonical failed-run classification; it is not used by the current package."
"P04FR0302"	"server"	"tests/TagEkyc.IntegrationTests/TestResults/a3-r2r6-ti-r3-final-guard-red.trx"	"A33808B13806F78A4E622B4EAA9CD818B88BA648C164701C66E4590A29DB953A"	"2"	"1"	"1"	"0"	"TagEkyc.IntegrationTests.Tip88C1C6BA3R2TerminalProjectionTests.StageCannotOvertakeTerminalIntent(intentFirst: True)"	"Npgsql.PostgresException : P0001: A3_R2_TERMINAL_INTENT_STAGE_FORBIDDEN"	"EVIDENCE_RED"	"a3_r2r6_failed_run_census.tsv"	""	"Historical failed run retained with its prior canonical failed-run classification; it is not used by the current package."
"P04FR0303"	"server"	"tests/TagEkyc.IntegrationTests/TestResults/a3-r2r6-ti-r3-final-restored-joined.trx"	"EECA94235DF240FC7693F259B694E9466687F28D1295CE92E2467BC3E82C5914"	"5"	"0"	"5"	"0"	"TagEkyc.IntegrationTests.Tip88C1C6BA3R2TerminalProjectionTests.Ti01_ExactTupleAndCauseReplayPreservesOnlyIntent(code: ""CONTENT_COMMITMENT_MISMATCH""); TagEkyc.IntegrationTests.Tip88C1C6BA3R2TerminalProjectionTests.Ti01_ExactTupleAndCauseReplayPreservesOnlyIntent(code: ""RECAPTURE_REQUIRED""); TagEkyc.IntegrationTests.Tip88C1C6BA3R2TerminalProjectionTests.Ti01_ExactTupleAndCauseReplayPreservesOnlyIntent(code: ""RAW_EXPORT_SOURCE_ARTIFACT_SIZE_LIMIT_EXCEEDED""); TagEkyc.IntegrationTests.Tip88C1C6BA3R2TerminalProjectionTests.StageCannotOvertakeTerminalIntent(intentFirst: False); TagEkyc.IntegrationTests.Tip88C1C6BA3R2TerminalProjectionTests.StageCannotOvertakeTerminalIntent(intentFirst: True)"	"Npgsql.NpgsqlException : Exception while reading from stream ---- System.IO.EndOfStreamException : Attempted to read past the end of the stream."	"EXCLUDED_DIAGNOSTIC"	"a3_r2r6_failed_run_census.tsv"	""	"Historical failed run retained with its prior canonical failed-run classification; it is not used by the current package."
"P04FR0304"	"server"	"tests/TagEkyc.IntegrationTests/TestResults/a3-r2r6-ti-r3-guard-red.trx"	"F4C78DB0462FC34302D8C67F297156FA5637F8B7CE2BF5A0D078F2EB6E66CD20"	"2"	"1"	"1"	"0"	"TagEkyc.IntegrationTests.Tip88C1C6BA3R2TerminalProjectionTests.StageCannotOvertakeTerminalIntent(intentFirst: True)"	"Npgsql.PostgresException : P0001: A3_R2_TERMINAL_INTENT_STAGE_FORBIDDEN"	"SUPERSEDED_RED"	"a3_r2r6_failed_run_census.tsv"	""	"Historical failed run retained with its prior canonical failed-run classification; it is not used by the current package."
"P04FR0305"	"server"	"tests/TagEkyc.IntegrationTests/TestResults/a3-readiness-fixture-p24-timebounds-red.trx"	"62EEE0A65233FA8BBD85969B1322481FEB79856E826D8055E3631CBB563840F0"	"1"	"0"	"1"	"0"	"TagEkyc.IntegrationTests.Tip88C1C6BA3BrokerQualificationTests.OrdinaryProgramActivatedInvalidTimeBoundsStopsBeforeAnyIngress"	"Assert.ThrowsAny() Failure: No exception was thrown Expected: typeof(System.Exception)"	"EXCLUDED_HISTORICAL_OUTSIDE_SLICE"	"WHOLE_REPO_SWEEP"	""	"Historical failed run is outside the bounded P04/site-qualification slice and is inventoried without being used as current evidence."
"P04FR0306"	"server"	"tests/TagEkyc.IntegrationTests/TestResults/a3-readiness-fixture-p25-upper-red.trx"	"ECB11F6F2C58FD4C1DF6317696B5B97F6258208D3DF4FDC50BF833BB9B6E3433"	"1"	"0"	"1"	"0"	"TagEkyc.IntegrationTests.Tip88C1C6BA3BrokerQualificationTests.OrdinaryProgramActivatedInvalidCapacityStopsBeforeAnyIngress"	"Assert.ThrowsAny() Failure: No exception was thrown Expected: typeof(System.Exception)"	"EXCLUDED_HISTORICAL_OUTSIDE_SLICE"	"WHOLE_REPO_SWEEP"	""	"Historical failed run is outside the bounded P04/site-qualification slice and is inventoried without being used as current evidence."
"P04FR0307"	"server"	"tests/TagEkyc.IntegrationTests/TestResults/a3-readiness-p24-activated-baseline-red.trx"	"813288DDB4901555874FD2B7D9F900D6A38C46DF26B1BE1E87E10BE8908EBF51"	"1"	"0"	"1"	"0"	"TagEkyc.IntegrationTests.Tip88C1C6BA3BrokerQualificationTests.OrdinaryProgramActivatedInvalidTimeBoundsStopsBeforeAnyIngress"	"Assert.ThrowsAny() Failure: No exception was thrown Expected: typeof(System.Exception)"	"EXCLUDED_HISTORICAL_OUTSIDE_SLICE"	"WHOLE_REPO_SWEEP"	""	"Historical failed run is outside the bounded P04/site-qualification slice and is inventoried without being used as current evidence."
"P04FR0308"	"server"	"tests/TagEkyc.IntegrationTests/TestResults/a3-readiness-p24-timebounds-guard-red.trx"	"F5BDC4E983BCC7558137DADAF0EC05025E21079900EFF625DDD96EB1D3AF7A3E"	"1"	"0"	"1"	"0"	"TagEkyc.IntegrationTests.Tip88C1C6BA3BrokerQualificationTests.OrdinaryProgramActivatedInvalidTimeBoundsStopsBeforeAnyIngress"	"Assert.ThrowsAny() Failure: No exception was thrown Expected: typeof(System.Exception)"	"EXCLUDED_HISTORICAL_OUTSIDE_SLICE"	"WHOLE_REPO_SWEEP"	""	"Historical failed run is outside the bounded P04/site-qualification slice and is inventoried without being used as current evidence."
"P04FR0309"	"server"	"tests/TagEkyc.IntegrationTests/TestResults/a3-readiness-p25-p26-final-joined.trx"	"9D6E1BB67B8144E16ADCAD2FDCD7A81C2C830D47955E46DCDC007CC72199021B"	"3"	"2"	"1"	"0"	"TagEkyc.IntegrationTests.Tip88C1C6BA3BrokerQualificationTests.OrdinaryProgramActivatedInvalidCapacityStopsBeforeAnyIngress"	"Npgsql.NpgsqlException : Exception while reading from stream ---- System.IO.EndOfStreamException : Attempted to read past the end of the stream."	"EXCLUDED_HISTORICAL_OUTSIDE_SLICE"	"WHOLE_REPO_SWEEP"	""	"Historical failed run is outside the bounded P04/site-qualification slice and is inventoried without being used as current evidence."
"P04FR0310"	"server"	"tests/TagEkyc.IntegrationTests/TestResults/a3-readiness-p25-upper-baseline-red.trx"	"9C906801F995419465BFA85AFE0117B2E35FBCF19C5C7E3D9F1472726A44D657"	"1"	"0"	"1"	"0"	"TagEkyc.IntegrationTests.Tip88C1C6BA3BrokerQualificationTests.OrdinaryProgramActivatedInvalidCapacityStopsBeforeAnyIngress"	"Assert.ThrowsAny() Failure: No exception was thrown Expected: typeof(System.Exception)"	"EXCLUDED_HISTORICAL_OUTSIDE_SLICE"	"WHOLE_REPO_SWEEP"	""	"Historical failed run is outside the bounded P04/site-qualification slice and is inventoried without being used as current evidence."
"P04FR0311"	"server"	"tests/TagEkyc.IntegrationTests/TestResults/a3-retained-stage-first.trx"	"23AA021F17B99A263B123EA00F6A73B68AD6AFAA8ADB5368D136CB1BA97AA563"	"6"	"0"	"6"	"0"	"TagEkyc.IntegrationTests.Tip88C1C6BA3RetentionCheckpointTests.A3_RetainedStages_RealCiphertextPreservesWithdrawalResidue(checkpoint: 4, withdrawn: True); TagEkyc.IntegrationTests.Tip88C1C6BA3RetentionCheckpointTests.A3_RetainedStages_RealCiphertextPreservesWithdrawalResidue(checkpoint: 3, withdrawn: False); TagEkyc.IntegrationTests.Tip88C1C6BA3RetentionCheckpointTests.A3_RetainedStages_RealCiphertextPreservesWithdrawalResidue(checkpoint: 4, withdrawn: False); TagEkyc.IntegrationTests.Tip88C1C6BA3RetentionCheckpointTests.A3_RetainedStages_RealCiphertextPreservesWithdrawalResidue(checkpoint: 3, withdrawn: True); TagEkyc.IntegrationTests.Tip88C1C6BA3RetentionCheckpointTests.A3_RetainedStages_RealCiphertextPreservesWithdrawalResidue(checkpoint: 5, withdrawn: False); TagEkyc.IntegrationTests.Tip88C1C6BA3RetentionCheckpointTests.A3_RetainedStages_RealCiphertextPreservesWithdrawalResidue(checkpoint: 5, withdrawn: True)"	"Assert.Equal() Failure: Values differ Expected: 24 Actual: 25"	"EXCLUDED_HISTORICAL_OUTSIDE_SLICE"	"WHOLE_REPO_SWEEP"	""	"Historical failed run is outside the bounded P04/site-qualification slice and is inventoried without being used as current evidence."
"P04FR0312"	"server"	"tests/TagEkyc.IntegrationTests/TestResults/a3-round2-r25-crossrepo-optin.trx"	"7EE9569FF500F751787CADAA2AE02A4A930D4C7181F73318E82F52E46A4EFCA9"	"1"	"0"	"1"	"0"	"TagEkyc.IntegrationTests.Tip88C1C6BA3ClientServerAcceptanceTests.CanonicalR25ResponseTraversesRealAgentOrchestratorAndRawIngress"	"RECAPTURE_REQUIRED; execution=6; auth=6; raw=0; rawResponse="	"EXCLUDED_HISTORICAL_OUTSIDE_SLICE"	"WHOLE_REPO_SWEEP"	""	"Historical failed run is outside the bounded P04/site-qualification slice and is inventoried without being used as current evidence."
"P04FR0313"	"server"	"tests/TagEkyc.IntegrationTests/TestResults/a3-round6-s02-excluded-const-only-red.trx"	"0C9118F39F948C252B58DAA7D1B30A69A12E832B44D459505AC994AB9A2CE573"	"1"	"0"	"1"	"0"	"TagEkyc.IntegrationTests.Tip88C1C6BA3OutcomeOwnershipTests.A3_S02_All36RowsHaveExactlyOneOwner"	"Assert.Equal() Failure: Values differ Expected: 21 Actual: 22"	"EXCLUDED_HISTORICAL_OUTSIDE_SLICE"	"WHOLE_REPO_SWEEP"	""	"Historical failed run is outside the bounded P04/site-qualification slice and is inventoried without being used as current evidence."
"P04FR0314"	"server"	"tests/TagEkyc.IntegrationTests/TestResults/a3-round6-s02-excluded-enum-const-red.trx"	"E850D0F4DCA8CAFEA15E11AF7EE5A5E6C73403EBB5968046C7C9A1BF1BB5BC25"	"1"	"0"	"1"	"0"	"TagEkyc.IntegrationTests.Tip88C1C6BA3OutcomeOwnershipTests.A3_S02_All36RowsHaveExactlyOneOwner"	"Assert.Equal() Failure: Values differ Expected: 21 Actual: 22"	"EXCLUDED_HISTORICAL_OUTSIDE_SLICE"	"WHOLE_REPO_SWEEP"	""	"Historical failed run is outside the bounded P04/site-qualification slice and is inventoried without being used as current evidence."
"P04FR0315"	"server"	"tests/TagEkyc.IntegrationTests/TestResults/a3-round6-s02-omission-red.trx"	"7D7A6EC58E1B413D8B75FD9A746C6FEB3C814E18B7AC20FE169DA7A762DFCCD2"	"1"	"0"	"1"	"0"	"TagEkyc.IntegrationTests.Tip88C1C6BA3OutcomeOwnershipTests.A3_S02_All36RowsHaveExactlyOneOwner"	"Assert.Equal() Failure: Values differ Expected: 36 Actual: 35"	"EXCLUDED_HISTORICAL_OUTSIDE_SLICE"	"WHOLE_REPO_SWEEP"	""	"Historical failed run is outside the bounded P04/site-qualification slice and is inventoried without being used as current evidence."
"P04FR0316"	"server"	"tests/TagEkyc.IntegrationTests/TestResults/a3-round7-s02-excluded-value-red.trx"	"27BB06D4F33A73C7622461524AE799E16D30B0A1E0F0D898D8788C91041F42E7"	"1"	"0"	"1"	"0"	"TagEkyc.IntegrationTests.Tip88C1C6BA3OutcomeOwnershipTests.A3_S02_All36RowsHaveExactlyOneOwner"	"Assert.Equal() Failure: Collections differ ↓ (pos 7) Expected: [···, ""RAW_EXPORT_SOURCE_BINDING_INVALID"", ""RAW_EXPORT_SOURCE_CAPABILITY_UNAVAILABLE"", ""RAW_EXPORT_SOURCE_CAPACITY_UNAVAILABLE"", ""RAW_EXPORT_SOURCE_CLAIM_EVALUATION_IN_PROGRESS"", ""RAW_EXPORT_SOURCE_CLAIM_RESTART_REQUIRED"", ···] Actual: [···, ""RAW_EXPORT_SOURCE_BINDING_INVALID"", ""RAW_EXPORT_SOURCE_CAPABILITY_UNAVAILABLE"", ""RAW_EXPORT_SOURCE_CLAIM_EVALUATION_IN_PROGRESS"", ""RAW_EXPORT_SOURCE_CLAIM_RESTART_REQUIRED"", ""RAW_EXPORT_SOURCE_CLAIM_TOKEN_INVALID"", ···] ↑ (pos 7)"	"EXCLUDED_HISTORICAL_OUTSIDE_SLICE"	"WHOLE_REPO_SWEEP"	""	"Historical failed run is outside the bounded P04/site-qualification slice and is inventoried without being used as current evidence."
"P04FR0317"	"server"	"tests/TagEkyc.IntegrationTests/TestResults/a3-round7-s02-http-status-red.trx"	"FE164EC79B5A54AD6210185A478B0AC30EF1139942F937BDF7D87E9EAC2F72D4"	"1"	"0"	"1"	"0"	"TagEkyc.IntegrationTests.Tip88C1C6BA3OutcomeOwnershipTests.A3_S02_All36RowsHaveExactlyOneOwner"	"Assert.Equal() Failure: Values differ Expected: 503 Actual: 409"	"EXCLUDED_HISTORICAL_OUTSIDE_SLICE"	"WHOLE_REPO_SWEEP"	""	"Historical failed run is outside the bounded P04/site-qualification slice and is inventoried without being used as current evidence."
"P04FR0318"	"server"	"tests/TagEkyc.IntegrationTests/TestResults/a3-s02-agent-extra-field-red.trx"	"A046C6A7486D752B37953A8E2354526BB1F98CB7CB7877E4A9B1CD5017D8E7E5"	"1"	"0"	"1"	"0"	"TagEkyc.IntegrationTests.Tip88C1C6BA3ClientServerAcceptanceTests.All21ServerHttpWrongStatusAndExtraFieldFailClosedAtAgent(outcome: FingerprintConflict, expectedStatus: 409, expectedCode: ""RAW_EXPORT_SOURCE_FINGERPRINT_CONFLICT"")"	"Assert.Throws() Failure: No exception was thrown Expected: typeof(TagEkyc.CaptureAgent.Core.CaptureAgentFlowException)"	"EXCLUDED_HISTORICAL_OUTSIDE_SLICE"	"WHOLE_REPO_SWEEP"	""	"Historical failed run is outside the bounded P04/site-qualification slice and is inventoried without being used as current evidence."
"P04FR0319"	"server"	"tests/TagEkyc.IntegrationTests/TestResults/a3-s02-all14-o23-red.trx"	"DD2013FB54B84FE8DAB2C57F69D66AD009FBB327FB515772F6C16A86B08B1348"	"14"	"13"	"1"	"0"	"TagEkyc.IntegrationTests.Tip88C1C6BA3ClientServerAcceptanceTests.A3_S02_All14ExcludedCodesCannotEgress(rowId: ""O23"", internalCode: ""SOURCE_ENCRYPTION_FAILED"")"	"Assert.Throws() Failure: No exception was thrown Expected: typeof(TagEkyc.CaptureAgent.Core.CaptureAgentFlowException)"	"EXCLUDED_HISTORICAL_OUTSIDE_SLICE"	"WHOLE_REPO_SWEEP"	""	"Historical failed run is outside the bounded P04/site-qualification slice and is inventoried without being used as current evidence."
"P04FR0320"	"server"	"tests/TagEkyc.IntegrationTests/TestResults/a3-s02-all21-omission-red.trx"	"C5B67C92B691B9A7FDBB5B86A609762F21A6EAA65CE7AF8E4A25083CC54409AD"	"1"	"0"	"1"	"0"	"TagEkyc.IntegrationTests.Tip88C1C6BA3ClientServerAcceptanceTests.All21ServerHttpCatalogueExactlyCoversOutcomeEnum"	"Assert.Equal() Failure: Collections differ ↓ (pos 16) Expected: [···, ReservationBusy, AlreadyAvailable, TemporarilyUnavailable, ContentCommitmentMismatch, RecaptureRequired, ···] Actual: [···, ReservationBusy, AlreadyAvailable, ContentCommitmentMismatch, RecaptureRequired, ResumePending, ···] ↑ (pos 16)"	"EXCLUDED_HISTORICAL_OUTSIDE_SLICE"	"WHOLE_REPO_SWEEP"	""	"Historical failed run is outside the bounded P04/site-qualification slice and is inventoried without being used as current evidence."
"P04FR0321"	"server"	"tests/TagEkyc.IntegrationTests/TestResults/a3-s02-owner-mapper-code-red.trx"	"93134CE74608D10D41F33E243B860D86F215E0954AA4472D6A15A0D159F3BA47"	"1"	"0"	"1"	"0"	"TagEkyc.IntegrationTests.Tip88C1C6BA3OutcomeOwnershipTests.A3_S02_All36RowsHaveExactlyOneOwner"	"Assert.Equal() Failure: Strings differ ↓ (pos 22) Expected: ""RAW_EXPORT_SOURCE_CAPACITY_UNAVAILABLE"" Actual: ""RAW_EXPORT_SOURCE_CAPABILITY_UNAVAILABLE"" ↑ (pos 22)"	"EXCLUDED_HISTORICAL_OUTSIDE_SLICE"	"WHOLE_REPO_SWEEP"	""	"Historical failed run is outside the bounded P04/site-qualification slice and is inventoried without being used as current evidence."
"P04FR0322"	"server"	"tests/TagEkyc.IntegrationTests/TestResults/a3-s02-owner-mapper-duplicate-red.trx"	"BAAB9EC029C3960F44CC44C1B4658CFA528F4B473D7E1B5DF50B5248D1B26700"	"1"	"0"	"1"	"0"	"TagEkyc.IntegrationTests.Tip88C1C6BA3OutcomeOwnershipTests.A3_S02_All36RowsHaveExactlyOneOwner"	"Assert.Equal() Failure: Collections differ ↓ (pos 35) Expected: SelectRangeIterator<string> [···, ""O32"", ""O33"", ""O34"", ""O35"", ""O36""] Actual: SelectArrayIterator<string[], string> [···, ""O32"", ""O33"", ""O34"", ""O35"", ""O35""] ↑ (pos 35)"	"EXCLUDED_HISTORICAL_OUTSIDE_SLICE"	"WHOLE_REPO_SWEEP"	""	"Historical failed run is outside the bounded P04/site-qualification slice and is inventoried without being used as current evidence."
"P04FR0323"	"server"	"tests/TagEkyc.IntegrationTests/TestResults/a3-s02-owner-mapper-focused.trx"	"FE67079BF99CBE8045809AB4F0FBBDB3F08AC3A7073B5B2B0D1B58770929AB1F"	"1"	"0"	"1"	"0"	"TagEkyc.IntegrationTests.Tip88C1C6BA3OutcomeOwnershipTests.A3_S02_All36RowsHaveExactlyOneOwner"	"System.ArgumentNullException : Value cannot be null. (Parameter 'provider')"	"EXCLUDED_HISTORICAL_OUTSIDE_SLICE"	"WHOLE_REPO_SWEEP"	""	"Historical failed run is outside the bounded P04/site-qualification slice and is inventoried without being used as current evidence."
"P04FR0324"	"server"	"tests/TagEkyc.IntegrationTests/TestResults/a3-s02-owner-mapper-v2.trx"	"6C50786F9899A0A20F1C7CB2F0EEC032A75879AF28A5137F70CC0E5A3C279744"	"1"	"0"	"1"	"0"	"TagEkyc.IntegrationTests.Tip88C1C6BA3OutcomeOwnershipTests.A3_S02_All36RowsHaveExactlyOneOwner"	"System.InvalidOperationException : No service for type 'Microsoft.Extensions.Logging.ILoggerFactory' has been registered."	"EXCLUDED_HISTORICAL_OUTSIDE_SLICE"	"WHOLE_REPO_SWEEP"	""	"Historical failed run is outside the bounded P04/site-qualification slice and is inventoried without being used as current evidence."
"P04FR0325"	"server"	"tests/TagEkyc.IntegrationTests/TestResults/a3-s02-ownership-duplicate-red.trx"	"EFDEDA97A27CB6871C0755340E0F645E6A71E4B68E13AFAE83F200983410AA88"	"1"	"0"	"1"	"0"	"TagEkyc.IntegrationTests.Tip88C1C6BA3ResultAcceptanceTests.A3_S02_All36RowsHaveExactlyOneOwner"	"Npgsql.NpgsqlException : Exception while reading from stream ---- System.IO.EndOfStreamException : Attempted to read past the end of the stream."	"EXCLUDED_HISTORICAL_OUTSIDE_SLICE"	"WHOLE_REPO_SWEEP"	""	"Historical failed run is outside the bounded P04/site-qualification slice and is inventoried without being used as current evidence."
"P04FR0326"	"server"	"tests/TagEkyc.IntegrationTests/TestResults/a3-s02-ownership-no-fixture-duplicate-red.trx"	"8CC0695F84BF578A925644F3D3D307A5C6388AA6FEB03CF33D08DDC004A41F8B"	"1"	"0"	"1"	"0"	"TagEkyc.IntegrationTests.Tip88C1C6BA3OutcomeOwnershipTests.A3_S02_All36RowsHaveExactlyOneOwner"	"Assert.Equal() Failure: Collections differ ↓ (pos 35) Expected: SelectRangeIterator<string> [···, ""O32"", ""O33"", ""O34"", ""O35"", ""O36""] Actual: SelectArrayIterator<string[], string> [···, ""O32"", ""O33"", ""O34"", ""O35"", ""O35""] ↑ (pos 35)"	"EXCLUDED_HISTORICAL_OUTSIDE_SLICE"	"WHOLE_REPO_SWEEP"	""	"Historical failed run is outside the bounded P04/site-qualification slice and is inventoried without being used as current evidence."
"P04FR0327"	"server"	"tests/TagEkyc.IntegrationTests/TestResults/a3-s02-server-agent-status-red.trx"	"3DF44D646211788789B94CB076E5CADE21CB5483FD16161CE28FFAE52CF57532"	"1"	"0"	"1"	"0"	"TagEkyc.IntegrationTests.Tip88C1C6BA3ClientServerAcceptanceTests.All21ServerHttpResultsTraverseProductionAgentClient(outcome: FingerprintConflict, expectedStatus: 409, expectedCode: ""RAW_EXPORT_SOURCE_FINGERPRINT_CONFLICT"")"	"TagEkyc.CaptureAgent.Core.CaptureAgentFlowException : NOT_READY"	"EXCLUDED_HISTORICAL_OUTSIDE_SLICE"	"WHOLE_REPO_SWEEP"	""	"Historical failed run is outside the bounded P04/site-qualification slice and is inventoried without being used as current evidence."
"P04FR0328"	"server"	"tests/TagEkyc.IntegrationTests/TestResults/a3-s02-server-shape-guard-red.trx"	"197F6D236094E2C09EB62C563548319C4967EFCB24141C23B941911AAB66A644"	"1"	"0"	"1"	"0"	"TagEkyc.IntegrationTests.Tip88C1C6BA3OutcomeOwnershipTests.A3_S02_ServerMapperShapeCrossProductFailsClosed"	"Assert.Equal() Failure: Values differ Expected: 503 Actual: 403"	"EXCLUDED_HISTORICAL_OUTSIDE_SLICE"	"WHOLE_REPO_SWEEP"	""	"Historical failed run is outside the bounded P04/site-qualification slice and is inventoried without being used as current evidence."
"P04FR0329"	"server"	"tests/TagEkyc.IntegrationTests/TestResults/a3-scope-topology-guard-mutant-host.trx"	"F0DFC3F53D92343B79E9204A081F9B0C4612CB135AB1045FFD6A9B593F745ABC"	"11"	"10"	"1"	"0"	"TagEkyc.IntegrationTests.Tip88C1C6BA3ApiHostGraphTests.ActivatedWithAssemblyExcludedSealRejectsInvalidEffectiveTopology"	"Assert.ThrowsAny() Failure: No exception was thrown Expected: typeof(System.Exception)"	"EVIDENCE_RED"	"a3_activation_scope_topology_failed_run_census_v1.tsv"	""	"Historical failed run retained with its prior canonical failed-run classification; it is not used by the current package."
"P04FR0330"	"server"	"tests/TagEkyc.IntegrationTests/TestResults/a3-snapshot-acl-mutation.trx"	"B59E3D2605FBE69D920A6F8CCDACFD24B852E59F5144378ABA446811E3025488"	"1"	"0"	"1"	"0"	"TagEkyc.IntegrationTests.Tip88C1C6BA3RetentionCheckpointTests.A3_RetainedSnapshot_OnlyBrokerCanAppendAndHelperRemainsInternal"	"Npgsql.PostgresException : 42501: permission denied for function raw_export_append_retained_authority_snapshot"	"EXCLUDED_HISTORICAL_OUTSIDE_SLICE"	"WHOLE_REPO_SWEEP"	""	"Historical failed run is outside the bounded P04/site-qualification slice and is inventoried without being used as current evidence."
"P04FR0331"	"server"	"tests/TagEkyc.IntegrationTests/TestResults/a3-snapshot-behavior-first.trx"	"394D688D184A4FF6FFA3A0E98CF19E9BF0B0438110182E6FD5A6952ACE4E0427"	"8"	"7"	"1"	"0"	"TagEkyc.IntegrationTests.Tip88C1C6BA3RetentionCheckpointTests.A3_RetainedSnapshot_ExactReplayAndReferenceWithdrawal"	"Assert.Equal() Failure: Strings differ ↓ (pos 0) Expected: ""Withdrawn"" Actual: ""Denied"" ↑ (pos 0)"	"EXCLUDED_HISTORICAL_OUTSIDE_SLICE"	"WHOLE_REPO_SWEEP"	""	"Historical failed run is outside the bounded P04/site-qualification slice and is inventoried without being used as current evidence."
"P04FR0332"	"server"	"tests/TagEkyc.IntegrationTests/TestResults/a3-snapshot-clock-mutation.trx"	"4903D9D796E6A22751BD1366BA642247F50E9D8C4BEF8F9801811A74C0D80839"	"8"	"2"	"6"	"0"	"TagEkyc.IntegrationTests.Tip88C1C6BA3RetentionCheckpointTests.A3_RetainedSnapshot_TerminalUsesPostGrantClock(revoke: False, sameTransaction: True); TagEkyc.IntegrationTests.Tip88C1C6BA3RetentionCheckpointTests.A3_RetainedSnapshot_TerminalWaitRejectsInvisibleOrExpiredTarget(revoke: False, expire: True); TagEkyc.IntegrationTests.Tip88C1C6BA3RetentionCheckpointTests.A3_RetainedSnapshot_TerminalWaitRejectsInvisibleOrExpiredTarget(revoke: True, expire: True); TagEkyc.IntegrationTests.Tip88C1C6BA3RetentionCheckpointTests.A3_RetainedSnapshot_TerminalUsesPostGrantClock(revoke: True, sameTransaction: True); TagEkyc.IntegrationTests.Tip88C1C6BA3RetentionCheckpointTests.A3_RetainedSnapshot_TerminalUsesPostGrantClock(revoke: True, sameTransaction: False); TagEkyc.IntegrationTests.Tip88C1C6BA3RetentionCheckpointTests.A3_RetainedSnapshot_TerminalUsesPostGrantClock(revoke: False, sameTransaction: False)"	"Npgsql.PostgresException : P0001: RAW_EXPORT_AUTHORITY_SNAPSHOT_STALE_TARGET_REVISION"	"EXCLUDED_HISTORICAL_OUTSIDE_SLICE"	"WHOLE_REPO_SWEEP"	""	"Historical failed run is outside the bounded P04/site-qualification slice and is inventoried without being used as current evidence."
"P04FR0333"	"server"	"tests/TagEkyc.IntegrationTests/TestResults/a3-snapshot-head-mutation.trx"	"139339E5D3D8E7F300CB0876E6842631BE60E2594FB30980C4B9418CC1B8994C"	"6"	"5"	"1"	"0"	"TagEkyc.IntegrationTests.Tip88C1C6BA3RetentionCheckpointTests.A3_RetainedSnapshot_InsertLineageMutationIsRejected(field: ""SupersededReference"")"	"Assert.Throws() Failure: No exception was thrown Expected: typeof(Npgsql.PostgresException)"	"EXCLUDED_HISTORICAL_OUTSIDE_SLICE"	"WHOLE_REPO_SWEEP"	""	"Historical failed run is outside the bounded P04/site-qualification slice and is inventoried without being used as current evidence."
"P04FR0334"	"server"	"tests/TagEkyc.IntegrationTests/TestResults/a3-snapshot-prefix-mutation.trx"	"E3E612248CF4CC6AD0A1356C07045706C72C70DF7D6B367C352DA8FF54C957DE"	"4"	"2"	"2"	"0"	"TagEkyc.IntegrationTests.Tip88C1C6BA3RetentionCheckpointTests.A3_RetainedSnapshot_TerminalWaitRejectsInvisibleOrExpiredTarget(revoke: False, expire: False); TagEkyc.IntegrationTests.Tip88C1C6BA3RetentionCheckpointTests.A3_RetainedSnapshot_TerminalWaitRejectsInvisibleOrExpiredTarget(revoke: True, expire: False)"	"Assert.Throws() Failure: No exception was thrown Expected: typeof(Npgsql.PostgresException)"	"EXCLUDED_HISTORICAL_OUTSIDE_SLICE"	"WHOLE_REPO_SWEEP"	""	"Historical failed run is outside the bounded P04/site-qualification slice and is inventoried without being used as current evidence."
"P04FR0335"	"server"	"tests/TagEkyc.IntegrationTests/TestResults/a3-snapshot-rebind-regression.trx"	"0E654322B91D0EFCA3625BEFAB7B7652C54E78F84E9F9EA01450EA26F4E23BFB"	"169"	"166"	"3"	"0"	"TagEkyc.IntegrationTests.Tip88C1C6BA3ConsentRetentionTests.E01_B2WithdrawalAndDirectWithdrawal_SerializeWithoutDuplicateProjection(b2First: True); TagEkyc.IntegrationTests.Tip88C1B2R3VerifiedCiphertextStagingTests.R301_apply_down_reapply_restores_R2_catalog_model_and_acl; TagEkyc.IntegrationTests.Tip88C1C6BA3ConsentRetentionTests.E01_B2WithdrawalAndDirectWithdrawal_SerializeWithoutDuplicateProjection(b2First: False)"	"Assert.Equal() Failure: Values differ Expected: 2 Actual: 22"	"EXCLUDED_HISTORICAL_OUTSIDE_SLICE"	"WHOLE_REPO_SWEEP"	""	"Historical failed run is outside the bounded P04/site-qualification slice and is inventoried without being used as current evidence."
"P04FR0336"	"server"	"tests/TagEkyc.IntegrationTests/TestResults/a3-stage-migration-first.trx"	"3F134D35BF1EEC2A35020377D096FDA9625B6181361304742D826C824A976F39"	"5"	"1"	"4"	"0"	"TagEkyc.IntegrationTests.Tip88C1C6BA3MigrationTests.A3_CaptureLineageMigration_EmptyRoundTripRestoresPredecessor; TagEkyc.IntegrationTests.Tip88C1C6BA3MigrationTests.A3_CaptureLineageMigration_BodyDriftRejectsDownAtomically(drift: ""\r""); TagEkyc.IntegrationTests.Tip88C1C6BA3MigrationTests.A3_CaptureLineageMigration_BodyDriftRejectsDownAtomically(drift: "" ""); TagEkyc.IntegrationTests.Tip88C1C6BA3MigrationTests.A3_MigrationPopulationGuard_WaitsForWriterThenRejectsWithoutLoss(down: True)"	"Npgsql.PostgresException : 42601: syntax error at end of input POSITION: 15390"	"EXCLUDED_HISTORICAL_OUTSIDE_SLICE"	"WHOLE_REPO_SWEEP"	""	"Historical failed run is outside the bounded P04/site-qualification slice and is inventoried without being used as current evidence."
"P04FR0337"	"server"	"tests/TagEkyc.IntegrationTests/TestResults/a3-strict-server-framing-attempt-a1.trx"	"6D49A4CB370956F652EA71BD7FEB32961D4CBC8B7839C7A8E62A18DF06E07DBA"	"21"	"0"	"21"	"0"	"TagEkyc.IntegrationTests.Tip88C1C6BA1RawIngressBoundaryTests.RawIngressA3Outcome_MapsWithoutReadingBody(outcome: ArtifactSizeLimitExceeded, status: 413, code: ""RAW_EXPORT_SOURCE_ARTIFACT_SIZE_LIMIT_EXCEEDED""); TagEkyc.IntegrationTests.Tip88C1C6BA1RawIngressBoundaryTests.RawIngressA3Outcome_MapsWithoutReadingBody(outcome: FingerprintConflict, status: 409, code: ""RAW_EXPORT_SOURCE_FINGERPRINT_CONFLICT""); TagEkyc.IntegrationTests.Tip88C1C6BA1RawIngressBoundaryTests.RawIngressA3Outcome_MapsWithoutReadingBody(outcome: AlreadyAvailable, status: 200, code: ""RAW_EXPORT_SOURCE_ALREADY_AVAILABLE""); TagEkyc.IntegrationTests.Tip88C1C6BA1RawIngressBoundaryTests.RawIngressA3Outcome_MapsWithoutReadingBody(outcome: ClaimRestartRequired, status: 409, code: ""RAW_EXPORT_SOURCE_CLAIM_RESTART_REQUIRED""); TagEkyc.IntegrationTests.Tip88C1C6BA1RawIngressBoundaryTests.RawIngressA3Outcome_MapsWithoutReadingBody(outcome: BindingInvalid, status: 403, code: ""RAW_EXPORT_SOURCE_BINDING_INVALID""); TagEkyc.IntegrationTests.Tip88C1C6BA1RawIngressBoundaryTests.RawIngressA3Outcome_MapsWithoutReadingBody(outcome: EvaluationInProgress, status: 409, code: ""RAW_EXPORT_SOURCE_CLAIM_EVALUATION_IN_PROGRESS""); TagEkyc.IntegrationTests.Tip88C1C6BA1RawIngressBoundaryTests.RawIngressA3Outcome_MapsWithoutReadingBody(outcome: ClaimTokenInvalid, status: 403, code: ""RAW_EXPORT_SOURCE_CLAIM_TOKEN_INVALID""); TagEkyc.IntegrationTests.Tip88C1C6BA1RawIngressBoundaryTests.RawIngressA3Outcome_MapsWithoutReadingBody(outcome: TemporarilyUnavailable, status: 503, code: ""RAW_EXPORT_SOURCE_TEMPORARILY_UNAVAILABLE""); TagEkyc.IntegrationTests.Tip88C1C6BA1RawIngressBoundaryTests.RawIngressA3Outcome_MapsWithoutReadingBody(outcome: NotFoundOrNotAllowed, status: 403, code: ""NOT_FOUND_OR_NOT_ALLOWED""); TagEkyc.IntegrationTests.Tip88C1C6BA1RawIngressBoundaryTests.RawIngressA3Outcome_MapsWithoutReadingBody(outcome: ReservationBusy, status: 409, code: ""RAW_EXPORT_SOURCE_RESERVATION_BUSY""); TagEkyc.IntegrationTests.Tip88C1C6BA1RawIngressBoundaryTests.RawIngressA3Outcome_MapsWithoutReadingBody(outcome: RecaptureRequired, status: 409, code: ""RECAPTURE_REQUIRED""); TagEkyc.IntegrationTests.Tip88C1C6BA1RawIngressBoundaryTests.RawIngressA3Outcome_MapsWithoutReadingBody(outcome: TransportProtocolInvalid, status: 400, code: ""RAW_EXPORT_SOURCE_TRANSPORT_PROTOCOL_INVALID""); TagEkyc.IntegrationTests.Tip88C1C6BA1RawIngressBoundaryTests.RawIngressA3Outcome_MapsWithoutReadingBody(outcome: Available, status: 200, code: ""RAW_EXPORT_SOURCE_AVAILABLE""); TagEkyc.IntegrationTests.Tip88C1C6BA1RawIngressBoundaryTests.RawIngressA3Outcome_MapsWithoutReadingBody(outcome: ContentCommitmentMismatch, status: 422, code: ""CONTENT_COMMITMENT_MISMATCH""); TagEkyc.IntegrationTests.Tip88C1C6BA1RawIngressBoundaryTests.RawIngressA3Outcome_MapsWithoutReadingBody(outcome: CapabilityUnavailable, status: 503, code: ""RAW_EXPORT_SOURCE_CAPABILITY_UNAVAILABLE""); TagEkyc.IntegrationTests.Tip88C1C6BA1RawIngressBoundaryTests.RawIngressA3Outcome_MapsWithoutReadingBody(outcome: HistoricCommitmentKeyUnavailable, status: 503, code: ""RAW_EXPORT_SOURCE_HISTORIC_COMMITMENT_KEY_UNAVAILA""···); TagEkyc.IntegrationTests.Tip88C1C6BA1RawIngressBoundaryTests.RawIngressA3Outcome_MapsWithoutReadingBody(outcome: SourceRetentionNotAuthorized, status: 403, code: ""SOURCE_RETENTION_NOT_AUTHORIZED""); TagEkyc.IntegrationTests.Tip88C1C6BA1RawIngressBoundaryTests.RawIngressA3Outcome_MapsWithoutReadingBody(outcome: ResumePending, status: 202, code: ""RAW_EXPORT_SOURCE_RESUME_PENDING""); TagEkyc.IntegrationTests.Tip88C1C6BA1RawIngressBoundaryTests.RawIngressA3Outcome_MapsWithoutReadingBody(outcome: IdempotencyBusy, status: 409, code: ""RAW_EXPORT_SOURCE_IDEMPOTENCY_BUSY""); TagEkyc.IntegrationTests.Tip88C1C6BA1RawIngressBoundaryTests.RawIngressA3Outcome_MapsWithoutReadingBody(outcome: PlaintextRetentionInvalid, status: 422, code: ""RAW_EXPORT_SOURCE_PLAINTEXT_RETENTION_INVALID""); TagEkyc.IntegrationTests.Tip88C1C6BA1RawIngressBoundaryTests.RawIngressA3Outcome_MapsWithoutReadingBody(outcome: CapacityUnavailable, status: 503, code: ""RAW_EXPORT_SOURCE_CAPACITY_UNAVAILABLE"")"	"System.NotSupportedException : Specified method is not supported."	"EXCLUDED_HISTORICAL_OUTSIDE_SLICE"	"WHOLE_REPO_SWEEP"	""	"Historical failed run is outside the bounded P04/site-qualification slice and is inventoried without being used as current evidence."
"P04FR0338"	"server"	"tests/TagEkyc.IntegrationTests/TestResults/a3-w1-go21-broker-projection-red.trx"	"0DA23087C4BF7A5368AB48F29A193A2216AF2D47EB4509018808565F746726D9"	"9"	"8"	"1"	"0"	"TagEkyc.IntegrationTests.Tip88C1C6BA3R2R6ClusterHttpTests.R2R6HttpsPublicationReplayAndMismatchScenarios(contentMismatch: False, dropResponse: False, withObsolete: False, encryptionFailure: False, cancelAtCommitted: True, tamperCiphertext: False, reenterAfterLoss: False, agentFirstAtR5: False)"	"TagEkyc.CaptureAgent.Core.CaptureAgentFlowException : NOT_READY"	"EVIDENCE_RED"	"a3_macro_wave_w1_r2r6_failed_run_census.tsv"	""	"Historical failed run retained with its prior canonical failed-run classification; it is not used by the current package."
"P04FR0339"	"server"	"tests/TagEkyc.IntegrationTests/TestResults/a3-w2/a3-w2-horizontal-current-guards-red.trx"	"916D6B02FF9C5C5486019C8719F06042357BEB673F10B401656C5705403DF5F5"	"19"	"9"	"10"	"0"	"TagEkyc.IntegrationTests.Tip88C1C1ResolverAssemblyTests.A3_W2_AssemblyExactOutcomeMatrixUsesOneSharedProviderFixture; TagEkyc.IntegrationTests.Tip88C1C1ResolverAssemblyTests.A3_ASSEMBLY_P33_SelectedCommittedSourceIsUnavailableWithoutProviderRead; TagEkyc.IntegrationTests.Tip88C1C6BA3BrokerClaimClusterTests.BrokerClaimFinalsTraverseSharedKestrelAgentWithoutReadingBody(row: ""O13"", expectedCode: ""SOURCE_RETENTION_NOT_AUTHORIZED""); TagEkyc.IntegrationTests.Tip88C1C1ResolverAssemblyTests.C113_second_fresh_barrier_immediately_precedes_prepare; TagEkyc.IntegrationTests.Tip88C1C6BA3BrokerAdmissionClusterTests.ReachableAdmissionFinalsTraverseKestrelAgentWithoutReadingBody(row: ""P03"", expectedCode: ""NOT_FOUND_OR_NOT_ALLOWED"", expectedStatus: 403); TagEkyc.IntegrationTests.Tip88C1C6BA3BrokerClaimClusterTests.BrokerClaimFinalsTraverseSharedKestrelAgentWithoutReadingBody(row: ""O12"", expectedCode: ""RAW_EXPORT_SOURCE_CLAIM_RESTART_REQUIRED""); TagEkyc.IntegrationTests.Tip88C1C1ResolverAssemblyTests.C112_first_fresh_barrier_precedes_source_read; TagEkyc.IntegrationTests.Tip88C1C6BA3BrokerAdmissionClusterTests.ReachableAdmissionFinalsTraverseKestrelAgentWithoutReadingBody(row: ""P04"", expectedCode: ""RAW_EXPORT_SOURCE_TRANSPORT_PROTOCOL_INVALID"", expectedStatus: 400); TagEkyc.IntegrationTests.Tip88C1C6BA3BrokerAdmissionClusterTests.ReachableAdmissionFinalsTraverseKestrelAgentWithoutReadingBody(row: ""P05"", expectedCode: ""RAW_EXPORT_SOURCE_CAPABILITY_UNAVAILABLE"", expectedStatus: 503); TagEkyc.IntegrationTests.Tip88C1C1ResolverAssemblyTests.C102_missing_duplicate_or_mismatched_source_has_zero_bindings"	"P31-selection-ambiguous: EqualException: Assert.Equal() Failure: Values differ Expected: SelectionAmbiguous Actual: SourceUnavailable P32-binding-conflict: EqualException: Assert.Equal() Failure: Values differ Expected: SourceBindingInvalid Actual: SourceUnavailable P34-integrity-evidence: EqualException: Assert.Equal() Failure: Values differ Expected: 1 Actual: 0 P35-prepare-abort: EqualException: Assert.Equal() Failure: Values differ Expected: AssemblyPrepareFailed Actual: PreparationConflict P36-class-set-abort: EqualException: Assert.Equal() Failure: Values differ Expected: AssemblyClassSetMismatch Actual: SourceBindingInvalid"	"EVIDENCE_RED"	"a3_macro_wave_w2_failed_run_census_v2.tsv"	""	"Historical failed run retained with its prior canonical failed-run classification; it is not used by the current package."
"P04FR0340"	"server"	"tests/TagEkyc.IntegrationTests/TestResults/a3-w2/a3-w2-horizontal-guard-matrix-red.trx"	"A8ED82B9104C329207EE06953AE9AF2CA2DD8BC0048EE36F6E7E7A7719A844BE"	"5"	"0"	"5"	"0"	"TagEkyc.IntegrationTests.Tip88C1C1ResolverAssemblyTests.A3_W2_AssemblyExactOutcomeMatrixUsesOneSharedProviderFixture; TagEkyc.IntegrationTests.Tip88C1C1ResolverAssemblyTests.C112_first_fresh_barrier_precedes_source_read; TagEkyc.IntegrationTests.Tip88C1C1ResolverAssemblyTests.C113_second_fresh_barrier_immediately_precedes_prepare; TagEkyc.IntegrationTests.Tip88C1C1ResolverAssemblyTests.A3_ASSEMBLY_P33_SelectedCommittedSourceIsUnavailableWithoutProviderRead; TagEkyc.IntegrationTests.Tip88C1C1ResolverAssemblyTests.C102_missing_duplicate_or_mismatched_source_has_zero_bindings"	"Assert.Equal() Failure: Values differ Expected: SelectionAmbiguous Actual: SourceUnavailable"	"SUPERSEDED_RED"	"a3_macro_wave_w2_failed_run_census_v2.tsv"	""	"Historical failed run retained with its prior canonical failed-run classification; it is not used by the current package."
"P04FR0341"	"server"	"tests/TagEkyc.IntegrationTests/TestResults/a3-w2/a3-w2-worker-caller-red.trx"	"DBBB3B934F691F9E7EAD8B3B0DF6603723E877D35C6B061FAB0F32E06FDC6C6D"	"1"	"0"	"1"	"0"	"TagEkyc.IntegrationTests.Tip88C1C1ResolverAssemblyTests.A3_W2_DurableWorkerIsARealProductCallerWithExplicitWorkSource"	"Assert.Equal() Failure: Values differ Expected: RawExportAssemblyExecutionRequest { JobId = fa3e11f1-9fa3-48de-9901-c7f5baa11f80, AttemptId = 9d41211b-6530-4115-9a16-6125e63f1d66, ExpectedJobRevision = 2, ExpectedFence = 1, ActorPrincipalId = 8c2975a8-b708-4cac-97a5-eb1fffec7c38 } Actual: null"	"EVIDENCE_RED"	"a3_macro_wave_w2_failed_run_census_v2.tsv"	""	"Historical failed run retained with its prior canonical failed-run classification; it is not used by the current package."
"P04FR0342"	"server"	"tests/TagEkyc.IntegrationTests/TestResults/a3-w3/a3-w3-horizontal-baseline.trx"	"6045AF449465C24DCBA3FFE0577B9463EB5979036E168E061D809FC972E34C9A"	"26"	"25"	"1"	"0"	"TagEkyc.IntegrationTests.Tip88C1C6BA3BrokerClaimClusterTests.BrokerClaimFinalsTraverseSharedKestrelAgentWithoutReadingBody(row: ""O14"", expectedCode: ""RAW_EXPORT_SOURCE_HISTORIC_COMMITMENT_KEY_UNAVAILA""···)"	"Assert.IsType() Failure: Value is not the exact type Expected: typeof(TagEkyc.Contracts.RawExport.RawIngressBrokerResult+Handoff) Actual: typeof(TagEkyc.Contracts.RawExport.RawIngressBrokerResult+Final)"	"SUPERSEDED_RED"	"a3_macro_wave_w3_failed_run_census_v1.tsv"	""	"Historical failed run retained with its prior canonical failed-run classification; it is not used by the current package."
"P04FR0343"	"server"	"tests/TagEkyc.IntegrationTests/TestResults/a3-w3/a3-w3-o14-recovery-attempt-a4.trx"	"F014785A30EEC3EEE0355ED67E21CB18CE26A9E69440643EE6AE8EF7C1D3F9C6"	"1"	"0"	"1"	"0"	"TagEkyc.IntegrationTests.Tip88C1C6BA3BrokerClaimClusterTests.BrokerClaimFinalsTraverseSharedKestrelAgentWithoutReadingBody(row: ""O14"", expectedCode: ""RAW_EXPORT_SOURCE_HISTORIC_COMMITMENT_KEY_UNAVAILA""···)"	"Assert.Equal() Failure: Strings differ ↓ (pos 18) Expected: ""RAW_EXPORT_SOURCE_RESERVATION_BUSY"" Actual: ""RAW_EXPORT_SOURCE_FINGERPRINT_CONFLICT"" ↑ (pos 18)"	"EXCLUDED_DIAGNOSTIC"	"a3_macro_wave_w3_failed_run_census_v1.tsv"	""	"Historical failed run retained with its prior canonical failed-run classification; it is not used by the current package."
"P04FR0344"	"server"	"tests/TagEkyc.IntegrationTests/TestResults/a3-w3/a3-w3-o14-recovery-diagnostic-v3.trx"	"84EBD5611B9BECECF37B8F786C1E368E4E3427CC98BC5928A1B62ABD365926FB"	"1"	"0"	"1"	"0"	"TagEkyc.IntegrationTests.Tip88C1C6BA3BrokerClaimClusterTests.BrokerClaimFinalsTraverseSharedKestrelAgentWithoutReadingBody(row: ""O14"", expectedCode: ""RAW_EXPORT_SOURCE_HISTORIC_COMMITMENT_KEY_UNAVAILA""···)"	"Assert.IsType() Failure: Value is not the exact type Expected: typeof(TagEkyc.Contracts.RawExport.RawIngressBrokerResult+Handoff) Actual: typeof(TagEkyc.Contracts.RawExport.RawIngressBrokerResult+Final)"	"EXCLUDED_DIAGNOSTIC"	"a3_macro_wave_w3_failed_run_census_v1.tsv"	""	"Historical failed run retained with its prior canonical failed-run classification; it is not used by the current package."
"P04FR0345"	"server"	"tests/TagEkyc.IntegrationTests/TestResults/a3-w3/a3-w3-o14-recovery-diagnostic.trx"	"E3BA9A5F8AE95FE0EAF4EE1E67FE41547251DFAAC41259CBB782B42749BC038F"	"1"	"0"	"1"	"0"	"TagEkyc.IntegrationTests.Tip88C1C6BA3BrokerClaimClusterTests.BrokerClaimFinalsTraverseSharedKestrelAgentWithoutReadingBody(row: ""O14"", expectedCode: ""RAW_EXPORT_SOURCE_HISTORIC_COMMITMENT_KEY_UNAVAILA""···)"	"Npgsql.PostgresException : 23514: new row for relation ""raw_export_source_ingress_claim_aliases"" violates check constraint ""ck_raw_export_source_ingress_alias_state"" DETAIL: Failing row contains (0dafa461-a3a1-428b-8c91-211bf69b782b, 10000000-0000-0000-0000-000000000001, 40000000000040008000000000000001, 50000000000040008000000000000001, a1d5529c-df80-44a1-8659-cd97e4e85480, \x440bf58d1d009be7f0bb518a541de1c03bc80a978aebd9789476359da7037a..., \x60acc35f7678b24c65d3a6db43c1b6192d3acb6a0ccbc387db647e8a772210..., Evaluating, 8a4de523-b1c9-4984-95ae-aa1a342605f5, 30722a38-554a-4ec5-992f-b1ebb9ee16c9, 8bf2e6a5-425a-4268-9647-465139fc46b0, Active, 2026-09-20 23:00:32.355427+00, 2026-09-20 23:00:31.486863+00, 1, ExistingClaimComparisonToken, tagekyc.raw-export-source-ingress-claim-comparison, \x6377a87f5472cb2c5de2461051b07b115f19148f2158e63674437f2c778772..., 1, 1, 2026-09-20 23:00:42.355427+00, 2026-09-20 23:00:32.355427+00)."	"EXCLUDED_DIAGNOSTIC"	"a3_macro_wave_w3_failed_run_census_v1.tsv"	""	"Historical failed run retained with its prior canonical failed-run classification; it is not used by the current package."
"P04FR0346"	"server"	"tests/TagEkyc.IntegrationTests/TestResults/a3-w3/a3-w3-p08-same-buffer-capacity-mutant-red.trx"	"D20B9A90DD9F4C8BA2157B519F5D81141F9CA55B0CD7B5CF6A5528DACB8F925A"	"1"	"0"	"1"	"0"	"TagEkyc.IntegrationTests.Tip88C1C6BA3BrokerAdmissionClusterTests.CapacityDenialTraversesKestrelAgentReleasesSlotAndCreatesNoCustody"	"Assert.Equal() Failure: Strings differ ↓ (pos 22) Expected: ""RAW_EXPORT_SOURCE_CAPACITY_UNAVAILABLE"" Actual: ""RAW_EXPORT_SOURCE_CAPABILITY_UNAVAILABLE"" ↑ (pos 22)"	"EVIDENCE_RED"	"a3_macro_wave_w3_failed_run_census_v2.tsv"	""	"Historical failed run retained with its prior canonical failed-run classification; it is not used by the current package."
"P04FR0347"	"server"	"tests/TagEkyc.IntegrationTests/TestResults/a3-w3/a3-w3-shared-guards-red.trx"	"3FBB2C5281DEE42626E02D3B956CFF5713CFD9774CDC232A03DEFE1D57964B39"	"26"	"24"	"2"	"0"	"TagEkyc.IntegrationTests.Tip88C1C6BA3BrokerClaimClusterTests.BrokerClaimFinalsTraverseSharedKestrelAgentWithoutReadingBody(row: ""O14"", expectedCode: ""RAW_EXPORT_SOURCE_HISTORIC_COMMITMENT_KEY_UNAVAILA""···); TagEkyc.IntegrationTests.Tip88C1C6BA3BrokerAdmissionClusterTests.CapacityDenialTraversesKestrelAgentReleasesSlotAndCreatesNoCustody"	"Assert.Equal() Failure: Collections differ ↓ (pos 0) Expected: [CommitmentKeySelector:fixture-content-commitment:v1] Actual: [CommitmentKeySelector:fixture-content-commitment:v2] ↑ (pos 0)"	"EVIDENCE_RED"	"a3_macro_wave_w3_failed_run_census_v1.tsv"	""	"Historical failed run retained with its prior canonical failed-run classification; it is not used by the current package."
"P04FR0348"	"server"	"tests/TagEkyc.IntegrationTests/TestResults/a3-w5/a3-w5-lineage-c3-begin-guard-mutation.trx"	"3AD8716061DC541FDEC95F0BC33DADE050EA80237D23AEB59E6B438BEAF98884"	"7"	"6"	"1"	"0"	"TagEkyc.IntegrationTests.Tip88C1C6BA3RetentionCheckpointTests.A3_ExportRequiresIndependentAuthorityForRetainedSource(withdrawBeforeFreeze: False)"	"Assert.Equal() Failure: Strings differ ↓ (pos 28) Expected: ""RAW_EXPORT_PACKAGE_DELIVERY_INELIGIBLE"" Actual: ""RAW_EXPORT_PACKAGE_DELIVERY_UNAVAILABLE"" ↑ (pos 28)"	"EVIDENCE_RED"	"a3_macro_wave_w5_failed_run_census_v1.tsv"	""	"Historical failed run retained with its prior canonical failed-run classification; it is not used by the current package."
"P04FR0349"	"server"	"tests/TagEkyc.IntegrationTests/TestResults/a3-w5/a3-w5-lineage-latest-head-mutation.trx"	"BC05C4BDB02DC587DB5D4D219DE1EA0336F581274319354D04C1F116019B4006"	"7"	"3"	"4"	"0"	"TagEkyc.IntegrationTests.Tip88C1C6BA3RetentionCheckpointTests.E01_RevisionInvalidation_UpdatedReferenceRejectsActualR1R3R4R5(checkpoint: 3); TagEkyc.IntegrationTests.Tip88C1C6BA3RetentionCheckpointTests.E01_RevisionInvalidation_UpdatedReferenceRejectsActualR1R3R4R5(checkpoint: 4); TagEkyc.IntegrationTests.Tip88C1C6BA3RetentionCheckpointTests.E01_RevisionInvalidation_UpdatedReferenceRejectsActualR1R3R4R5(checkpoint: 1); TagEkyc.IntegrationTests.Tip88C1C6BA3RetentionCheckpointTests.E01_RevisionInvalidation_UpdatedReferenceRejectsActualR1R3R4R5(checkpoint: 5)"	"Assert.Equal() Failure: Strings differ ↓ (pos 1) Expected: ""SourceRetentionNotAuthorized"" Actual: ""Staged"" ↑ (pos 1)"	"EVIDENCE_RED"	"a3_macro_wave_w5_failed_run_census_v1.tsv"	""	"Historical failed run retained with its prior canonical failed-run classification; it is not used by the current package."
"P04FR0350"	"server"	"tests/TagEkyc.IntegrationTests/TestResults/A3R2Incomplete/r2-operation-binding-red.trx"	"4CD19886AB1554658129FC6D31D4C4A9BB789061B53CCFBF6F7FBE208AC4EE28"	"1"	"0"	"1"	"0"	"TagEkyc.IntegrationTests.Tip88C1C6BA3R2TerminalProjectionTests.IncompleteR2_PresentObjectWithWrongOperationBindingBecomesConflict"	"Assert.Equal() Failure: Strings differ ↓ (pos 6) Expected: ""ObjectConflict"" Actual: ""ObjectPresentPendingVerification"" ↑ (pos 6)"	"EXCLUDED_HISTORICAL_OUTSIDE_SLICE"	"WHOLE_REPO_SWEEP"	""	"Historical failed run is outside the bounded P04/site-qualification slice and is inventoried without being used as current evidence."
"P04FR0351"	"server"	"tests/TagEkyc.IntegrationTests/TestResults/A3R2Incomplete/r2-single-absence-red.trx"	"820FDFB7810ECC8765E5E3FBE6AA205B7929B465E142CD3276909574774F49D1"	"1"	"0"	"1"	"0"	"TagEkyc.IntegrationTests.Tip88C1C6BA3R2TerminalProjectionTests.IncompleteR2_ObjectAppearingDuringQuiescenceCannotBecomePositiveAbsence"	"Assert.Equal() Failure: Values differ Expected: None Actual: ReconcileIncompleteObject"	"EXCLUDED_HISTORICAL_OUTSIDE_SLICE"	"WHOLE_REPO_SWEEP"	""	"Historical failed run is outside the bounded P04/site-qualification slice and is inventoried without being used as current evidence."
"P04FR0352"	"server"	"tests/TagEkyc.IntegrationTests/TestResults/A3R6Worker/r6-finalize-red.trx"	"5F1AA6639B4AAE823BB94F40F5CA720578D935EFA223B3751DCB35675AFB2CBB"	"1"	"0"	"1"	"0"	"TagEkyc.IntegrationTests.Tip88C1C6BA3R2TerminalProjectionTests.R6_WorkerDeletesOnlyObsoleteObjectAndKeyThenFinalizesCleanup"	"Assert.Equal() Failure: Values differ Expected: FinalizeCleanup Actual: None"	"EXCLUDED_HISTORICAL_OUTSIDE_SLICE"	"WHOLE_REPO_SWEEP"	""	"Historical failed run is outside the bounded P04/site-qualification slice and is inventoried without being used as current evidence."
"P04FR0353"	"server"	"tests/TagEkyc.IntegrationTests/TestResults/A3R6Worker/r6-worker-final.trx"	"CFDB4D6A77013212BD8EA0C8A4782440935414806971FCCAAB97A23D06E3E645"	"8"	"0"	"8"	"0"	"TagEkyc.IntegrationTests.Tip88C1C6BA3R2TerminalProjectionTests.R6_WorkerDeletesOnlyObsoleteObjectAndKeyThenFinalizesCleanup; TagEkyc.IntegrationTests.Tip88C1C6BA3R2TerminalProjectionTests.R6_ProcessKillResumesFromDurableCleanupItemsWithoutTouchingWinner(cut: 1); TagEkyc.IntegrationTests.Tip88C1C6BA3R2TerminalProjectionTests.R6_ProcessKillResumesFromDurableCleanupItemsWithoutTouchingWinner(cut: 0); TagEkyc.IntegrationTests.Tip88C1C6BA3R2TerminalProjectionTests.R6_ProcessKillResumesFromDurableCleanupItemsWithoutTouchingWinner(cut: 3); TagEkyc.IntegrationTests.Tip88C1B2SourceFinalizationTests.F411_R6_completes_only_from_durable_exact_object_and_key_terminal_evidence; TagEkyc.IntegrationTests.Tip88C1B2SourceFinalizationTests.F418_restart_after_each_R4_R5_R6_commit_recovers_only_from_durable_state; TagEkyc.IntegrationTests.Tip88C1C6BA3R2TerminalProjectionTests.R6_ProcessKillResumesFromDurableCleanupItemsWithoutTouchingWinner(cut: 2); TagEkyc.IntegrationTests.Tip88C1B2SourceFinalizationTests.F409_R6_cleanup_plan_excludes_winning_object_and_key_under_every_census"	"System.InvalidOperationException : docker compose failed with exit code 1. Network tagekyc_default Creating Network tagekyc_default Created Container tagekyc-postgres-test Creating Container tagekyc-postgres-test Created Container tagekyc-postgres-test Starting Error response from daemon: ports are not available: exposing port TCP 0.0.0.0:55432 -> 127.0.0.1:0: listen tcp 0.0.0.0:55432: bind: Only one usage of each socket address (protocol/network address/port) is normally permitted."	"EXCLUDED_HISTORICAL_OUTSIDE_SLICE"	"WHOLE_REPO_SWEEP"	""	"Historical failed run is outside the bounded P04/site-qualification slice and is inventoried without being used as current evidence."
"P04FR0354"	"server"	"tests/TagEkyc.IntegrationTests/TestResults/A3R6Worker/r6-worker.trx"	"EB23DA42B767DFB3DE95CC261F4F8E10ACD30F2B2C2CE2D3FBF8B9D7AA403115"	"1"	"0"	"1"	"0"	"TagEkyc.IntegrationTests.Tip88C1C6BA3R2TerminalProjectionTests.R6_WorkerDeletesOnlyObsoleteObjectAndKeyThenFinalizesCleanup"	"Npgsql.PostgresException : 42501: permission denied for function raw_export_read_provisional_object_lifecycle_context"	"EXCLUDED_HISTORICAL_OUTSIDE_SLICE"	"WHOLE_REPO_SWEEP"	""	"Historical failed run is outside the bounded P04/site-qualification slice and is inventoried without being used as current evidence."
"P04FR0355"	"server"	"tests/TagEkyc.IntegrationTests/TestResults/A3TerminalObjectCleanup/terminal-object-order-red.trx"	"857C29234435A5BC0757142BE1C3FD7D08DB18DBAD6EF9EF45DE3B976595BA5A"	"1"	"0"	"1"	"0"	"TagEkyc.IntegrationTests.Tip88C1C6BA3R2TerminalProjectionTests.TerminalIntent_PresentObjectIsDeletedBeforeKeyAndTi02"	"Assert.Equal() Failure: Values differ Expected: MarkTerminalObjectCleanup Actual: FinalizeIntent"	"EXCLUDED_HISTORICAL_OUTSIDE_SLICE"	"WHOLE_REPO_SWEEP"	""	"Historical failed run is outside the bounded P04/site-qualification slice and is inventoried without being used as current evidence."
"P04FR0356"	"server"	"tests/TagEkyc.IntegrationTests/TestResults/A3TerminalObjectCleanup/terminal-object-reason-red.trx"	"5DFA1CD75EB1474F65DA8FC87CD07239380373D4C25829BA078F012370AD5230"	"1"	"0"	"1"	"0"	"TagEkyc.IntegrationTests.Tip88C1C6BA3R2TerminalProjectionTests.TerminalIntent_PresentObjectIsDeletedBeforeKeyAndTi02"	"System.InvalidOperationException : RAW_EXPORT_FINALIZATION_OBJECT_STATE_CONFLICT"	"EXCLUDED_HISTORICAL_OUTSIDE_SLICE"	"WHOLE_REPO_SWEEP"	""	"Historical failed run is outside the bounded P04/site-qualification slice and is inventoried without being used as current evidence."
"P04FR0357"	"server"	"tests/TagEkyc.IntegrationTests/TestResults/A3TerminalObjectCleanup/terminal-object-restored-v2.trx"	"B23CE24F2EB1335574BB258B330BE298A6AF6B4FDD01A399D9F4E1B20081DCA5"	"7"	"0"	"7"	"0"	"TagEkyc.IntegrationTests.Tip88C1C6BA3R2TerminalProjectionTests.TerminalIntent_PresentObjectIsDeletedBeforeKeyAndTi02; TagEkyc.IntegrationTests.Tip88C1C6BA3R2TerminalProjectionTests.TerminalIntent_PresentObjectProcessKillRecoversWithoutSecondPutOrDelete(cut: 3); TagEkyc.IntegrationTests.Tip88C1C6BA3R2TerminalProjectionTests.TerminalIntent_PresentObjectProcessKillRecoversWithoutSecondPutOrDelete(cut: 4); TagEkyc.IntegrationTests.Tip88C1C6BA3R2TerminalProjectionTests.TerminalIntent_LostDeleteResponseUsesTwoAbsenceObservationsBeforeTi02; TagEkyc.IntegrationTests.Tip88C1C6BA3R2TerminalProjectionTests.TerminalIntent_PresentObjectProcessKillRecoversWithoutSecondPutOrDelete(cut: 2); TagEkyc.IntegrationTests.Tip88C1C6BA3R2TerminalProjectionTests.TerminalIntent_PresentObjectProcessKillRecoversWithoutSecondPutOrDelete(cut: 1); TagEkyc.IntegrationTests.Tip88C1C6BA3R2TerminalProjectionTests.TerminalIntent_PresentObjectProcessKillRecoversWithoutSecondPutOrDelete(cut: 0)"	"Npgsql.NpgsqlException : Exception while reading from stream ---- System.IO.EndOfStreamException : Attempted to read past the end of the stream."	"EXCLUDED_HISTORICAL_OUTSIDE_SLICE"	"WHOLE_REPO_SWEEP"	""	"Historical failed run is outside the bounded P04/site-qualification slice and is inventoried without being used as current evidence."
"P04FR0358"	"server"	"tests/TagEkyc.IntegrationTests/TestResults/A3TerminalObjectCleanup/terminal-object-settlement-red.trx"	"6BEF78CAE489A1C08620AD71245F36FC60AC7806294CD9CDB8093B7304494174"	"1"	"0"	"1"	"0"	"TagEkyc.IntegrationTests.Tip88C1C6BA3R2TerminalProjectionTests.TerminalIntent_PresentObjectIsDeletedBeforeKeyAndTi02"	"Assert.Equal() Failure: Values differ Expected: SettleTerminalResources Actual: None"	"EXCLUDED_HISTORICAL_OUTSIDE_SLICE"	"WHOLE_REPO_SWEEP"	""	"Historical failed run is outside the bounded P04/site-qualification slice and is inventoried without being used as current evidence."
"P04FR0359"	"server"	"tests/TagEkyc.IntegrationTests/TestResults/A3TerminalObjectCleanup/terminal-object-single-absence-red.trx"	"83032B62B28ECD53CB2F0E651C47D936F8968C487A561DE7432AE6A954B8B8EF"	"1"	"0"	"1"	"0"	"TagEkyc.IntegrationTests.Tip88C1C6BA3R2TerminalProjectionTests.TerminalIntent_AbsenceMustRemainPositiveAcrossQuiescence"	"Assert.Equal() Failure: Values differ Expected: None Actual: ConfirmTerminalObjectAbsence"	"EXCLUDED_HISTORICAL_OUTSIDE_SLICE"	"WHOLE_REPO_SWEEP"	""	"Historical failed run is outside the bounded P04/site-qualification slice and is inventoried without being used as current evidence."
"P04FR0360"	"server"	"tests/TagEkyc.IntegrationTests/TestResults/A3TerminalProviderCleanup/terminal-provider-cleanup-order-red.trx"	"6A833314D490B882405FD1520C9BA216A2A5ABFDB3B91258B052863E379E9186"	"1"	"0"	"1"	"0"	"TagEkyc.IntegrationTests.Tip88C1C6BA3R2TerminalProjectionTests.TerminalIntent_LostProviderResponseIsCleanedBeforeAbandonAndTi02"	"Assert.Equal() Failure: Values differ Expected: ResolveTerminalKeyProvider Actual: None"	"EXCLUDED_HISTORICAL_OUTSIDE_SLICE"	"WHOLE_REPO_SWEEP"	""	"Historical failed run is outside the bounded P04/site-qualification slice and is inventoried without being used as current evidence."
"P04FR0361"	"server"	"tests/TagEkyc.IntegrationTests/TestResults/A3TerminalProviderCleanup/terminal-provider-cleanup-targeted-v2.trx"	"4E6B0F31D19095399EF26A0FAF25D07CE9CBAAAE0E312DB6FAA0442CF947D0B9"	"1"	"0"	"1"	"0"	"TagEkyc.IntegrationTests.Tip88C1C6BA3R2TerminalProjectionTests.TerminalIntent_LostProviderResponseIsCleanedBeforeAbandonAndTi02"	"System.InvalidOperationException : Sequence contains no elements."	"EXCLUDED_HISTORICAL_OUTSIDE_SLICE"	"WHOLE_REPO_SWEEP"	""	"Historical failed run is outside the bounded P04/site-qualification slice and is inventoried without being used as current evidence."
"P04FR0362"	"server"	"tests/TagEkyc.IntegrationTests/TestResults/A3TerminalProviderCleanup/terminal-provider-cleanup-targeted-v3.trx"	"8347762C5FCEF42EB76EF2BDE5F94AB042244EAE05704D029E28C86A0E3C9BD1"	"1"	"0"	"1"	"0"	"TagEkyc.IntegrationTests.Tip88C1C6BA3R2TerminalProjectionTests.TerminalIntent_LostProviderResponseIsCleanedBeforeAbandonAndTi02"	"Assert.Equal() Failure: Values differ Expected: RequestTerminalKeyAbandon Actual: FinalizeIntent"	"EXCLUDED_HISTORICAL_OUTSIDE_SLICE"	"WHOLE_REPO_SWEEP"	""	"Historical failed run is outside the bounded P04/site-qualification slice and is inventoried without being used as current evidence."
"P04FR0363"	"server"	"tests/TagEkyc.IntegrationTests/TestResults/A3TerminalProviderCleanup/terminal-provider-cleanup-targeted-v4.trx"	"E07AA338E011EA3055FD1F88B6EEDE6C6D4CDBE53F1CE88689F9D64917491014"	"1"	"0"	"1"	"0"	"TagEkyc.IntegrationTests.Tip88C1C6BA3R2TerminalProjectionTests.TerminalIntent_LostProviderResponseIsCleanedBeforeAbandonAndTi02"	"Assert.Equal() Failure: Values differ Expected: ResolveTerminalKeyProvider Actual: None"	"EXCLUDED_HISTORICAL_OUTSIDE_SLICE"	"WHOLE_REPO_SWEEP"	""	"Historical failed run is outside the bounded P04/site-qualification slice and is inventoried without being used as current evidence."
"P04FR0364"	"server"	"tests/TagEkyc.IntegrationTests/TestResults/A3TerminalProviderCleanup/terminal-provider-cleanup-targeted.trx"	"E82C50356E87488997529735BC6B8107A17A01C28C4A18F35B4A5FDD938E71ED"	"1"	"0"	"1"	"0"	"TagEkyc.IntegrationTests.Tip88C1C6BA3R2TerminalProjectionTests.TerminalIntent_LostProviderResponseIsCleanedBeforeAbandonAndTi02"	"System.InvalidOperationException : Sequence contains no elements."	"EXCLUDED_HISTORICAL_OUTSIDE_SLICE"	"WHOLE_REPO_SWEEP"	""	"Historical failed run is outside the bounded P04/site-qualification slice and is inventoried without being used as current evidence."
"P04FR0365"	"server"	"tests/TagEkyc.IntegrationTests/TestResults/A3TerminalProviderCleanup/terminal-provider-missing-recovery-red.trx"	"AF72A51C2472D8359865B85CBF34B4F8B7A0750772F389BD2E5B9F60039B2FDA"	"1"	"0"	"1"	"0"	"TagEkyc.IntegrationTests.Tip88C1C6BA3R2TerminalProjectionTests.TerminalIntent_LostProviderResponseIsCleanedBeforeAbandonAndTi02"	"Assert.Equal() Failure: Values differ Expected: ResolveTerminalKeyProvider Actual: FinalizeIntent"	"EXCLUDED_HISTORICAL_OUTSIDE_SLICE"	"WHOLE_REPO_SWEEP"	""	"Historical failed run is outside the bounded P04/site-qualification slice and is inventoried without being used as current evidence."
"P04FR0366"	"server"	"tests/TagEkyc.IntegrationTests/TestResults/A3TerminalProviderCleanup/terminal-provider-reference-equality-red.trx"	"48BE1046BB57B9020495CAA34EEE0991D1F14F7453A39C62AA6FEF797DB623E9"	"1"	"0"	"1"	"0"	"TagEkyc.IntegrationTests.Tip88C1C6BA3R2TerminalProjectionTests.TerminalIntent_LostProviderResponseIsCleanedBeforeAbandonAndTi02"	"Assert.Equal() Failure: Values differ Expected: ResolveTerminalKeyProvider Actual: None"	"EXCLUDED_HISTORICAL_OUTSIDE_SLICE"	"WHOLE_REPO_SWEEP"	""	"Historical failed run is outside the bounded P04/site-qualification slice and is inventoried without being used as current evidence."
"P04FR0367"	"server"	"tests/TagEkyc.IntegrationTests/TestResults/A3TerminalProviderCleanup/terminal-provider-zero-object-red.trx"	"7661DEAD46825303B531BDA998F329C1112D9A128F8E0903519E03E30E4610E9"	"1"	"0"	"1"	"0"	"TagEkyc.IntegrationTests.Tip88C1C6BA3R2TerminalProjectionTests.TerminalIntent_LostProviderResponseIsCleanedBeforeAbandonAndTi02"	"Assert.Equal() Failure: Values differ Expected: RequestTerminalKeyAbandon Actual: FinalizeIntent"	"EXCLUDED_HISTORICAL_OUTSIDE_SLICE"	"WHOLE_REPO_SWEEP"	""	"Historical failed run is outside the bounded P04/site-qualification slice and is inventoried without being used as current evidence."
"P04FR0368"	"server"	"tests/TagEkyc.IntegrationTests/TestResults/A3TerminalResource/terminal-resource-class-green.trx"	"A849746B73248D6B8E1CE72812D1B4AA7791B0F1F07C51D9A99AB8A8903F6B1A"	"77"	"31"	"46"	"0"	"TagEkyc.IntegrationTests.Tip88C1C6BA3R2TerminalProjectionTests.Continuation_OperationalTerminationMustAgreeWithDurableIntent(matching: False); TagEkyc.IntegrationTests.Tip88C1C6BA3R2TerminalProjectionTests.TerminalIntent_ActiveKeyIsRevokedByLifecycleBeforeTi02Finalization; TagEkyc.IntegrationTests.Tip88C1C6BA3R2TerminalProjectionTests.ExactLengthChangedBytes_RecordMismatch(mode: ""changed""); TagEkyc.IntegrationTests.Tip88C1C6BA3R2TerminalProjectionTests.ActualDeclaredAndClassOverflow_StopFirstExcess(mode: ""class""); TagEkyc.IntegrationTests.Tip88C1C6BA3R2TerminalProjectionTests.TerminalIntent_ActiveKeyProcessKillRecoversFromDurableResourceState(cut: 0); TagEkyc.IntegrationTests.Tip88C1C6BA3R2TerminalProjectionTests.Recorder_HostStopOrDeadlineRollsBackBlockedIntent(stopHost: False); TagEkyc.IntegrationTests.Tip88C1C6BA3R2TerminalProjectionTests.NoProviderRecovery_HostStopOrDeadlineRollsBackBlockedTransaction(stopHost: False); TagEkyc.IntegrationTests.Tip88C1C6BA3R2TerminalProjectionTests.Recorder_HostStopOrDeadlineRollsBackBlockedIntent(stopHost: True); TagEkyc.IntegrationTests.Tip88C1C6BA3R2TerminalProjectionTests.CleanShortEofDiffersFromInterruptedPrefix(mode: ""short""); TagEkyc.IntegrationTests.Tip88C1C6BA3R2TerminalProjectionTests.Continuation_OperationalTerminationMustAgreeWithDurableIntent(matching: True); TagEkyc.IntegrationTests.Tip88C1C6BA3R2TerminalProjectionTests.Ti02_SessionWaitUsesPostLockTerminationClock; TagEkyc.IntegrationTests.Tip88C1C6BA3R2TerminalProjectionTests.Nps01_ProviderUnknownIsEvidenceNotAbsence; TagEkyc.IntegrationTests.Tip88C1C6BA3R2TerminalProjectionTests.Ti01_ExactTupleAndCauseReplayPreservesOnlyIntent(code: ""RECAPTURE_REQUIRED""); TagEkyc.IntegrationTests.Tip88C1C6BA3R2TerminalProjectionTests.Nps01_AdjacentObjectAndTerminatorReplayTakeSessionPrefix(terminatedReplay: True); TagEkyc.IntegrationTests.Tip88C1C6BA3R2TerminalProjectionTests.TerminalIntent_ActiveKeyProcessKillRecoversFromDurableResourceState(cut: 1); TagEkyc.IntegrationTests.Tip88C1C6BA3R2TerminalProjectionTests.Re01_TerminatedNoObjectStillRequiresSettledKeyAndPreservesOldRows; TagEkyc.IntegrationTests.Tip88C1C6BA3R2TerminalProjectionTests.CleanShortEofDiffersFromInterruptedPrefix(mode: ""interrupted""); TagEkyc.IntegrationTests.Tip88C1C6BA3R2TerminalProjectionTests.CommitmentProviderUnavailableIsNotDifferentMac(mode: ""commitment-unavailable""); TagEkyc.IntegrationTests.Tip88C1C6BA3R2TerminalProjectionTests.InputEncryptionFailureCannotOverwriteInputCause; TagEkyc.IntegrationTests.Tip88C1C6BA3R2TerminalProjectionTests.Recorder_CommitFailureNeverAcknowledgesPersistence; TagEkyc.IntegrationTests.Tip88C1C6BA3R2TerminalProjectionTests.Re01_UnknownProviderCannotReenterOrEraseEvidence; TagEkyc.IntegrationTests.Tip88C1C6BA3R2TerminalProjectionTests.Nps01_AdjacentObjectAndTerminatorReplayTakeSessionPrefix(terminatedReplay: False); TagEkyc.IntegrationTests.Tip88C1C6BA3R2TerminalProjectionTests.InputReadCannotUnwindBeforeTerminalIntentAcknowledgement; TagEkyc.IntegrationTests.Tip88C1C6BA3R2TerminalProjectionTests.NoProviderRecovery_CommitFailureNeverAcknowledges(finalize: True); TagEkyc.IntegrationTests.Tip88C1C6BA3R2TerminalProjectionTests.Nps01_PrepareAndNoStartSerialize(prepareFirst: True); TagEkyc.IntegrationTests.Tip88C1C6BA3R2TerminalProjectionTests.Ti02_UnknownProviderPreservesIntentAndReturnsCleanupPending; TagEkyc.IntegrationTests.Tip88C1C6BA3R2TerminalProjectionTests.ExactLengthChangedBytes_RecordMismatch(mode: ""match""); TagEkyc.IntegrationTests.Tip88C1C6BA3R2TerminalProjectionTests.Recorder_DeniedTupleActorAndRoleHaveNoResidue; TagEkyc.IntegrationTests.Tip88C1C6BA3R2TerminalProjectionTests.NoProviderRecovery_ReaderRejectsMalformedSqlResults(finalize: False); TagEkyc.IntegrationTests.Tip88C1C6BA3R2TerminalProjectionTests.Ti01_ExactTupleAndCauseReplayPreservesOnlyIntent(code: ""RAW_EXPORT_SOURCE_ARTIFACT_SIZE_LIMIT_EXCEEDED""); TagEkyc.IntegrationTests.Tip88C1C6BA3R2TerminalProjectionTests.Continuation_ExactAclAndBoundedScanArguments; TagEkyc.IntegrationTests.Tip88C1C6BA3R2TerminalProjectionTests.Ti01_NoKeyRequiresNpsAndOriginalExpiryBeforeO20Finalization; TagEkyc.IntegrationTests.Tip88C1C6BA3R2TerminalProjectionTests.NoProviderRecovery_UnknownProviderDoesNotBecomeAnAbsenceWitness; TagEkyc.IntegrationTests.Tip88C1C6BA3R2TerminalProjectionTests.CommitmentProviderUnavailableIsNotDifferentMac(mode: ""commitment-throws""); TagEkyc.IntegrationTests.Tip88C1C6BA3R2TerminalProjectionTests.CleanShortEofDiffersFromInterruptedPrefix(mode: ""cancelled""); TagEkyc.IntegrationTests.Tip88C1C6BA3R2TerminalProjectionTests.ActualDeclaredAndClassOverflow_StopFirstExcess(mode: ""declared""); TagEkyc.IntegrationTests.Tip88C1C6BA3R2TerminalProjectionTests.NoProviderRecovery_LiveLeaseAndLiveOriginalHorizonRemainNonterminal; TagEkyc.IntegrationTests.Tip88C1C6BA3R2TerminalProjectionTests.NoProviderRecovery_CommitFailureNeverAcknowledges(finalize: False); TagEkyc.IntegrationTests.Tip88C1C6BA3R2TerminalProjectionTests.TerminalIntent_ActiveKeyProcessKillRecoversFromDurableResourceState(cut: 2); TagEkyc.IntegrationTests.Tip88C1C6BA3R2TerminalProjectionTests.Continuation_PendingIntentRemainsUntilExactSettledFinalization; TagEkyc.IntegrationTests.Tip88C1C6BA3R2TerminalProjectionTests.NoProviderRecovery_ReaderRejectsMalformedSqlResults(finalize: True); TagEkyc.IntegrationTests.Tip88C1C6BA3R2TerminalProjectionTests.Nps01_CatalogAndWriteGuardAreClosed; TagEkyc.IntegrationTests.Tip88C1C6BA3R2TerminalProjectionTests.Ti02_FailureAfterOperationalWriteRollsBackBothTerminalWrites; TagEkyc.IntegrationTests.Tip88C1C6BA3R2TerminalProjectionTests.Nps01_LostR1WithoutProviderPersistsOnlyOperationalPair; TagEkyc.IntegrationTests.Tip88C1C6BA3R2TerminalProjectionTests.NoProviderRecovery_HostStopOrDeadlineRollsBackBlockedTransaction(stopHost: True); TagEkyc.IntegrationTests.Tip88C1C6BA3R2TerminalProjectionTests.Ti01_ExactTupleAndCauseReplayPreservesOnlyIntent(code: ""CONTENT_COMMITMENT_MISMATCH"")"	"Npgsql.PostgresException : 57P03: the database system is shutting down"	"EXCLUDED_HISTORICAL_OUTSIDE_SLICE"	"WHOLE_REPO_SWEEP"	""	"Historical failed run is outside the bounded P04/site-qualification slice and is inventoried without being used as current evidence."
"P04FR0369"	"server"	"tests/TagEkyc.IntegrationTests/TestResults/A3TerminalResource/terminal-resource-dispatch-red-v2.trx"	"4DBAF6C82C43E12BCE36B4395B11835FB5BB566A163CBDDBC5CBA123354D3AAA"	"1"	"0"	"1"	"0"	"TagEkyc.IntegrationTests.Tip88C1C6BA3R2TerminalProjectionTests.TerminalIntent_ActiveKeyProcessKillRecoversFromDurableResourceState(cut: 1)"	"Assert.Equal() Failure: Strings differ ↓ (pos 0) Expected: ""Revoked"" Actual: ""Active"" ↑ (pos 0)"	"EXCLUDED_HISTORICAL_OUTSIDE_SLICE"	"WHOLE_REPO_SWEEP"	""	"Historical failed run is outside the bounded P04/site-qualification slice and is inventoried without being used as current evidence."
"P04FR0370"	"server"	"tests/TagEkyc.IntegrationTests/TestResults/A3TerminalResource/terminal-resource-dispatch-red.trx"	"04E56CA14E0BF8709A05DB2732B44647B7946B7D25B84D374EEC5EF7A39D8B40"	"1"	"0"	"1"	"0"	"TagEkyc.IntegrationTests.Tip88C1C6BA3R2TerminalProjectionTests.TerminalIntent_ActiveKeyProcessKillRecoversFromDurableResourceState(cut: 1)"	"Npgsql.NpgsqlException : Exception while reading from stream ---- System.IO.EndOfStreamException : Attempted to read past the end of the stream."	"EXCLUDED_HISTORICAL_OUTSIDE_SLICE"	"WHOLE_REPO_SWEEP"	""	"Historical failed run is outside the bounded P04/site-qualification slice and is inventoried without being used as current evidence."
"P04FR0371"	"server"	"tests/TagEkyc.IntegrationTests/TestResults/A3TerminalResourceV2/terminal-resource-cut2-red.trx"	"62F033EC175F54324FCF65E3DD5929E0775A49769AE6D6ED109C69C15B585B88"	"3"	"2"	"1"	"0"	"TagEkyc.IntegrationTests.Tip88C1C6BA3R2TerminalProjectionTests.TerminalIntent_ActiveKeyProcessKillRecoversFromDurableResourceState(cut: 2)"	"Assert.Equal() Failure: Strings differ Expected: ""CONTENT_COMMITMENT_MISMATCH"" Actual: null"	"EXCLUDED_HISTORICAL_OUTSIDE_SLICE"	"WHOLE_REPO_SWEEP"	""	"Historical failed run is outside the bounded P04/site-qualification slice and is inventoried without being used as current evidence."
"P04FR0372"	"server"	"tests/TagEkyc.IntegrationTests/TestResults/A3TerminalResourceV2/terminal-resource-reason-red.trx"	"175099D307DDD626E224AF4A77DFDAF5AF869BE9C98376389E2DEC019FB85FD7"	"1"	"0"	"1"	"0"	"TagEkyc.IntegrationTests.Tip88C1C6BA3R2TerminalProjectionTests.TerminalIntent_ActiveKeyIsRevokedByLifecycleBeforeTi02Finalization"	"Assert.True() Failure Expected: True Actual: False"	"EXCLUDED_HISTORICAL_OUTSIDE_SLICE"	"WHOLE_REPO_SWEEP"	""	"Historical failed run is outside the bounded P04/site-qualification slice and is inventoried without being used as current evidence."
"P04FR0373"	"server"	"tests/TagEkyc.IntegrationTests/TestResults/tip88c1-a3-broker-qualification-closed-acl.trx"	"9A26F6986D7C105568DE303AA4F5B832F7A7D90C5CAD7D86D7F71A0DDFB80AF4"	"19"	"0"	"19"	"0"	"TagEkyc.IntegrationTests.Tip88C1C6BA3BrokerQualificationTests.BrokerQualification_RealLoginAndProviderFailClosed(defect: ""direct-column""); TagEkyc.IntegrationTests.Tip88C1C6BA3BrokerQualificationTests.BrokerQualification_RealLoginAndProviderFailClosed(defect: ""missing-provider""); TagEkyc.IntegrationTests.Tip88C1C6BA3BrokerQualificationTests.BrokerQualification_RealLoginAndProviderFailClosed(defect: ""search-path""); TagEkyc.IntegrationTests.Tip88C1C6BA3BrokerQualificationTests.BrokerQualification_RealLoginAndProviderFailClosed(defect: ""public-execute""); TagEkyc.IntegrationTests.Tip88C1C6BA3BrokerQualificationTests.BrokerQualification_RealLoginAndProviderFailClosed(defect: ""missing-execute""); TagEkyc.IntegrationTests.Tip88C1C6BA3BrokerQualificationTests.BrokerQualification_RealLoginAndProviderFailClosed(defect: ""role-option""); TagEkyc.IntegrationTests.Tip88C1C6BA3BrokerQualificationTests.BrokerQualification_RealLoginAndProviderFailClosed(defect: ""missing-key""); TagEkyc.IntegrationTests.Tip88C1C6BA3BrokerQualificationTests.BrokerQualification_RealPrivateHttpCommitsAsDedicatedLogin; TagEkyc.IntegrationTests.Tip88C1C6BA3BrokerQualificationTests.BrokerQualification_RealLoginAndProviderFailClosed(defect: ""stage-execute""); TagEkyc.IntegrationTests.Tip88C1C6BA3BrokerQualificationTests.BrokerQualification_RealLoginAndProviderFailClosed(defect: ""bypass-rls""); TagEkyc.IntegrationTests.Tip88C1C6BA3BrokerQualificationTests.BrokerQualification_RealLoginAndProviderFailClosed(defect: ""wrong-login""); TagEkyc.IntegrationTests.Tip88C1C6BA3BrokerQualificationTests.BrokerQualification_RealLoginAndProviderFailClosed(defect: ""role-admin""); TagEkyc.IntegrationTests.Tip88C1C6BA3BrokerQualificationTests.BrokerQualification_RealLoginAndProviderFailClosed(defect: ""extra-membership""); TagEkyc.IntegrationTests.Tip88C1C6BA3BrokerQualificationTests.BrokerQualification_RealLoginAndProviderFailClosed(defect: ""inverse-membership""); TagEkyc.IntegrationTests.Tip88C1C6BA3BrokerQualificationTests.BrokerQualification_RealLoginAndProviderFailClosed(defect: ""missing-membership""); TagEkyc.IntegrationTests.Tip88C1C6BA3BrokerQualificationTests.BrokerQualification_RealLoginAndProviderFailClosed(defect: ""direct-table""); TagEkyc.IntegrationTests.Tip88C1C6BA3BrokerQualificationTests.BrokerQualification_RealLoginAndProviderFailClosed(defect: ""create-role""); TagEkyc.IntegrationTests.Tip88C1C6BA3BrokerQualificationTests.BrokerQualification_RealLoginAndProviderFailClosed(defect: ""public-column""); TagEkyc.IntegrationTests.Tip88C1C6BA3BrokerQualificationTests.BrokerQualification_RealLoginAndProviderFailClosed(defect: ""inherited-column"")"	"Npgsql.PostgresException : 42601: syntax error at or near "")"" POSITION: 2992"	"EXCLUDED_HISTORICAL_OUTSIDE_SLICE"	"WHOLE_REPO_SWEEP"	""	"Historical failed run is outside the bounded P04/site-qualification slice and is inventoried without being used as current evidence."
"P04FR0374"	"server"	"tests/TagEkyc.IntegrationTests/TestResults/tip88c1-a3-broker-qualification-dml-red.trx"	"10EDAD6E4C3A488A4763DB3056157668015B4D6ACCF844E2F8C1C4EA4304F4C7"	"22"	"18"	"4"	"0"	"TagEkyc.IntegrationTests.Tip88C1C6BA3BrokerQualificationTests.BrokerQualification_RealLoginAndProviderFailClosed(defect: ""direct-column""); TagEkyc.IntegrationTests.Tip88C1C6BA3BrokerQualificationTests.BrokerQualification_RealLoginAndProviderFailClosed(defect: ""direct-table""); TagEkyc.IntegrationTests.Tip88C1C6BA3BrokerQualificationTests.BrokerQualification_RealLoginAndProviderFailClosed(defect: ""public-column""); TagEkyc.IntegrationTests.Tip88C1C6BA3BrokerQualificationTests.BrokerQualification_RealLoginAndProviderFailClosed(defect: ""inherited-column"")"	"Assert.Equal() Failure: Values differ Expected: 503 Actual: 200"	"EXCLUDED_HISTORICAL_OUTSIDE_SLICE"	"WHOLE_REPO_SWEEP"	""	"Historical failed run is outside the bounded P04/site-qualification slice and is inventoried without being used as current evidence."
"P04FR0375"	"server"	"tests/TagEkyc.IntegrationTests/TestResults/tip88c1-a3-broker-qualification-final-census-red.trx"	"B06E8B408D94C79CAEA22B0A2B43130D4E4143DDD00FC1B6DE14FE4AE1EC01F4"	"27"	"25"	"2"	"0"	"TagEkyc.IntegrationTests.Tip88C1C6BA3BrokerQualificationTests.BrokerQualification_FrozenStageCensusMatchesMigratedAuthority; TagEkyc.IntegrationTests.Tip88C1C6BA3BrokerQualificationTests.BrokerQualification_RealLoginAndProviderFailClosed(defect: ""core-execute"")"	"Assert.Equal() Failure: Collections differ ↓ (pos 4) Expected: [···, ""raw_export_arm_provisional_object_put"", ""raw_export_begin_provisional_object_custody"", ""raw_export_begin_source_ingress_with_authority_cor""···, ""raw_export_commit_staged_source"", ""raw_export_complete_source_cleanup_item"", ···] Actual: [···, ""raw_export_arm_provisional_object_put"", ""raw_export_begin_provisional_object_custody"", ""raw_export_begin_source_ingress_with_authority_cor""···, ""raw_export_commit_staged_source"", ""raw_export_complete_source_cleanup_item"", ···] ↑ (pos 4)"	"EXCLUDED_HISTORICAL_OUTSIDE_SLICE"	"WHOLE_REPO_SWEEP"	""	"Historical failed run is outside the bounded P04/site-qualification slice and is inventoried without being used as current evidence."
"P04FR0376"	"server"	"tests/TagEkyc.IntegrationTests/TestResults/tip88c1-a3-broker-qualification-final-dml-red.trx"	"6CAFF89FF5A5EF5B72BDB4397A18ED4EA8F15E432ECA98D82AD41E74DF755E99"	"27"	"23"	"4"	"0"	"TagEkyc.IntegrationTests.Tip88C1C6BA3BrokerQualificationTests.BrokerQualification_RealLoginAndProviderFailClosed(defect: ""inherited-column""); TagEkyc.IntegrationTests.Tip88C1C6BA3BrokerQualificationTests.BrokerQualification_RealLoginAndProviderFailClosed(defect: ""direct-table""); TagEkyc.IntegrationTests.Tip88C1C6BA3BrokerQualificationTests.BrokerQualification_RealLoginAndProviderFailClosed(defect: ""public-column""); TagEkyc.IntegrationTests.Tip88C1C6BA3BrokerQualificationTests.BrokerQualification_RealLoginAndProviderFailClosed(defect: ""direct-column"")"	"Assert.Equal() Failure: Values differ Expected: 503 Actual: 200"	"EXCLUDED_HISTORICAL_OUTSIDE_SLICE"	"WHOLE_REPO_SWEEP"	""	"Historical failed run is outside the bounded P04/site-qualification slice and is inventoried without being used as current evidence."
"P04FR0377"	"server"	"tests/TagEkyc.IntegrationTests/TestResults/tip88c1-a3-broker-qualification-final-functions-red.trx"	"40D1CD33E5294CD2436D39A9A7686FAC701EFD15DD2C897A73CE16A8C1B7B6C4"	"27"	"17"	"10"	"0"	"TagEkyc.IntegrationTests.Tip88C1C6BA3BrokerQualificationTests.BrokerQualification_RealLoginAndProviderFailClosed(defect: ""inverse-owner-membership""); TagEkyc.IntegrationTests.Tip88C1C6BA3BrokerQualificationTests.BrokerQualification_RealLoginAndProviderFailClosed(defect: ""core-execute""); TagEkyc.IntegrationTests.Tip88C1C6BA3BrokerQualificationTests.BrokerQualification_RealLoginAndProviderFailClosed(defect: ""inverse-owner-set-only""); TagEkyc.IntegrationTests.Tip88C1C6BA3BrokerQualificationTests.BrokerQualification_RealLoginAndProviderFailClosed(defect: ""search-path""); TagEkyc.IntegrationTests.Tip88C1C6BA3BrokerQualificationTests.BrokerQualification_RealLoginAndProviderFailClosed(defect: ""public-execute""); TagEkyc.IntegrationTests.Tip88C1C6BA3BrokerQualificationTests.BrokerQualification_RealLoginAndProviderFailClosed(defect: ""stage-execute""); TagEkyc.IntegrationTests.Tip88C1C6BA3BrokerQualificationTests.BrokerQualification_RealLoginAndProviderFailClosed(defect: ""stage-moved""); TagEkyc.IntegrationTests.Tip88C1C6BA3BrokerQualificationTests.BrokerQualification_RealLoginAndProviderFailClosed(defect: ""inverse-superuser""); TagEkyc.IntegrationTests.Tip88C1C6BA3BrokerQualificationTests.BrokerQualification_RealLoginAndProviderFailClosed(defect: ""inverse-membership""); TagEkyc.IntegrationTests.Tip88C1C6BA3BrokerQualificationTests.BrokerQualification_RealLoginAndProviderFailClosed(defect: ""inverse-broker-set-only"")"	"Assert.Equal() Failure: Values differ Expected: 503 Actual: 200"	"EXCLUDED_HISTORICAL_OUTSIDE_SLICE"	"WHOLE_REPO_SWEEP"	""	"Historical failed run is outside the bounded P04/site-qualification slice and is inventoried without being used as current evidence."
"P04FR0378"	"server"	"tests/TagEkyc.IntegrationTests/TestResults/tip88c1-a3-broker-qualification-final-provider-red.trx"	"C15DC1CAE33DEAE02D3DA6C9763CC762584070EFB0D5F9666B1AF2F4542078E5"	"27"	"26"	"1"	"0"	"TagEkyc.IntegrationTests.Tip88C1C6BA3BrokerQualificationTests.BrokerQualification_RealLoginAndProviderFailClosed(defect: ""missing-key"")"	"Assert.Equal() Failure: Values differ Expected: 503 Actual: 200"	"EXCLUDED_HISTORICAL_OUTSIDE_SLICE"	"WHOLE_REPO_SWEEP"	""	"Historical failed run is outside the bounded P04/site-qualification slice and is inventoried without being used as current evidence."
"P04FR0379"	"server"	"tests/TagEkyc.IntegrationTests/TestResults/tip88c1-a3-broker-qualification-functions-red.trx"	"4EBC70CDD1C00048766BDFBFE0339A8D2B81067093CB345907812D925BCE68C5"	"22"	"16"	"6"	"0"	"TagEkyc.IntegrationTests.Tip88C1C6BA3BrokerQualificationTests.BrokerQualification_RealLoginAndProviderFailClosed(defect: ""stage-execute""); TagEkyc.IntegrationTests.Tip88C1C6BA3BrokerQualificationTests.BrokerQualification_RealLoginAndProviderFailClosed(defect: ""search-path""); TagEkyc.IntegrationTests.Tip88C1C6BA3BrokerQualificationTests.BrokerQualification_RealLoginAndProviderFailClosed(defect: ""core-execute""); TagEkyc.IntegrationTests.Tip88C1C6BA3BrokerQualificationTests.BrokerQualification_RealLoginAndProviderFailClosed(defect: ""stage-moved""); TagEkyc.IntegrationTests.Tip88C1C6BA3BrokerQualificationTests.BrokerQualification_RealLoginAndProviderFailClosed(defect: ""public-execute""); TagEkyc.IntegrationTests.Tip88C1C6BA3BrokerQualificationTests.BrokerQualification_RealLoginAndProviderFailClosed(defect: ""inverse-membership"")"	"Assert.Equal() Failure: Values differ Expected: 503 Actual: 200"	"EXCLUDED_HISTORICAL_OUTSIDE_SLICE"	"WHOLE_REPO_SWEEP"	""	"Historical failed run is outside the bounded P04/site-qualification slice and is inventoried without being used as current evidence."
"P04FR0380"	"server"	"tests/TagEkyc.IntegrationTests/TestResults/tip88c1-a3-broker-qualification-provider-red.trx"	"986D410704717604AAC3A811F2D17A068C928E0D20DD1931125937E093E4ED25"	"22"	"21"	"1"	"0"	"TagEkyc.IntegrationTests.Tip88C1C6BA3BrokerQualificationTests.BrokerQualification_RealLoginAndProviderFailClosed(defect: ""missing-key"")"	"Assert.Equal() Failure: Values differ Expected: 503 Actual: 200"	"EXCLUDED_HISTORICAL_OUTSIDE_SLICE"	"WHOLE_REPO_SWEEP"	""	"Historical failed run is outside the bounded P04/site-qualification slice and is inventoried without being used as current evidence."
"P04FR0381"	"server"	"tests/TagEkyc.IntegrationTests/TestResults/tip88c1-a3-continuation-disposition-defect-red.trx"	"1242F590BCCF51D3F0E2BAE3FFAEABB53CA29C247F71DFF5960B07BB6E3A1951"	"2"	"1"	"1"	"0"	"TagEkyc.IntegrationTests.Tip88C1C6BA3R2TerminalProjectionTests.Continuation_OperationalTerminationMustAgreeWithDurableIntent(matching: False)"	"Assert.Equal() Failure: Strings differ ↓ (pos 0) Expected: ""StateConflict"" Actual: ""Terminated"" ↑ (pos 0)"	"EXCLUDED_HISTORICAL_OUTSIDE_SLICE"	"WHOLE_REPO_SWEEP"	""	"Historical failed run is outside the bounded P04/site-qualification slice and is inventoried without being used as current evidence."
"P04FR0382"	"server"	"tests/TagEkyc.IntegrationTests/TestResults/tip88c1-a3-continuation-expanded.trx"	"60A6FFBAC487D49014E67ECD17C3433BF61BD4D1ADC5496D32FBA411D017301C"	"13"	"6"	"7"	"0"	"TagEkyc.IntegrationTests.Tip88C1C6BA3R2TerminalProjectionTests.Ti01_NoKeyRequiresNpsAndOriginalExpiryBeforeO20Finalization; TagEkyc.IntegrationTests.Tip88C1C6BA3R2TerminalProjectionTests.Continuation_ContradictoryDurableTuplesAreNotExecutableWork(mutation: ""key-fingerprint""); TagEkyc.IntegrationTests.Tip88C1C6BA3R2TerminalProjectionTests.Continuation_ContradictoryDurableTuplesAreNotExecutableWork(mutation: ""terminal-disposition""); TagEkyc.IntegrationTests.Tip88C1C6BA3R2TerminalProjectionTests.Continuation_PreKeyAndProviderUnknownAreDiscoverableWithoutFabricatedOutcome; TagEkyc.IntegrationTests.Tip88C1C6BA3R2TerminalProjectionTests.Continuation_ContradictoryDurableTuplesAreNotExecutableWork(mutation: ""key-attempt""); TagEkyc.IntegrationTests.Tip88C1C6BA3R2TerminalProjectionTests.Continuation_ContradictoryDurableTuplesAreNotExecutableWork(mutation: ""object-key""); TagEkyc.IntegrationTests.Tip88C1C6BA3R2TerminalProjectionTests.Continuation_ContradictoryDurableTuplesAreNotExecutableWork(mutation: ""object-fence"")"	"Assert.Equal() Failure: Values differ Expected: 0 Actual: 5"	"EXCLUDED_HISTORICAL_OUTSIDE_SLICE"	"WHOLE_REPO_SWEEP"	""	"Historical failed run is outside the bounded P04/site-qualification slice and is inventoried without being used as current evidence."
"P04FR0383"	"server"	"tests/TagEkyc.IntegrationTests/TestResults/tip88c1-a3-cp-core-red.trx"	"1E64B5E8A495F09E42A7EC88C9A4BA74C770DB901E2B108F4CCA6C3F29D4EA34"	"2"	"1"	"1"	"0"	"TagEkyc.IntegrationTests.Tip88C1C6BA3R2TerminalProjectionTests.Continuation_OperationalTerminationMustAgreeWithDurableIntent(matching: False)"	"Assert.Throws() Failure: No exception was thrown Expected: typeof(Npgsql.PostgresException)"	"EXCLUDED_HISTORICAL_OUTSIDE_SLICE"	"WHOLE_REPO_SWEEP"	""	"Historical failed run is outside the bounded P04/site-qualification slice and is inventoried without being used as current evidence."
"P04FR0384"	"server"	"tests/TagEkyc.IntegrationTests/TestResults/tip88c1-a3-cp-intent-red.trx"	"712D493B00CA50B0C1BFDB42F0A4E74BCC132C73E9A5247B2BF6735472D9E89E"	"5"	"4"	"1"	"0"	"TagEkyc.IntegrationTests.Tip88C1C6BA3R2TerminalProjectionTests.Continuation_ContradictoryDurableTuplesAreNotExecutableWork(mutation: ""terminal-disposition"")"	"Assert.Empty() Failure: Collection was not empty Collection: [[f0418edd-a20a-4a55-a965-5102e17f0a9e, a3000000-0000-4000-8000-000000000002, 10000000-0000-0000-0000-000000000001, 22d84f04-d2e4-4a51-ac03-834f8ed439cf, d5f5cdb5-1d82-4c30-a633-6cf5c68a972c, ···]]"	"EXCLUDED_HISTORICAL_OUTSIDE_SLICE"	"WHOLE_REPO_SWEEP"	""	"Historical failed run is outside the bounded P04/site-qualification slice and is inventoried without being used as current evidence."
"P04FR0385"	"server"	"tests/TagEkyc.IntegrationTests/TestResults/tip88c1-a3-cp-key-red.trx"	"30F577CACB29A507BFF4B16CA9B548DB65EBAE2734B5E02303357A4F74A7E736"	"1"	"0"	"1"	"0"	"TagEkyc.IntegrationTests.Tip88C1C6BA3R2TerminalProjectionTests.Continuation_PreKeyAndProviderUnknownAreDiscoverableWithoutFabricatedOutcome"	"Assert.Single() Failure: The collection was empty"	"EXCLUDED_HISTORICAL_OUTSIDE_SLICE"	"WHOLE_REPO_SWEEP"	""	"Historical failed run is outside the bounded P04/site-qualification slice and is inventoried without being used as current evidence."
"P04FR0386"	"server"	"tests/TagEkyc.IntegrationTests/TestResults/tip88c1-a3-cp-pending-red.trx"	"7B9DC0F07A1AAD170F2D296325CD424EE5265C528A143D3468FCD5A97A5A72D7"	"1"	"0"	"1"	"0"	"TagEkyc.IntegrationTests.Tip88C1C6BA3R2TerminalProjectionTests.Continuation_PendingIntentRemainsUntilExactSettledFinalization"	"Assert.Equal() Failure: Collections differ ↓ (pos 0) Expected: [0f5faf5d-54a9-4dbd-8596-29959ba67ced] Actual: []"	"EXCLUDED_HISTORICAL_OUTSIDE_SLICE"	"WHOLE_REPO_SWEEP"	""	"Historical failed run is outside the bounded P04/site-qualification slice and is inventoried without being used as current evidence."
"P04FR0387"	"server"	"tests/TagEkyc.IntegrationTests/TestResults/tip88c1-a3-cp-scan-red.trx"	"51A366A7C3B309F5AEE199443E35A1E66E56B2FDF95A363DC061F40A3EC8E72D"	"6"	"5"	"1"	"0"	"TagEkyc.IntegrationTests.Tip88C1C6BA3RetentionCheckpointTests.A3_RetainedStages_RealCiphertextPreservesWithdrawalResidue(checkpoint: 5, withdrawn: False)"	"Assert.Equal() Failure: Collections differ ↓ (pos 0) Expected: [d0960272-61ec-4389-b4c9-b6da94449b93] Actual: []"	"EXCLUDED_HISTORICAL_OUTSIDE_SLICE"	"WHOLE_REPO_SWEEP"	""	"Historical failed run is outside the bounded P04/site-qualification slice and is inventoried without being used as current evidence."
"P04FR0388"	"server"	"tests/TagEkyc.IntegrationTests/TestResults/tip88c1-a3-cp-v3-global-count-red.trx"	"804750CFB2EBAF012CC4F515D878300DA983BD6C62D96224A0B96F83741AFB67"	"2"	"1"	"1"	"0"	"TagEkyc.IntegrationTests.Tip88C1C6BA3R2TerminalProjectionTests.Continuation_PreKeyAndProviderUnknownAreDiscoverableWithoutFabricatedOutcome(populatedHistory: True)"	"Assert.Equal() Failure: Values differ Expected: 0 Actual: 3"	"EXCLUDED_HISTORICAL_OUTSIDE_SLICE"	"WHOLE_REPO_SWEEP"	""	"Historical failed run is outside the bounded P04/site-qualification slice and is inventoried without being used as current evidence."
"P04FR0389"	"server"	"tests/TagEkyc.IntegrationTests/TestResults/tip88c1-a3-input-authority-fallback-red.trx"	"0CCEF129133687402D01EDCA013129CA2D5E628210C31FD969A4CC3C06F7F2A2"	"3"	"1"	"2"	"0"	"TagEkyc.IntegrationTests.Tip88C1C6BA3R2TerminalProjectionTests.EncryptionContext_CurrentSchemaNeverFallsBackToUntaggedAuthority(mutation: ""null-tag""); TagEkyc.IntegrationTests.Tip88C1C6BA3R2TerminalProjectionTests.EncryptionContext_CurrentSchemaNeverFallsBackToUntaggedAuthority(mutation: ""unknown-tag"")"	"Assert.Throws() Failure: No exception was thrown Expected: typeof(System.IO.InvalidDataException)"	"EXCLUDED_HISTORICAL_OUTSIDE_SLICE"	"WHOLE_REPO_SWEEP"	""	"Historical failed run is outside the bounded P04/site-qualification slice and is inventoried without being used as current evidence."
"P04FR0390"	"server"	"tests/TagEkyc.IntegrationTests/TestResults/tip88c1-a3-input-authority-tag-red.trx"	"04003ACBF063394043175555EEB649C8F5DEB4849FCBF257DCCDC6CF420BB43E"	"3"	"0"	"3"	"0"	"TagEkyc.IntegrationTests.Tip88C1C6BA3R2TerminalProjectionTests.EncryptionContext_CurrentSchemaNeverFallsBackToUntaggedAuthority(mutation: ""unknown-tag""); TagEkyc.IntegrationTests.Tip88C1C6BA3R2TerminalProjectionTests.EncryptionContext_CurrentSchemaNeverFallsBackToUntaggedAuthority(mutation: ""historical-shape-on-current-schema""); TagEkyc.IntegrationTests.Tip88C1C6BA3R2TerminalProjectionTests.EncryptionContext_CurrentSchemaNeverFallsBackToUntaggedAuthority(mutation: ""null-tag"")"	"Assert.Equal() Failure: Strings differ Expected: ""SourceRetention"" Actual: null"	"EXCLUDED_HISTORICAL_OUTSIDE_SLICE"	"WHOLE_REPO_SWEEP"	""	"Historical failed run is outside the bounded P04/site-qualification slice and is inventoried without being used as current evidence."
"P04FR0391"	"server"	"tests/TagEkyc.IntegrationTests/TestResults/tip88c1-a3-input-await-red.trx"	"939F14A4E8E8D690ADC4730EA5611DDA6F27CB161B2C25397CD8D17B6B498C10"	"1"	"0"	"1"	"0"	"TagEkyc.IntegrationTests.Tip88C1C6BA3R2TerminalProjectionTests.InputReadCannotUnwindBeforeTerminalIntentAcknowledgement"	"Assert.Equal() Failure: Values differ Expected: RawExportR2InputObservation { Kind = ContentCommitmentMismatch, TerminalIntentPersisted = True } Actual: RawExportR2InputObservation { Kind = ContentCommitmentMismatch, TerminalIntentPersisted = False }"	"EXCLUDED_HISTORICAL_OUTSIDE_SLICE"	"WHOLE_REPO_SWEEP"	""	"Historical failed run is outside the bounded P04/site-qualification slice and is inventoried without being used as current evidence."
"P04FR0392"	"server"	"tests/TagEkyc.IntegrationTests/TestResults/tip88c1-a3-input-counter-red.trx"	"C9BE457AB7B56326A56F7CAF3F47CC8CDE2341076FBFCB5CEACEC151F5905760"	"19"	"17"	"2"	"0"	"TagEkyc.IntegrationTests.Tip88C1C6BA3R2TerminalProjectionTests.ActualDeclaredAndClassOverflow_StopFirstExcess(mode: ""class""); TagEkyc.IntegrationTests.Tip88C1C6BA3R2TerminalProjectionTests.ActualDeclaredAndClassOverflow_StopFirstExcess(mode: ""declared"")"	"Assert.Equal() Failure: Values differ Expected: RawExportR2InputObservation { Kind = ActualLimitExceeded, TerminalIntentPersisted = True } Actual: RawExportR2InputObservation { Kind = CleanShortEof, TerminalIntentPersisted = True }"	"EXCLUDED_HISTORICAL_OUTSIDE_SLICE"	"WHOLE_REPO_SWEEP"	""	"Historical failed run is outside the bounded P04/site-qualification slice and is inventoried without being used as current evidence."
"P04FR0393"	"server"	"tests/TagEkyc.IntegrationTests/TestResults/tip88c1-a3-input-early-complete-red.trx"	"580FC9D96910CE876BD73BB7603474D8AF27D5BF940A2478F54418CD77000254"	"2"	"1"	"1"	"0"	"TagEkyc.IntegrationTests.Tip88C1C6BA3R2TerminalProjectionTests.ExactLengthChangedBytes_RecordMismatch(mode: ""match"")"	"Assert.Null() Failure: Value is not null Expected: null Actual: Xunit.Sdk.EqualException: Assert.Equal() Failure: Values differ Expected: RawExportR2InputObservation { Kind = NotCompleted, TerminalIntentPersisted = False } Actual: RawExportR2InputObservation { Kind = CompleteMatch, TerminalIntentPersisted = False } at Xunit.Assert.Equal[T](T expected, T actual, IEqualityComparer`1 comparer) in /_/src/xunit.assert/Asserts/EqualityAsserts.cs:line 137 at Xunit.Assert.Equal[T](T expected, T actual) in /_/src/xunit.assert/Asserts/EqualityAsserts.cs:line 82 at TagEkyc.IntegrationTests.Tip88C1C6BA3R2TerminalProjectionTests.<>c__DisplayClass13_1.<<InputObservationProof>g__Consume|0>d.MoveNext() in D:\Task\Remote Signing\TagEkyc\tests\TagEkyc.IntegrationTests\Tip88C1C6BA3R2TerminalProjectionTests.cs:line 235"	"EXCLUDED_HISTORICAL_OUTSIDE_SLICE"	"WHOLE_REPO_SWEEP"	""	"Historical failed run is outside the bounded P04/site-qualification slice and is inventoried without being used as current evidence."
"P04FR0394"	"server"	"tests/TagEkyc.IntegrationTests/TestResults/tip88c1-a3-input-latch-red.trx"	"5B6488E5052B8E3676281672927633F5C505A1BE089B3DFB0A64A382314BB6EC"	"22"	"10"	"12"	"0"	"TagEkyc.IntegrationTests.Tip88C1C6BA3R2TerminalProjectionTests.InputEncryptionFailureCannotOverwriteInputCause; TagEkyc.IntegrationTests.Tip88C1C6BA3R2TerminalProjectionTests.InputReadCannotUnwindBeforeTerminalIntentAcknowledgement; TagEkyc.IntegrationTests.Tip88C1C6BA3R2TerminalProjectionTests.CommitmentProviderUnavailableIsNotDifferentMac(mode: ""commitment-unavailable""); TagEkyc.IntegrationTests.Tip88C1C6BA3R2TerminalProjectionTests.InputIntentFailureNeverAcknowledgesOrResumes(mode: ""recorder-commit-fails""); TagEkyc.IntegrationTests.Tip88C1C6BA3R2TerminalProjectionTests.ActualDeclaredAndClassOverflow_StopFirstExcess(mode: ""class""); TagEkyc.IntegrationTests.Tip88C1C6BA3R2TerminalProjectionTests.CleanShortEofDiffersFromInterruptedPrefix(mode: ""cancelled""); TagEkyc.IntegrationTests.Tip88C1C6BA3R2TerminalProjectionTests.CommitmentProviderUnavailableIsNotDifferentMac(mode: ""commitment-throws""); TagEkyc.IntegrationTests.Tip88C1C6BA3R2TerminalProjectionTests.ExactLengthChangedBytes_RecordMismatch(mode: ""changed""); TagEkyc.IntegrationTests.Tip88C1C6BA3R2TerminalProjectionTests.CleanShortEofDiffersFromInterruptedPrefix(mode: ""interrupted""); TagEkyc.IntegrationTests.Tip88C1C6BA3R2TerminalProjectionTests.InputIntentFailureNeverAcknowledgesOrResumes(mode: ""recorder-denied""); TagEkyc.IntegrationTests.Tip88C1C6BA3R2TerminalProjectionTests.CleanShortEofDiffersFromInterruptedPrefix(mode: ""short""); TagEkyc.IntegrationTests.Tip88C1C6BA3R2TerminalProjectionTests.ActualDeclaredAndClassOverflow_StopFirstExcess(mode: ""declared"")"	"Assert.Throws() Failure: Exception type was not an exact match Expected: typeof(System.IO.IOException) Actual: typeof(TagEkyc.Infrastructure.RawExport.RawExportR2DeterministicInvalidException) ---- TagEkyc.Infrastructure.RawExport.RawExportR2DeterministicInvalidException : RAW_EXPORT_R2_PLAINTEXT_LENGTH_MISMATCH"	"EXCLUDED_HISTORICAL_OUTSIDE_SLICE"	"WHOLE_REPO_SWEEP"	""	"Historical failed run is outside the bounded P04/site-qualification slice and is inventoried without being used as current evidence."
"P04FR0395"	"server"	"tests/TagEkyc.IntegrationTests/TestResults/tip88c1-a3-input-legacy-codec.trx"	"63039007C363818CD0F3D315744142CD1D133F7FFFF132BEDB3F00C0C78E1305"	"6"	"5"	"1"	"0"	"TagEkyc.IntegrationTests.Tip88C1B2R2DurableCustodyEncryptionTests.R214_r2_owned_buffers_are_zeroized_and_source_stream_remains_caller_owned"	"R214_PRODUCER_NOT_PROTECTED_BY_FINALLY:computed commitment comparison buffer"	"EXCLUDED_HISTORICAL_OUTSIDE_SLICE"	"WHOLE_REPO_SWEEP"	""	"Historical failed run is outside the bounded P04/site-qualification slice and is inventoried without being used as current evidence."
"P04FR0396"	"server"	"tests/TagEkyc.IntegrationTests/TestResults/tip88c1-a3-input-overwrite-red.trx"	"E6CAA339CF3F28A9864F94A62F0BB7CEEC5737B1F09EA38F65F2CCE9C74EB418"	"22"	"9"	"13"	"0"	"TagEkyc.IntegrationTests.Tip88C1C6BA3R2TerminalProjectionTests.ActualDeclaredAndClassOverflow_StopFirstExcess(mode: ""class""); TagEkyc.IntegrationTests.Tip88C1C6BA3R2TerminalProjectionTests.CleanShortEofDiffersFromInterruptedPrefix(mode: ""cancelled""); TagEkyc.IntegrationTests.Tip88C1C6BA3R2TerminalProjectionTests.InputIntentFailureNeverAcknowledgesOrResumes(mode: ""recorder-commit-fails""); TagEkyc.IntegrationTests.Tip88C1C6BA3R2TerminalProjectionTests.Writer_PreservesObservationAcrossProviderCatchAndPersistenceFailure(mode: ""changed""); TagEkyc.IntegrationTests.Tip88C1C6BA3R2TerminalProjectionTests.CleanShortEofDiffersFromInterruptedPrefix(mode: ""short""); TagEkyc.IntegrationTests.Tip88C1C6BA3R2TerminalProjectionTests.Writer_PreservesObservationAcrossProviderCatchAndPersistenceFailure(mode: ""record-put-fails""); TagEkyc.IntegrationTests.Tip88C1C6BA3R2TerminalProjectionTests.CommitmentProviderUnavailableIsNotDifferentMac(mode: ""commitment-throws""); TagEkyc.IntegrationTests.Tip88C1C6BA3R2TerminalProjectionTests.ExactLengthChangedBytes_RecordMismatch(mode: ""changed""); TagEkyc.IntegrationTests.Tip88C1C6BA3R2TerminalProjectionTests.ActualDeclaredAndClassOverflow_StopFirstExcess(mode: ""declared""); TagEkyc.IntegrationTests.Tip88C1C6BA3R2TerminalProjectionTests.CommitmentProviderUnavailableIsNotDifferentMac(mode: ""commitment-unavailable""); TagEkyc.IntegrationTests.Tip88C1C6BA3R2TerminalProjectionTests.InputIntentFailureNeverAcknowledgesOrResumes(mode: ""recorder-denied""); TagEkyc.IntegrationTests.Tip88C1C6BA3R2TerminalProjectionTests.InputReadCannotUnwindBeforeTerminalIntentAcknowledgement; TagEkyc.IntegrationTests.Tip88C1C6BA3R2TerminalProjectionTests.CleanShortEofDiffersFromInterruptedPrefix(mode: ""interrupted"")"	"Assert.Equal() Failure: Values differ Expected: RawExportR2InputObservation { Kind = ActualLimitExceeded, TerminalIntentPersisted = True } Actual: RawExportR2InputObservation { Kind = EncryptionProviderFailure, TerminalIntentPersisted = False }"	"EXCLUDED_HISTORICAL_OUTSIDE_SLICE"	"WHOLE_REPO_SWEEP"	""	"Historical failed run is outside the bounded P04/site-qualification slice and is inventoried without being used as current evidence."
"P04FR0397"	"server"	"tests/TagEkyc.IntegrationTests/TestResults/tip88c1-a3-input-v1-green.trx"	"2EB94A3352B06EC3756D9F7D3594F9C60B7C9A7A5DA6ECCBFB07AA64F6949E75"	"13"	"1"	"12"	"0"	"TagEkyc.IntegrationTests.Tip88C1C6BA3R2TerminalProjectionTests.CleanShortEofDiffersFromInterruptedPrefix(mode: ""short""); TagEkyc.IntegrationTests.Tip88C1C6BA3R2TerminalProjectionTests.ExactLengthChangedBytes_RecordMismatch(mode: ""match""); TagEkyc.IntegrationTests.Tip88C1C6BA3R2TerminalProjectionTests.ExactLengthChangedBytes_RecordMismatch(mode: ""changed""); TagEkyc.IntegrationTests.Tip88C1C6BA3R2TerminalProjectionTests.InputIntentFailureNeverAcknowledgesOrResumes(mode: ""recorder-denied""); TagEkyc.IntegrationTests.Tip88C1C6BA3R2TerminalProjectionTests.CleanShortEofDiffersFromInterruptedPrefix(mode: ""cancelled""); TagEkyc.IntegrationTests.Tip88C1C6BA3R2TerminalProjectionTests.ActualDeclaredAndClassOverflow_StopFirstExcess(mode: ""class""); TagEkyc.IntegrationTests.Tip88C1C6BA3R2TerminalProjectionTests.CleanShortEofDiffersFromInterruptedPrefix(mode: ""interrupted""); TagEkyc.IntegrationTests.Tip88C1C6BA3R2TerminalProjectionTests.ActualDeclaredAndClassOverflow_StopFirstExcess(mode: ""declared""); TagEkyc.IntegrationTests.Tip88C1C6BA3R2TerminalProjectionTests.InputIntentFailureNeverAcknowledgesOrResumes(mode: ""recorder-commit-fails""); TagEkyc.IntegrationTests.Tip88C1C6BA3R2TerminalProjectionTests.CommitmentProviderUnavailableIsNotDifferentMac(mode: ""commitment-unavailable""); TagEkyc.IntegrationTests.Tip88C1C6BA3R2TerminalProjectionTests.InputEncryptionFailureCannotOverwriteInputCause; TagEkyc.IntegrationTests.Tip88C1C6BA3R2TerminalProjectionTests.CommitmentProviderUnavailableIsNotDifferentMac(mode: ""commitment-throws"")"	"Npgsql.PostgresException : 42P01: relation ""tagekyc.raw_export_source_heads"" does not exist POSITION: 205"	"EXCLUDED_HISTORICAL_OUTSIDE_SLICE"	"WHOLE_REPO_SWEEP"	""	"Historical failed run is outside the bounded P04/site-qualification slice and is inventoried without being used as current evidence."
"P04FR0398"	"server"	"tests/TagEkyc.IntegrationTests/TestResults/tip88c1-a3-input-v4-await-red.trx"	"CD1778DD93C4B1A97BBD10288B12CC2D6B3EE335F6A72ADB901062E067B1D7AF"	"1"	"0"	"1"	"0"	"TagEkyc.IntegrationTests.Tip88C1C6BA3R2TerminalProjectionTests.InputReadCannotUnwindBeforeTerminalIntentAcknowledgement"	"Assert.Throws() Failure: No exception was thrown Expected: typeof(System.TimeoutException)"	"EXCLUDED_HISTORICAL_OUTSIDE_SLICE"	"WHOLE_REPO_SWEEP"	""	"Historical failed run is outside the bounded P04/site-qualification slice and is inventoried without being used as current evidence."
"P04FR0399"	"server"	"tests/TagEkyc.IntegrationTests/TestResults/tip88c1-a3-input-v4-latch-red.trx"	"B7EB38BF906AE925E2C39C99648348B661C4EF7A5D567E9B015B0796BCA5993B"	"22"	"10"	"12"	"0"	"TagEkyc.IntegrationTests.Tip88C1C6BA3R2TerminalProjectionTests.InputEncryptionFailureCannotOverwriteInputCause; TagEkyc.IntegrationTests.Tip88C1C6BA3R2TerminalProjectionTests.InputReadCannotUnwindBeforeTerminalIntentAcknowledgement; TagEkyc.IntegrationTests.Tip88C1C6BA3R2TerminalProjectionTests.ActualDeclaredAndClassOverflow_StopFirstExcess(mode: ""declared""); TagEkyc.IntegrationTests.Tip88C1C6BA3R2TerminalProjectionTests.CommitmentProviderUnavailableIsNotDifferentMac(mode: ""commitment-unavailable""); TagEkyc.IntegrationTests.Tip88C1C6BA3R2TerminalProjectionTests.ActualDeclaredAndClassOverflow_StopFirstExcess(mode: ""class""); TagEkyc.IntegrationTests.Tip88C1C6BA3R2TerminalProjectionTests.CleanShortEofDiffersFromInterruptedPrefix(mode: ""interrupted""); TagEkyc.IntegrationTests.Tip88C1C6BA3R2TerminalProjectionTests.CommitmentProviderUnavailableIsNotDifferentMac(mode: ""commitment-throws""); TagEkyc.IntegrationTests.Tip88C1C6BA3R2TerminalProjectionTests.CleanShortEofDiffersFromInterruptedPrefix(mode: ""cancelled""); TagEkyc.IntegrationTests.Tip88C1C6BA3R2TerminalProjectionTests.InputIntentFailureNeverAcknowledgesOrResumes(mode: ""recorder-commit-fails""); TagEkyc.IntegrationTests.Tip88C1C6BA3R2TerminalProjectionTests.CleanShortEofDiffersFromInterruptedPrefix(mode: ""short""); TagEkyc.IntegrationTests.Tip88C1C6BA3R2TerminalProjectionTests.ExactLengthChangedBytes_RecordMismatch(mode: ""changed""); TagEkyc.IntegrationTests.Tip88C1C6BA3R2TerminalProjectionTests.InputIntentFailureNeverAcknowledgesOrResumes(mode: ""recorder-denied"")"	"Assert.Equal() Failure: Values differ Expected: Tuple (1, 24, 1, 0, 0) Actual: Tuple (2, 24, 1, 0, 1)"	"EXCLUDED_HISTORICAL_OUTSIDE_SLICE"	"WHOLE_REPO_SWEEP"	""	"Historical failed run is outside the bounded P04/site-qualification slice and is inventoried without being used as current evidence."
"P04FR0400"	"server"	"tests/TagEkyc.IntegrationTests/TestResults/tip88c1-a3-input-writer-observation-red.trx"	"1ABBCC40078DBC9411107E8A49F3E604D9AAA305ACBB836A60743BF395BDFC75"	"5"	"2"	"3"	"0"	"TagEkyc.IntegrationTests.Tip88C1C6BA3R2TerminalProjectionTests.Writer_PreservesObservationAcrossProviderCatchAndPersistenceFailure(mode: ""changed""); TagEkyc.IntegrationTests.Tip88C1C6BA3R2TerminalProjectionTests.Writer_PreservesObservationAcrossProviderCatchAndPersistenceFailure(mode: ""record-put-fails""); TagEkyc.IntegrationTests.Tip88C1C6BA3R2TerminalProjectionTests.Writer_PreservesObservationAcrossProviderCatchAndPersistenceFailure(mode: ""match"")"	"Assert.Equal() Failure: Values differ Expected: RawExportR2InputObservation { Kind = ContentCommitmentMismatch, TerminalIntentPersisted = True } Actual: RawExportR2InputObservation { Kind = NotCompleted, TerminalIntentPersisted = False }"	"EXCLUDED_HISTORICAL_OUTSIDE_SLICE"	"WHOLE_REPO_SWEEP"	""	"Historical failed run is outside the bounded P04/site-qualification slice and is inventoried without being used as current evidence."
"P04FR0401"	"server"	"tests/TagEkyc.IntegrationTests/TestResults/tip88c1-a3-no-provider-commit-red.trx"	"360A189910BAE49945ADEB851A79FD0694A7F30A5E0F0F959AB05C8A0615F1D7"	"1"	"0"	"1"	"0"	"TagEkyc.IntegrationTests.Tip88C1C6BA3R2TerminalProjectionTests.NoProviderRecovery_CommitFailureNeverAcknowledges(finalize: False)"	"Assert.Throws() Failure: No exception was thrown Expected: typeof(Npgsql.PostgresException)"	"EXCLUDED_HISTORICAL_OUTSIDE_SLICE"	"WHOLE_REPO_SWEEP"	""	"Historical failed run is outside the bounded P04/site-qualification slice and is inventoried without being used as current evidence."
"P04FR0402"	"server"	"tests/TagEkyc.IntegrationTests/TestResults/tip88c1-a3-no-provider-shape-guards-red.trx"	"A5CD33950E7F0A66BFD37D24920964601F7B589C6F4F02CE4C9B1B832313E0BB"	"2"	"0"	"2"	"0"	"TagEkyc.IntegrationTests.Tip88C1C6BA3R2TerminalProjectionTests.NoProviderRecovery_ReaderRejectsMalformedSqlResults(finalize: True); TagEkyc.IntegrationTests.Tip88C1C6BA3R2TerminalProjectionTests.NoProviderRecovery_ReaderRejectsMalformedSqlResults(finalize: False)"	"Assert.Throws() Failure: No exception was thrown Expected: typeof(System.InvalidOperationException)"	"EXCLUDED_HISTORICAL_OUTSIDE_SLICE"	"WHOLE_REPO_SWEEP"	""	"Historical failed run is outside the bounded P04/site-qualification slice and is inventoried without being used as current evidence."
"P04FR0403"	"server"	"tests/TagEkyc.IntegrationTests/TestResults/tip88c1-a3-no-provider-v2-boundaries.trx"	"089F5FA40E9F7F587B73005AF8C7F29D9866CF13763C6FEA7034239D9D32A591"	"6"	"4"	"2"	"0"	"TagEkyc.IntegrationTests.Tip88C1C6BA3R2TerminalProjectionTests.NoProviderRecovery_HostStopOrDeadlineRollsBackBlockedTransaction(stopHost: True); TagEkyc.IntegrationTests.Tip88C1C6BA3R2TerminalProjectionTests.NoProviderRecovery_HostStopOrDeadlineRollsBackBlockedTransaction(stopHost: False)"	"Expected actual PostgreSQL wait at retained session prefix."	"EXCLUDED_HISTORICAL_OUTSIDE_SLICE"	"WHOLE_REPO_SWEEP"	""	"Historical failed run is outside the bounded P04/site-qualification slice and is inventoried without being used as current evidence."
"P04FR0404"	"server"	"tests/TagEkyc.IntegrationTests/TestResults/tip88c1-a3-no-provider-worker-dispatch-red.trx"	"424195A12BC13210309A8C07464B64AB64608766D021DDA98B6958DD88C009FA"	"1"	"0"	"1"	"0"	"TagEkyc.IntegrationTests.Tip88C1C6BA3R2TerminalProjectionTests.NoProviderRecovery_ProcessKillUsesDurableNpsIntentAndFinalization(cut: 2)"	"Assert.Equal() Failure: Values differ Expected: 0 Actual: 91"	"EXCLUDED_HISTORICAL_OUTSIDE_SLICE"	"WHOLE_REPO_SWEEP"	""	"Historical failed run is outside the bounded P04/site-qualification slice and is inventoried without being used as current evidence."
"P04FR0405"	"server"	"tests/TagEkyc.IntegrationTests/TestResults/tip88c1-a3-nps-absence-red.trx"	"D7ED9B387BC5D37FB2975ED12DB4424BA409B2E4285C1DD54EC9340F24D18ACE"	"1"	"0"	"1"	"0"	"TagEkyc.IntegrationTests.Tip88C1C6BA3R2TerminalProjectionTests.Nps01_ProviderUnknownIsEvidenceNotAbsence"	"Npgsql.NpgsqlException : Exception while reading from stream ---- System.IO.EndOfStreamException : Attempted to read past the end of the stream."	"EXCLUDED_HISTORICAL_OUTSIDE_SLICE"	"WHOLE_REPO_SWEEP"	""	"Historical failed run is outside the bounded P04/site-qualification slice and is inventoried without being used as current evidence."
"P04FR0406"	"server"	"tests/TagEkyc.IntegrationTests/TestResults/tip88c1-a3-nps-absence-retry-red.trx"	"468394EB84C0FAC6BEFA98ECF13EB57523F679195F06D20BBFD0F8B5D9445CDB"	"1"	"0"	"1"	"0"	"TagEkyc.IntegrationTests.Tip88C1C6BA3R2TerminalProjectionTests.Nps01_ProviderUnknownIsEvidenceNotAbsence"	"Assert.Equal() Failure: Strings differ ↓ (pos 0) Expected: ""ProviderEvidencePresent"" Actual: ""TerminatedBeforeStart"" ↑ (pos 0)"	"EXCLUDED_HISTORICAL_OUTSIDE_SLICE"	"WHOLE_REPO_SWEEP"	""	"Historical failed run is outside the bounded P04/site-qualification slice and is inventoried without being used as current evidence."
"P04FR0407"	"server"	"tests/TagEkyc.IntegrationTests/TestResults/tip88c1-a3-nps-acl-red.trx"	"E05829DE95837AC1109B2038CD84BEB808D7BC27A21A06BBBFA3772CF072C76C"	"1"	"0"	"1"	"0"	"TagEkyc.IntegrationTests.Tip88C1C6BA3R2TerminalProjectionTests.Nps01_CatalogAndWriteGuardAreClosed"	"Assert.Equal() Failure: Collections differ Expected: [""tagekyc_raw_export_reconciler""] Actual: [""tagekyc_raw_export_reconciler"", ""tagekyc_capture_runtime_operator"", ""tagekyc_capture_runtime_authenticator"", ""tagekyc_capture_runtime_application""] ↑ (pos 1)"	"EXCLUDED_HISTORICAL_OUTSIDE_SLICE"	"WHOLE_REPO_SWEEP"	""	"Historical failed run is outside the bounded P04/site-qualification slice and is inventoried without being used as current evidence."
"P04FR0408"	"server"	"tests/TagEkyc.IntegrationTests/TestResults/tip88c1-a3-nps-clock-red.trx"	"56413A64E858495C2D776AF2674DE97AA429CD14DB8F78BA62F87F3F7CB2F88D"	"1"	"0"	"1"	"0"	"TagEkyc.IntegrationTests.Tip88C1C6BA3R2TerminalProjectionTests.Nps01_KeyPreparationUsesPostLockLeaseClock"	"Assert.Equal() Failure: Values differ Expected: HeadNotReserved Actual: ProviderOutcomeUnknown"	"EXCLUDED_HISTORICAL_OUTSIDE_SLICE"	"WHOLE_REPO_SWEEP"	""	"Historical failed run is outside the bounded P04/site-qualification slice and is inventoried without being used as current evidence."
"P04FR0409"	"server"	"tests/TagEkyc.IntegrationTests/TestResults/tip88c1-a3-nps-final-regression.trx"	"79F9EE25C35C87A2D2E193F58AF7BA0FB4D3A820A0AD0F1663D3AD427D8A9DA4"	"219"	"201"	"18"	"0"	"TagEkyc.IntegrationTests.Tip88C1C6BA3RetentionCheckpointTests.A3_RetainedStages_CrossBorderFulfillmentWaitUsesFreshClock(checkpoint: 4, expiresWhileWaiting: False); TagEkyc.IntegrationTests.Tip88C1C6BA3RetentionCheckpointTests.A3_RetainedStages_RealCiphertextPreservesWithdrawalResidue(checkpoint: 3, withdrawn: False); TagEkyc.IntegrationTests.Tip88C1C6BA3RetentionCheckpointTests.A3_RetainedStages_CrossBorderFulfillmentWaitUsesFreshClock(checkpoint: 5, expiresWhileWaiting: False); TagEkyc.IntegrationTests.Tip88C1C6BA3RetentionCheckpointTests.A3_RetentionCheckpoint_WithdrawalSerializesWithR1R3R4R5(checkpoint: 5, withdrawalFirst: False); TagEkyc.IntegrationTests.Tip88C1C6BA3RetentionCheckpointTests.A3_RetainedStages_RealCiphertextPreservesWithdrawalResidue(checkpoint: 3, withdrawn: True); TagEkyc.IntegrationTests.Tip88C1C6BA3RetentionCheckpointTests.A3_RetentionCheckpoint_WithdrawalSerializesWithR1R3R4R5(checkpoint: 4, withdrawalFirst: False); TagEkyc.IntegrationTests.Tip88C1C6BA3RetentionCheckpointTests.A3_RetainedStages_RealCiphertextPreservesWithdrawalResidue(checkpoint: 4, withdrawn: True); TagEkyc.IntegrationTests.Tip88C1C6BA3RetentionCheckpointTests.A3_RetainedStages_CrossBorderFulfillmentWaitUsesFreshClock(checkpoint: 3, expiresWhileWaiting: False); TagEkyc.IntegrationTests.Tip88C1C6BA3RetentionCheckpointTests.A3_RetainedStages_RealCiphertextPreservesWithdrawalResidue(checkpoint: 5, withdrawn: False); TagEkyc.IntegrationTests.Tip88C1C6BA3RetentionCheckpointTests.A3_RetainedStages_RealCiphertextPreservesWithdrawalResidue(checkpoint: 5, withdrawn: True); TagEkyc.IntegrationTests.Tip88C1C6BA3RetentionCheckpointTests.A3_RetainedStages_RealCiphertextPreservesWithdrawalResidue(checkpoint: 4, withdrawn: False); TagEkyc.IntegrationTests.Tip88C1C6BA3RetentionCheckpointTests.A3_RetainedStages_CrossBorderFulfillmentWaitUsesFreshClock(checkpoint: 5, expiresWhileWaiting: True); TagEkyc.IntegrationTests.Tip88C1C6BA3RetentionCheckpointTests.A3_RetentionCheckpoint_WithdrawalSerializesWithR1R3R4R5(checkpoint: 3, withdrawalFirst: False); TagEkyc.IntegrationTests.Tip88C1C6BA3RetentionCheckpointTests.A3_RetentionCheckpoint_WithdrawalSerializesWithR1R3R4R5(checkpoint: 5, withdrawalFirst: True); TagEkyc.IntegrationTests.Tip88C1C6BA3RetentionCheckpointTests.A3_RetainedStages_CrossBorderFulfillmentWaitUsesFreshClock(checkpoint: 4, expiresWhileWaiting: True); TagEkyc.IntegrationTests.Tip88C1C6BA3RetentionCheckpointTests.A3_RetentionCheckpoint_WithdrawalSerializesWithR1R3R4R5(checkpoint: 3, withdrawalFirst: True); TagEkyc.IntegrationTests.Tip88C1C6BA3RetentionCheckpointTests.A3_RetentionCheckpoint_WithdrawalSerializesWithR1R3R4R5(checkpoint: 4, withdrawalFirst: True); TagEkyc.IntegrationTests.Tip88C1C6BA3RetentionCheckpointTests.A3_RetainedStages_CrossBorderFulfillmentWaitUsesFreshClock(checkpoint: 3, expiresWhileWaiting: True)"	"Assert.Equal() Failure: Values differ Expected: PendingVerification Actual: PreCustodyRetryable"	"EXCLUDED_HISTORICAL_OUTSIDE_SLICE"	"WHOLE_REPO_SWEEP"	""	"Historical failed run is outside the bounded P04/site-qualification slice and is inventoried without being used as current evidence."
"P04FR0410"	"server"	"tests/TagEkyc.IntegrationTests/TestResults/tip88c1-a3-nps-prefix-exact-red.trx"	"AF11DDF23849DB280FE8060AD4B3BB057278AEE2D186F7A9ECF2EACD22BA6E14"	"2"	"0"	"2"	"0"	"TagEkyc.IntegrationTests.Tip88C1C6BA3R2TerminalProjectionTests.Nps01_AdjacentObjectAndTerminatorReplayTakeSessionPrefix(terminatedReplay: False); TagEkyc.IntegrationTests.Tip88C1C6BA3R2TerminalProjectionTests.Nps01_AdjacentObjectAndTerminatorReplayTakeSessionPrefix(terminatedReplay: True)"	"Expected actual PostgreSQL wait at retained session prefix."	"EXCLUDED_HISTORICAL_OUTSIDE_SLICE"	"WHOLE_REPO_SWEEP"	""	"Historical failed run is outside the bounded P04/site-qualification slice and is inventoried without being used as current evidence."
"P04FR0411"	"server"	"tests/TagEkyc.IntegrationTests/TestResults/tip88c1-a3-nps-prefix-red.trx"	"D46C8D9AACF3226BCAFDC8798F56E95C6F802C81F98610ED7A32C1833C2A62C7"	"2"	"0"	"2"	"0"	"TagEkyc.IntegrationTests.Tip88C1C6BA3R2TerminalProjectionTests.Nps01_AdjacentObjectAndTerminatorReplayTakeSessionPrefix(terminatedReplay: False); TagEkyc.IntegrationTests.Tip88C1C6BA3R2TerminalProjectionTests.Nps01_AdjacentObjectAndTerminatorReplayTakeSessionPrefix(terminatedReplay: True)"	"Npgsql.PostgresException : 42601: syntax error at or near ""IF"" POSITION: 3043"	"EXCLUDED_HISTORICAL_OUTSIDE_SLICE"	"WHOLE_REPO_SWEEP"	""	"Historical failed run is outside the bounded P04/site-qualification slice and is inventoried without being used as current evidence."
"P04FR0412"	"server"	"tests/TagEkyc.IntegrationTests/TestResults/tip88c1-a3-nps-race-diagnostic.trx"	"DEEDEC00DBA8178124E4FE37C69B04FB97D430D4144FF21F646C5EC062181054"	"2"	"0"	"2"	"0"	"TagEkyc.IntegrationTests.Tip88C1C6BA3R2TerminalProjectionTests.Nps01_PrepareAndNoStartSerialize(prepareFirst: False); TagEkyc.IntegrationTests.Tip88C1C6BA3R2TerminalProjectionTests.Nps01_PrepareAndNoStartSerialize(prepareFirst: True)"	"Npgsql.PostgresException : 42501: permission denied for table raw_export_authority_snapshots"	"EXCLUDED_HISTORICAL_OUTSIDE_SLICE"	"WHOLE_REPO_SWEEP"	""	"Historical failed run is outside the bounded P04/site-qualification slice and is inventoried without being used as current evidence."
"P04FR0413"	"server"	"tests/TagEkyc.IntegrationTests/TestResults/tip88c1-a3-re01-initial.trx"	"346044C977C27E874B84A629E27B15B4673C6AAEBD661648A3E16B138EE808F1"	"10"	"3"	"7"	"0"	"TagEkyc.IntegrationTests.Tip88C1C6BA3R2TerminalProjectionTests.Re01_ConcurrentSameOwnerRetryHasOneHandoff; TagEkyc.IntegrationTests.Tip88C1C6BA3MigrationTests.A3_MigrationPopulationGuard_WaitsForWriterThenRejectsWithoutLoss(down: False); TagEkyc.IntegrationTests.Tip88C1C6BA3R2TerminalProjectionTests.Re01_InternalHelperRejectsWrongActorBindingTupleAndStageRoles; TagEkyc.IntegrationTests.Tip88C1C6BA3R2TerminalProjectionTests.Re01_UnknownProviderCannotReenterOrEraseEvidence; TagEkyc.IntegrationTests.Tip88C1C6BA3R2TerminalProjectionTests.Re01_LostR1RetryAppendsOneFreshAttemptAndRenewsOnlyDerivedLease; TagEkyc.IntegrationTests.Tip88C1C6BA3MigrationTests.A3_MigrationPopulationGuard_WaitsForWriterThenRejectsWithoutLoss(down: True); TagEkyc.IntegrationTests.Tip88C1C6BA3MigrationTests.A3_CaptureLineageMigration_EmptyRoundTripRestoresPredecessor"	"Npgsql.PostgresException : 42702: column reference ""c.IngressClaimId"" is ambiguous DETAIL: It could refer to either a PL/pgSQL variable or a table column."	"EXCLUDED_HISTORICAL_OUTSIDE_SLICE"	"WHOLE_REPO_SWEEP"	""	"Historical failed run is outside the bounded P04/site-qualification slice and is inventoried without being used as current evidence."
"P04FR0414"	"server"	"tests/TagEkyc.IntegrationTests/TestResults/tip88c1-a3-re01-live-key-red.trx"	"4C7410DB11014D840AB22D008759F1F277609297FDE6B8F1B4CC44E64F28809D"	"1"	"0"	"1"	"0"	"TagEkyc.IntegrationTests.Tip88C1C6BA3R2TerminalProjectionTests.Re01_TerminatedNoObjectStillRequiresSettledKeyAndPreservesOldRows"	"Assert.Equal() Failure: Values differ Expected: Final { Value = CaptureAgentFinalResult { OutcomeCode = RAW_EXPORT_SOURCE_RESERVATION_BUSY, SourceArtifactId = , CurrentSourceState = , CurrentDisposition = , RetryNotBeforeUtc = }, Origin = PreAdmission } Actual: Handoff { Value = RawIngressBrokerHandoff { SourceArtifactId = c39f4d05-a69d-4c7f-a191-8098f6d9beea, AttemptKeyReservationId = 6d07d43d-03fa-4be9-8596-d8985601e89c, AttemptId = 8646049f-528c-4144-b974-62a0e7124d1a, ExpectedEncryptionAttemptRevision = 2, ExpectedFence = 2, CustodyActorPrincipalId = a3000000-0000-4000-8000-000000000002, ClientApplicationId = 10000000-0000-0000-0000-000000000001, BindingId = 4f1d86ce-4291-4814-82bb-87059e3381bf, RetentionAuthorityId = 8440c707-9727-424c-9022-485c02abd2d9, RetentionAuthorityRevision = 1, ExecutionExpiresAtUtc = 14/09/2026 3:41:26 CH +00:00 } }"	"EXCLUDED_HISTORICAL_OUTSIDE_SLICE"	"WHOLE_REPO_SWEEP"	""	"Historical failed run is outside the bounded P04/site-qualification slice and is inventoried without being used as current evidence."
"P04FR0415"	"server"	"tests/TagEkyc.IntegrationTests/TestResults/tip88c1-a3-re01-old-branch-red.trx"	"9879E28657368E9DA6923017078A4EDF7F641DDEA65800F5055D34916A54A639"	"5"	"2"	"3"	"0"	"TagEkyc.IntegrationTests.Tip88C1C6BA3R2TerminalProjectionTests.Re01_ConcurrentSameOwnerRetryHasOneHandoff; TagEkyc.IntegrationTests.Tip88C1C6BA3R2TerminalProjectionTests.Re01_TerminatedNoObjectStillRequiresSettledKeyAndPreservesOldRows; TagEkyc.IntegrationTests.Tip88C1C6BA3R2TerminalProjectionTests.Re01_LostR1RetryAppendsOneFreshAttemptAndRenewsOnlyDerivedLease"	"Assert.Single() Failure: The collection was empty"	"EXCLUDED_HISTORICAL_OUTSIDE_SLICE"	"WHOLE_REPO_SWEEP"	""	"Historical failed run is outside the bounded P04/site-qualification slice and is inventoried without being used as current evidence."
"P04FR0416"	"server"	"tests/TagEkyc.IntegrationTests/TestResults/tip88c1-a3-re01-old-lease-red.trx"	"C5EE3ABB2A841AD582F10CB07479115E887F4AB7C260FDDC9597D764754539D4"	"1"	"0"	"1"	"0"	"TagEkyc.IntegrationTests.Tip88C1C6BA3R2TerminalProjectionTests.Re01_LostR1RetryAppendsOneFreshAttemptAndRenewsOnlyDerivedLease"	"Assert.True() Failure Expected: True Actual: False"	"EXCLUDED_HISTORICAL_OUTSIDE_SLICE"	"WHOLE_REPO_SWEEP"	""	"Historical failed run is outside the bounded P04/site-qualification slice and is inventoried without being used as current evidence."
"P04FR0417"	"server"	"tests/TagEkyc.IntegrationTests/TestResults/tip88c1-a3-re01-v2.trx"	"7A88CBD726D6C1409188E12119F00984BC606BD411815CDB61602E53CE34AA9B"	"10"	"8"	"2"	"0"	"TagEkyc.IntegrationTests.Tip88C1C6BA3R2TerminalProjectionTests.Re01_ConcurrentSameOwnerRetryHasOneHandoff; TagEkyc.IntegrationTests.Tip88C1C6BA3R2TerminalProjectionTests.Re01_LostR1RetryAppendsOneFreshAttemptAndRenewsOnlyDerivedLease"	"Assert.Equal() Failure: Strings differ ↓ (pos 18) Expected: ""RAW_EXPORT_SOURCE_RESERVATION_BUSY"" Actual: ""RAW_EXPORT_SOURCE_CLAIM_EVALUATION_IN_PRO""··· ↑ (pos 18)"	"EXCLUDED_HISTORICAL_OUTSIDE_SLICE"	"WHOLE_REPO_SWEEP"	""	"Historical failed run is outside the bounded P04/site-qualification slice and is inventoried without being used as current evidence."
"P04FR0418"	"server"	"tests/TagEkyc.IntegrationTests/TestResults/tip88c1-a3-re01-v3.trx"	"18A8C8C2ED264A9DB23DAD746CE4F9940F7CDB3FBA42A4D57C58296916DE2BF8"	"19"	"16"	"3"	"0"	"TagEkyc.IntegrationTests.Tip88C1C6BA3R2TerminalProjectionTests.Re01_TerminatedNoObjectStillRequiresSettledKeyAndPreservesOldRows; TagEkyc.IntegrationTests.Tip88C1C6BA3R2TerminalProjectionTests.Re01_LostR1RetryAppendsOneFreshAttemptAndRenewsOnlyDerivedLease; TagEkyc.IntegrationTests.Tip88C1C6BA3R2TerminalProjectionTests.Re01_ConcurrentSameOwnerRetryHasOneHandoff"	"Npgsql.PostgresException : 42883: operator does not exist: uuid = text POSITION: 262"	"EXCLUDED_HISTORICAL_OUTSIDE_SLICE"	"WHOLE_REPO_SWEEP"	""	"Historical failed run is outside the bounded P04/site-qualification slice and is inventoried without being used as current evidence."
"P04FR0419"	"server"	"tests/TagEkyc.IntegrationTests/TestResults/tip88c1-a3-recorder-actor-red.trx"	"32B35FFB87D15E2093F07A7203898478C5FA3CDDD178312339CD4C40C35878A4"	"1"	"0"	"1"	"0"	"TagEkyc.IntegrationTests.Tip88C1C6BA3R2TerminalProjectionTests.Recorder_IndependentCommitIgnoresDeadRequestAndRestoresActor"	"Assert.Equal() Failure: Values differ Expected: eeeeeeee-eeee-4eee-8eee-eeeeeeeeeeee Actual: a3000000-0000-4000-8000-000000000002"	"EXCLUDED_HISTORICAL_OUTSIDE_SLICE"	"WHOLE_REPO_SWEEP"	""	"Historical failed run is outside the bounded P04/site-qualification slice and is inventoried without being used as current evidence."
"P04FR0420"	"server"	"tests/TagEkyc.IntegrationTests/TestResults/tip88c1-a3-recorder-commit-red.trx"	"45DDAFBCFAB8D58C915D31AED8485DF533BA2EFF461B8D5B659C82F9E0411563"	"1"	"0"	"1"	"0"	"TagEkyc.IntegrationTests.Tip88C1C6BA3R2TerminalProjectionTests.Recorder_CommitFailureNeverAcknowledgesPersistence"	"Assert.Throws() Failure: No exception was thrown Expected: typeof(Npgsql.PostgresException)"	"EXCLUDED_HISTORICAL_OUTSIDE_SLICE"	"WHOLE_REPO_SWEEP"	""	"Historical failed run is outside the bounded P04/site-qualification slice and is inventoried without being used as current evidence."
"P04FR0421"	"server"	"tests/TagEkyc.IntegrationTests/TestResults/tip88c1-a3-recorder-cp-restored-green.trx"	"8DABA5A63A8BC867A279B627A715E6BDA0F8A9BE32D4B09EADA713AB3BA686ED"	"30"	"29"	"1"	"0"	"TagEkyc.IntegrationTests.Tip88C1C6BA3R2TerminalProjectionTests.Continuation_OperationalTerminationMustAgreeWithDurableIntent(matching: False)"	"Assert.Equal() Failure: Strings differ ↓ (pos 23) Expected: ""RAW_EXPORT_SOURCE_CORE_WRITE_FORBIDDEN"" Actual: ""RAW_EXPORT_SOURCE_CORE_APPEND_ONLY"" ↑ (pos 23)"	"EXCLUDED_HISTORICAL_OUTSIDE_SLICE"	"WHOLE_REPO_SWEEP"	""	"Historical failed run is outside the bounded P04/site-qualification slice and is inventoried without being used as current evidence."
"P04FR0422"	"server"	"tests/TagEkyc.IntegrationTests/TestResults/tip88c1-a3-recorder-request-red.trx"	"3402ED0C6497E91D778308BE7F25A610C4E0BA92674753A54E8EB0C2284F34AE"	"1"	"0"	"1"	"0"	"TagEkyc.IntegrationTests.Tip88C1C6BA3R2TerminalProjectionTests.Recorder_IndependentCommitIgnoresDeadRequestAndRestoresActor"	"System.OperationCanceledException : The operation was canceled."	"EXCLUDED_HISTORICAL_OUTSIDE_SLICE"	"WHOLE_REPO_SWEEP"	""	"Historical failed run is outside the bounded P04/site-qualification slice and is inventoried without being used as current evidence."
"P04FR0423"	"server"	"tests/TagEkyc.IntegrationTests/TestResults/tip88c1-a3-scopes-ambient-red.trx"	"2467BF70ABD330D9A87854734EBC9774DDE6C06EF0ACE285027FC1409EA5FA52"	"13"	"12"	"1"	"0"	"TagEkyc.IntegrationTests.Tip88C1C6BA3BrokerQualificationTests.ApiCustodyRoleScopes_DoNotEnlistInCallerAmbientTransaction"	"System.InvalidOperationException : An ambient transaction has been detected. The ambient transaction needs to be completed before starting a new transaction on this connection."	"EXCLUDED_HISTORICAL_OUTSIDE_SLICE"	"WHOLE_REPO_SWEEP"	""	"Historical failed run is outside the bounded P04/site-qualification slice and is inventoried without being used as current evidence."
"P04FR0424"	"server"	"tests/TagEkyc.IntegrationTests/TestResults/tip88c1-a3-scopes-combined-credential-red.trx"	"4B8602A8DC73AA66A443C68226F490CE28E2B1E1337C4B163FCD51109A5DD548"	"13"	"12"	"1"	"0"	"TagEkyc.IntegrationTests.Tip88C1C6BA3BrokerQualificationTests.ApiCustodyRoleScopes_RejectMissingOrCombinedOwnersBeforeConnection(defect: ""combined-object-credential"")"	"Assert.Throws() Failure: No exception was thrown Expected: typeof(System.InvalidOperationException)"	"EXCLUDED_HISTORICAL_OUTSIDE_SLICE"	"WHOLE_REPO_SWEEP"	""	"Historical failed run is outside the bounded P04/site-qualification slice and is inventoried without being used as current evidence."
"P04FR0425"	"server"	"tests/TagEkyc.IntegrationTests/TestResults/tip88c1-a3-scopes-cross-role-red.trx"	"CC0B1D237FB0E225FCC2A2FE7C594FBBED75412538C36B9F89D73141402D6FE0"	"13"	"12"	"1"	"0"	"TagEkyc.IntegrationTests.Tip88C1C6BA3BrokerQualificationTests.RoleScopesDoNotCombineObjectCapabilities"	"Assert.Equal() Failure: Values differ Expected: False Actual: True"	"EXCLUDED_HISTORICAL_OUTSIDE_SLICE"	"WHOLE_REPO_SWEEP"	""	"Historical failed run is outside the bounded P04/site-qualification slice and is inventoried without being used as current evidence."
"P04FR0426"	"server"	"tests/TagEkyc.IntegrationTests/TestResults/tip88c1-a3-scopes-incoming-red.trx"	"D61ABB9021A478FC52E354753204E3C60A3A08F53938AE18D5ABAAAA108D1B1B"	"13"	"12"	"1"	"0"	"TagEkyc.IntegrationTests.Tip88C1C6BA3BrokerQualificationTests.ApiCustodyRoleScopes_RejectActualDatabaseRoleDrift(defect: ""incoming-login"")"	"Assert.Throws() Failure: No exception was thrown Expected: typeof(System.InvalidOperationException)"	"EXCLUDED_HISTORICAL_OUTSIDE_SLICE"	"WHOLE_REPO_SWEEP"	""	"Historical failed run is outside the bounded P04/site-qualification slice and is inventoried without being used as current evidence."
"P04FR0427"	"server"	"tests/TagEkyc.IntegrationTests/TestResults/tip88c1-a3-scopes-v4-acl-red.trx"	"E9B8ADC028EE390F941427170579312627A7BA3F0EE891E56E23DA7E2DC620FA"	"29"	"14"	"15"	"0"	"TagEkyc.IntegrationTests.Tip88C1C6BA3BrokerQualificationTests.ApiCustodyRoleScopes_RejectCrossRoleSqlPrivileges(role: 1, defect: ""broker""); TagEkyc.IntegrationTests.Tip88C1C6BA3BrokerQualificationTests.ApiCustodyRoleScopes_RejectCrossRoleSqlPrivileges(role: 0, defect: ""broker""); TagEkyc.IntegrationTests.Tip88C1C6BA3BrokerQualificationTests.ApiCustodyRoleScopes_RejectCrossRoleSqlPrivileges(role: 2, defect: ""column""); TagEkyc.IntegrationTests.Tip88C1C6BA3BrokerQualificationTests.ApiCustodyRoleScopes_RejectCrossRoleSqlPrivileges(role: 1, defect: ""public""); TagEkyc.IntegrationTests.Tip88C1C6BA3BrokerQualificationTests.ApiCustodyRoleScopes_RejectCrossRoleSqlPrivileges(role: 2, defect: ""missing""); TagEkyc.IntegrationTests.Tip88C1C6BA3BrokerQualificationTests.ApiCustodyRoleScopes_RejectCrossRoleSqlPrivileges(role: 0, defect: ""missing""); TagEkyc.IntegrationTests.Tip88C1C6BA3BrokerQualificationTests.ApiCustodyRoleScopes_RejectCrossRoleSqlPrivileges(role: 2, defect: ""broker""); TagEkyc.IntegrationTests.Tip88C1C6BA3BrokerQualificationTests.ApiCustodyRoleScopes_RejectCrossRoleSqlPrivileges(role: 2, defect: ""direct""); TagEkyc.IntegrationTests.Tip88C1C6BA3BrokerQualificationTests.ApiCustodyRoleScopes_RejectCrossRoleSqlPrivileges(role: 1, defect: ""direct""); TagEkyc.IntegrationTests.Tip88C1C6BA3BrokerQualificationTests.ApiCustodyRoleScopes_RejectCrossRoleSqlPrivileges(role: 2, defect: ""public""); TagEkyc.IntegrationTests.Tip88C1C6BA3BrokerQualificationTests.ApiCustodyRoleScopes_RejectCrossRoleSqlPrivileges(role: 0, defect: ""direct""); TagEkyc.IntegrationTests.Tip88C1C6BA3BrokerQualificationTests.ApiCustodyRoleScopes_RejectCrossRoleSqlPrivileges(role: 1, defect: ""column""); TagEkyc.IntegrationTests.Tip88C1C6BA3BrokerQualificationTests.ApiCustodyRoleScopes_RejectCrossRoleSqlPrivileges(role: 1, defect: ""missing""); TagEkyc.IntegrationTests.Tip88C1C6BA3BrokerQualificationTests.ApiCustodyRoleScopes_RejectCrossRoleSqlPrivileges(role: 0, defect: ""public""); TagEkyc.IntegrationTests.Tip88C1C6BA3BrokerQualificationTests.ApiCustodyRoleScopes_RejectCrossRoleSqlPrivileges(role: 0, defect: ""column"")"	"Assert.Throws() Failure: No exception was thrown Expected: typeof(System.InvalidOperationException)"	"EXCLUDED_HISTORICAL_OUTSIDE_SLICE"	"WHOLE_REPO_SWEEP"	""	"Historical failed run is outside the bounded P04/site-qualification slice and is inventoried without being used as current evidence."
"P04FR0428"	"server"	"tests/TagEkyc.IntegrationTests/TestResults/tip88c1-a3-scopes-v4-complete-green.trx"	"9FCCBCF5C867877FFDF1416DB44FAA744189593B2E6DBBC237F591E17132B2F9"	"29"	"27"	"2"	"0"	"TagEkyc.IntegrationTests.Tip88C1C6BA3BrokerQualificationTests.ApiCustodyRoleScopes_DoNotEnlistInCallerAmbientTransaction; TagEkyc.IntegrationTests.Tip88C1C6BA3BrokerQualificationTests.RoleScopesDoNotCombineObjectCapabilities"	"System.InvalidOperationException : An error was generated for warning 'Microsoft.EntityFrameworkCore.Infrastructure.ManyServiceProvidersCreatedWarning': More than twenty 'IServiceProvider' instances have been created for internal use by Entity Framework. This is commonly caused by injection of a new singleton service instance into every DbContext instance. For example, calling 'UseLoggerFactory' passing in a new instance each time--see https://go.microsoft.com/fwlink/?linkid=869049 for more details. This may lead to performance issues, consider reviewing calls on 'DbContextOptionsBuilder' that may require new service providers to be built. This exception can be suppressed or logged by passing event ID 'CoreEventId.ManyServiceProvidersCreatedWarning' to the 'ConfigureWarnings' method in 'DbContext.OnConfiguring' or 'AddDbContext'."	"EXCLUDED_HISTORICAL_OUTSIDE_SLICE"	"WHOLE_REPO_SWEEP"	""	"Historical failed run is outside the bounded P04/site-qualification slice and is inventoried without being used as current evidence."
"P04FR0429"	"server"	"tests/TagEkyc.IntegrationTests/TestResults/tip88c1-a3-scopes-v5-delegation-red.trx"	"1335BC57E42D5CF428EB26AA9380A6EADBFF44030184F0786F0B19B70CAAFD8A"	"35"	"32"	"3"	"0"	"TagEkyc.IntegrationTests.Tip88C1C6BA3BrokerQualificationTests.ApiCustodyRoleScopes_RejectCrossRoleSqlPrivileges(role: 2, defect: ""grant-option""); TagEkyc.IntegrationTests.Tip88C1C6BA3BrokerQualificationTests.ApiCustodyRoleScopes_RejectCrossRoleSqlPrivileges(role: 0, defect: ""grant-option""); TagEkyc.IntegrationTests.Tip88C1C6BA3BrokerQualificationTests.ApiCustodyRoleScopes_RejectCrossRoleSqlPrivileges(role: 1, defect: ""grant-option"")"	"Assert.Throws() Failure: No exception was thrown Expected: typeof(System.InvalidOperationException)"	"EXCLUDED_HISTORICAL_OUTSIDE_SLICE"	"WHOLE_REPO_SWEEP"	""	"Historical failed run is outside the bounded P04/site-qualification slice and is inventoried without being used as current evidence."
"P04FR0430"	"server"	"tests/TagEkyc.IntegrationTests/TestResults/tip88c1-a3-scopes-v5-green.trx"	"0B1C98241A695D14B071967FAA910BFFA1A20F88653E58C9147F0F3B783272D9"	"35"	"34"	"1"	"0"	"TagEkyc.IntegrationTests.Tip88C1C6BA3BrokerQualificationTests.ApiCustodyRoleScopes_RejectCrossRoleSqlPrivileges(role: 2, defect: ""column-read"")"	"Npgsql.PostgresException : 42703: column ""State"" of relation ""raw_export_attempt_key_reservations"" does not exist"	"EXCLUDED_HISTORICAL_OUTSIDE_SLICE"	"WHOLE_REPO_SWEEP"	""	"Historical failed run is outside the bounded P04/site-qualification slice and is inventoried without being used as current evidence."
"P04FR0431"	"server"	"tests/TagEkyc.IntegrationTests/TestResults/tip88c1-a3-scopes-v5-read-red.trx"	"C2FC8DA5D69E51F1727C172DB398E382606FB0B69E161514A19A1F11B2934FD6"	"35"	"32"	"3"	"0"	"TagEkyc.IntegrationTests.Tip88C1C6BA3BrokerQualificationTests.ApiCustodyRoleScopes_RejectCrossRoleSqlPrivileges(role: 2, defect: ""column-read""); TagEkyc.IntegrationTests.Tip88C1C6BA3BrokerQualificationTests.ApiCustodyRoleScopes_RejectCrossRoleSqlPrivileges(role: 0, defect: ""table-read""); TagEkyc.IntegrationTests.Tip88C1C6BA3BrokerQualificationTests.ApiCustodyRoleScopes_RejectCrossRoleSqlPrivileges(role: 1, defect: ""public-read"")"	"Assert.Throws() Failure: No exception was thrown Expected: typeof(System.InvalidOperationException)"	"EXCLUDED_HISTORICAL_OUTSIDE_SLICE"	"WHOLE_REPO_SWEEP"	""	"Historical failed run is outside the bounded P04/site-qualification slice and is inventoried without being used as current evidence."
"P04FR0432"	"server"	"tests/TagEkyc.IntegrationTests/TestResults/tip88c1-a3-ti-clock-red.trx"	"33E7013B9F1CE23E0E54A5E833B2F05E4664CE84C1B0C724B04FE5372464DC33"	"1"	"0"	"1"	"0"	"TagEkyc.IntegrationTests.Tip88C1C6BA3R2TerminalProjectionTests.Ti02_SessionWaitUsesPostLockTerminationClock"	"Npgsql.PostgresException : P0001: A3_R2_TERMINAL_FINAL_WRITE_FORBIDDEN"	"EXCLUDED_HISTORICAL_OUTSIDE_SLICE"	"WHOLE_REPO_SWEEP"	""	"Historical failed run is outside the bounded P04/site-qualification slice and is inventoried without being used as current evidence."
"P04FR0433"	"server"	"tests/TagEkyc.IntegrationTests/TestResults/tip88c1-a3-ti-fence-red.trx"	"9E60564330FD53EDD56273159C40292ADEDD6DBA9952A41D2F671BD1AD4C4260"	"3"	"0"	"3"	"0"	"TagEkyc.IntegrationTests.Tip88C1C6BA3R2TerminalProjectionTests.Ti01_ExactTupleAndCauseReplayPreservesOnlyIntent(code: ""CONTENT_COMMITMENT_MISMATCH""); TagEkyc.IntegrationTests.Tip88C1C6BA3R2TerminalProjectionTests.Ti01_ExactTupleAndCauseReplayPreservesOnlyIntent(code: ""RECAPTURE_REQUIRED""); TagEkyc.IntegrationTests.Tip88C1C6BA3R2TerminalProjectionTests.Ti01_ExactTupleAndCauseReplayPreservesOnlyIntent(code: ""RAW_EXPORT_SOURCE_ARTIFACT_SIZE_LIMIT_EXCEEDED"")"	"Assert.Equal() Failure: Strings differ ↓ (pos 0) Expected: ""StateConflict"" Actual: ""Recorded"" ↑ (pos 0)"	"EXCLUDED_HISTORICAL_OUTSIDE_SLICE"	"WHOLE_REPO_SWEEP"	""	"Historical failed run is outside the bounded P04/site-qualification slice and is inventoried without being used as current evidence."
"P04FR0434"	"server"	"tests/TagEkyc.IntegrationTests/TestResults/tip88c1-a3-ti-live-key-red.trx"	"90ED262ED1DDAE4031DDAE0AD35E55511F734E8DC7D759C8B51029B76D2FBCA6"	"1"	"0"	"1"	"0"	"TagEkyc.IntegrationTests.Tip88C1C6BA3R2TerminalProjectionTests.Ti02_ActiveKeyWaitsThenRevocationFinalizesExactReplay"	"Assert.Equal() Failure: Strings differ ↓ (pos 0) Expected: ""CleanupPending"" Actual: ""Finalized"" ↑ (pos 0)"	"EXCLUDED_HISTORICAL_OUTSIDE_SLICE"	"WHOLE_REPO_SWEEP"	""	"Historical failed run is outside the bounded P04/site-qualification slice and is inventoried without being used as current evidence."
"P04FR0435"	"server"	"tests/TagEkyc.IntegrationTests/TestResults/tip88c1-a3-worker-cursor-red.trx"	"A024546A189720533D91F7AE970BE305BD0C742D4123E2914A7B4BF1AC2D12FE"	"4"	"2"	"2"	"0"	"TagEkyc.IntegrationTests.Tip88C1C6BA3ContinuationWorkerTests.ProcessKill_RestartUsesDurablePublicationState(cut: 1); TagEkyc.IntegrationTests.Tip88C1C6BA3ContinuationWorkerTests.ProcessKill_RestartUsesDurablePublicationState(cut: 0)"	"Assert.Equal() Failure: Values differ Expected: 0 Actual: 91"	"EXCLUDED_HISTORICAL_OUTSIDE_SLICE"	"WHOLE_REPO_SWEEP"	""	"Historical failed run is outside the bounded P04/site-qualification slice and is inventoried without being used as current evidence."
"P04FR0436"	"server"	"tests/TagEkyc.IntegrationTests/TestResults/tip88c1-a3-worker-failure-shape-red.trx"	"F8BE5BDD5E7D636924452620588D21DFFC469E619B162E3B0D5278D2A8AAA038"	"4"	"0"	"4"	"0"	"TagEkyc.IntegrationTests.Tip88C1C6BA3ContinuationWorkerTests.PublicationFailurePayloadMustBeEmpty(stage: 4, outcome: ""SourceRetentionNotAuthorized""); TagEkyc.IntegrationTests.Tip88C1C6BA3ContinuationWorkerTests.PublicationFailurePayloadMustBeEmpty(stage: 5, outcome: ""StateConflict""); TagEkyc.IntegrationTests.Tip88C1C6BA3ContinuationWorkerTests.PublicationFailurePayloadMustBeEmpty(stage: 4, outcome: ""StateConflict""); TagEkyc.IntegrationTests.Tip88C1C6BA3ContinuationWorkerTests.PublicationFailurePayloadMustBeEmpty(stage: 5, outcome: ""SourceRetentionNotAuthorized"")"	"Assert.Throws() Failure: No exception was thrown Expected: typeof(System.InvalidOperationException)"	"EXCLUDED_HISTORICAL_OUTSIDE_SLICE"	"WHOLE_REPO_SWEEP"	""	"Historical failed run is outside the bounded P04/site-qualification slice and is inventoried without being used as current evidence."
"P04FR0437"	"server"	"tests/TagEkyc.IntegrationTests/TestResults/tip88c1-a3-worker-final-regression.trx"	"5EBBD9A45BEBB0E0598A8F7ADDA0FA3354EF050AD506790D3A19B5B42E094358"	"320"	"310"	"10"	"0"	"TagEkyc.IntegrationTests.Tip88C1C6BA3ContinuationWorkerTests.ProcessKill_RestartUsesDurablePublicationState(cut: 0); TagEkyc.IntegrationTests.Tip88C1C6BA3ContinuationWorkerTests.PublicationFailurePayloadMustBeEmpty(stage: 5, outcome: ""SourceRetentionNotAuthorized""); TagEkyc.IntegrationTests.Tip88C1C6BA3ContinuationWorkerTests.ProcessKill_RestartUsesDurablePublicationState(cut: 2); TagEkyc.IntegrationTests.Tip88C1C6BA3ContinuationWorkerTests.ProcessKill_RestartUsesDurablePublicationState(cut: 3); TagEkyc.IntegrationTests.Tip88C1C6BA3ContinuationWorkerTests.PublicationFailurePayloadMustBeEmpty(stage: 4, outcome: ""StateConflict""); TagEkyc.IntegrationTests.Tip88C1C6BA3ContinuationWorkerTests.StageAndCommitUseObservedCasTupleWithoutReencrypting; TagEkyc.IntegrationTests.Tip88C1C6BA3ContinuationWorkerTests.PublicationFailurePayloadMustBeEmpty(stage: 5, outcome: ""StateConflict""); TagEkyc.IntegrationTests.Tip88C1C6BA3ContinuationWorkerTests.WorkerRunsSequentiallyAndRefusesOverlappingLoop; TagEkyc.IntegrationTests.Tip88C1C6BA3ContinuationWorkerTests.PublicationFailurePayloadMustBeEmpty(stage: 4, outcome: ""SourceRetentionNotAuthorized""); TagEkyc.IntegrationTests.Tip88C1C6BA3ContinuationWorkerTests.ProcessKill_RestartUsesDurablePublicationState(cut: 1)"	"System.InvalidOperationException : Sequence contains more than one element."	"EXCLUDED_HISTORICAL_OUTSIDE_SLICE"	"WHOLE_REPO_SWEEP"	""	"Historical failed run is outside the bounded P04/site-qualification slice and is inventoried without being used as current evidence."
"P04FR0438"	"server"	"tests/TagEkyc.IntegrationTests/TestResults/tip88c1-a3-worker-stale-cas-red.trx"	"A1888E25E7A678297AF5A8247E7D2D03DBB771EBB1F182598F3097826C2A60F1"	"1"	"0"	"1"	"0"	"TagEkyc.IntegrationTests.Tip88C1C6BA3ContinuationWorkerTests.StageAndCommitUseObservedCasTupleWithoutReencrypting"	"Assert.Equal() Failure: Strings differ Expected: ""Committed"" Actual: null"	"EXCLUDED_HISTORICAL_OUTSIDE_SLICE"	"WHOLE_REPO_SWEEP"	""	"Historical failed run is outside the bounded P04/site-qualification slice and is inventoried without being used as current evidence."
"P04FR0439"	"server"	"tests/TagEkyc.IntegrationTests/TestResults/tip88c1-r4r6-full-integration.trx"	"C15B6655DEBFE062BD02795D833AD5FB111A6FB956F183B797C9BFB5DB4301FF"	"722"	"714"	"7"	"0"	"TagEkyc.IntegrationTests.Tip68SoftHsmE2ETests.Pkcs11_concurrent_signproof_smoke_test_opens_token_and_all_jws_verify; TagEkyc.IntegrationTests.Tip88C1B2DurableKeyFixtureProofTests.FixtureCapabilities_ReadinessAndCleanupContract_AreExact; TagEkyc.IntegrationTests.Tip68SoftHsmE2ETests.Pkcs11_signproof_against_softhsm_produces_reference_verifiable_neutral_proof; TagEkyc.IntegrationTests.Tip68SoftHsmE2ETests.Pkcs11_validate_token_fails_closed_when_public_key_does_not_match_private_key; TagEkyc.IntegrationTests.Tip68SoftHsmE2ETests.Pkcs11_and_localdev_share_byte_identical_protected_header_and_payload; TagEkyc.IntegrationTests.Tip88C1B2DurableKeyProdTests.DKPROD_42_Csprng_WrongOwnerOrAcl; TagEkyc.IntegrationTests.Tip68SoftHsmE2ETests.Pkcs11_validate_token_self_test_passes_against_softhsm"	"Net.Pkcs11Interop.Common.LibraryArchitectureException : Unable to load 32-bit unmanaged library into 64-bit runtime"	"EXCLUDED_HISTORICAL_OUTSIDE_SLICE"	"WHOLE_REPO_SWEEP"	""	"Historical failed run is outside the bounded P04/site-qualification slice and is inventoried without being used as current evidence."
"P04FR0440"	"server"	"tests/TagEkyc.UnitTests/TestResults/a3-p04/a3-p04-startup-a2.trx"	"BD0C3A23A5B4A341782709E3881AB2DD9B2761E7AAEA2D948368DBD94C3F5E96"	"3"	"0"	"3"	"0"	"TagEkyc.UnitTests.Tip88C1C6BA1StartupTests.ActivatedZeroOpenRequiresCurrentPassingSiteTransportQualification(mutation: ""missing""); TagEkyc.UnitTests.Tip88C1C6BA1StartupTests.ActivatedZeroOpenRequiresCurrentPassingSiteTransportQualification(mutation: ""stale""); TagEkyc.UnitTests.Tip88C1C6BA1StartupTests.ActivatedZeroOpenRequiresCurrentPassingSiteTransportQualification(mutation: ""failed"")"	"Assert.Throws() Failure: No exception was thrown Expected: typeof(System.InvalidOperationException)"	"EVIDENCE_RED"	"CURRENT_SLICE"	"a3-p04-startup-a5.trx"	"Removing only the site-qualification startup gate makes all missing stale and FAIL cases stop throwing."
"P04FR0441"	"server"	"tests/TagEkyc.UnitTests/TestResults/a3-r20-principal-before-fix.trx"	"DB5B3AC885C8FFD2EB27AEBBAB7C6EA6E8F78066C4109EE97A445B6639FDA3E5"	"11"	"9"	"2"	"0"	"TagEkyc.UnitTests.Tip88C1C6BA1ExecutionTests.Capability_MissingPrincipalRejectsBeforeSecretAndPersistence(action: ""Replace""); TagEkyc.UnitTests.Tip88C1C6BA1ExecutionTests.Capability_MissingPrincipalRejectsBeforeSecretAndPersistence(action: ""Issue"")"	"Assert.False() Failure Expected: False Actual: True"	"EXCLUDED_HISTORICAL_OUTSIDE_SLICE"	"WHOLE_REPO_SWEEP"	""	"Historical failed run is outside the bounded P04/site-qualification slice and is inventoried without being used as current evidence."
"P04FR0442"	"server"	"tests/TagEkyc.UnitTests/TestResults/a3-scope-topology-guard-mutant-unit.trx"	"D760173D7411FFB05A697568EF3162C7CADF37AF2ED9AC567C574DABE3997311"	"17"	"14"	"3"	"0"	"TagEkyc.UnitTests.Tip88C1C6BA1StartupTests.ActivatedExcludedAssemblyTopologyFailsBeforePepperOrRoutes(topology: ""DurableWorker""); TagEkyc.UnitTests.Tip88C1C6BA1StartupTests.ActivatedExcludedAssemblyTopologyFailsBeforePepperOrRoutes(topology: ""Invalid""); TagEkyc.UnitTests.Tip88C1C6BA1StartupTests.ActivatedExcludedAssemblyTopologyFailsBeforePepperOrRoutes(topology: ""FixtureProof"")"	"Assert.Throws() Failure: No exception was thrown Expected: typeof(System.InvalidOperationException)"	"EVIDENCE_RED"	"a3_activation_scope_topology_failed_run_census_v1.tsv"	""	"Historical failed run retained with its prior canonical failed-run classification; it is not used by the current package."
"P04FR0443"	"server"	"tests/TagEkyc.UnitTests/TestResults/a3-unit-intermediate.trx"	"6F3ADCA45773837439A984FBCA0D8624C1F869F4D2A252667AAB1ABDC1264D98"	"324"	"323"	"1"	"0"	"TagEkyc.UnitTests.Tip88C1C6BRawIngressTransportTests.Prepared_real_registration_validates_without_broker_pipeline_or_database"	"System.AggregateException : Some services are not able to be constructed (Error while validating the service descriptor 'ServiceType: TagEkyc.Application.CaptureRuntime.IRawSourceRetentionProfileProvider Lifetime: Singleton ImplementationType: TagEkyc.Infrastructure.RawExport.RawSourceRetentionProfileValidator': Unable to resolve service for type 'Microsoft.Extensions.Configuration.IConfiguration' while attempting to activate 'TagEkyc.Infrastructure.RawExport.RawSourceRetentionProfileValidator'.) (Error while validating the service descriptor 'ServiceType: TagEkyc.Application.Ports.IRawSourceRetentionGateway Lifetime: Scoped ImplementationType: TagEkyc.Infrastructure.Persistence.RawSourceRetentionGateway': Unable to resolve service for type 'TagEkyc.Infrastructure.CaptureRuntime.ICaptureRuntimeDbContextFactory' while attempting to activate 'TagEkyc.Infrastructure.Persistence.RawSourceRetentionGateway'.) (Error while validating the service descriptor 'ServiceType: TagEkyc.Application.Ports.IRawSourceConsentService Lifetime: Scoped ImplementationType: TagEkyc.Application.CaptureRuntime.RawSourceConsentApplicationService': Unable to resolve service for type 'TagEkyc.Infrastructure.CaptureRuntime.ICaptureRuntimeDbContextFactory' while attempting to activate 'TagEkyc.Infrastructure.Persistence.RawSourceRetentionGateway'.) ---- System.InvalidOperationException : Error while validating the service descriptor 'ServiceType: TagEkyc.Application.CaptureRuntime.IRawSourceRetentionProfileProvider Lifetime: Singleton ImplementationType: TagEkyc.Infrastructure.RawExport.RawSourceRetentionProfileValidator': Unable to resolve service for type 'Microsoft.Extensions.Configuration.IConfiguration' while attempting to activate 'TagEkyc.Infrastructure.RawExport.RawSourceRetentionProfileValidator'. -------- System.InvalidOperationException : Unable to resolve service for type 'Microsoft.Extensions.Configuration.IConfiguration' while attempting to activate 'TagEkyc.Infrastructure.RawExport.RawSourceRetentionProfileValidator'. ---- System.InvalidOperationException : Error while validating the service descriptor 'ServiceType: TagEkyc.Application.Ports.IRawSourceRetentionGateway Lifetime: Scoped ImplementationType: TagEkyc.Infrastructure.Persistence.RawSourceRetentionGateway': Unable to resolve service for type 'TagEkyc.Infrastructure.CaptureRuntime.ICaptureRuntimeDbContextFactory' while attempting to activate 'TagEkyc.Infrastructure.Persistence.RawSourceRetentionGateway'. -------- System.InvalidOperationException : Unable to resolve service for type 'TagEkyc.Infrastructure.CaptureRuntime.ICaptureRuntimeDbContextFactory' while attempting to activate 'TagEkyc.Infrastructure.Persistence.RawSourceRetentionGateway'. ---- System.InvalidOperationException : Error while validating the service descriptor 'ServiceType: TagEkyc.Application.Ports.IRawSourceConsentService Lifetime: Scoped ImplementationType: TagEkyc.Application.CaptureRuntime.RawSourceConsentApplicationService': Unable to resolve service for type 'TagEkyc.Infrastructure.CaptureRuntime.ICaptureRuntimeDbContextFactory' while attempting to activate 'TagEkyc.Infrastructure.Persistence.RawSourceRetentionGateway'. -------- System.InvalidOperationException : Unable to resolve service for type 'TagEkyc.Infrastructure.CaptureRuntime.ICaptureRuntimeDbContextFactory' while attempting to activate 'TagEkyc.Infrastructure.Persistence.RawSourceRetentionGateway'."	"EXCLUDED_HISTORICAL_OUTSIDE_SLICE"	"WHOLE_REPO_SWEEP"	""	"Historical failed run is outside the bounded P04/site-qualification slice and is inventoried without being used as current evidence."
"P04FR0444"	"agent"	"TestResults/a2-actual-callers/3AVNN_LEARNPC_2026-09-13_02_48_14.trx"	"31542005CB24263A389549ABC369C09C5999F18A8E87A33FCB2CBC6EEAA13C35"	"2"	"0"	"2"	"0"	"TagEkyc.CaptureAgent.Tests.Tip88C1C6BA2CompositionTests.ActualHostAndWpfComposition_AcceptedRestartAndFirstAppendLossDoNotReacquire(wpf: True); TagEkyc.CaptureAgent.Tests.Tip88C1C6BA2CompositionTests.ActualHostAndWpfComposition_AcceptedRestartAndFirstAppendLossDoNotReacquire(wpf: False)"	"Assert.Equal() Failure: Strings differ ↓ (pos 0) Expected: ""RECOVERY_REQUIRED"" Actual: ""NOT_READY"" ↑ (pos 0)"	"EXCLUDED_HISTORICAL_OUTSIDE_SLICE"	"WHOLE_REPO_SWEEP"	""	"Historical failed run is outside the bounded P04/site-qualification slice and is inventoried without being used as current evidence."
"P04FR0445"	"agent"	"TestResults/a2-caller-token-red/3AVNN_LEARNPC_2026-09-13_10_30_20.trx"	"8FA715F671DA19D2F30A0873AEAC4EF8519C58891E49EDDCA2698A295795B188"	"6"	"4"	"2"	"0"	"TagEkyc.CaptureAgent.Tests.Tip88C1C6BA2HandoffTests.CancellationBeforeAcceptance_DrainsOwnersBeforeCloseCompletes(cancellation: ""caller"", committedBinding: False); TagEkyc.CaptureAgent.Tests.Tip88C1C6BA2HandoffTests.CancellationBeforeAcceptance_DrainsOwnersBeforeCloseCompletes(cancellation: ""caller"", committedBinding: True)"	"Assert.ThrowsAny() Failure: Exception type was not compatible Expected: typeof(System.OperationCanceledException) Actual: typeof(TagEkyc.CaptureAgent.Client.CaptureRuntimeHttpException) ---- TagEkyc.CaptureAgent.Client.CaptureRuntimeHttpException : Capture Runtime request denied."	"EXCLUDED_HISTORICAL_OUTSIDE_SLICE"	"WHOLE_REPO_SWEEP"	""	"Historical failed run is outside the bounded P04/site-qualification slice and is inventoried without being used as current evidence."
"P04FR0446"	"agent"	"TestResults/a2-cancel-premature-red/3AVNN_LEARNPC_2026-09-13_10_25_33.trx"	"0D1C96FFD4127FCE2D5598836F955236473250AF6E82BD49427022BB21FF0160"	"6"	"0"	"6"	"0"	"TagEkyc.CaptureAgent.Tests.Tip88C1C6BA2HandoffTests.CancellationBeforeAcceptance_DrainsOwnersBeforeCloseCompletes(cancellation: ""caller"", committedBinding: False); TagEkyc.CaptureAgent.Tests.Tip88C1C6BA2HandoffTests.CancellationBeforeAcceptance_DrainsOwnersBeforeCloseCompletes(cancellation: ""caller"", committedBinding: True); TagEkyc.CaptureAgent.Tests.Tip88C1C6BA2HandoffTests.CancellationBeforeAcceptance_DrainsOwnersBeforeCloseCompletes(cancellation: ""dispose"", committedBinding: True); TagEkyc.CaptureAgent.Tests.Tip88C1C6BA2HandoffTests.CancellationBeforeAcceptance_DrainsOwnersBeforeCloseCompletes(cancellation: ""dispose"", committedBinding: False); TagEkyc.CaptureAgent.Tests.Tip88C1C6BA2HandoffTests.CancellationBeforeAcceptance_DrainsOwnersBeforeCloseCompletes(cancellation: ""close"", committedBinding: True); TagEkyc.CaptureAgent.Tests.Tip88C1C6BA2HandoffTests.CancellationBeforeAcceptance_DrainsOwnersBeforeCloseCompletes(cancellation: ""close"", committedBinding: False)"	"Assert.Equal() Failure: Values differ Expected: CaptureRuntimeBindPending { SignFlowLocalSessionRef = synthetic-local, VerificationSessionId = edc00d8a-2f36-49e9-9490-0386f3ae9267, CaptureCapabilityId = f21966d2-859b-4189-8621-8fcac1ff3d64, BindOperationId = 6ceeb5f7-72a8-46cc-a7bc-5445accd5922, EnvelopeExpiresAtUtc = 13/09/2026 3:28:32 SA +00:00, SlotDeadlineUtc = 13/09/2026 3:27:32 SA +00:00, Disposition = Pending, HandoffAccepted = False, DelegationAttempted = False, BindingId = , ExecutionExpiresAtUtc = , RuntimeRevision = , InstallationRevision = , CredentialRevision = , CapabilityRevision = } Actual: CaptureRuntimeBindPending { SignFlowLocalSessionRef = synthetic-local, VerificationSessionId = edc00d8a-2f36-49e9-9490-0386f3ae9267, CaptureCapabilityId = f21966d2-859b-4189-8621-8fcac1ff3d64, BindOperationId = 6ceeb5f7-72a8-46cc-a7bc-5445accd5922, EnvelopeExpiresAtUtc = 13/09/2026 3:28:32 SA +00:00, SlotDeadlineUtc = 13/09/2026 3:27:32 SA +00:00, Disposition = Terminal, HandoffAccepted = False, DelegationAttempted = False, BindingId = , ExecutionExpiresAtUtc = , RuntimeRevision = , InstallationRevision = , CredentialRevision = , CapabilityRevision = }"	"EXCLUDED_HISTORICAL_OUTSIDE_SLICE"	"WHOLE_REPO_SWEEP"	""	"Historical failed run is outside the bounded P04/site-qualification slice and is inventoried without being used as current evidence."
"P04FR0447"	"agent"	"TestResults/a2-ceremonies/3AVNN_LEARNPC_2026-09-13_01_51_25.trx"	"C809E9B1B570D3A21513F20DF7B8635629A45202BD095297E41FFBF9E95151E7"	"9"	"7"	"2"	"0"	"TagEkyc.CaptureAgent.Tests.Tip88C1C6BA2CeremonyTests.Rotation_ReserveBeforeCreate_AndDeleteOnlyAfterConfirmedLineage; TagEkyc.CaptureAgent.Tests.Tip88C1C6BA2CeremonyTests.Enroll_LostResponse_ReplaysExactBodyAndKeepsCandidate"	"Assert.Equal() Failure: Values differ Expected: CaptureRuntimeJournalState { SchemaVersion = 1, ServerOrigin = https://synthetic.invalid:443, AccountSid = S-1-5-21-3490387844-427718151-3204857515-1001, Revision = 8, State = RotationPending, CandidateKeyId = 01b40a04-3878-4c6f-b73f-bf77198d36f4, CaptureAgentId = 07392273-ac7a-4a00-9b7c-c8656862ed1a, DeviceInstallationId = e2223fdc-01fd-460c-93a6-e785ea9a59a9, CredentialId = 2f9fc398-c337-4423-ac78-e74d5dd64364, Generation = 1, PublicVerifierSpki = MFkwEwYHKoZIzj0CAQYIKoZIzj0DAQcDQgAEw03aYN5dJZMPc0Ywhff4c_oP7gia4eWgCXTyud2CgauEXxDeSCsCpmIAKB5-rr_imRjqZRJ7NI0MR0b6J1G2Ww, PublicKeyThumbprint = 76f1c3a43312547b3ce2dd531fe4e57f33c5755fb7e8d05f5b2aaf6041284819, PendingEnrollment = , PendingRotation = CaptureRuntimeRotationPending { RotationId = ff0e5309-585d-481a-ad16-a2644bd3fdcb, OperationId = 4b728a7b-c5eb-4e5e-8f6d-91f546072938, PredecessorGeneration = 1, SuccessorCandidateKeyId = b1acb4f3-d2c7-4e54-89ce-dc09fd997c2a, SuccessorSpki = MFkwEwYHKoZIzj0CAQYIKoZIzj0DAQcDQgAE1iUMK1HZD2RLhF1jCqM3sFUVwK7ckI6KdEteJMEr7DkYOjsl7q4as0V9rnAlGSm1x25KEOpRnVubjvc0WENzrA, SuccessorThumbprint = 44cfe9dc6475a579b3c038407fa2b747c4399b710efd9b577677f5dada616660, ExactProof = AAAAAAAAAAAAAAAAAAAAAAAAAAAAAAAAAAAAAAAAAAAAAAAAAAAAAAAAAAAAAAAAAAAAAAAAAAAAAAAAAAAAAA, ExpiresAtUtc = 12/09/2026 6:56:26 CH +00:00, AttemptedBranch = Predecessor }, PendingBind = , SubmissionOperations = TagEkyc.CaptureAgent.Core.CaptureRuntimeSubmissionOperation[], CleanupCandidateKeyIds = System.Guid[] } Actual: CaptureRuntimeJournalState { SchemaVersion = 1, ServerOrigin = https://synthetic.invalid:443, AccountSid = S-1-5-21-3490387844-427718151-3204857515-1001, Revision = 8, State = RotationPending, CandidateKeyId = 01b40a04-3878-4c6f-b73f-bf77198d36f4, CaptureAgentId = 07392273-ac7a-4a00-9b7c-c8656862ed1a, DeviceInstallationId = e2223fdc-01fd-460c-93a6-e785ea9a59a9, CredentialId = 2f9fc398-c337-4423-ac78-e74d5dd64364, Generation = 1, PublicVerifierSpki = MFkwEwYHKoZIzj0CAQYIKoZIzj0DAQcDQgAEw03aYN5dJZMPc0Ywhff4c_oP7gia4eWgCXTyud2CgauEXxDeSCsCpmIAKB5-rr_imRjqZRJ7NI0MR0b6J1G2Ww, PublicKeyThumbprint = 76f1c3a43312547b3ce2dd531fe4e57f33c5755fb7e8d05f5b2aaf6041284819, PendingEnrollment = , PendingRotation = CaptureRuntimeRotationPending { RotationId = ff0e5309-585d-481a-ad16-a2644bd3fdcb, OperationId = 4b728a7b-c5eb-4e5e-8f6d-91f546072938, PredecessorGeneration = 1, SuccessorCandidateKeyId = b1acb4f3-d2c7-4e54-89ce-dc09fd997c2a, SuccessorSpki = MFkwEwYHKoZIzj0CAQYIKoZIzj0DAQcDQgAE1iUMK1HZD2RLhF1jCqM3sFUVwK7ckI6KdEteJMEr7DkYOjsl7q4as0V9rnAlGSm1x25KEOpRnVubjvc0WENzrA, SuccessorThumbprint = 44cfe9dc6475a579b3c038407fa2b747c4399b710efd9b577677f5dada616660, ExactProof = AAAAAAAAAAAAAAAAAAAAAAAAAAAAAAAAAAAAAAAAAAAAAAAAAAAAAAAAAAAAAAAAAAAAAAAAAAAAAAAAAAAAAA, ExpiresAtUtc = 12/09/2026 6:56:26 CH +00:00, AttemptedBranch = Predecessor }, PendingBind = , SubmissionOperations = TagEkyc.CaptureAgent.Core.CaptureRuntimeSubmissionOperation[], CleanupCandidateKeyIds = System.Guid[] }"	"EXCLUDED_HISTORICAL_OUTSIDE_SLICE"	"WHOLE_REPO_SWEEP"	""	"Historical failed run is outside the bounded P04/site-qualification slice and is inventoried without being used as current evidence."
"P04FR0448"	"agent"	"TestResults/a2-composition/3AVNN_LEARNPC_2026-09-13_02_11_06.trx"	"6FF82091F3A29E11E2FE69FEE49EA5255C36D51006C3B1D5B53CB45F5DC9701B"	"10"	"9"	"1"	"0"	"TagEkyc.CaptureAgent.Tests.Tip88C1C6BA2CompositionTests.CoordinatorStop_DrainsDelegationBeforeReturning"	"Assert.True() Failure Expected: True Actual: False"	"EXCLUDED_HISTORICAL_OUTSIDE_SLICE"	"WHOLE_REPO_SWEEP"	""	"Historical failed run is outside the bounded P04/site-qualification slice and is inventoried without being used as current evidence."
"P04FR0449"	"agent"	"TestResults/a2-correction-receipt-red/3AVNN_LEARNPC_2026-09-13_10_26_26.trx"	"BE93B3B65E2E8489D409F0099864F4637DCCD723D498630C524DAD4D824E6F7D"	"1"	"0"	"1"	"0"	"TagEkyc.CaptureAgent.Tests.Tip88C1C6BA2HandoffTests.ReceiptFirstByte_WaitsForDurableAcceptanceAndZeroization"	"Assert.ThrowsAny() Failure: No exception was thrown Expected: typeof(System.OperationCanceledException)"	"EXCLUDED_HISTORICAL_OUTSIDE_SLICE"	"WHOLE_REPO_SWEEP"	""	"Historical failed run is outside the bounded P04/site-qualification slice and is inventoried without being used as current evidence."
"P04FR0450"	"agent"	"TestResults/a2-full-wiring/3AVNN_LEARNPC_2026-09-13_02_03_28.trx"	"07630AB201EC2486A51303F4B32A7EE8E84C26AB306F9AA653BD470EB80E2118"	"211"	"209"	"1"	"0"	"TagEkyc.CaptureAgent.Tests.Tip75WpfCaptureAppTests.Composition_rejects_unvalidated_liveness_env_before_engine_construction"	"Assert.Equal() Failure: Strings differ ↓ (pos 0) Expected: ""PROD_SILENT_FACE_CONFIG_UNVALIDATED"" Actual: ""CLIENT_CREDENTIAL_FORBIDDEN"" ↑ (pos 0)"	"EXCLUDED_HISTORICAL_OUTSIDE_SLICE"	"WHOLE_REPO_SWEEP"	""	"Historical failed run is outside the bounded P04/site-qualification slice and is inventoried without being used as current evidence."
"P04FR0451"	"agent"	"TestResults/a2-host-process/3AVNN_LEARNPC_2026-09-13_02_30_30.trx"	"9D5087F1B46D4C02FA03474F85C107BB04CC3FE18EB1F610B37AD0659A9D2E07"	"2"	"1"	"1"	"0"	"TagEkyc.CaptureAgent.Tests.Tip88C1C6BA2CeremonyTests.ActualHost_ClosedPipeAndReadDeadline_NoSecretOrNativeCapture(holdInputOpen: True)"	"System.TimeoutException : The operation has timed out."	"EXCLUDED_HISTORICAL_OUTSIDE_SLICE"	"WHOLE_REPO_SWEEP"	""	"Historical failed run is outside the bounded P04/site-qualification slice and is inventoried without being used as current evidence."
"P04FR0452"	"agent"	"TestResults/a2-http-config/3AVNN_LEARNPC_2026-09-13_01_19_08.trx"	"04118DA9291674BCC9C39125832CFE5EBDE31B107FB835A348BF462F34ED9BBE"	"22"	"21"	"1"	"0"	"TagEkyc.CaptureAgent.Tests.Tip88C1C6BA2WireTests.Transport_DenialStatusCorrelationAndDeadline_AreDiscriminating"	"Assert.All() Failure: 183 out of 183 items in the collection did not pass. [0]: Item: 123 Error: Assert.Equal() Failure: Values differ Expected: 0 Actual: 123 [1]: Item: 34 Error: Assert.Equal() Failure: Values differ Expected: 0 Actual: 34 [2]: Item: 67 Error: Assert.Equal() Failure: Values differ Expected: 0 Actual: 67 [3]: Item: 97 Error: Assert.Equal() Failure: Values differ Expected: 0 Actual: 97 [4]: Item: 112 Error: Assert.Equal() Failure: Values differ Expected: 0 Actual: 112 [5]: Item: 116 Error: Assert.Equal() Failure: Values differ Expected: 0 Actual: 116 [6]: Item: 117 Error: Assert.Equal() Failure: Values differ Expected: 0 Actual: 117 [7]: Item: 114 Error: Assert.Equal() Failure: Values differ Expected: 0 Actual: 114 [8]: Item: 101 Error: Assert.Equal() Failure: Values differ Expected: 0 Actual: 101 [9]: Item: 67 Error: Assert.Equal() Failure: Values differ Expected: 0 Actual: 67 [10]: Item: 97 Error: Assert.Equal() Failure: Values differ Expected: 0 Actual: 97 [11]: Item: 112 Error: Assert.Equal() Failure: Values differ Expected: 0 Actual: 112 [12]: Item: 97 Error: Assert.Equal() Failure: Values differ Expected: 0 Actual: 97 [13]: Item: 98 Error: Assert.Equal() Failure: Values differ Expected: 0 Actual: 98 [14]: Item: 105 Error: Assert.Equal() Failure: Values differ Expected: 0 Actual: 105 [15]: Item: 108 Error: Assert.Equal() Failure: Values differ Expected: 0 Actual: 108 [16]: Item: 105 Error: Assert.Equal() Failure: Values differ Expected: 0 Actual: 105 [17]: Item: 116 Error: Assert.Equal() Failure: Values differ Expected: 0 Actual: 116 [18]: Item: 121 Error: Assert.Equal() Failure: Values differ Expected: 0 Actual: 121 [19]: Item: 73 Error: Assert.Equal() Failure: Values differ Expected: 0 Actual: 73 [20]: Item: 100 Error: Assert.Equal() Failure: Values differ Expected: 0 Actual: 100 [21]: Item: 34 Error: Assert.Equal() Failure: Values differ Expected: 0 Actual: 34 [22]: Item: 58 Error: Assert.Equal() Failure: Values differ Expected: 0 Actual: 58 [23]: Item: 34 Error: Assert.Equal() Failure: Values differ Expected: 0 Actual: 34 [24]: Item: 100 Error: Assert.Equal() Failure: Values differ Expected: 0 Actual: 100 [25]: Item: 52 Error: Assert.Equal() Failure: Values differ Expected: 0 Actual: 52 [26]: Item: 98 Error: Assert.Equal() Failure: Values differ Expected: 0 Actual: 98 [27]: Item: 50 Error: Assert.Equal() Failure: Values differ Expected: 0 Actual: 50 [28]: Item: 100 Error: Assert.Equal() Failure: Values differ Expected: 0 Actual: 100 [29]: Item: 56 Error: Assert.Equal() Failure: Values differ Expected: 0 Actual: 56 [30]: Item: 55 Error: Assert.Equal() Failure: Values differ Expected: 0 Actual: 55 [31]: Item: 99 Error: Assert.Equal() Failure: Values differ Expected: 0 Actual: 99 [32]: Item: 50 Error: Assert.Equal() Failure: Values differ Expected: 0 Actual: 50 [33]: Item: 50 Error: Assert.Equal() Failure: Values differ Expected: 0 Actual: 50 [34]: Item: 48 Error: Assert.Equal() Failure: Values differ Expected: 0 Actual: 48 [35]: Item: 57 Error: Assert.Equal() Failure: Values differ Expected: 0 Actual: 57 [36]: Item: 52 Error: Assert.Equal() Failure: Values differ Expected: 0 Actual: 52 [37]: Item: 56 Error: Assert.Equal() Failure: Values differ Expected: 0 Actual: 56 [38]: Item: 49 Error: Assert.Equal() Failure: Values differ Expected: 0 Actual: 49 [39]: Item: 57 Error: Assert.Equal() Failure: Values differ Expected: 0 Actual: 57 [40]: Item: 98 Error: Assert.Equal() Failure: Values differ Expected: 0 Actual: 98 [41]: Item: 57 Error: Assert.Equal() Failure: Values differ Expected: 0 Actual: 57 [42]: Item: 98 Error: Assert.Equal() Failure: Values differ Expected: 0 Actual: 98 [43]: Item: 98 Error: Assert.Equal() Failure: Values differ Expected: 0 Actual: 98 [44]: Item: 100 Error: Assert.Equal() Failure: Values differ Expected: 0 Actual: 100 [45]: Item: 52 Error: Assert.Equal() Failure: Values differ Expected: 0 Actual: 52 [46]: Item: 51 Error: Assert.Equal() Failure: Values differ Expected: 0 Actual: 51 [47]: Item: 56 Error: Assert.Equal() Failure: Values differ Expected: 0 Actual: 56 [48]: Item: 101 Error: Assert.Equal() Failure: Values differ Expected: 0 Actual: 101 [49]: Item: 55 Error: Assert.Equal() Failure: Values differ Expected: 0 Actual: 55 [50]: Item: 100 Error: Assert.Equal() Failure: Values differ Expected: 0 Actual: 100 [51]: Item: 102 Error: Assert.Equal() Failure: Values differ Expected: 0 Actual: 102 [52]: Item: 100 Error: Assert.Equal() Failure: Values differ Expected: 0 Actual: 100 [53]: Item: 100 Error: Assert.Equal() Failure: Values differ Expected: 0 Actual: 100 [54]: Item: 54 Error: Assert.Equal() Failure: Values differ Expected: 0 Actual: 54 [55]: Item: 50 Error: Assert.Equal() Failure: Values differ Expected: 0 Actual: 50 [56]: Item: 34 Error: Assert.Equal() Failure: Values differ Expected: 0 Actual: 34 [57]: Item: 44 Error: Assert.Equal() Failure: Values differ Expected: 0 Actual: 44 [58]: Item: 34 Error: Assert.Equal() Failure: Values differ Expected: 0 Actual: 34 [59]: Item: 67 Error: Assert.Equal() Failure: Values differ Expected: 0 Actual: 67 [60]: Item: 97 Error: Assert.Equal() Failure: Values differ Expected: 0 Actual: 97 [61]: Item: 112 Error: Assert.Equal() Failure: Values differ Expected: 0 Actual: 112 [62]: Item: 116 Error: Assert.Equal() Failure: Values differ Expected: 0 Actual: 116 [63]: Item: 117 Error: Assert.Equal() Failure: Values differ Expected: 0 Actual: 117 [64]: Item: 114 Error: Assert.Equal() Failure: Values differ Expected: 0 Actual: 114 [65]: Item: 101 Error: Assert.Equal() Failure: Values differ Expected: 0 Actual: 101 [66]: Item: 67 Error: Assert.Equal() Failure: Values differ Expected: 0 Actual: 67 [67]: Item: 97 Error: Assert.Equal() Failure: Values differ Expected: 0 Actual: 97 [68]: Item: 112 Error: Assert.Equal() Failure: Values differ Expected: 0 Actual: 112 [69]: Item: 97 Error: Assert.Equal() Failure: Values differ Expected: 0 Actual: 97 [70]: Item: 98 Error: Assert.Equal() Failure: Values differ Expected: 0 Actual: 98 [71]: Item: 105 Error: Assert.Equal() Failure: Values differ Expected: 0 Actual: 105 [72]: Item: 108 Error: Assert.Equal() Failure: Values differ Expected: 0 Actual: 108 [73]: Item: 105 Error: Assert.Equal() Failure: Values differ Expected: 0 Actual: 105 [74]: Item: 116 Error: Assert.Equal() Failure: Values differ Expected: 0 Actual: 116 [75]: Item: 121 Error: Assert.Equal() Failure: Values differ Expected: 0 Actual: 121 [76]: Item: 83 Error: Assert.Equal() Failure: Values differ Expected: 0 Actual: 83 [77]: Item: 101 Error: Assert.Equal() Failure: Values differ Expected: 0 Actual: 101 [78]: Item: 99 Error: Assert.Equal() Failure: Values differ Expected: 0 Actual: 99 [79]: Item: 114 Error: Assert.Equal() Failure: Values differ Expected: 0 Actual: 114 [80]: Item: 101 Error: Assert.Equal() Failure: Values differ Expected: 0 Actual: 101 [81]: Item: 116 Error: Assert.Equal() Failure: Values differ Expected: 0 Actual: 116 [82]: Item: 34 Error: Assert.Equal() Failure: Values differ Expected: 0 Actual: 34 [83]: Item: 58 Error: Assert.Equal() Failure: Values differ Expected: 0 Actual: 58 [84]: Item: 34 Error: Assert.Equal() Failure: Values differ Expected: 0 Actual: 34 [85]: Item: 117 Error: Assert.Equal() Failure: Values differ Expected: 0 Actual: 117 [86]: Item: 100 Error: Assert.Equal() Failure: Values differ Expected: 0 Actual: 100 [87]: Item: 72 Error: Assert.Equal() Failure: Values differ Expected: 0 Actual: 72 [88]: Item: 117 Error: Assert.Equal() Failure: Values differ Expected: 0 Actual: 117 [89]: Item: 98 Error: Assert.Equal() Failure: Values differ Expected: 0 Actual: 98 [90]: Item: 115 Error: Assert.Equal() Failure: Values differ Expected: 0 Actual: 115 [91]: Item: 117 Error: Assert.Equal() Failure: Values differ Expected: 0 Actual: 117 [92]: Item: 84 Error: Assert.Equal() Failure: Values differ Expected: 0 Actual: 84 [93]: Item: 109 Error: Assert.Equal() Failure: Values differ Expected: 0 Actual: 109 [94]: Item: 49 Error: Assert.Equal() Failure: Values differ Expected: 0 Actual: 49 [95]: Item: 86 Error: Assert.Equal() Failure: Values differ Expected: 0 Actual: 86 [96]: Item: 98 Error: Assert.Equal() Failure: Values differ Expected: 0 Actual: 98 [97]: Item: 80 Error: Assert.Equal() Failure: Values differ Expected: 0 Actual: 80 [98]: Item: 55 Error: Assert.Equal() Failure: Values differ Expected: 0 Actual: 55 [99]: Item: 115 Error: Assert.Equal() Failure: Values differ Expected: 0 Actual: 115 [100]: Item: 70 Error: Assert.Equal() Failure: Values differ Expected: 0 Actual: 70 [101]: Item: 77 Error: Assert.Equal() Failure: Values differ Expected: 0 Actual: 77 [102]: Item: 72 Error: Assert.Equal() Failure: Values differ Expected: 0 Actual: 72 [103]: Item: 45 Error: Assert.Equal() Failure: Values differ Expected: 0 Actual: 45 [104]: Item: 98 Error: Assert.Equal() Failure: Values differ Expected: 0 Actual: 98 [105]: Item: 118 Error: Assert.Equal() Failure: Values differ Expected: 0 Actual: 118 [106]: Item: 48 Error: Assert.Equal() Failure: Values differ Expected: 0 Actual: 48 [107]: Item: 74 Error: Assert.Equal() Failure: Values differ Expected: 0 Actual: 74 [108]: Item: 50 Error: Assert.Equal() Failure: Values differ Expected: 0 Actual: 50 [109]: Item: 100 Error: Assert.Equal() Failure: Values differ Expected: 0 Actual: 100 [110]: Item: 122 Error: Assert.Equal() Failure: Values differ Expected: 0 Actual: 122 [111]: Item: 74 Error: Assert.Equal() Failure: Values differ Expected: 0 Actual: 74 [112]: Item: 65 Error: Assert.Equal() Failure: Values differ Expected: 0 Actual: 65 [113]: Item: 106 Error: Assert.Equal() Failure: Values differ Expected: 0 Actual: 106 [114]: Item: 70 Error: Assert.Equal() Failure: Values differ Expected: 0 Actual: 70 [115]: Item: 98 Error: Assert.Equal() Failure: Values differ Expected: 0 Actual: 98 [116]: Item: 102 Error: Assert.Equal() Failure: Values differ Expected: 0 Actual: 102 [117]: Item: 107 Error: Assert.Equal() Failure: Values differ Expected: 0 Actual: 107 [118]: Item: 48 Error: Assert.Equal() Failure: Values differ Expected: 0 Actual: 48 [119]: Item: 71 Error: Assert.Equal() Failure: Values differ Expected: 0 Actual: 71 [120]: Item: 122 Error: Assert.Equal() Failure: Values differ Expected: 0 Actual: 122 [121]: Item: 101 Error: Assert.Equal() Failure: Values differ Expected: 0 Actual: 101 [122]: Item: 51 Error: Assert.Equal() Failure: Values differ Expected: 0 Actual: 51 [123]: Item: 69 Error: Assert.Equal() Failure: Values differ Expected: 0 Actual: 69 [124]: Item: 102 Error: Assert.Equal() Failure: Values differ Expected: 0 Actual: 102 [125]: Item: 70 Error: Assert.Equal() Failure: Values differ Expected: 0 Actual: 70 [126]: Item: 100 Error: Assert.Equal() Failure: Values differ Expected: 0 Actual: 100 [127]: Item: 77 Error: Assert.Equal() Failure: Values differ Expected: 0 Actual: 77 [128]: Item: 34 Error: Assert.Equal() Failure: Values differ Expected: 0 Actual: 34 [129]: Item: 44 Error: Assert.Equal() Failure: Values differ Expected: 0 Actual: 44 [130]: Item: 34 Error: Assert.Equal() Failure: Values differ Expected: 0 Actual: 34 [131]: Item: 66 Error: Assert.Equal() Failure: Values differ Expected: 0 Actual: 66 [132]: Item: 105 Error: Assert.Equal() Failure: Values differ Expected: 0 Actual: 105 [133]: Item: 110 Error: Assert.Equal() Failure: Values differ Expected: 0 Actual: 110 [134]: Item: 100 Error: Assert.Equal() Failure: Values differ Expected: 0 Actual: 100 [135]: Item: 79 Error: Assert.Equal() Failure: Values differ Expected: 0 Actual: 79 [136]: Item: 112 Error: Assert.Equal() Failure: Values differ Expected: 0 Actual: 112 [137]: Item: 101 Error: Assert.Equal() Failure: Values differ Expected: 0 Actual: 101 [138]: Item: 114 Error: Assert.Equal() Failure: Values differ Expected: 0 Actual: 114 [139]: Item: 97 Error: Assert.Equal() Failure: Values differ Expected: 0 Actual: 97 [140]: Item: 116 Error: Assert.Equal() Failure: Values differ Expected: 0 Actual: 116 [141]: Item: 105 Error: Assert.Equal() Failure: Values differ Expected: 0 Actual: 105 [142]: Item: 111 Error: Assert.Equal() Failure: Values differ Expected: 0 Actual: 111 [143]: Item: 110 Error: Assert.Equal() Failure: Values differ Expected: 0 Actual: 110 [144]: Item: 73 Error: Assert.Equal() Failure: Values differ Expected: 0 Actual: 73 [145]: Item: 100 Error: Assert.Equal() Failure: Values differ Expected: 0 Actual: 100 [146]: Item: 34 Error: Assert.Equal() Failure: Values differ Expected: 0 Actual: 34 [147]: Item: 58 Error: Assert.Equal() Failure: Values differ Expected: 0 Actual: 58 [148]: Item: 34 Error: Assert.Equal() Failure: Values differ Expected: 0 Actual: 34 [149]: Item: 99 Error: Assert.Equal() Failure: Values differ Expected: 0 Actual: 99 [150]: Item: 49 Error: Assert.Equal() Failure: Values differ Expected: 0 Actual: 49 [151]: Item: 52 Error: Assert.Equal() Failure: Values differ Expected: 0 Actual: 52 [152]: Item: 100 Error: Assert.Equal() Failure: Values differ Expected: 0 Actual: 100 [153]: Item: 54 Error: Assert.Equal() Failure: Values differ Expected: 0 Actual: 54 [154]: Item: 99 Error: Assert.Equal() Failure: Values differ Expected: 0 Actual: 99 [155]: Item: 50 Error: Assert.Equal() Failure: Values differ Expected: 0 Actual: 50 [156]: Item: 52 Error: Assert.Equal() Failure: Values differ Expected: 0 Actual: 52 [157]: Item: 101 Error: Assert.Equal() Failure: Values differ Expected: 0 Actual: 101 [158]: Item: 101 Error: Assert.Equal() Failure: Values differ Expected: 0 Actual: 101 [159]: Item: 56 Error: Assert.Equal() Failure: Values differ Expected: 0 Actual: 56 [160]: Item: 52 Error: Assert.Equal() Failure: Values differ Expected: 0 Actual: 52 [161]: Item: 52 Error: Assert.Equal() Failure: Values differ Expected: 0 Actual: 52 [162]: Item: 98 Error: Assert.Equal() Failure: Values differ Expected: 0 Actual: 98 [163]: Item: 56 Error: Assert.Equal() Failure: Values differ Expected: 0 Actual: 56 [164]: Item: 56 Error: Assert.Equal() Failure: Values differ Expected: 0 Actual: 56 [165]: Item: 97 Error: Assert.Equal() Failure: Values differ Expected: 0 Actual: 97 [166]: Item: 48 Error: Assert.Equal() Failure: Values differ Expected: 0 Actual: 48 [167]: Item: 54 Error: Assert.Equal() Failure: Values differ Expected: 0 Actual: 54 [168]: Item: 101 Error: Assert.Equal() Failure: Values differ Expected: 0 Actual: 101 [169]: Item: 56 Error: Assert.Equal() Failure: Values differ Expected: 0 Actual: 56 [170]: Item: 101 Error: Assert.Equal() Failure: Values differ Expected: 0 Actual: 101 [171]: Item: 102 Error: Assert.Equal() Failure: Values differ Expected: 0 Actual: 102 [172]: Item: 50 Error: Assert.Equal() Failure: Values differ Expected: 0 Actual: 50 [173]: Item: 100 Error: Assert.Equal() Failure: Values differ Expected: 0 Actual: 100 [174]: Item: 49 Error: Assert.Equal() Failure: Values differ Expected: 0 Actual: 49 [175]: Item: 56 Error: Assert.Equal() Failure: Values differ Expected: 0 Actual: 56 [176]: Item: 52 Error: Assert.Equal() Failure: Values differ Expected: 0 Actual: 52 [177]: Item: 98 Error: Assert.Equal() Failure: Values differ Expected: 0 Actual: 98 [178]: Item: 50 Error: Assert.Equal() Failure: Values differ Expected: 0 Actual: 50 [179]: Item: 49 Error: Assert.Equal() Failure: Values differ Expected: 0 Actual: 49 [180]: Item: 100 Error: Assert.Equal() Failure: Values differ Expected: 0 Actual: 100 [181]: Item: 34 Error: Assert.Equal() Failure: Values differ Expected: 0 Actual: 34 [182]: Item: 125 Error: Assert.Equal() Failure: Values differ Expected: 0 Actual: 125"	"EXCLUDED_HISTORICAL_OUTSIDE_SLICE"	"WHOLE_REPO_SWEEP"	""	"Historical failed run is outside the bounded P04/site-qualification slice and is inventoried without being used as current evidence."
"P04FR0453"	"agent"	"TestResults/a2-key-journal/3AVNN_LEARNPC_2026-09-13_00_56_05.trx"	"DB0C46B8FDC654C094014B9078BD945E1753E7875651C99509B682962FF9AB4E"	"5"	"3"	"2"	"0"	"TagEkyc.CaptureAgent.Tests.Tip88C1C6BA2KeyCustodyTests.Journal_CrashAtomicAndWrongAccountFails; TagEkyc.CaptureAgent.Tests.Tip88C1C6BA2KeyCustodyTests.Journal_BoundsAndForbiddenFields_DoNotReplaceDurableState"	"System.UnauthorizedAccessException : Attempted to perform an unauthorized operation."	"EXCLUDED_HISTORICAL_OUTSIDE_SLICE"	"WHOLE_REPO_SWEEP"	""	"Historical failed run is outside the bounded P04/site-qualification slice and is inventoried without being used as current evidence."
"P04FR0454"	"agent"	"TestResults/a2-old-cancel-behavior-red/3AVNN_LEARNPC_2026-09-13_10_26_21.trx"	"BAADF8FC18CACBDC7545A622607251A4AF186C760942E1661E56CB19588A554D"	"6"	"0"	"6"	"0"	"TagEkyc.CaptureAgent.Tests.Tip88C1C6BA2HandoffTests.CancellationBeforeAcceptance_DrainsOwnersBeforeCloseCompletes(cancellation: ""caller"", committedBinding: True); TagEkyc.CaptureAgent.Tests.Tip88C1C6BA2HandoffTests.CancellationBeforeAcceptance_DrainsOwnersBeforeCloseCompletes(cancellation: ""close"", committedBinding: False); TagEkyc.CaptureAgent.Tests.Tip88C1C6BA2HandoffTests.CancellationBeforeAcceptance_DrainsOwnersBeforeCloseCompletes(cancellation: ""dispose"", committedBinding: True); TagEkyc.CaptureAgent.Tests.Tip88C1C6BA2HandoffTests.CancellationBeforeAcceptance_DrainsOwnersBeforeCloseCompletes(cancellation: ""close"", committedBinding: True); TagEkyc.CaptureAgent.Tests.Tip88C1C6BA2HandoffTests.CancellationBeforeAcceptance_DrainsOwnersBeforeCloseCompletes(cancellation: ""dispose"", committedBinding: False); TagEkyc.CaptureAgent.Tests.Tip88C1C6BA2HandoffTests.CancellationBeforeAcceptance_DrainsOwnersBeforeCloseCompletes(cancellation: ""caller"", committedBinding: False)"	"Assert.Equal() Failure: Values differ Expected: CaptureRuntimeBindPending { SignFlowLocalSessionRef = synthetic-local, VerificationSessionId = 4efcd598-93bf-48f8-8aff-d5f2c168eaeb, CaptureCapabilityId = 211d66f7-3503-408d-8443-ed5626c65c4e, BindOperationId = 62323aec-a999-423f-97e8-aa314f447779, EnvelopeExpiresAtUtc = 13/09/2026 3:29:20 SA +00:00, SlotDeadlineUtc = 13/09/2026 3:28:20 SA +00:00, Disposition = Pending, HandoffAccepted = False, DelegationAttempted = False, BindingId = , ExecutionExpiresAtUtc = , RuntimeRevision = , InstallationRevision = , CredentialRevision = , CapabilityRevision = } Actual: CaptureRuntimeBindPending { SignFlowLocalSessionRef = synthetic-local, VerificationSessionId = 4efcd598-93bf-48f8-8aff-d5f2c168eaeb, CaptureCapabilityId = 211d66f7-3503-408d-8443-ed5626c65c4e, BindOperationId = 62323aec-a999-423f-97e8-aa314f447779, EnvelopeExpiresAtUtc = 13/09/2026 3:29:20 SA +00:00, SlotDeadlineUtc = 13/09/2026 3:28:20 SA +00:00, Disposition = Terminal, HandoffAccepted = False, DelegationAttempted = False, BindingId = , ExecutionExpiresAtUtc = , RuntimeRevision = , InstallationRevision = , CredentialRevision = , CapabilityRevision = }"	"EXCLUDED_HISTORICAL_OUTSIDE_SLICE"	"WHOLE_REPO_SWEEP"	""	"Historical failed run is outside the bounded P04/site-qualification slice and is inventoried without being used as current evidence."
"P04FR0455"	"agent"	"TestResults/a2-process-fault/3AVNN_LEARNPC_2026-09-13_02_28_31.trx"	"92ADF4B099473C407D26073C4B96D53E819499B537832B66FEE17EC22B26FA49"	"1"	"0"	"1"	"0"	"TagEkyc.CaptureAgent.Tests.Tip88C1C6BA2KeyCustodyTests.ProcessFault_ReopensCngAndRecoversAtomicJournal"	"#< CLIXML <Objs Version=""1.1.0.1"" xmlns=""http://schemas.microsoft.com/powershell/2004/04""><S S=""Error"">Add-Type: _x000D__x000A_</S><S S=""Error"">Line |_x000D__x000A_</S><S S=""Error""> 25 | Add-Type -TypeDefinition $source -ReferencedAssemblies $files_x000D__x000A_</S><S S=""Error""> | ~~~~~~~~~~~~~~~~~~~~~~~~~~~~~~~~~~~~~~~~~~~~~~~~~~~~~~~~~~~~~_x000D__x000A_</S><S S=""Error""> | error CS1701: Assuming assembly reference 'System.Runtime, Version=8.0.0.0, Culture=neutral, PublicKeyToken=b03f5f7f11d50a3a' used by 'TagEkyc.CaptureAgent.Client' matches identity 'System.Runtime, Version=10.0.0.0, Culture=neutral, PublicKeyToken=b03f5f7f11d50a3a' of 'System.Runtime', you may need to supply runtime policy_x000D__x000A_</S></Objs>"	"EXCLUDED_HISTORICAL_OUTSIDE_SLICE"	"WHOLE_REPO_SWEEP"	""	"Historical failed run is outside the bounded P04/site-qualification slice and is inventoried without being used as current evidence."
"P04FR0456"	"agent"	"TestResults/a2-receipt-order-red/3AVNN_LEARNPC_2026-09-13_03_03_46.trx"	"D999788EBF79F7A1473C5622728DFA3DAFFC186A0F8BFCD5E836CC0C1A7EDA74"	"1"	"0"	"1"	"0"	"TagEkyc.CaptureAgent.Tests.Tip88C1C6BA2HandoffTests.ReceiptFirstByte_WaitsForDurableAcceptanceAndZeroization"	"Assert.ThrowsAny() Failure: No exception was thrown Expected: typeof(System.OperationCanceledException)"	"EXCLUDED_HISTORICAL_OUTSIDE_SLICE"	"WHOLE_REPO_SWEEP"	""	"Historical failed run is outside the bounded P04/site-qualification slice and is inventoried without being used as current evidence."
"P04FR0457"	"agent"	"TestResults/a2-session-format-red/3AVNN_LEARNPC_2026-09-13_10_26_58.trx"	"58370CE28AFCC4631431554283FE3D8B62FBD15D8D449C13ECED59E8AF61EBC1"	"4"	"2"	"2"	"0"	"TagEkyc.CaptureAgent.Tests.Tip88C1C6BA2CompositionTests.SessionObservation_RequiresLowercaseUuidNBeforeHandoffOrDevice(format: ""uppercase-N""); TagEkyc.CaptureAgent.Tests.Tip88C1C6BA2CompositionTests.SessionObservation_RequiresLowercaseUuidNBeforeHandoffOrDevice(format: ""D"")"	"Assert.Throws() Failure: No exception was thrown Expected: typeof(TagEkyc.CaptureAgent.Core.CaptureAgentFlowException)"	"EXCLUDED_HISTORICAL_OUTSIDE_SLICE"	"WHOLE_REPO_SWEEP"	""	"Historical failed run is outside the bounded P04/site-qualification slice and is inventoried without being used as current evidence."
"P04FR0458"	"agent"	"TestResults/a3-agent-focused/a3-managed-retention-gate-red.trx"	"783D976F1167A773E4D1C8B4EF6316083F8D28894BCC55C105A021327A18EEFE"	"2"	"0"	"2"	"0"	"TagEkyc.CaptureAgent.Tests.Tip88C1C6BA3RetainedOwnershipTests.A3_ManagedRetentionGate_RequiresServerAuthority(rawExportEnabled: False, includeRetainedOwner: True); TagEkyc.CaptureAgent.Tests.Tip88C1C6BA3RetainedOwnershipTests.A3_ManagedRetentionGate_RequiresServerAuthority(rawExportEnabled: True, includeRetainedOwner: False)"	"Assert.Throws() Failure: No exception was thrown Expected: typeof(TagEkyc.CaptureAgent.Core.CaptureAgentFlowException)"	"EXCLUDED_HISTORICAL_OUTSIDE_SLICE"	"WHOLE_REPO_SWEEP"	""	"Historical failed run is outside the bounded P04/site-qualification slice and is inventoried without being used as current evidence."
"P04FR0459"	"agent"	"TestResults/a3-agent-focused/a3-receipt-restart-mode-red.trx"	"053061BA5465B7A99C4065C9DF597A1A723E36884D6F29278B7CE508251E441F"	"1"	"0"	"1"	"0"	"TagEkyc.CaptureAgent.Tests.Tip88C1C6BA3RetainedOwnershipTests.A3_ReceiptShapeCannotDowngradeOrReviveExecutionAfterRestart"	"Assert.Throws() Failure: No exception was thrown Expected: typeof(TagEkyc.CaptureAgent.Core.CaptureAgentFlowException)"	"EXCLUDED_HISTORICAL_OUTSIDE_SLICE"	"WHOLE_REPO_SWEEP"	""	"Historical failed run is outside the bounded P04/site-qualification slice and is inventoried without being used as current evidence."
"P04FR0460"	"agent"	"TestResults/a3-agent-focused/a3-resume-pending-fake-receipt-red.trx"	"AC9BBFC13A73C1BE0B0782876664600EED028E00286D237AED91158024682A53"	"1"	"0"	"1"	"0"	"TagEkyc.CaptureAgent.Tests.Tip88C1C6BA3RetainedOwnershipTests.A3_RawReceiptDoesNotClaimPendingAsAvailable"	"Assert.Null() Failure: Value is not null Expected: null Actual: CaptureAgentAcceptedSubmission { SubmissionSlot = RawChipDg2Portrait, SubmissionKind = raw_export_source, SubmissionId = 00000000-0000-0000-0000-000000000000 }"	"EXCLUDED_HISTORICAL_OUTSIDE_SLICE"	"WHOLE_REPO_SWEEP"	""	"Historical failed run is outside the bounded P04/site-qualification slice and is inventoried without being used as current evidence."
"P04FR0461"	"agent"	"TestResults/a3-agent-focused/a3-retained-gates-v1.trx"	"A66BFCA326AE582735136AEC5EE081C49DC84600ED3DE3BF274486A647BB66A3"	"15"	"13"	"2"	"0"	"TagEkyc.CaptureAgent.Tests.Tip88C1C6BA3RetainedOwnershipTests.A3_ManagedRetentionGate_RequiresServerAuthority(rawExportEnabled: True, includeRetainedOwner: False); TagEkyc.CaptureAgent.Tests.Tip88C1C6BA3RetainedOwnershipTests.A3_ManagedRetentionGate_RequiresServerAuthority(rawExportEnabled: False, includeRetainedOwner: True)"	"System.NullReferenceException : Object reference not set to an instance of an object."	"EXCLUDED_HISTORICAL_OUTSIDE_SLICE"	"WHOLE_REPO_SWEEP"	""	"Historical failed run is outside the bounded P04/site-qualification slice and is inventoried without being used as current evidence."
"P04FR0462"	"agent"	"tests/TagEkyc.CaptureAgent.Tests/TestResults/a3-activation-remaining/a3-o-shape-agent-restored.trx"	"178C80526DF084FC8A2E7CB6FA43D9782230CB55A57EBF94C9E1FF1861862978"	"31"	"9"	"22"	"0"	"TagEkyc.CaptureAgent.Tests.Tip88C1C6BA3RawIngressTests.A3_All21BusinessResultsRoundTripThroughRuntimeClient(status: 409, json: ""{\""outcomeCode\"":\""RAW_EXPORT_SOURCE_CLAIM_RESTART""···, expectedOutcome: ""RAW_EXPORT_SOURCE_CLAIM_RESTART_REQUIRED"", expectedSource: null, expectedRetry: null); TagEkyc.CaptureAgent.Tests.Tip88C1C6BA3RawIngressTests.A3_All21BusinessResultsRoundTripThroughRuntimeClient(status: 409, json: ""{\""outcomeCode\"":\""RECAPTURE_REQUIRED\""}"", expectedOutcome: ""RECAPTURE_REQUIRED"", expectedSource: null, expectedRetry: null); TagEkyc.CaptureAgent.Tests.Tip88C1C6BA3RawIngressTests.A3_All21BusinessResultsRoundTripThroughRuntimeClient(status: 403, json: ""{\""outcomeCode\"":\""SOURCE_RETENTION_NOT_AUTHORIZED""···, expectedOutcome: ""SOURCE_RETENTION_NOT_AUTHORIZED"", expectedSource: null, expectedRetry: null); TagEkyc.CaptureAgent.Tests.Tip88C1C6BA3RawIngressTests.A3_All21BusinessResultsRoundTripThroughRuntimeClient(status: 409, json: ""{\""outcomeCode\"":\""RAW_EXPORT_SOURCE_IDEMPOTENCY_B""···, expectedOutcome: ""RAW_EXPORT_SOURCE_IDEMPOTENCY_BUSY"", expectedSource: null, expectedRetry: null); TagEkyc.CaptureAgent.Tests.Tip88C1C6BA3RawIngressTests.A3_All21BusinessResultsRoundTripThroughRuntimeClient(status: 200, json: ""{\""outcomeCode\"":\""RAW_EXPORT_SOURCE_AVAILABLE\"",\""···, expectedOutcome: ""RAW_EXPORT_SOURCE_AVAILABLE"", expectedSource: ""11111111-1111-4111-8111-111111111111"", expectedRetry: null); TagEkyc.CaptureAgent.Tests.Tip88C1C6BA3RawIngressTests.A3_All21BusinessResultsRoundTripThroughRuntimeClient(status: 409, json: ""{\""outcomeCode\"":\""RAW_EXPORT_SOURCE_CLAIM_EVALUAT""···, expectedOutcome: ""RAW_EXPORT_SOURCE_CLAIM_EVALUATION_IN_PROGRESS"", expectedSource: null, expectedRetry: 2026-09-15T01:03:04.0000000+00:00); TagEkyc.CaptureAgent.Tests.Tip88C1C6BA3RawIngressTests.A3_All21BusinessResultsRoundTripThroughRuntimeClient(status: 403, json: ""{\""outcomeCode\"":\""RAW_EXPORT_SOURCE_CLAIM_TOKEN_I""···, expectedOutcome: ""RAW_EXPORT_SOURCE_CLAIM_TOKEN_INVALID"", expectedSource: null, expectedRetry: null); TagEkyc.CaptureAgent.Tests.Tip88C1C6BA3RawIngressTests.A3_All21BusinessResultsRoundTripThroughRuntimeClient(status: 409, json: ""{\""outcomeCode\"":\""RAW_EXPORT_SOURCE_FINGERPRINT_C""···, expectedOutcome: ""RAW_EXPORT_SOURCE_FINGERPRINT_CONFLICT"", expectedSource: null, expectedRetry: null); TagEkyc.CaptureAgent.Tests.Tip88C1C6BA3RawIngressTests.A3_All21BusinessResultsRoundTripThroughRuntimeClient(status: 503, json: ""{\""outcomeCode\"":\""RAW_EXPORT_SOURCE_CAPABILITY_UN""···, expectedOutcome: ""RAW_EXPORT_SOURCE_CAPABILITY_UNAVAILABLE"", expectedSource: null, expectedRetry: null); TagEkyc.CaptureAgent.Tests.Tip88C1C6BA3RawIngressTests.A3_All21BusinessResultsRoundTripThroughRuntimeClient(status: 403, json: ""{\""outcomeCode\"":\""NOT_FOUND_OR_NOT_ALLOWED\""}"", expectedOutcome: ""NOT_FOUND_OR_NOT_ALLOWED"", expectedSource: null, expectedRetry: null); TagEkyc.CaptureAgent.Tests.Tip88C1C6BA3RawIngressTests.A3_All21BusinessResultsRoundTripThroughRuntimeClient(status: 403, json: ""{\""outcomeCode\"":\""RAW_EXPORT_SOURCE_BINDING_INVAL""···, expectedOutcome: ""RAW_EXPORT_SOURCE_BINDING_INVALID"", expectedSource: null, expectedRetry: null); TagEkyc.CaptureAgent.Tests.Tip88C1C6BA3RawIngressTests.A3_All21BusinessResultsRoundTripThroughRuntimeClient(status: 202, json: ""{\""outcomeCode\"":\""RAW_EXPORT_SOURCE_RESUME_PENDIN""···, expectedOutcome: ""RAW_EXPORT_SOURCE_RESUME_PENDING"", expectedSource: null, expectedRetry: null); TagEkyc.CaptureAgent.Tests.Tip88C1C6BA3RawIngressTests.A3_All21BusinessResultsRoundTripThroughRuntimeClient(status: 503, json: ""{\""outcomeCode\"":\""RAW_EXPORT_SOURCE_HISTORIC_COMM""···, expectedOutcome: ""RAW_EXPORT_SOURCE_HISTORIC_COMMITMENT_KEY_UNAVAILA""···, expectedSource: null, expectedRetry: null); TagEkyc.CaptureAgent.Tests.Tip88C1C6BA3RawIngressTests.A3_All21BusinessResultsRoundTripThroughRuntimeClient(status: 400, json: ""{\""outcomeCode\"":\""RAW_EXPORT_SOURCE_TRANSPORT_PRO""···, expectedOutcome: ""RAW_EXPORT_SOURCE_TRANSPORT_PROTOCOL_INVALID"", expectedSource: null, expectedRetry: null); TagEkyc.CaptureAgent.Tests.Tip88C1C6BA3RawIngressTests.A3_All21BusinessResultsRoundTripThroughRuntimeClient(status: 503, json: ""{\""outcomeCode\"":\""RAW_EXPORT_SOURCE_CAPACITY_UNAV""···, expectedOutcome: ""RAW_EXPORT_SOURCE_CAPACITY_UNAVAILABLE"", expectedSource: null, expectedRetry: null); TagEkyc.CaptureAgent.Tests.Tip88C1C6BA3RawIngressTests.A3_All21BusinessResultsRoundTripThroughRuntimeClient(status: 422, json: ""{\""outcomeCode\"":\""CONTENT_COMMITMENT_MISMATCH\""}"", expectedOutcome: ""CONTENT_COMMITMENT_MISMATCH"", expectedSource: null, expectedRetry: null); TagEkyc.CaptureAgent.Tests.Tip88C1C6BA3RawIngressTests.A3_All21BusinessResultsRoundTripThroughRuntimeClient(status: 422, json: ""{\""outcomeCode\"":\""RAW_EXPORT_SOURCE_PLAINTEXT_RET""···, expectedOutcome: ""RAW_EXPORT_SOURCE_PLAINTEXT_RETENTION_INVALID"", expectedSource: null, expectedRetry: null); TagEkyc.CaptureAgent.Tests.Tip88C1C6BA3RawIngressTests.A3_All21BusinessResultsRoundTripThroughRuntimeClient(status: 503, json: ""{\""outcomeCode\"":\""RAW_EXPORT_SOURCE_TEMPORARILY_U""···, expectedOutcome: ""RAW_EXPORT_SOURCE_TEMPORARILY_UNAVAILABLE"", expectedSource: null, expectedRetry: null); TagEkyc.CaptureAgent.Tests.Tip88C1C6BA3RawIngressTests.A3_AgentRawCrt1MatchesExactServerGrammar; TagEkyc.CaptureAgent.Tests.Tip88C1C6BA3RawIngressTests.A3_All21BusinessResultsRoundTripThroughRuntimeClient(status: 413, json: ""{\""outcomeCode\"":\""RAW_EXPORT_SOURCE_ARTIFACT_SIZE""···, expectedOutcome: ""RAW_EXPORT_SOURCE_ARTIFACT_SIZE_LIMIT_EXCEEDED"", expectedSource: null, expectedRetry: null); TagEkyc.CaptureAgent.Tests.Tip88C1C6BA3RawIngressTests.A3_All21BusinessResultsRoundTripThroughRuntimeClient(status: 409, json: ""{\""outcomeCode\"":\""RAW_EXPORT_SOURCE_RESERVATION_B""···, expectedOutcome: ""RAW_EXPORT_SOURCE_RESERVATION_BUSY"", expectedSource: null, expectedRetry: null); TagEkyc.CaptureAgent.Tests.Tip88C1C6BA3RawIngressTests.A3_All21BusinessResultsRoundTripThroughRuntimeClient(status: 200, json: ""{\""outcomeCode\"":\""RAW_EXPORT_SOURCE_ALREADY_AVAIL""···, expectedOutcome: ""RAW_EXPORT_SOURCE_ALREADY_AVAILABLE"", expectedSource: ""11111111-1111-4111-8111-111111111111"", expectedRetry: null)"	"TagEkyc.CaptureAgent.Core.CaptureAgentFlowException : NOT_READY"	"EXCLUDED_HISTORICAL_OUTSIDE_SLICE"	"WHOLE_REPO_SWEEP"	""	"Historical failed run is outside the bounded P04/site-qualification slice and is inventoried without being used as current evidence."
"P04FR0463"	"agent"	"tests/TagEkyc.CaptureAgent.Tests/TestResults/a3-broker-admission-agent-terminal-red.trx"	"21E28017A80BD45AA96B50537A34894AD943804CCDADED12AB5A21544C731427"	"2"	"0"	"2"	"0"	"TagEkyc.CaptureAgent.Tests.Tip88C1C6BA3RetainedOwnershipTests.A3_BrokerAdmissionTerminalDenial_RetiresLeaseAndForbidsSameBufferRetry(outcomeCode: ""RAW_EXPORT_SOURCE_PLAINTEXT_RETENTION_INVALID""); TagEkyc.CaptureAgent.Tests.Tip88C1C6BA3RetainedOwnershipTests.A3_BrokerAdmissionTerminalDenial_RetiresLeaseAndForbidsSameBufferRetry(outcomeCode: ""RAW_EXPORT_SOURCE_BINDING_INVALID"")"	"Assert.All() Failure: 64 out of 64 items in the collection did not pass. [0]: Item: 1 Error: Assert.Equal() Failure: Values differ Expected: 0 Actual: 1 [1]: Item: 2 Error: Assert.Equal() Failure: Values differ Expected: 0 Actual: 2 [2]: Item: 3 Error: Assert.Equal() Failure: Values differ Expected: 0 Actual: 3 [3]: Item: 4 Error: Assert.Equal() Failure: Values differ Expected: 0 Actual: 4 [4]: Item: 5 Error: Assert.Equal() Failure: Values differ Expected: 0 Actual: 5 [5]: Item: 6 Error: Assert.Equal() Failure: Values differ Expected: 0 Actual: 6 [6]: Item: 7 Error: Assert.Equal() Failure: Values differ Expected: 0 Actual: 7 [7]: Item: 8 Error: Assert.Equal() Failure: Values differ Expected: 0 Actual: 8 [8]: Item: 9 Error: Assert.Equal() Failure: Values differ Expected: 0 Actual: 9 [9]: Item: 10 Error: Assert.Equal() Failure: Values differ Expected: 0 Actual: 10 [10]: Item: 11 Error: Assert.Equal() Failure: Values differ Expected: 0 Actual: 11 [11]: Item: 12 Error: Assert.Equal() Failure: Values differ Expected: 0 Actual: 12 [12]: Item: 13 Error: Assert.Equal() Failure: Values differ Expected: 0 Actual: 13 [13]: Item: 14 Error: Assert.Equal() Failure: Values differ Expected: 0 Actual: 14 [14]: Item: 15 Error: Assert.Equal() Failure: Values differ Expected: 0 Actual: 15 [15]: Item: 16 Error: Assert.Equal() Failure: Values differ Expected: 0 Actual: 16 [16]: Item: 17 Error: Assert.Equal() Failure: Values differ Expected: 0 Actual: 17 [17]: Item: 18 Error: Assert.Equal() Failure: Values differ Expected: 0 Actual: 18 [18]: Item: 19 Error: Assert.Equal() Failure: Values differ Expected: 0 Actual: 19 [19]: Item: 20 Error: Assert.Equal() Failure: Values differ Expected: 0 Actual: 20 [20]: Item: 21 Error: Assert.Equal() Failure: Values differ Expected: 0 Actual: 21 [21]: Item: 22 Error: Assert.Equal() Failure: Values differ Expected: 0 Actual: 22 [22]: Item: 23 Error: Assert.Equal() Failure: Values differ Expected: 0 Actual: 23 [23]: Item: 24 Error: Assert.Equal() Failure: Values differ Expected: 0 Actual: 24 [24]: Item: 25 Error: Assert.Equal() Failure: Values differ Expected: 0 Actual: 25 [25]: Item: 26 Error: Assert.Equal() Failure: Values differ Expected: 0 Actual: 26 [26]: Item: 27 Error: Assert.Equal() Failure: Values differ Expected: 0 Actual: 27 [27]: Item: 28 Error: Assert.Equal() Failure: Values differ Expected: 0 Actual: 28 [28]: Item: 29 Error: Assert.Equal() Failure: Values differ Expected: 0 Actual: 29 [29]: Item: 30 Error: Assert.Equal() Failure: Values differ Expected: 0 Actual: 30 [30]: Item: 31 Error: Assert.Equal() Failure: Values differ Expected: 0 Actual: 31 [31]: Item: 32 Error: Assert.Equal() Failure: Values differ Expected: 0 Actual: 32 [32]: Item: 33 Error: Assert.Equal() Failure: Values differ Expected: 0 Actual: 33 [33]: Item: 34 Error: Assert.Equal() Failure: Values differ Expected: 0 Actual: 34 [34]: Item: 35 Error: Assert.Equal() Failure: Values differ Expected: 0 Actual: 35 [35]: Item: 36 Error: Assert.Equal() Failure: Values differ Expected: 0 Actual: 36 [36]: Item: 37 Error: Assert.Equal() Failure: Values differ Expected: 0 Actual: 37 [37]: Item: 38 Error: Assert.Equal() Failure: Values differ Expected: 0 Actual: 38 [38]: Item: 39 Error: Assert.Equal() Failure: Values differ Expected: 0 Actual: 39 [39]: Item: 40 Error: Assert.Equal() Failure: Values differ Expected: 0 Actual: 40 [40]: Item: 41 Error: Assert.Equal() Failure: Values differ Expected: 0 Actual: 41 [41]: Item: 42 Error: Assert.Equal() Failure: Values differ Expected: 0 Actual: 42 [42]: Item: 43 Error: Assert.Equal() Failure: Values differ Expected: 0 Actual: 43 [43]: Item: 44 Error: Assert.Equal() Failure: Values differ Expected: 0 Actual: 44 [44]: Item: 45 Error: Assert.Equal() Failure: Values differ Expected: 0 Actual: 45 [45]: Item: 46 Error: Assert.Equal() Failure: Values differ Expected: 0 Actual: 46 [46]: Item: 47 Error: Assert.Equal() Failure: Values differ Expected: 0 Actual: 47 [47]: Item: 48 Error: Assert.Equal() Failure: Values differ Expected: 0 Actual: 48 [48]: Item: 49 Error: Assert.Equal() Failure: Values differ Expected: 0 Actual: 49 [49]: Item: 50 Error: Assert.Equal() Failure: Values differ Expected: 0 Actual: 50 [50]: Item: 51 Error: Assert.Equal() Failure: Values differ Expected: 0 Actual: 51 [51]: Item: 52 Error: Assert.Equal() Failure: Values differ Expected: 0 Actual: 52 [52]: Item: 53 Error: Assert.Equal() Failure: Values differ Expected: 0 Actual: 53 [53]: Item: 54 Error: Assert.Equal() Failure: Values differ Expected: 0 Actual: 54 [54]: Item: 55 Error: Assert.Equal() Failure: Values differ Expected: 0 Actual: 55 [55]: Item: 56 Error: Assert.Equal() Failure: Values differ Expected: 0 Actual: 56 [56]: Item: 57 Error: Assert.Equal() Failure: Values differ Expected: 0 Actual: 57 [57]: Item: 58 Error: Assert.Equal() Failure: Values differ Expected: 0 Actual: 58 [58]: Item: 59 Error: Assert.Equal() Failure: Values differ Expected: 0 Actual: 59 [59]: Item: 60 Error: Assert.Equal() Failure: Values differ Expected: 0 Actual: 60 [60]: Item: 61 Error: Assert.Equal() Failure: Values differ Expected: 0 Actual: 61 [61]: Item: 62 Error: Assert.Equal() Failure: Values differ Expected: 0 Actual: 62 [62]: Item: 63 Error: Assert.Equal() Failure: Values differ Expected: 0 Actual: 63 [63]: Item: 64 Error: Assert.Equal() Failure: Values differ Expected: 0 Actual: 64"	"EVIDENCE_RED"	"a3_broker_admission_failed_run_census.tsv"	""	"Historical failed run retained with its prior canonical failed-run classification; it is not used by the current package."
"P04FR0464"	"agent"	"tests/TagEkyc.CaptureAgent.Tests/TestResults/a3-p09-agent-same-lease-red.trx"	"AA3C98A47AA0B5C9016789C700619EA0333AC266B4502C37A8255D296E322C1A"	"2"	"1"	"1"	"0"	"TagEkyc.CaptureAgent.Tests.Tip88C1C6BA3RetainedOwnershipTests.A3_ExpiredLease_RetiresAndRequiresRecapture(outcomeCode: ""RAW_EXPORT_SOURCE_IDEMPOTENCY_BUSY"")"	"System.ObjectDisposedException : Cannot access a disposed object. Object name: 'RetainedRawBufferLease'."	"EXCLUDED_HISTORICAL_OUTSIDE_SLICE"	"WHOLE_REPO_SWEEP"	""	"Historical failed run is outside the bounded P04/site-qualification slice and is inventoried without being used as current evidence."
"P04FR0465"	"agent"	"tests/TagEkyc.CaptureAgent.Tests/TestResults/a3-r2r6-agent-expired-lease-current-red.trx"	"1DA0D77AA511878224DECC5602F2157A436467C4CF2AFC5E50E211E6F4BBB679"	"2"	"0"	"2"	"0"	"TagEkyc.CaptureAgent.Tests.Tip88C1C6BA3RetainedOwnershipTests.A3_ExpiredLease_RetiresAndRequiresRecapture(outcomeCode: ""RAW_EXPORT_SOURCE_CAPACITY_UNAVAILABLE""); TagEkyc.CaptureAgent.Tests.Tip88C1C6BA3RetainedOwnershipTests.A3_ExpiredLease_RetiresAndRequiresRecapture(outcomeCode: ""RAW_EXPORT_SOURCE_IDEMPOTENCY_BUSY"")"	"Assert.Throws() Failure: No exception was thrown Expected: typeof(TagEkyc.CaptureAgent.Core.CaptureAgentFlowException)"	"EVIDENCE_RED"	"a3_r2r6_remaining_failed_run_census.tsv"	""	"Historical failed run retained with its prior canonical failed-run classification; it is not used by the current package."
"P04FR0466"	"agent"	"tests/TagEkyc.CaptureAgent.Tests/TestResults/a3-raw-client-compat-attempt-a1.trx"	"4AC0421520BAA1E73321F7D7087E1AF3F3C48AE0FC5E5E0A43B3983D7DAE41C7"	"30"	"8"	"22"	"0"	"TagEkyc.CaptureAgent.Tests.Tip88C1C6BA3RawIngressTests.A3_All21BusinessResultsRoundTripThroughRuntimeClient(status: 202, json: ""{\""outcomeCode\"":\""RAW_EXPORT_SOURCE_RESUME_PENDIN""···, expectedOutcome: ""RAW_EXPORT_SOURCE_RESUME_PENDING"", expectedSource: null, expectedRetry: null); TagEkyc.CaptureAgent.Tests.Tip88C1C6BA3RawIngressTests.A3_All21BusinessResultsRoundTripThroughRuntimeClient(status: 409, json: ""{\""outcomeCode\"":\""RAW_EXPORT_SOURCE_CLAIM_RESTART""···, expectedOutcome: ""RAW_EXPORT_SOURCE_CLAIM_RESTART_REQUIRED"", expectedSource: null, expectedRetry: null); TagEkyc.CaptureAgent.Tests.Tip88C1C6BA3RawIngressTests.A3_All21BusinessResultsRoundTripThroughRuntimeClient(status: 503, json: ""{\""outcomeCode\"":\""RAW_EXPORT_SOURCE_HISTORIC_COMM""···, expectedOutcome: ""RAW_EXPORT_SOURCE_HISTORIC_COMMITMENT_KEY_UNAVAILA""···, expectedSource: null, expectedRetry: null); TagEkyc.CaptureAgent.Tests.Tip88C1C6BA3RawIngressTests.A3_All21BusinessResultsRoundTripThroughRuntimeClient(status: 409, json: ""{\""outcomeCode\"":\""RAW_EXPORT_SOURCE_RESERVATION_B""···, expectedOutcome: ""RAW_EXPORT_SOURCE_RESERVATION_BUSY"", expectedSource: null, expectedRetry: null); TagEkyc.CaptureAgent.Tests.Tip88C1C6BA3RawIngressTests.A3_All21BusinessResultsRoundTripThroughRuntimeClient(status: 413, json: ""{\""outcomeCode\"":\""RAW_EXPORT_SOURCE_ARTIFACT_SIZE""···, expectedOutcome: ""RAW_EXPORT_SOURCE_ARTIFACT_SIZE_LIMIT_EXCEEDED"", expectedSource: null, expectedRetry: null); TagEkyc.CaptureAgent.Tests.Tip88C1C6BA3RawIngressTests.A3_All21BusinessResultsRoundTripThroughRuntimeClient(status: 403, json: ""{\""outcomeCode\"":\""SOURCE_RETENTION_NOT_AUTHORIZED""···, expectedOutcome: ""SOURCE_RETENTION_NOT_AUTHORIZED"", expectedSource: null, expectedRetry: null); TagEkyc.CaptureAgent.Tests.Tip88C1C6BA3RawIngressTests.A3_All21BusinessResultsRoundTripThroughRuntimeClient(status: 503, json: ""{\""outcomeCode\"":\""RAW_EXPORT_SOURCE_TEMPORARILY_U""···, expectedOutcome: ""RAW_EXPORT_SOURCE_TEMPORARILY_UNAVAILABLE"", expectedSource: null, expectedRetry: null); TagEkyc.CaptureAgent.Tests.Tip88C1C6BA3RawIngressTests.A3_All21BusinessResultsRoundTripThroughRuntimeClient(status: 409, json: ""{\""outcomeCode\"":\""RAW_EXPORT_SOURCE_FINGERPRINT_C""···, expectedOutcome: ""RAW_EXPORT_SOURCE_FINGERPRINT_CONFLICT"", expectedSource: null, expectedRetry: null); TagEkyc.CaptureAgent.Tests.Tip88C1C6BA3RawIngressTests.A3_All21BusinessResultsRoundTripThroughRuntimeClient(status: 503, json: ""{\""outcomeCode\"":\""RAW_EXPORT_SOURCE_CAPACITY_UNAV""···, expectedOutcome: ""RAW_EXPORT_SOURCE_CAPACITY_UNAVAILABLE"", expectedSource: null, expectedRetry: null); TagEkyc.CaptureAgent.Tests.Tip88C1C6BA3RawIngressTests.A3_All21BusinessResultsRoundTripThroughRuntimeClient(status: 503, json: ""{\""outcomeCode\"":\""RAW_EXPORT_SOURCE_CAPABILITY_UN""···, expectedOutcome: ""RAW_EXPORT_SOURCE_CAPABILITY_UNAVAILABLE"", expectedSource: null, expectedRetry: null); TagEkyc.CaptureAgent.Tests.Tip88C1C6BA3RawIngressTests.A3_All21BusinessResultsRoundTripThroughRuntimeClient(status: 409, json: ""{\""outcomeCode\"":\""RAW_EXPORT_SOURCE_CLAIM_EVALUAT""···, expectedOutcome: ""RAW_EXPORT_SOURCE_CLAIM_EVALUATION_IN_PROGRESS"", expectedSource: null, expectedRetry: 2026-09-15T01:03:04.0000000+00:00); TagEkyc.CaptureAgent.Tests.Tip88C1C6BA3RawIngressTests.A3_All21BusinessResultsRoundTripThroughRuntimeClient(status: 409, json: ""{\""outcomeCode\"":\""RECAPTURE_REQUIRED\""}"", expectedOutcome: ""RECAPTURE_REQUIRED"", expectedSource: null, expectedRetry: null); TagEkyc.CaptureAgent.Tests.Tip88C1C6BA3RawIngressTests.A3_All21BusinessResultsRoundTripThroughRuntimeClient(status: 403, json: ""{\""outcomeCode\"":\""RAW_EXPORT_SOURCE_BINDING_INVAL""···, expectedOutcome: ""RAW_EXPORT_SOURCE_BINDING_INVALID"", expectedSource: null, expectedRetry: null); TagEkyc.CaptureAgent.Tests.Tip88C1C6BA3RawIngressTests.A3_All21BusinessResultsRoundTripThroughRuntimeClient(status: 403, json: ""{\""outcomeCode\"":\""RAW_EXPORT_SOURCE_CLAIM_TOKEN_I""···, expectedOutcome: ""RAW_EXPORT_SOURCE_CLAIM_TOKEN_INVALID"", expectedSource: null, expectedRetry: null); TagEkyc.CaptureAgent.Tests.Tip88C1C6BA3RawIngressTests.A3_All21BusinessResultsRoundTripThroughRuntimeClient(status: 400, json: ""{\""outcomeCode\"":\""RAW_EXPORT_SOURCE_TRANSPORT_PRO""···, expectedOutcome: ""RAW_EXPORT_SOURCE_TRANSPORT_PROTOCOL_INVALID"", expectedSource: null, expectedRetry: null); TagEkyc.CaptureAgent.Tests.Tip88C1C6BA3RawIngressTests.A3_All21BusinessResultsRoundTripThroughRuntimeClient(status: 200, json: ""{\""outcomeCode\"":\""RAW_EXPORT_SOURCE_AVAILABLE\"",\""···, expectedOutcome: ""RAW_EXPORT_SOURCE_AVAILABLE"", expectedSource: ""11111111-1111-4111-8111-111111111111"", expectedRetry: null); TagEkyc.CaptureAgent.Tests.Tip88C1C6BA3RawIngressTests.A3_All21BusinessResultsRoundTripThroughRuntimeClient(status: 422, json: ""{\""outcomeCode\"":\""CONTENT_COMMITMENT_MISMATCH\""}"", expectedOutcome: ""CONTENT_COMMITMENT_MISMATCH"", expectedSource: null, expectedRetry: null); TagEkyc.CaptureAgent.Tests.Tip88C1C6BA3RawIngressTests.A3_All21BusinessResultsRoundTripThroughRuntimeClient(status: 409, json: ""{\""outcomeCode\"":\""RAW_EXPORT_SOURCE_IDEMPOTENCY_B""···, expectedOutcome: ""RAW_EXPORT_SOURCE_IDEMPOTENCY_BUSY"", expectedSource: null, expectedRetry: null); TagEkyc.CaptureAgent.Tests.Tip88C1C6BA3RawIngressTests.A3_All21BusinessResultsRoundTripThroughRuntimeClient(status: 422, json: ""{\""outcomeCode\"":\""RAW_EXPORT_SOURCE_PLAINTEXT_RET""···, expectedOutcome: ""RAW_EXPORT_SOURCE_PLAINTEXT_RETENTION_INVALID"", expectedSource: null, expectedRetry: null); TagEkyc.CaptureAgent.Tests.Tip88C1C6BA3RawIngressTests.A3_AgentRawCrt1MatchesExactServerGrammar; TagEkyc.CaptureAgent.Tests.Tip88C1C6BA3RawIngressTests.A3_All21BusinessResultsRoundTripThroughRuntimeClient(status: 200, json: ""{\""outcomeCode\"":\""RAW_EXPORT_SOURCE_ALREADY_AVAIL""···, expectedOutcome: ""RAW_EXPORT_SOURCE_ALREADY_AVAILABLE"", expectedSource: ""11111111-1111-4111-8111-111111111111"", expectedRetry: null); TagEkyc.CaptureAgent.Tests.Tip88C1C6BA3RawIngressTests.A3_All21BusinessResultsRoundTripThroughRuntimeClient(status: 403, json: ""{\""outcomeCode\"":\""NOT_FOUND_OR_NOT_ALLOWED\""}"", expectedOutcome: ""NOT_FOUND_OR_NOT_ALLOWED"", expectedSource: null, expectedRetry: null)"	"TagEkyc.CaptureAgent.Core.CaptureAgentFlowException : NOT_READY"	"EXCLUDED_HISTORICAL_OUTSIDE_SLICE"	"WHOLE_REPO_SWEEP"	""	"Historical failed run is outside the bounded P04/site-qualification slice and is inventoried without being used as current evidence."
"P04FR0467"	"agent"	"tests/TagEkyc.CaptureAgent.Tests/TestResults/a3-receipt-context-v1.trx"	"D5F38CA2E5ED7D8284949BDAC294D67BBD2C162FB9D40E036E875295317E363B"	"10"	"1"	"9"	"0"	"TagEkyc.CaptureAgent.Tests.Tip88C1C6BA3RetainedOwnershipTests.A3_RetainedReceipt_InvalidClosedShapeCannotRetireJournal(mutation: ""unknown-ninth""); TagEkyc.CaptureAgent.Tests.Tip88C1C6BA3RetainedOwnershipTests.A3_RetainedReceipt_InvalidClosedShapeCannotRetireJournal(mutation: ""uppercase-id""); TagEkyc.CaptureAgent.Tests.Tip88C1C6BA3RetainedOwnershipTests.A3_RetainedReceipt_InvalidClosedShapeCannotRetireJournal(mutation: ""duplicate-raw-slot""); TagEkyc.CaptureAgent.Tests.Tip88C1C6BA3RetainedOwnershipTests.A3_RetainedReceipt_InvalidClosedShapeCannotRetireJournal(mutation: ""wrong-kind""); TagEkyc.CaptureAgent.Tests.Tip88C1C6BA3RetainedOwnershipTests.A3_ReceiptClosure_SixMetadataPlusTwoPublishedSources(mode: RawVault, expectedCount: 8); TagEkyc.CaptureAgent.Tests.Tip88C1C6BA3RetainedOwnershipTests.A3_RetainedReceipt_InvalidClosedShapeCannotRetireJournal(mutation: ""missing-one""); TagEkyc.CaptureAgent.Tests.Tip88C1C6BA3RetainedOwnershipTests.A3_RetainedReceipt_InvalidClosedShapeCannotRetireJournal(mutation: ""same-source-id""); TagEkyc.CaptureAgent.Tests.Tip88C1C6BA3RetainedOwnershipTests.A3_ReceiptShapeCannotDowngradeOrReviveExecutionAfterRestart; TagEkyc.CaptureAgent.Tests.Tip88C1C6BA3RetainedOwnershipTests.A3_RetainedReceipt_InvalidClosedShapeCannotRetireJournal(mutation: ""uuid-n"")"	"TagEkyc.CaptureAgent.Core.CaptureAgentFlowException : RETENTION_POLICY_UNSUPPORTED"	"EXCLUDED_HISTORICAL_OUTSIDE_SLICE"	"WHOLE_REPO_SWEEP"	""	"Historical failed run is outside the bounded P04/site-qualification slice and is inventoried without being used as current evidence."
"P04FR0468"	"agent"	"tests/TagEkyc.CaptureAgent.Tests/TestResults/a3-retained-owner-attempt-a1.trx"	"E04E4BD55E2187DACC06ED34DD007DD80F7F04D3A3E9E8D19BD3705CC3DDC3C5"	"53"	"50"	"3"	"0"	"TagEkyc.CaptureAgent.Tests.Tip88C1C6BA3RetainedOwnershipTests.A3_OrchestratorRetryableOutcome_ExplicitSameProcessRetryWithoutRecapture(scenario: ""transport-timeout""); TagEkyc.CaptureAgent.Tests.Tip88C1C6BA3RetainedOwnershipTests.A3_OrchestratorRetryableOutcome_ExplicitSameProcessRetryWithoutRecapture(scenario: ""response-lost""); TagEkyc.CaptureAgent.Tests.Tip88C1C6BA3RetainedOwnershipTests.A3_ResponseLoss_KeepsLeaseForExplicitRetryWithoutAutomaticSecondSend"	"Assert.True() Failure Expected: True Actual: False"	"EXCLUDED_HISTORICAL_OUTSIDE_SLICE"	"WHOLE_REPO_SWEEP"	""	"Historical failed run is outside the bounded P04/site-qualification slice and is inventoried without being used as current evidence."
"P04FR0469"	"agent"	"tests/TagEkyc.CaptureAgent.Tests/TestResults/a3-retained-owner-v1.trx"	"475F8D7F8A12C65B552FDAF83DC3A7461D16D7D9658860901DACD2716733B739"	"11"	"10"	"1"	"0"	"TagEkyc.CaptureAgent.Tests.Tip88C1C6BA3RetainedOwnershipTests.A3_AgentRetainedLeaseStartsAtCaptureAndReceiptUsesOnlyPublishedSources"	"System.ObjectDisposedException : Cannot access a disposed object. Object name: 'SensitiveByteBuffer'."	"EXCLUDED_HISTORICAL_OUTSIDE_SLICE"	"WHOLE_REPO_SWEEP"	""	"Historical failed run is outside the bounded P04/site-qualification slice and is inventoried without being used as current evidence."
"P04FR0470"	"agent"	"tests/TagEkyc.CaptureAgent.Tests/TestResults/a3-round2-p1-binding-gate-red.trx"	"E42BEF3F7314C699713C0CF61766CF7EBA874D744C4BD912A81C2C615A2ABBBB"	"1"	"0"	"1"	"0"	"TagEkyc.CaptureAgent.Tests.Tip88C1C6BA3RetainedOwnershipTests.A3_CoordinatorRawRetry_BindingChangeFailsClosedWithoutSecondBody"	"Assert.Throws() Failure: No exception was thrown Expected: typeof(TagEkyc.CaptureAgent.Core.CaptureAgentFlowException)"	"EXCLUDED_HISTORICAL_OUTSIDE_SLICE"	"WHOLE_REPO_SWEEP"	""	"Historical failed run is outside the bounded P04/site-qualification slice and is inventoried without being used as current evidence."
"P04FR0471"	"agent"	"tests/TagEkyc.CaptureAgent.Tests/TestResults/a3-round2-p2-sticky-red.trx"	"DE52FD93318719A8D335ABFA3A086EB77F0A09B1264E3F03506AB2C36111BC63"	"1"	"0"	"1"	"0"	"TagEkyc.CaptureAgent.Tests.Tip88C1C6BA3RetainedOwnershipTests.A3_RetryableThenLocalTerminalFailure_RetiresImmediately"	"Assert.All() Failure: 64 out of 64 items in the collection did not pass. [0]: Item: 1 Error: Assert.Equal() Failure: Values differ Expected: 0 Actual: 1 [1]: Item: 2 Error: Assert.Equal() Failure: Values differ Expected: 0 Actual: 2 [2]: Item: 3 Error: Assert.Equal() Failure: Values differ Expected: 0 Actual: 3 [3]: Item: 4 Error: Assert.Equal() Failure: Values differ Expected: 0 Actual: 4 [4]: Item: 5 Error: Assert.Equal() Failure: Values differ Expected: 0 Actual: 5 [5]: Item: 6 Error: Assert.Equal() Failure: Values differ Expected: 0 Actual: 6 [6]: Item: 7 Error: Assert.Equal() Failure: Values differ Expected: 0 Actual: 7 [7]: Item: 8 Error: Assert.Equal() Failure: Values differ Expected: 0 Actual: 8 [8]: Item: 9 Error: Assert.Equal() Failure: Values differ Expected: 0 Actual: 9 [9]: Item: 10 Error: Assert.Equal() Failure: Values differ Expected: 0 Actual: 10 [10]: Item: 11 Error: Assert.Equal() Failure: Values differ Expected: 0 Actual: 11 [11]: Item: 12 Error: Assert.Equal() Failure: Values differ Expected: 0 Actual: 12 [12]: Item: 13 Error: Assert.Equal() Failure: Values differ Expected: 0 Actual: 13 [13]: Item: 14 Error: Assert.Equal() Failure: Values differ Expected: 0 Actual: 14 [14]: Item: 15 Error: Assert.Equal() Failure: Values differ Expected: 0 Actual: 15 [15]: Item: 16 Error: Assert.Equal() Failure: Values differ Expected: 0 Actual: 16 [16]: Item: 17 Error: Assert.Equal() Failure: Values differ Expected: 0 Actual: 17 [17]: Item: 18 Error: Assert.Equal() Failure: Values differ Expected: 0 Actual: 18 [18]: Item: 19 Error: Assert.Equal() Failure: Values differ Expected: 0 Actual: 19 [19]: Item: 20 Error: Assert.Equal() Failure: Values differ Expected: 0 Actual: 20 [20]: Item: 21 Error: Assert.Equal() Failure: Values differ Expected: 0 Actual: 21 [21]: Item: 22 Error: Assert.Equal() Failure: Values differ Expected: 0 Actual: 22 [22]: Item: 23 Error: Assert.Equal() Failure: Values differ Expected: 0 Actual: 23 [23]: Item: 24 Error: Assert.Equal() Failure: Values differ Expected: 0 Actual: 24 [24]: Item: 25 Error: Assert.Equal() Failure: Values differ Expected: 0 Actual: 25 [25]: Item: 26 Error: Assert.Equal() Failure: Values differ Expected: 0 Actual: 26 [26]: Item: 27 Error: Assert.Equal() Failure: Values differ Expected: 0 Actual: 27 [27]: Item: 28 Error: Assert.Equal() Failure: Values differ Expected: 0 Actual: 28 [28]: Item: 29 Error: Assert.Equal() Failure: Values differ Expected: 0 Actual: 29 [29]: Item: 30 Error: Assert.Equal() Failure: Values differ Expected: 0 Actual: 30 [30]: Item: 31 Error: Assert.Equal() Failure: Values differ Expected: 0 Actual: 31 [31]: Item: 32 Error: Assert.Equal() Failure: Values differ Expected: 0 Actual: 32 [32]: Item: 33 Error: Assert.Equal() Failure: Values differ Expected: 0 Actual: 33 [33]: Item: 34 Error: Assert.Equal() Failure: Values differ Expected: 0 Actual: 34 [34]: Item: 35 Error: Assert.Equal() Failure: Values differ Expected: 0 Actual: 35 [35]: Item: 36 Error: Assert.Equal() Failure: Values differ Expected: 0 Actual: 36 [36]: Item: 37 Error: Assert.Equal() Failure: Values differ Expected: 0 Actual: 37 [37]: Item: 38 Error: Assert.Equal() Failure: Values differ Expected: 0 Actual: 38 [38]: Item: 39 Error: Assert.Equal() Failure: Values differ Expected: 0 Actual: 39 [39]: Item: 40 Error: Assert.Equal() Failure: Values differ Expected: 0 Actual: 40 [40]: Item: 41 Error: Assert.Equal() Failure: Values differ Expected: 0 Actual: 41 [41]: Item: 42 Error: Assert.Equal() Failure: Values differ Expected: 0 Actual: 42 [42]: Item: 43 Error: Assert.Equal() Failure: Values differ Expected: 0 Actual: 43 [43]: Item: 44 Error: Assert.Equal() Failure: Values differ Expected: 0 Actual: 44 [44]: Item: 45 Error: Assert.Equal() Failure: Values differ Expected: 0 Actual: 45 [45]: Item: 46 Error: Assert.Equal() Failure: Values differ Expected: 0 Actual: 46 [46]: Item: 47 Error: Assert.Equal() Failure: Values differ Expected: 0 Actual: 47 [47]: Item: 48 Error: Assert.Equal() Failure: Values differ Expected: 0 Actual: 48 [48]: Item: 49 Error: Assert.Equal() Failure: Values differ Expected: 0 Actual: 49 [49]: Item: 50 Error: Assert.Equal() Failure: Values differ Expected: 0 Actual: 50 [50]: Item: 51 Error: Assert.Equal() Failure: Values differ Expected: 0 Actual: 51 [51]: Item: 52 Error: Assert.Equal() Failure: Values differ Expected: 0 Actual: 52 [52]: Item: 53 Error: Assert.Equal() Failure: Values differ Expected: 0 Actual: 53 [53]: Item: 54 Error: Assert.Equal() Failure: Values differ Expected: 0 Actual: 54 [54]: Item: 55 Error: Assert.Equal() Failure: Values differ Expected: 0 Actual: 55 [55]: Item: 56 Error: Assert.Equal() Failure: Values differ Expected: 0 Actual: 56 [56]: Item: 57 Error: Assert.Equal() Failure: Values differ Expected: 0 Actual: 57 [57]: Item: 58 Error: Assert.Equal() Failure: Values differ Expected: 0 Actual: 58 [58]: Item: 59 Error: Assert.Equal() Failure: Values differ Expected: 0 Actual: 59 [59]: Item: 60 Error: Assert.Equal() Failure: Values differ Expected: 0 Actual: 60 [60]: Item: 61 Error: Assert.Equal() Failure: Values differ Expected: 0 Actual: 61 [61]: Item: 62 Error: Assert.Equal() Failure: Values differ Expected: 0 Actual: 62 [62]: Item: 63 Error: Assert.Equal() Failure: Values differ Expected: 0 Actual: 63 [63]: Item: 64 Error: Assert.Equal() Failure: Values differ Expected: 0 Actual: 64"	"EXCLUDED_HISTORICAL_OUTSIDE_SLICE"	"WHOLE_REPO_SWEEP"	""	"Historical failed run is outside the bounded P04/site-qualification slice and is inventoried without being used as current evidence."
"P04FR0472"	"agent"	"tests/TagEkyc.CaptureAgent.Tests/TestResults/a3-round3-f2-reset-red.trx"	"13C3423C4E898FD1A3A36AA626EC5708AB5ED0DB2A8552D4FF7F396CD932D7B6"	"1"	"0"	"1"	"0"	"TagEkyc.CaptureAgent.Tests.Tip88C1C6BA3RetainedOwnershipTests.A3_OrchestratorRetryableThenTerminalServerDenial_RetiresBothLeases"	"Assert.False() Failure Expected: False Actual: True"	"EXCLUDED_HISTORICAL_OUTSIDE_SLICE"	"WHOLE_REPO_SWEEP"	""	"Historical failed run is outside the bounded P04/site-qualification slice and is inventoried without being used as current evidence."
"P04FR0473"	"agent"	"tests/TagEkyc.CaptureAgent.Tests/TestResults/a3-round4-b1-early-acceptance-red-v2.trx"	"306216EB32681B864F92AEFA039471A37ADA2DE67BF41A83B57A5469E2A3F6FC"	"5"	"3"	"2"	"0"	"TagEkyc.CaptureAgent.Tests.Tip88C1C6BA3RetainedOwnershipTests.A3_RawAcceptance_MustMatchCapturedArtifactAndSessionBeforeAnyBody(mutation: ""selfie-dg2""); TagEkyc.CaptureAgent.Tests.Tip88C1C6BA3RetainedOwnershipTests.A3_RawAcceptance_MustMatchCapturedArtifactAndSessionBeforeAnyBody(mutation: ""selfie-foreign"")"	"Assert.Empty() Failure: Collection was not empty Collection: [RawExportSourceIngressMetadata { AgentConfigurationRevision = 1, VerificationSessionId = e58fc4a5-6600-4167-b5cb-544f0d9cb8eb, CaptureArtifactId = d0b5130e-d356-495f-b02a-ac397be6a313, CaptureRevision = 1, RawClass = ChipDg2Portrait, IngressIdempotencyKey = 2b203270-f848-4ead-8f7f-b1ca95f49eab, MediaType = image/jpeg, ClaimedPlaintextLength = 3, ClaimedPlaintextDigest = 204164d223b35aabb54ea32b1d14d8bb5a8df56f7c81f3304987fa4193426729, CapturedAtUtc = 16/09/2026 2:27:52 CH +00:00, PlaintextRetentionStartedAtUtc = 16/09/2026 2:27:52 CH +00:00, PlaintextRetentionExpiresAtUtc = 16/09/2026 2:32:52 CH +00:00, PlaintextRetentionBudgetSeconds = 300 }]"	"EXCLUDED_HISTORICAL_OUTSIDE_SLICE"	"WHOLE_REPO_SWEEP"	""	"Historical failed run is outside the bounded P04/site-qualification slice and is inventoried without being used as current evidence."
"P04FR0474"	"agent"	"tests/TagEkyc.CaptureAgent.Tests/TestResults/a3-round4-b1-early-acceptance-red.trx"	"86AF63A466B4B39F16CDD57856DBFEA23DFDEA6807A2397F3CCA01E191984E1F"	"5"	"3"	"2"	"0"	"TagEkyc.CaptureAgent.Tests.Tip88C1C6BA3RetainedOwnershipTests.A3_RawAcceptance_MustMatchCapturedArtifactAndSessionBeforeAnyBody(mutation: ""selfie-foreign""); TagEkyc.CaptureAgent.Tests.Tip88C1C6BA3RetainedOwnershipTests.A3_RawAcceptance_MustMatchCapturedArtifactAndSessionBeforeAnyBody(mutation: ""selfie-dg2"")"	"Assert.Equal() Failure: Strings differ ↓ (pos 11) Expected: ""RAW_EXPORT_INGRESS_METADATA_INVALID"" Actual: ""RAW_EXPORT_SOURCE_CAPACITY_UNAVAILABLE"" ↑ (pos 11)"	"EXCLUDED_HISTORICAL_OUTSIDE_SLICE"	"WHOLE_REPO_SWEEP"	""	"Historical failed run is outside the bounded P04/site-qualification slice and is inventoried without being used as current evidence."
"P04FR0475"	"agent"	"tests/TagEkyc.CaptureAgent.Tests/TestResults/a3-round4-b1-owner-acceptance-red.trx"	"355070B8C4FCD211822CF9B256E74BE1DA5541DCE415EF875BAB5CB391D1771E"	"1"	"0"	"1"	"0"	"TagEkyc.CaptureAgent.Tests.Tip88C1C6BA3RetainedOwnershipTests.A3_OwnerRejectsAcceptanceForDifferentArtifactBeforeRawBody"	"Assert.Throws() Failure: No exception was thrown Expected: typeof(TagEkyc.CaptureAgent.Core.CaptureAgentFlowException)"	"EXCLUDED_HISTORICAL_OUTSIDE_SLICE"	"WHOLE_REPO_SWEEP"	""	"Historical failed run is outside the bounded P04/site-qualification slice and is inventoried without being used as current evidence."
"P04FR0476"	"agent"	"tests/TagEkyc.CaptureAgent.Tests/TestResults/a3-round4-b2-config-timeout-shape-red.trx"	"A82E6033D394FB0A8AC67481B1EAB33FAAECDFD3FFA6C4631BFDA0B3CAE8C6A2"	"4"	"3"	"1"	"0"	"TagEkyc.CaptureAgent.Tests.Tip88C1C6BA3RetainedOwnershipTests.A3_ExplicitRawRetry_RequiresFreshEnabledConfiguration(mutation: ""fetch-timeout"")"	"Assert.Equal() Failure: Strings differ ↓ (pos 0) Expected: ""NOT_READY"" Actual: ""SUBMISSION_STATE_UNKNOWN"" ↑ (pos 0)"	"EXCLUDED_HISTORICAL_OUTSIDE_SLICE"	"WHOLE_REPO_SWEEP"	""	"Historical failed run is outside the bounded P04/site-qualification slice and is inventoried without being used as current evidence."
"P04FR0477"	"agent"	"tests/TagEkyc.CaptureAgent.Tests/TestResults/a3-round4-b2-not-before-refresh-red.trx"	"637F02983C2511D3EE0940F0B2BC2FC2C021D0BC5E04726352C1B4C7C1C3E767"	"1"	"0"	"1"	"0"	"TagEkyc.CaptureAgent.Tests.Tip88C1C6BA3RetainedOwnershipTests.A3_EarlyRetryNotBefore_DoesNotRetainPlaintextAfterConfigurationDisable"	"Assert.Equal() Failure: Strings differ ↓ (pos 0) Expected: ""NOT_READY"" Actual: ""RAW_EXPORT_SOURCE_CLAIM_EVALUATION_IN_PRO""··· ↑ (pos 0)"	"EXCLUDED_HISTORICAL_OUTSIDE_SLICE"	"WHOLE_REPO_SWEEP"	""	"Historical failed run is outside the bounded P04/site-qualification slice and is inventoried without being used as current evidence."
"P04FR0478"	"agent"	"tests/TagEkyc.CaptureAgent.Tests/TestResults/a3-round4-b2-refresh-red.trx"	"5C8FEAAB2CBAAFE92C89AF763E29174BC662366DE54B95B85E28B3B2737325B8"	"4"	"0"	"4"	"0"	"TagEkyc.CaptureAgent.Tests.Tip88C1C6BA3RetainedOwnershipTests.A3_ExplicitRawRetry_RequiresFreshEnabledConfiguration(mutation: ""expired""); TagEkyc.CaptureAgent.Tests.Tip88C1C6BA3RetainedOwnershipTests.A3_ExplicitRawRetry_RequiresFreshEnabledConfiguration(mutation: ""fetch-failure""); TagEkyc.CaptureAgent.Tests.Tip88C1C6BA3RetainedOwnershipTests.A3_ExplicitRawRetry_RequiresFreshEnabledConfiguration(mutation: ""disabled""); TagEkyc.CaptureAgent.Tests.Tip88C1C6BA3RetainedOwnershipTests.A3_ConfigurationDisabledAfterDg2Available_BlocksSelfieBodyAndZeroesLease"	"Assert.False() Failure Expected: False Actual: True"	"EXCLUDED_HISTORICAL_OUTSIDE_SLICE"	"WHOLE_REPO_SWEEP"	""	"Historical failed run is outside the bounded P04/site-qualification slice and is inventoried without being used as current evidence."
"P04FR0479"	"agent"	"tests/TagEkyc.CaptureAgent.Tests/TestResults/a3-round4-b3-not-before-red.trx"	"E91FF481F366B88E7314DB3E972DCB50E09F6BC255701BEE5872DF52D5E702E2"	"1"	"0"	"1"	"0"	"TagEkyc.CaptureAgent.Tests.Tip88C1C6BA3RetainedOwnershipTests.A3_OrchestratorRetryNotBefore_RejectsEarlyCallerWithoutSecondBody"	"Assert.False() Failure Expected: False Actual: True"	"EXCLUDED_HISTORICAL_OUTSIDE_SLICE"	"WHOLE_REPO_SWEEP"	""	"Historical failed run is outside the bounded P04/site-qualification slice and is inventoried without being used as current evidence."
"P04FR0480"	"agent"	"tests/TagEkyc.CaptureAgent.Tests/TestResults/a3-round4-b3-pre-gate-red.trx"	"0C7F77DFD23331B020ACB4211CB2BAFA37418E7549920B8C8541095639497F8E"	"1"	"0"	"1"	"0"	"TagEkyc.CaptureAgent.Tests.Tip88C1C6BA3RetainedOwnershipTests.A3_CallerCancellationBeforeExplicitRetry_RetiresIdlePlaintext"	"Assert.All() Failure: 2 out of 4 items in the collection did not pass. [1]: Item: [80, 80, 80] Error: Assert.All() Failure: 3 out of 3 items in the collection did not pass. [0]: Item: 80 Error: Assert.Equal() Failure: Values differ Expected: 0 Actual: 80 [1]: Item: 80 Error: Assert.Equal() Failure: Values differ Expected: 0 Actual: 80 [2]: Item: 80 Error: Assert.Equal() Failure: Values differ Expected: 0 Actual: 80 [2]: Item: [81, 81, 81] Error: Assert.All() Failure: 3 out of 3 items in the collection did not pass. [0]: Item: 81 Error: Assert.Equal() Failure: Values differ Expected: 0 Actual: 81 [1]: Item: 81 Error: Assert.Equal() Failure: Values differ Expected: 0 Actual: 81 [2]: Item: 81 Error: Assert.Equal() Failure: Values differ Expected: 0 Actual: 81"	"EXCLUDED_HISTORICAL_OUTSIDE_SLICE"	"WHOLE_REPO_SWEEP"	""	"Historical failed run is outside the bounded P04/site-qualification slice and is inventoried without being used as current evidence."
"P04FR0481"	"agent"	"tests/TagEkyc.CaptureAgent.Tests/TestResults/a3-strict-deployment-guard-attempt-a1.trx"	"15F7BA6E1CEE4AE004F105327433E600A81D49DCB1D59AE6B7AB1CBE171212CD"	"1"	"0"	"1"	"0"	"TagEkyc.CaptureAgent.Tests.StrictRawIngressTransportTests.MissingDeploymentIdentityRefusesBeforeConnection"	"Assert.Throws() Failure: No exception was thrown Expected: typeof(TagEkyc.CaptureAgent.Core.RawIngressTransportException)"	"EXCLUDED_HISTORICAL_OUTSIDE_SLICE"	"WHOLE_REPO_SWEEP"	""	"Historical failed run is outside the bounded P04/site-qualification slice and is inventoried without being used as current evidence."
"P04FR0482"	"agent"	"tests/TagEkyc.CaptureAgent.Tests/TestResults/a3-strict-f1-guard-attempt-a1.trx"	"9C086F33CE54DC48B20AD5EC50C97F92EB45FB214E049780F6BF18919D7606DB"	"4"	"2"	"2"	"0"	"TagEkyc.CaptureAgent.Tests.StrictRawIngressTransportTests.FinalBeforeContinueCopiesNoRawByte(length: 1024); TagEkyc.CaptureAgent.Tests.StrictRawIngressTransportTests.FinalBeforeContinueCopiesNoRawByte(length: 1)"	"Assert.Equal() Failure: Values differ Expected: 0 Actual: 1"	"EXCLUDED_HISTORICAL_OUTSIDE_SLICE"	"WHOLE_REPO_SWEEP"	""	"Historical failed run is outside the bounded P04/site-qualification slice and is inventoried without being used as current evidence."
"P04FR0483"	"agent"	"tests/TagEkyc.CaptureAgent.Tests/TestResults/a3-strict-pin-guard-attempt-a1.trx"	"74D830136DFEE4D719BC483963C6C45716959A256417CC8C5157DE33D4C30736"	"1"	"0"	"1"	"0"	"TagEkyc.CaptureAgent.Tests.StrictRawIngressTransportTests.WrongPinRejectsTrustedTlsPeerBeforeRequestHeaders"	"Assert.Throws() Failure: No exception was thrown Expected: typeof(TagEkyc.CaptureAgent.Core.RawIngressTransportException)"	"EXCLUDED_HISTORICAL_OUTSIDE_SLICE"	"WHOLE_REPO_SWEEP"	""	"Historical failed run is outside the bounded P04/site-qualification slice and is inventoried without being used as current evidence."
"P04FR0484"	"agent"	"tests/TagEkyc.CaptureAgent.Tests/TestResults/a3-strict-restored-agent-attempt-a1.trx"	"804EF01FE32915A1658B8FCCE662FCBEEEF95D549B97B1BA694CF16533FEE732"	"101"	"100"	"1"	"0"	"TagEkyc.CaptureAgent.Tests.StrictRawIngressTransportTests.WrongPinRejectsTrustedTlsPeerBeforeRequestHeaders"	"System.IO.IOException : The decryption operation failed, see inner exception. ---- System.ComponentModel.Win32Exception : An unknown error occurred while processing the certificate."	"EXCLUDED_HISTORICAL_OUTSIDE_SLICE"	"WHOLE_REPO_SWEEP"	""	"Historical failed run is outside the bounded P04/site-qualification slice and is inventoried without being used as current evidence."
"P04FR0485"	"agent"	"tests/TagEkyc.CaptureAgent.Tests/TestResults/a3-strict-restored-agent-attempt-a3.trx"	"2CB75CE4C6676D990FCF3CB718EDA27771BD72A03B7D148845A61D571654E9EA"	"101"	"100"	"1"	"0"	"TagEkyc.CaptureAgent.Tests.StrictRawIngressTransportTests.MissingDeploymentIdentityRefusesBeforeConnection"	"System.Net.Sockets.SocketException : The I/O operation has been aborted because of either a thread exit or an application request."	"EXCLUDED_HISTORICAL_OUTSIDE_SLICE"	"WHOLE_REPO_SWEEP"	""	"Historical failed run is outside the bounded P04/site-qualification slice and is inventoried without being used as current evidence."
"P04FR0486"	"agent"	"tests/TagEkyc.CaptureAgent.Tests/TestResults/a3-strict-tls/a3-raw-handler-fallback-mutant.trx"	"572D9EDE84A358C068AF1FDF739C33AEDF0457F9ABF5BF848658F0C7DFEA0D6B"	"1"	"0"	"1"	"0"	"TagEkyc.CaptureAgent.Tests.Tip88C1C6BA3RawIngressTests.A3_GenericControlTransportCannotInterceptRawIngress"	"Assert.Throws() Failure: Exception type was not an exact match Expected: typeof(TagEkyc.CaptureAgent.Core.RawIngressTransportException) Actual: typeof(System.InvalidOperationException) ---- System.InvalidOperationException : Control transport intercepted raw ingress."	"EXCLUDED_HISTORICAL_OUTSIDE_SLICE"	"WHOLE_REPO_SWEEP"	""	"Historical failed run is outside the bounded P04/site-qualification slice and is inventoried without being used as current evidence."
"P04FR0487"	"agent"	"tests/TagEkyc.CaptureAgent.Tests/TestResults/a3-strict-tls/a3-strict-tls-windows-attempt-c1eb789f6bb2468dae9ed49d39189e6a.trx"	"36CC5113F589D5362688D7268C893FC8D92F09DEEB13E398E6EEDCB649FD4156"	"5"	"2"	"3"	"0"	"TagEkyc.CaptureAgent.Tests.StrictRawIngressTransportTests.UntrustedCertificateFailsBeforeHttpHeaders; TagEkyc.CaptureAgent.Tests.StrictRawIngressTransportTests.TrustedCertificateWithWrongDnsNameFailsBeforeHttpHeaders; TagEkyc.CaptureAgent.Tests.StrictRawIngressTransportTests.TrustedDnsCertificateDoesNotMatchIpOrigin"	"Assert.Equal() Failure: Strings differ ↓ (pos 14) Expected: ""RAW_TRANSPORT_TLS_IDENTITY_INVALID"" Actual: ""RAW_TRANSPORT_CONNECTION_LOST"" ↑ (pos 14)"	"EXCLUDED_HISTORICAL_OUTSIDE_SLICE"	"WHOLE_REPO_SWEEP"	""	"Historical failed run is outside the bounded P04/site-qualification slice and is inventoried without being used as current evidence."
"P04FR0488"	"agent"	"tests/TagEkyc.CaptureAgent.Tests/TestResults/a3-strict-transport-attempt-a2.trx"	"7A2845A93B859D9F8D06DB3C5C5716FE98F56E4253149C0BBC58C60141962E95"	"11"	"1"	"10"	"0"	"TagEkyc.CaptureAgent.Tests.StrictRawIngressTransportTests.ExactContinueReleasesBodyOnce(length: 1); TagEkyc.CaptureAgent.Tests.StrictRawIngressTransportTests.UnsupportedInterimNeverReleasesBody(interim: ""HTTP/1.1 103 Early Hints\r\n\r\n"", expected: ""RAW_TRANSPORT_INTERIM_RESPONSE_INVALID""); TagEkyc.CaptureAgent.Tests.StrictRawIngressTransportTests.FinalBeforeContinueCopiesNoRawByte(length: 1); TagEkyc.CaptureAgent.Tests.StrictRawIngressTransportTests.UnsupportedInterimNeverReleasesBody(interim: ""HTTP/1.1 100 Continue\r\n\r\nHTTP/1.1 100 Continue""···, expected: ""RAW_TRANSPORT_INTERIM_RESPONSE_INVALID""); TagEkyc.CaptureAgent.Tests.StrictRawIngressTransportTests.FinalBeforeContinueCopiesNoRawByte(length: 8192); TagEkyc.CaptureAgent.Tests.StrictRawIngressTransportTests.ExactContinueReleasesBodyOnce(length: 8192); TagEkyc.CaptureAgent.Tests.StrictRawIngressTransportTests.ExactContinueReleasesBodyOnce(length: 1025); TagEkyc.CaptureAgent.Tests.StrictRawIngressTransportTests.ExactContinueReleasesBodyOnce(length: 1024); TagEkyc.CaptureAgent.Tests.StrictRawIngressTransportTests.FinalBeforeContinueCopiesNoRawByte(length: 1025); TagEkyc.CaptureAgent.Tests.StrictRawIngressTransportTests.FinalBeforeContinueCopiesNoRawByte(length: 1024)"	"System.Security.Authentication.AuthenticationException : Authentication failed because the platform does not support ephemeral keys. ---- System.ComponentModel.Win32Exception : No credentials are available in the security package"	"EXCLUDED_HISTORICAL_OUTSIDE_SLICE"	"WHOLE_REPO_SWEEP"	""	"Historical failed run is outside the bounded P04/site-qualification slice and is inventoried without being used as current evidence."
"P04FR0489"	"agent"	"tests/TagEkyc.CaptureAgent.Tests/TestResults/a3-w4/a3-w4-p25-agent-portrait-guard-mutation.trx"	"F198FCE85E3FFDD433ED2C446EFC5289B03C96785DAAC4727C73C21E88842ED4"	"1"	"0"	"1"	"0"	"TagEkyc.CaptureAgent.Tests.Tip75WpfCaptureAppTests.A3_P25_ManagedRawVaultCapacityRejectsClassAggregateRelationship"	"Assert.Throws() Failure: No exception was thrown Expected: typeof(TagEkyc.CaptureAgent.Core.CaptureAgentFlowException)"	"EVIDENCE_RED"	"a3_macro_wave_w4_failed_run_census_v1.tsv"	""	"Historical failed run retained with its prior canonical failed-run classification; it is not used by the current package."
"P04FR0490"	"agent"	"tests/TagEkyc.CaptureAgent.Tests/TestResults/a3-w4/a3-w4-p25-agent-relational-precorrection.trx"	"53885400DCEE6964993C7EC924640E9BB0194253E03747202AC35F08286012C8"	"1"	"0"	"1"	"0"	"TagEkyc.CaptureAgent.Tests.Tip75WpfCaptureAppTests.A3_P25_ManagedRawVaultCapacityRejectsClassAggregateRelationship"	"Assert.Throws() Failure: No exception was thrown Expected: typeof(TagEkyc.CaptureAgent.Core.CaptureAgentFlowException)"	"EVIDENCE_RED"	"a3_macro_wave_w4_failed_run_census_v1.tsv"	""	"Historical failed run retained with its prior canonical failed-run classification; it is not used by the current package."
